Verb,Accepted,AcceptedCount,AcceptedPattern,PrimaryDomain,OtherDomains,SoftAccepted,SoftAcceptedCount,SoftPattern,SoftPrimaryDomain,SoftOtherDomains,score_Kn,score_Cm,score_Ap,score_An,score_Sn,score_Ev,cal_score_Kn,thr_Kn,meets_thr_Kn,cal_score_Cm,thr_Cm,meets_thr_Cm,cal_score_Ap,thr_Ap,meets_thr_Ap,cal_score_An,thr_An,meets_thr_An,cal_score_Sn,thr_Sn,meets_thr_Sn,cal_score_Ev,thr_Ev,meets_thr_Ev,accept_Kn,accept_Cm,accept_Ap,accept_An,accept_Sn,accept_Ev
abandon,True,1,000001,Ev,,True,2,001001,Ev,Ap,0.369,0.211,0.519,0.478,0.025,0.885,0.36939,0.853591,0,0.211251,0.825967,0,0.51945,0.585635,0,0.47821,0.629834,0,0.024986,0.662983,0,0.88527,0.81768,1,0,0,0,0,0,1
abbreviate,True,1,001000,Ap,,True,1,001000,Ap,,0.408,0.669,0.629,0.094,0.432,0.352,0.407975,0.853591,0,0.669481,0.825967,0,0.628857,0.585635,1,0.093584,0.629834,0,0.432041,0.662983,0,0.351561,0.81768,0,0,0,1,0,0,0
abet,True,1,001000,Ap,,True,1,001000,Ap,,0.697,0.565,0.847,0.012,0.177,0.488,0.696864,0.853591,0,0.565133,0.825967,0,0.846938,0.585635,1,0.012106,0.629834,0,0.177462,0.662983,0,0.487531,0.81768,0,0,0,1,0,0,0
abide,True,1,000001,Ev,,True,1,000001,Ev,,0.448,0.193,0.418,0.178,0.324,0.827,0.44794,0.853591,0,0.193206,0.825967,0,0.418045,0.585635,0,0.178255,0.629834,0,0.324076,0.662983,0,0.827269,0.81768,1,0,0,0,0,0,1
ablate,True,1,000010,Sn,,True,1,000010,Sn,,0.449,0.55,0.466,0.254,0.706,0.284,0.448973,0.853591,0,0.550175,0.825967,0,0.466354,0.585635,0,0.253695,0.629834,0,0.705949,0.662983,1,0.284494,0.81768,0,0,0,0,0,1,0
abort,True,1,000001,Ev,,True,2,001001,Ev,Ap,0.314,0.122,0.511,0.093,0.561,0.845,0.314347,0.853591,0,0.122343,0.825967,0,0.51111,0.585635,0,0.092681,0.629834,0,0.560814,0.662983,0,0.844861,0.81768,1,0,0,0,0,0,1
abound,True,1,100000,Kn,,True,2,100010,Kn,Sn,0.895,0.542,0.261,0.21,0.641,0.128,0.894738,0.853591,1,0.541887,0.825967,0,0.260893,0.585635,0,0.20961,0.629834,0,0.640863,0.662983,0,0.127986,0.81768,0,1,0,0,0,0,0
absorb,True,1,001000,Ap,,True,1,001000,Ap,,0.385,0.051,0.975,0.374,0.034,0.064,0.385085,0.853591,0,0.05067,0.825967,0,0.974631,0.585635,1,0.374163,0.629834,0,0.033696,0.662983,0,0.064041,0.81768,0,0,0,1,0,0,0
abut,True,1,000001,Ev,,True,1,000001,Ev,,0.561,0.661,0.243,0.056,0.52,0.842,0.561137,0.853591,0,0.661171,0.825967,0,0.242936,0.585635,0,0.05602,0.629834,0,0.519963,0.662983,0,0.842401,0.81768,1,0,0,0,0,0,1
accelerate,True,1,001000,Ap,,True,2,001010,Ap,Sn,0.149,0.134,0.905,0.268,0.786,0.011,0.149171,0.853591,0,0.133521,0.825967,0,0.905377,0.585635,1,0.26781,0.629834,0,0.785936,0.662983,1,0.01105,0.81768,0,0,0,1,0,0,0
accentuate,False,0,000000,,,True,1,000010,Sn,,0.623,0.643,0.434,0.123,0.615,0.174,0.623045,0.853591,0,0.643189,0.825967,0,0.433558,0.585635,0,0.123104,0.629834,0,0.615018,0.662983,0,0.173765,0.81768,0,0,0,0,0,0,0
accommodate,True,1,000010,Sn,,True,2,001010,Sn,Ap,0.271,0.23,0.864,0.268,0.934,0.592,0.271201,0.853591,0,0.229714,0.825967,0,0.863647,0.585635,1,0.267971,0.629834,0,0.93371,0.662983,1,0.591882,0.81768,0,0,0,0,0,1,0
accompany,True,1,000010,Sn,,True,2,100010,Sn,Kn,0.757,0.15,0.397,0.003,0.848,0.595,0.756537,0.853591,0,0.150019,0.825967,0,0.397372,0.585635,0,0.002776,0.629834,0,0.848177,0.662983,1,0.595178,0.81768,0,0,0,0,0,1,0
accomplish,True,1,000010,Sn,,True,2,001010,Sn,Ap,0.149,0.041,0.7,0.045,0.765,0.394,0.149171,0.853591,0,0.040702,0.825967,0,0.699809,0.585635,1,0.044558,0.629834,0,0.764522,0.662983,1,0.393598,0.81768,0,0,0,0,0,1,0
account,False,0,000000,,,True,1,000001,Ev,,0.725,0.166,0.372,0.525,0.279,0.774,0.725292,0.853591,0,0.16593,0.825967,0,0.372237,0.585635,0,0.52542,0.629834,0,0.279175,0.662983,0,0.774324,0.81768,0,0,0,0,0,0,0
accrue,True,1,001000,Ap,,True,1,001000,Ap,,0.628,0.376,0.873,0.153,0.28,0.326,0.627844,0.853591,0,0.37631,0.825967,0,0.873401,0.585635,1,0.152916,0.629834,0,0.279929,0.662983,0,0.326046,0.81768,0,0,0,1,0,0,0
accumulate,True,2,101000,Ap,Kn,True,2,101000,Ap,Kn,0.925,0.455,0.956,0.368,0.447,0.406,0.924637,0.853591,1,0.455258,0.825967,0,0.955755,0.585635,1,0.368427,0.629834,0,0.44669,0.662983,0,0.405905,0.81768,0,1,0,1,0,0,0
accustom,True,1,000010,Sn,,True,3,001011,Ev,"Ap, Sn",0.298,0.378,0.559,0.046,0.747,0.818,0.297902,0.853591,0,0.377961,0.825967,0,0.559316,0.585635,0,0.046129,0.629834,0,0.746625,0.662983,1,0.817581,0.81768,0,0,0,0,0,1,0
achieve,True,1,000010,Sn,,True,2,001010,Sn,Ap,0.173,0.027,0.714,0.046,0.832,0.235,0.17305,0.853591,0,0.027078,0.825967,0,0.714291,0.585635,1,0.046259,0.629834,0,0.832424,0.662983,1,0.234762,0.81768,0,0,0,0,0,1,0
acidify,True,1,000010,Sn,,True,1,000010,Sn,,0.149,0.111,0.241,0.339,0.917,0.654,0.149171,0.853591,0,0.111039,0.825967,0,0.24143,0.585635,0,0.339129,0.629834,0,0.917291,0.662983,1,0.653655,0.81768,0,0,0,0,0,1,0
acknowledge,False,0,000000,,,False,0,000000,,,0.606,0.397,0.202,0.298,0.493,0.508,0.605901,0.853591,0,0.397339,0.825967,0,0.202025,0.585635,0,0.29762,0.629834,0,0.493304,0.662983,0,0.508243,0.81768,0,0,0,0,0,0,0
acquaint,False,0,000000,,,False,0,000000,,,0.307,0.595,0.08,0.247,0.254,0.395,0.306636,0.853591,0,0.594732,0.825967,0,0.079652,0.585635,0,0.246606,0.629834,0,0.254039,0.662983,0,0.395483,0.81768,0,0,0,0,0,0,0
activate,True,1,001000,Ap,,True,1,001000,Ap,,0.369,0.07,0.987,0.062,0.433,0.271,0.368606,0.853591,0,0.06988,0.825967,0,0.986972,0.585635,1,0.061791,0.629834,0,0.43326,0.662983,0,0.27106,0.81768,0,0,0,1,0,0,0
actualize,True,1,001000,Ap,,True,2,001010,Ap,Sn,0.46,0.229,0.987,0.239,0.567,0.105,0.459781,0.853591,0,0.228539,0.825967,0,0.986795,0.585635,1,0.239026,0.629834,0,0.566982,0.662983,0,0.104933,0.81768,0,0,0,1,0,0,0
actuate,True,1,001000,Ap,,True,2,001010,Ap,Sn,0.297,0.281,0.947,0.237,0.636,0.065,0.297348,0.853591,0,0.280759,0.825967,0,0.947207,0.585635,1,0.236628,0.629834,0,0.636321,0.662983,0,0.064567,0.81768,0,0,0,1,0,0,0
address,True,1,100000,Kn,,True,1,100000,Kn,,0.997,0.584,0.13,0.202,0.03,0.117,0.997238,0.853591,1,0.58351,0.825967,0,0.130172,0.585635,0,0.202352,0.629834,0,0.029939,0.662983,0,0.116971,0.81768,0,1,0,0,0,0,0
adhere,True,1,001000,Ap,,True,1,001000,Ap,,0.394,0.057,0.779,0.006,0.564,0.653,0.394136,0.853591,0,0.05673,0.825967,0,0.778849,0.585635,1,0.005974,0.629834,0,0.563526,0.662983,0,0.653397,0.81768,0,0,0,1,0,0,0
adjoin,True,1,000010,Sn,,True,1,000010,Sn,,0.4,0.551,0.009,0.322,0.912,0.426,0.400293,0.853591,0,0.550556,0.825967,0,0.008904,0.585635,0,0.321822,0.629834,0,0.911813,0.662983,1,0.425657,0.81768,0,0,0,0,0,1,0
adjudicate,True,1,000001,Ev,,True,2,000101,Ev,An,0.225,0.625,0.102,0.761,0.255,0.924,0.22471,0.853591,0,0.624574,0.825967,0,0.102203,0.585635,0,0.761157,0.629834,1,0.255414,0.662983,0,0.923911,0.81768,1,0,0,0,0,0,1
adjust,True,1,000010,Sn,,True,3,001110,Sn,"Ap, An",0.297,0.278,0.518,0.562,0.892,0.59,0.297029,0.853591,0,0.277639,0.825967,0,0.517955,0.585635,0,0.562299,0.629834,0,0.89185,0.662983,1,0.590499,0.81768,0,0,0,0,0,1,0
administrate,True,1,000100,An,,True,3,001110,An,"Ap, Sn",0.149,0.392,0.682,0.796,0.634,0.636,0.149171,0.853591,0,0.392415,0.825967,0,0.682262,0.585635,1,0.795865,0.629834,1,0.634074,0.662983,0,0.635946,0.81768,0,0,0,0,1,0,0
admire,False,0,000000,,,False,0,000000,,,0.644,0.374,0.419,0.276,0.356,0.638,0.643984,0.853591,0,0.374312,0.825967,0,0.418799,0.585635,0,0.276037,0.629834,0,0.355743,0.662983,0,0.637977,0.81768,0,0,0,0,0,0,0
admit,True,1,000001,Ev,,True,2,000101,Ev,An,0.605,0.556,0.1,0.745,0.105,0.849,0.605363,0.853591,0,0.556,0.825967,0,0.100481,0.585635,0,0.745394,0.629834,1,0.104854,0.662983,0,0.848802,0.81768,1,0,0,0,0,0,1
adopt,True,2,001010,Ap,Sn,True,2,001010,Ap,Sn,0.481,0.135,0.828,0.017,0.787,0.168,0.481052,0.853591,0,0.134656,0.825967,0,0.828082,0.585635,1,0.016727,0.629834,0,0.786663,0.662983,1,0.16762,0.81768,0,0,0,1,0,1,0
adsorb,True,1,001000,Ap,,True,1,001000,Ap,,0.149,0.061,0.729,0.124,0.415,0.331,0.149171,0.853591,0,0.061317,0.825967,0,0.728863,0.585635,1,0.123828,0.629834,0,0.414937,0.662983,0,0.330918,0.81768,0,0,0,1,0,0,0
advect,False,0,000000,,,True,1,001000,Ap,,0.41,0.665,0.504,0.374,0.42,0.011,0.410413,0.853591,0,0.665185,0.825967,0,0.504115,0.585635,0,0.374264,0.629834,0,0.419692,0.662983,0,0.01105,0.81768,0,0,0,0,0,0,0
advertise,True,1,001000,Ap,,True,1,001000,Ap,,0.248,0.507,0.933,0.37,0.088,0.349,0.248109,0.853591,0,0.506511,0.825967,0,0.933182,0.585635,1,0.369562,0.629834,0,0.087813,0.662983,0,0.349316,0.81768,0,0,0,1,0,0,0
advocate,True,1,000001,Ev,,True,2,000011,Ev,Sn,0.149,0.603,0.313,0.072,0.59,0.94,0.149171,0.853591,0,0.603432,0.825967,0,0.313477,0.585635,0,0.071725,0.629834,0,0.589719,0.662983,0,0.940175,0.81768,1,0,0,0,0,0,1
aerate,True,1,000010,Sn,,True,1,000010,Sn,,0.149,0.337,0.371,0.05,0.793,0.33,0.149171,0.853591,0,0.336576,0.825967,0,0.371469,0.585635,0,0.050453,0.629834,0,0.793073,0.662983,1,0.329804,0.81768,0,0,0,0,0,1,0
affect,True,1,001000,Ap,,True,2,001010,Ap,Sn,0.599,0.556,0.741,0.355,0.567,0.498,0.599046,0.853591,0,0.555657,0.825967,0,0.740892,0.585635,1,0.354721,0.629834,0,0.566973,0.662983,0,0.498467,0.81768,0,0,0,1,0,0,0
affirm,True,1,000001,Ev,,True,2,000101,Ev,An,0.169,0.152,0.08,0.619,0.177,0.93,0.168959,0.853591,0,0.15237,0.825967,0,0.080092,0.585635,0,0.619265,0.629834,0,0.177059,0.662983,0,0.929813,0.81768,1,0,0,0,0,0,1
affix,False,0,000000,,,True,1,010000,Cm,,0.149,0.704,0.283,0.2,0.169,0.367,0.149171,0.853591,0,0.704113,0.825967,0,0.282724,0.585635,0,0.20026,0.629834,0,0.168602,0.662983,0,0.367493,0.81768,0,0,0,0,0,0,0
afford,True,1,001000,Ap,,True,1,001000,Ap,,0.445,0.3,0.997,0.017,0.319,0.178,0.444996,0.853591,0,0.300015,0.825967,0,0.997238,0.585635,1,0.016691,0.629834,0,0.319278,0.662983,0,0.177778,0.81768,0,0,0,1,0,0,0
aggravate,True,1,000001,Ev,,True,2,001001,Ev,Ap,0.149,0.146,0.553,0.385,0.408,0.835,0.149171,0.853591,0,0.14594,0.825967,0,0.553402,0.585635,0,0.385415,0.629834,0,0.408295,0.662983,0,0.83543,0.81768,1,0,0,0,0,0,1
aggregate,True,1,000010,Sn,,True,4,110110,Sn,"Kn, Cm, An",0.813,0.711,0.324,0.705,0.951,0.521,0.81283,0.853591,0,0.711462,0.825967,0,0.324166,0.585635,0,0.704502,0.629834,1,0.951229,0.662983,1,0.520526,0.81768,0,0,0,0,0,1,0
agitate,True,1,000001,Ev,,True,1,000001,Ev,,0.31,0.128,0.345,0.094,0.45,0.828,0.309864,0.853591,0,0.127654,0.825967,0,0.344537,0.585635,0,0.094202,0.629834,0,0.450405,0.662983,0,0.828032,0.81768,1,0,0,0,0,0,1
agonize,True,2,000101,An,Ev,True,2,000101,An,Ev,0.25,0.017,0.241,0.843,0.416,0.843,0.250227,0.853591,0,0.016575,0.825967,0,0.241293,0.585635,0,0.843149,0.629834,1,0.416413,0.662983,0,0.843141,0.81768,1,0,0,0,1,0,1
agree,True,1,000001,Ev,,True,1,000001,Ev,,0.447,0.642,0.003,0.05,0.399,0.956,0.447304,0.853591,0,0.642419,0.825967,0,0.002762,0.585635,0,0.050102,0.629834,0,0.398536,0.662983,0,0.956345,0.81768,1,0,0,0,0,0,1
aim,True,1,000010,Sn,,True,1,000010,Sn,,0.571,0.506,0.379,0.149,0.686,0.174,0.570798,0.853591,0,0.506465,0.825967,0,0.378831,0.585635,0,0.148543,0.629834,0,0.686436,0.662983,1,0.174147,0.81768,0,0,0,0,0,1,0
align,True,1,000010,Sn,,True,1,000010,Sn,,0.335,0.237,0.207,0.295,0.963,0.692,0.334844,0.853591,0,0.23668,0.825967,0,0.207452,0.585635,0,0.294986,0.629834,0,0.962788,0.662983,1,0.692439,0.81768,0,0,0,0,0,1,0
alleviate,True,1,000010,Sn,,True,1,000010,Sn,,0.149,0.04,0.444,0.159,0.777,0.679,0.149171,0.853591,0,0.040049,0.825967,0,0.443603,0.585635,0,0.159281,0.629834,0,0.77732,0.662983,1,0.678539,0.81768,0,0,0,0,0,1,0
allot,True,1,001000,Ap,,True,1,001000,Ap,,0.58,0.652,0.636,0.372,0.512,0.344,0.579649,0.853591,0,0.651739,0.825967,0,0.636214,0.585635,1,0.372009,0.629834,0,0.512021,0.662983,0,0.344107,0.81768,0,0,0,1,0,0,0
allude,True,1,001000,Ap,,True,2,101000,Ap,Kn,0.84,0.565,0.932,0.051,0.402,0.011,0.839553,0.853591,0,0.564545,0.825967,0,0.932479,0.585635,1,0.051018,0.629834,0,0.402135,0.662983,0,0.01105,0.81768,0,0,0,1,0,0,0
alter,True,1,000010,Sn,,True,2,001010,Sn,Ap,0.149,0.274,0.623,0.394,0.872,0.372,0.149171,0.853591,0,0.274239,0.825967,0,0.623167,0.585635,1,0.393541,0.629834,0,0.871515,0.662983,1,0.372456,0.81768,0,0,0,0,0,1,0
alternate,True,1,000010,Sn,,True,3,010011,Sn,"Cm, Ev",0.592,0.712,0.02,0.472,0.875,0.71,0.591906,0.853591,0,0.711789,0.825967,0,0.020289,0.585635,0,0.472479,0.629834,0,0.874673,0.662983,1,0.710237,0.81768,0,0,0,0,0,1,0
ameliorate,True,1,000010,Sn,,True,1,000010,Sn,,0.149,0.471,0.236,0.017,0.852,0.654,0.149171,0.853591,0,0.470875,0.825967,0,0.236095,0.585635,0,0.016653,0.629834,0,0.851641,0.662983,1,0.653973,0.81768,0,0,0,0,0,1,0
amortize,True,1,001000,Ap,,True,2,001010,Ap,Sn,0.298,0.036,0.727,0.453,0.598,0.66,0.297945,0.853591,0,0.036302,0.825967,0,0.727402,0.585635,1,0.452708,0.629834,0,0.597627,0.662983,0,0.660075,0.81768,0,0,0,1,0,0,0
amplify,True,1,001000,Ap,,True,2,011000,Cm,Ap,0.179,0.773,0.743,0.208,0.468,0.019,0.179392,0.853591,0,0.773328,0.825967,0,0.742622,0.585635,1,0.207981,0.629834,0,0.468121,0.662983,0,0.018674,0.81768,0,0,0,1,0,0,0
analogize,True,1,010000,Cm,,True,6,111111,Cm,"Kn, Ap, An, Sn, Ev",0.878,0.985,0.638,0.722,0.779,0.815,0.877752,0.853591,1,0.984724,0.825967,1,0.638497,0.585635,1,0.722425,0.629834,1,0.778547,0.662983,1,0.814875,0.81768,0,0,1,0,0,0,0
anneal,True,1,000010,Sn,,True,2,000110,Sn,An,0.288,0.65,0.489,0.629,0.71,0.633,0.288233,0.853591,0,0.650121,0.825967,0,0.488977,0.585635,0,0.628768,0.629834,0,0.709604,0.662983,1,0.633002,0.81768,0,0,0,0,0,1,0
annihilate,True,1,001000,Ap,,True,2,001001,Ap,Ev,0.208,0.341,0.751,0.493,0.177,0.708,0.208107,0.853591,0,0.340765,0.825967,0,0.751355,0.585635,1,0.49287,0.629834,0,0.177117,0.662983,0,0.708281,0.81768,0,0,0,1,0,0,0
annotate,True,1,010000,Cm,,True,2,110000,Cm,Kn,0.791,0.838,0.469,0.327,0.279,0.046,0.790543,0.853591,0,0.837772,0.825967,1,0.469313,0.585635,0,0.326651,0.629834,0,0.279131,0.662983,0,0.046118,0.81768,0,0,1,0,0,0,0
announce,True,1,001000,Ap,,True,2,101000,Ap,Kn,0.82,0.549,0.862,0.096,0.369,0.075,0.81974,0.853591,0,0.548604,0.825967,0,0.862083,0.585635,1,0.095759,0.629834,0,0.368756,0.662983,0,0.075021,0.81768,0,0,0,1,0,0,0
anodize,True,2,001010,Ap,Sn,True,2,001010,Ap,Sn,0.149,0.134,0.731,0.374,0.725,0.189,0.149171,0.853591,0,0.13354,0.825967,0,0.730846,0.585635,1,0.373677,0.629834,0,0.724552,0.662983,1,0.189066,0.81768,0,0,0,1,0,1,0
answer,True,2,001100,Ap,An,True,2,001100,Ap,An,0.511,0.634,0.794,0.773,0.049,0.624,0.511217,0.853591,0,0.634205,0.825967,0,0.794498,0.585635,1,0.773498,0.629834,1,0.048812,0.662983,0,0.623752,0.81768,0,0,0,1,1,0,0
antagonize,True,1,000001,Ev,,True,1,000001,Ev,,0.149,0.343,0.065,0.415,0.267,0.93,0.149171,0.853591,0,0.342654,0.825967,0,0.065113,0.585635,0,0.415019,0.629834,0,0.266985,0.662983,0,0.92953,0.81768,1,0,0,0,0,0,1
apologize,True,1,000001,Ev,,True,3,010101,Ev,"Cm, An",0.442,0.722,0.052,0.551,0.1,0.887,0.441719,0.853591,0,0.722323,0.825967,0,0.051835,0.585635,0,0.550866,0.629834,0,0.099619,0.662983,0,0.886646,0.81768,1,0,0,0,0,0,1
appeal,True,1,000001,Ev,,True,1,000001,Ev,,0.384,0.069,0.1,0.351,0.181,0.986,0.384013,0.853591,0,0.069155,0.825967,0,0.10021,0.585635,0,0.350868,0.629834,0,0.18055,0.662983,0,0.985877,0.81768,1,0,0,0,0,0,1
appear,True,1,100000,Kn,,True,3,111000,Kn,"Cm, Ap",0.923,0.84,0.649,0.16,0.356,0.011,0.923136,0.853591,1,0.83977,0.825967,1,0.649092,0.585635,1,0.160148,0.629834,0,0.356197,0.662983,0,0.01105,0.81768,0,1,0,0,0,0,0
append,False,0,000000,,,False,0,000000,,,0.505,0.572,0.285,0.043,0.237,0.188,0.505003,0.853591,0,0.572319,0.825967,0,0.285446,0.585635,0,0.042744,0.629834,0,0.236895,0.662983,0,0.187532,0.81768,0,0,0,0,0,0,0
appoint,True,1,001000,Ap,,True,2,001100,Ap,An,0.149,0.057,0.795,0.587,0.471,0.589,0.149171,0.853591,0,0.05667,0.825967,0,0.794892,0.585635,1,0.586654,0.629834,0,0.47075,0.662983,0,0.588711,0.81768,0,0,0,1,0,0,0
apportion,True,1,100000,Kn,,True,3,101100,Kn,"Ap, An",0.862,0.535,0.633,0.557,0.411,0.658,0.862018,0.853591,1,0.535225,0.825967,0,0.632703,0.585635,1,0.556883,0.629834,0,0.410702,0.662983,0,0.65775,0.81768,0,1,0,0,0,0,0
appreciate,True,1,000001,Ev,,True,1,000001,Ev,,0.281,0.398,0.007,0.266,0.173,0.928,0.281044,0.853591,0,0.397797,0.825967,0,0.0068,0.585635,0,0.265935,0.629834,0,0.172922,0.662983,0,0.927673,0.81768,1,0,0,0,0,0,1
apprehend,True,1,000100,An,,True,2,010100,An,Cm,0.595,0.75,0.232,0.802,0.026,0.666,0.594707,0.853591,0,0.74991,0.825967,0,0.231662,0.585635,0,0.80247,0.629834,1,0.026336,0.662983,0,0.666126,0.81768,0,0,0,0,1,0,0
approach,True,1,001000,Ap,,True,2,001010,Ap,Sn,0.149,0.398,0.904,0.48,0.721,0.174,0.149171,0.853591,0,0.398191,0.825967,0,0.904126,0.585635,1,0.47997,0.629834,0,0.721201,0.662983,1,0.173773,0.81768,0,0,0,1,0,0,0
appropriate,False,0,000000,,,False,0,000000,,,0.448,0.649,0.402,0.384,0.534,0.633,0.447883,0.853591,0,0.649092,0.825967,0,0.402192,0.585635,0,0.384456,0.629834,0,0.533788,0.662983,0,0.633111,0.81768,0,0,0,0,0,0,0
approve,True,1,000001,Ev,,True,1,000001,Ev,,0.327,0.397,0.012,0.452,0.403,0.994,0.32746,0.853591,0,0.397022,0.825967,0,0.011909,0.585635,0,0.451692,0.629834,0,0.40279,0.662983,0,0.993727,0.81768,1,0,0,0,0,0,1
arise,True,1,000010,Sn,,True,1,000010,Sn,,0.451,0.053,0.136,0.272,0.957,0.501,0.451499,0.853591,0,0.052689,0.825967,0,0.136065,0.585635,0,0.272133,0.629834,0,0.956809,0.662983,1,0.500586,0.81768,0,0,0,0,0,1,0
arouse,True,1,000010,Sn,,True,2,000011,Ev,Sn,0.272,0.053,0.122,0.052,0.678,0.746,0.272385,0.853591,0,0.052516,0.825967,0,0.121787,0.585635,0,0.051994,0.629834,0,0.677659,0.662983,1,0.74596,0.81768,0,0,0,0,0,1,0
array,True,1,100000,Kn,,True,1,100000,Kn,,0.949,0.348,0.402,0.095,0.485,0.273,0.948728,0.853591,1,0.348372,0.825967,0,0.401937,0.585635,0,0.095196,0.629834,0,0.484955,0.662983,0,0.272924,0.81768,0,1,0,0,0,0,0
arrest,False,0,000000,,,True,1,000001,Ev,,0.55,0.184,0.386,0.352,0.172,0.773,0.550057,0.853591,0,0.183727,0.825967,0,0.386388,0.585635,0,0.35168,0.629834,0,0.171865,0.662983,0,0.773176,0.81768,0,0,0,0,0,0,0
arrive,False,0,000000,,,True,2,100100,Kn,An,0.806,0.299,0.288,0.607,0.29,0.521,0.80646,0.853591,0,0.298588,0.825967,0,0.287668,0.585635,0,0.606507,0.629834,0,0.289987,0.662983,0,0.520514,0.81768,0,0,0,0,0,0,0
ascend,False,0,000000,,,False,0,000000,,,0.407,0.161,0.394,0.096,0.383,0.636,0.407371,0.853591,0,0.161401,0.825967,0,0.394433,0.585635,0,0.096225,0.629834,0,0.38346,0.662983,0,0.636068,0.81768,0,0,0,0,0,0,0
ascribe,False,0,000000,,,True,1,001000,Ap,,0.421,0.605,0.525,0.086,0.538,0.114,0.420668,0.853591,0,0.604695,0.825967,0,0.524544,0.585635,0,0.086387,0.629834,0,0.537921,0.662983,0,0.113528,0.81768,0,0,0,0,0,0,0
ask,True,1,000100,An,,True,2,001100,An,Ap,0.556,0.606,0.629,0.857,0.071,0.224,0.555822,0.853591,0,0.606452,0.825967,0,0.629122,0.585635,1,0.856993,0.629834,1,0.070945,0.662983,0,0.224166,0.81768,0,0,0,0,1,0,0
aspirate,False,0,000000,,,False,0,000000,,,0.395,0.397,0.365,0.122,0.4,0.596,0.395149,0.853591,0,0.39682,0.825967,0,0.365388,0.585635,0,0.121907,0.629834,0,0.399678,0.662983,0,0.596311,0.81768,0,0,0,0,0,0,0
aspire,True,1,001000,Ap,,True,1,001000,Ap,,0.22,0.189,0.667,0.052,0.505,0.633,0.219955,0.853591,0,0.188793,0.825967,0,0.667052,0.585635,1,0.05188,0.629834,0,0.50478,0.662983,0,0.633489,0.81768,0,0,0,1,0,0,0
assert,True,1,000001,Ev,,True,2,000101,Ev,An,0.364,0.62,0.381,0.674,0.208,0.984,0.363879,0.853591,0,0.620293,0.825967,0,0.380957,0.585635,0,0.673607,0.629834,1,0.208046,0.662983,0,0.984242,0.81768,1,0,0,0,0,0,1
assimilate,True,1,000010,Sn,,True,2,001010,Sn,Ap,0.149,0.525,0.562,0.214,0.944,0.693,0.149171,0.853591,0,0.524697,0.825967,0,0.561708,0.585635,0,0.214047,0.629834,0,0.944345,0.662983,1,0.692588,0.81768,0,0,0,0,0,1,0
assist,True,1,000010,Sn,,True,1,000010,Sn,,0.228,0.307,0.445,0.003,0.84,0.665,0.228038,0.853591,0,0.307019,0.825967,0,0.444746,0.585635,0,0.002762,0.629834,0,0.840106,0.662983,1,0.664607,0.81768,0,0,0,0,0,1,0
assume,True,1,000001,Ev,,True,4,010111,Ev,"Cm, An, Sn",0.149,0.726,0.121,0.728,0.808,0.872,0.149171,0.853591,0,0.725871,0.825967,0,0.120567,0.585635,0,0.728142,0.629834,1,0.807989,0.662983,1,0.871843,0.81768,1,0,0,0,0,0,1
assure,False,0,000000,,,True,1,000001,Ev,,0.374,0.142,0.355,0.275,0.151,0.765,0.374283,0.853591,0,0.142233,0.825967,0,0.355339,0.585635,0,0.274672,0.629834,0,0.15135,0.662983,0,0.765417,0.81768,0,0,0,0,0,0,0
astonish,True,1,001000,Ap,,True,3,101100,Ap,"Kn, An",0.767,0.668,0.987,0.636,0.011,0.064,0.767496,0.853591,0,0.668436,0.825967,0,0.986948,0.585635,1,0.636138,0.629834,1,0.011089,0.662983,0,0.063856,0.81768,0,0,0,1,0,0,0
atomize,True,1,000010,Sn,,True,2,000110,Sn,An,0.227,0.309,0.233,0.72,0.85,0.368,0.226892,0.853591,0,0.309247,0.825967,0,0.233193,0.585635,0,0.720398,0.629834,1,0.850396,0.662983,1,0.36817,0.81768,0,0,0,0,0,1,0
attack,True,1,001000,Ap,,True,1,001000,Ap,,0.404,0.419,0.729,0.322,0.244,0.676,0.403897,0.853591,0,0.419439,0.825967,0,0.729034,0.585635,1,0.32182,0.629834,0,0.244252,0.662983,0,0.676377,0.81768,0,0,0,1,0,0,0
attempt,False,0,000000,,,False,0,000000,,,0.585,0.359,0.373,0.352,0.184,0.617,0.585278,0.853591,0,0.35871,0.825967,0,0.373285,0.585635,0,0.352066,0.629834,0,0.184078,0.662983,0,0.616917,0.81768,0,0,0,0,0,0,0
attend,True,1,001000,Ap,,True,2,101000,Ap,Kn,0.74,0.064,0.755,0.189,0.299,0.042,0.739616,0.853591,0,0.063718,0.825967,0,0.755242,0.585635,1,0.189281,0.629834,0,0.298613,0.662983,0,0.042079,0.81768,0,0,0,1,0,0,0
attenuate,False,0,000000,,,True,2,001100,An,Ap,0.149,0.129,0.519,0.595,0.214,0.403,0.149171,0.853591,0,0.129378,0.825967,0,0.519292,0.585635,0,0.594755,0.629834,0,0.213646,0.662983,0,0.402785,0.81768,0,0,0,0,0,0,0
attest,True,2,000101,An,Ev,True,3,001101,An,"Ap, Ev",0.421,0.197,0.541,0.964,0.033,0.91,0.421275,0.853591,0,0.197367,0.825967,0,0.54114,0.585635,0,0.963721,0.629834,1,0.032826,0.662983,0,0.910158,0.81768,1,0,0,0,1,0,1
attract,True,1,001000,Ap,,True,1,001000,Ap,,0.463,0.062,0.752,0.009,0.308,0.59,0.462565,0.853591,0,0.061706,0.825967,0,0.752211,0.585635,1,0.00929,0.629834,0,0.308389,0.662983,0,0.589733,0.81768,0,0,0,1,0,0,0
attribute,False,0,000000,,,True,1,000010,Sn,,0.582,0.67,0.393,0.492,0.64,0.501,0.582018,0.853591,0,0.669671,0.825967,0,0.393314,0.585635,0,0.491919,0.629834,0,0.640211,0.662983,0,0.500802,0.81768,0,0,0,0,0,0,0
augment,True,1,000010,Sn,,True,2,001010,Sn,Ap,0.149,0.238,0.727,0.014,0.941,0.083,0.149171,0.853591,0,0.237632,0.825967,0,0.727001,0.585635,1,0.013687,0.629834,0,0.941283,0.662983,1,0.083345,0.81768,0,0,0,0,0,1,0
authorize,False,0,000000,,,False,0,000000,,,0.16,0.099,0.16,0.452,0.454,0.685,0.160132,0.853591,0,0.099387,0.825967,0,0.160149,0.585635,0,0.451918,0.629834,0,0.453708,0.662983,0,0.685131,0.81768,0,0,0,0,0,0,0
autoclave,True,1,000100,An,,True,1,000100,An,,0.289,0.053,0.497,0.833,0.28,0.513,0.289062,0.853591,0,0.053144,0.825967,0,0.497436,0.585635,0,0.833406,0.629834,1,0.279528,0.662983,0,0.513297,0.81768,0,0,0,0,1,0,0
automate,True,1,000010,Sn,,True,2,001010,Sn,Ap,0.563,0.017,0.639,0.223,0.786,0.5,0.562976,0.853591,0,0.016575,0.825967,0,0.63911,0.585635,1,0.223049,0.629834,0,0.785786,0.662983,1,0.500337,0.81768,0,0,0,0,0,1,0
automatize,True,1,000010,Sn,,True,1,000010,Sn,,0.57,0.321,0.371,0.337,0.863,0.174,0.570478,0.853591,0,0.321385,0.825967,0,0.37139,0.585635,0,0.337145,0.629834,0,0.863066,0.662983,1,0.174272,0.81768,0,0,0,0,0,1,0
avail,True,1,001000,Ap,,True,2,001001,Ap,Ev,0.541,0.358,0.748,0.397,0.008,0.723,0.541061,0.853591,0,0.358109,0.825967,0,0.747645,0.585635,1,0.396795,0.629834,0,0.007727,0.662983,0,0.723283,0.81768,0,0,0,1,0,0,0
average,True,1,000001,Ev,,True,3,010101,Ev,"Cm, An",0.37,0.84,0.185,0.796,0.56,0.981,0.369636,0.853591,0,0.839952,0.825967,1,0.184977,0.585635,0,0.795794,0.629834,1,0.560491,0.662983,0,0.980888,0.81768,1,0,0,0,0,0,1
avert,False,0,000000,,,True,1,000001,Ev,,0.446,0.473,0.308,0.01,0.347,0.7,0.445991,0.853591,0,0.472539,0.825967,0,0.308026,0.585635,0,0.010087,0.629834,0,0.34726,0.662983,0,0.700256,0.81768,0,0,0,0,0,0,0
await,True,1,000010,Sn,,True,2,001010,Sn,Ap,0.591,0.378,0.642,0.096,0.778,0.464,0.591161,0.853591,0,0.378136,0.825967,0,0.642068,0.585635,1,0.096413,0.629834,0,0.77796,0.662983,1,0.463988,0.81768,0,0,0,0,0,1,0
backscatter,True,1,001000,Ap,,True,2,101000,Kn,Ap,0.754,0.524,0.637,0.268,0.394,0.329,0.754289,0.853591,0,0.524187,0.825967,0,0.636931,0.585635,1,0.268121,0.629834,0,0.39362,0.662983,0,0.329045,0.81768,0,0,0,1,0,0,0
bail,True,1,000001,Ev,,True,1,000001,Ev,,0.372,0.525,0.223,0.116,0.265,0.861,0.371552,0.853591,0,0.524837,0.825967,0,0.223163,0.585635,0,0.115772,0.629834,0,0.265174,0.662983,0,0.860682,0.81768,1,0,0,0,0,0,1
bake,True,1,000010,Sn,,True,3,001110,Sn,"Ap, An",0.582,0.052,0.637,0.55,0.878,0.622,0.582405,0.853591,0,0.052073,0.825967,0,0.637173,0.585635,1,0.549921,0.629834,0,0.877595,0.662983,1,0.622121,0.81768,0,0,0,0,0,1,0
balance,True,1,100000,Kn,,True,4,101101,Kn,"Ap, An, Ev",0.913,0.326,0.554,0.723,0.487,0.739,0.913412,0.853591,1,0.326284,0.825967,0,0.554343,0.585635,0,0.723062,0.629834,1,0.486661,0.662983,0,0.738951,0.81768,0,1,0,0,0,0,0
base,False,0,000000,,,False,0,000000,,,0.438,0.642,0.007,0.374,0.504,0.666,0.438224,0.853591,0,0.641707,0.825967,0,0.006952,0.585635,0,0.374261,0.629834,0,0.504095,0.662983,0,0.666253,0.81768,0,0,0,0,0,0,0
bate,True,1,000100,An,,True,1,000100,An,,0.43,0.35,0.364,0.645,0.311,0.129,0.430058,0.853591,0,0.350164,0.825967,0,0.364494,0.585635,0,0.645161,0.629834,1,0.310683,0.662983,0,0.12907,0.81768,0,0,0,0,1,0,0
bathe,True,1,001000,Ap,,True,1,001000,Ap,,0.561,0.053,0.933,0.347,0.269,0.468,0.560639,0.853591,0,0.052669,0.825967,0,0.932547,0.585635,1,0.346745,0.629834,0,0.268799,0.662983,0,0.468247,0.81768,0,0,0,1,0,0,0
bear,True,1,100000,Kn,,True,4,111100,Kn,"Cm, Ap, An",0.913,0.828,0.852,0.821,0.41,0.133,0.913197,0.853591,1,0.828276,0.825967,1,0.852306,0.585635,1,0.821382,0.629834,1,0.410273,0.662983,0,0.132521,0.81768,0,1,0,0,0,0,0
beat,True,1,100000,Kn,,True,1,100000,Kn,,0.894,0.385,0.239,0.05,0.008,0.538,0.894226,0.853591,1,0.385428,0.825967,0,0.238927,0.585635,0,0.049908,0.629834,0,0.00764,0.662983,0,0.538012,0.81768,0,1,0,0,0,0,0
beautify,True,1,000010,Sn,,True,1,000010,Sn,,0.149,0.107,0.3,0.323,0.846,0.398,0.149171,0.853591,0,0.107246,0.825967,0,0.300068,0.585635,0,0.322562,0.629834,0,0.845886,0.662983,1,0.397721,0.81768,0,0,0,0,0,1,0
become,True,2,001010,Sn,Ap,True,2,001010,Sn,Ap,0.344,0.062,0.692,0.281,0.723,0.692,0.343672,0.853591,0,0.061521,0.825967,0,0.692195,0.585635,1,0.281244,0.629834,0,0.723464,0.662983,1,0.692233,0.81768,0,0,0,1,0,1,0
bed,True,1,000100,An,,True,2,000101,An,Ev,0.445,0.662,0.38,0.829,0.181,0.735,0.444988,0.853591,0,0.661769,0.825967,0,0.380038,0.585635,0,0.828754,0.629834,1,0.181043,0.662983,0,0.734871,0.81768,0,0,0,0,1,0,0
beg,False,0,000000,,,False,0,000000,,,0.672,0.618,0.473,0.385,0.546,0.317,0.672172,0.853591,0,0.617533,0.825967,0,0.473349,0.585635,0,0.385079,0.629834,0,0.545884,0.662983,0,0.317471,0.81768,0,0,0,0,0,0,0
begin,True,1,000010,Sn,,True,1,000010,Sn,,0.683,0.183,0.102,0.535,0.986,0.616,0.682984,0.853591,0,0.183122,0.825967,0,0.102038,0.585635,0,0.534508,0.629834,0,0.985569,0.662983,1,0.616498,0.81768,0,0,0,0,0,1,0
behave,False,0,000000,,,True,1,000010,Sn,,0.368,0.281,0.429,0.024,0.588,0.596,0.368336,0.853591,0,0.281165,0.825967,0,0.429379,0.585635,0,0.02393,0.629834,0,0.58772,0.662983,0,0.596316,0.81768,0,0,0,0,0,0,0
behold,True,1,100000,Kn,,True,2,100100,Kn,An,0.955,0.688,0.478,0.734,0.088,0.103,0.955445,0.853591,1,0.688336,0.825967,0,0.478217,0.585635,0,0.733555,0.629834,1,0.088223,0.662983,0,0.103258,0.81768,0,1,0,0,0,0,0
behoove,False,0,000000,,,True,2,100001,Kn,Ev,0.838,0.228,0.392,0.352,0.04,0.723,0.838323,0.853591,0,0.227679,0.825967,0,0.392316,0.585635,0,0.352477,0.629834,0,0.040323,0.662983,0,0.723251,0.81768,0,0,0,0,0,0,0
believe,True,1,000001,Ev,,True,1,000001,Ev,,0.692,0.195,0.239,0.241,0.03,0.855,0.691714,0.853591,0,0.195408,0.825967,0,0.239361,0.585635,0,0.240792,0.629834,0,0.029807,0.662983,0,0.854517,0.81768,1,0,0,0,0,0,1
belong,True,1,000010,Sn,,True,1,000010,Sn,,0.432,0.364,0.385,0.051,0.729,0.618,0.431838,0.853591,0,0.363692,0.825967,0,0.384825,0.585635,0,0.050882,0.629834,0,0.728747,0.662983,1,0.617677,0.81768,0,0,0,0,0,1,0
bend,True,3,011100,Cm,"Ap, An",True,4,111100,Cm,"Kn, Ap, An",0.839,0.947,0.916,0.921,0.532,0.06,0.838613,0.853591,0,0.946842,0.825967,1,0.91645,0.585635,1,0.920563,0.629834,1,0.53228,0.662983,0,0.059765,0.81768,0,0,1,1,1,0,0
benefit,True,1,000001,Ev,,True,2,001001,Ev,Ap,0.21,0.039,0.629,0.011,0.328,0.876,0.210279,0.853591,0,0.039483,0.825967,0,0.629404,0.585635,1,0.011054,0.629834,0,0.327744,0.662983,0,0.876332,0.81768,1,0,0,0,0,0,1
bet,True,1,000001,Ev,,True,2,000101,Ev,An,0.551,0.409,0.065,0.761,0.202,0.974,0.550667,0.853591,0,0.408831,0.825967,0,0.065127,0.585635,0,0.760842,0.629834,1,0.201939,0.662983,0,0.974061,0.81768,1,0,0,0,0,0,1
bevel,True,1,000010,Sn,,True,2,001010,Sn,Ap,0.442,0.358,0.52,0.108,0.919,0.13,0.441566,0.853591,0,0.358074,0.825967,0,0.519819,0.585635,0,0.107534,0.629834,0,0.919086,0.662983,1,0.12964,0.81768,0,0,0,0,0,1,0
bias,True,2,000101,Ev,An,True,2,000101,Ev,An,0.25,0.642,0.057,0.919,0.524,0.952,0.250177,0.853591,0,0.642331,0.825967,0,0.057174,0.585635,0,0.919212,0.629834,1,0.524141,0.662983,0,0.952284,0.81768,1,0,0,0,1,0,1
bicycle,True,1,000100,An,,True,2,001100,An,Ap,0.273,0.333,0.607,0.669,0.415,0.125,0.272618,0.853591,0,0.333426,0.825967,0,0.607146,0.585635,1,0.669277,0.629834,1,0.415361,0.662983,0,0.125305,0.81768,0,0,0,0,1,0,0
bind,False,0,000000,,,True,2,101000,Kn,Ap,0.762,0.402,0.499,0.52,0.176,0.502,0.762489,0.853591,0,0.402156,0.825967,0,0.498508,0.585635,0,0.520143,0.629834,0,0.175758,0.662983,0,0.502472,0.81768,0,0,0,0,0,0,0
biodegrade,True,1,000100,An,,True,1,000100,An,,0.216,0.35,0.162,0.916,0.257,0.613,0.215506,0.853591,0,0.349523,0.825967,0,0.161777,0.585635,0,0.916306,0.629834,1,0.256559,0.662983,0,0.612712,0.81768,0,0,0,0,1,0,0
bisect,True,1,000100,An,,True,2,000110,An,Sn,0.567,0.62,0.289,0.928,0.84,0.596,0.567203,0.853591,0,0.619836,0.825967,0,0.289161,0.585635,0,0.928478,0.629834,1,0.840187,0.662983,1,0.596412,0.81768,0,0,0,0,1,0,0
blacklist,False,0,000000,,,True,1,100000,Kn,,0.851,0.334,0.023,0.401,0.161,0.531,0.85096,0.853591,0,0.333621,0.825967,0,0.023376,0.585635,0,0.401069,0.629834,0,0.160968,0.662983,0,0.530801,0.81768,0,0,0,0,0,0,0
blame,True,1,001000,Ap,,True,2,001001,Ap,Ev,0.248,0.648,0.762,0.494,0.174,0.757,0.247938,0.853591,0,0.647883,0.825967,0,0.762213,0.585635,1,0.494069,0.629834,0,0.173577,0.662983,0,0.757069,0.81768,0,0,0,1,0,0,0
blend,True,1,000010,Sn,,True,3,010110,Sn,"Cm, An",0.41,0.816,0.119,0.729,0.926,0.344,0.410066,0.853591,0,0.816499,0.825967,0,0.11851,0.585635,0,0.728565,0.629834,1,0.925555,0.662983,1,0.343635,0.81768,0,0,0,0,0,1,0
bless,True,1,000100,An,,True,2,100100,Kn,An,0.731,0.343,0.059,0.646,0.098,0.624,0.731084,0.853591,0,0.342838,0.825967,0,0.058681,0.585635,0,0.645589,0.629834,1,0.098497,0.662983,0,0.624261,0.81768,0,0,0,0,1,0,0
blink,True,1,100000,Kn,,True,1,100000,Kn,,0.902,0.555,0.241,0.375,0.281,0.055,0.901909,0.853591,1,0.554812,0.825967,0,0.240879,0.585635,0,0.37532,0.629834,0,0.280868,0.662983,0,0.055365,0.81768,0,1,0,0,0,0,0
bloat,False,0,000000,,,False,0,000000,,,0.238,0.051,0.155,0.459,0.372,0.654,0.238321,0.853591,0,0.05058,0.825967,0,0.155237,0.585635,0,0.458632,0.629834,0,0.372258,0.662983,0,0.6544,0.81768,0,0,0,0,0,0,0
block,False,0,000000,,,False,0,000000,,,0.421,0.145,0.138,0.375,0.263,0.624,0.420667,0.853591,0,0.14521,0.825967,0,0.138354,0.585635,0,0.375226,0.629834,0,0.263425,0.662983,0,0.62358,0.81768,0,0,0,0,0,0,0
blossom,True,1,000100,An,,True,2,100100,Kn,An,0.833,0.335,0.468,0.644,0.44,0.132,0.833087,0.853591,0,0.335257,0.825967,0,0.468011,0.585635,0,0.643641,0.629834,1,0.440217,0.662983,0,0.131688,0.81768,0,0,0,0,1,0,0
blow,True,1,001000,Ap,,True,1,001000,Ap,,0.446,0.563,0.758,0.476,0.516,0.128,0.446499,0.853591,0,0.563094,0.825967,0,0.758219,0.585635,1,0.476315,0.629834,0,0.516488,0.662983,0,0.127778,0.81768,0,0,0,1,0,0,0
blur,True,1,000100,An,,True,3,110100,An,"Kn, Cm",0.731,0.835,0.323,0.921,0.184,0.272,0.731049,0.853591,0,0.834775,0.825967,1,0.32348,0.585635,0,0.921139,0.629834,1,0.184431,0.662983,0,0.271702,0.81768,0,0,0,0,1,0,0
boast,True,1,001000,Ap,,True,1,001000,Ap,,0.575,0.674,0.932,0.275,0.399,0.523,0.575095,0.853591,0,0.673767,0.825967,0,0.93248,0.585635,1,0.275359,0.629834,0,0.39934,0.662983,0,0.52325,0.81768,0,0,0,1,0,0,0
boil,True,1,001000,Ap,,True,2,001100,Ap,An,0.419,0.017,0.915,0.815,0.282,0.345,0.41913,0.853591,0,0.016575,0.825967,0,0.915226,0.585635,1,0.815206,0.629834,1,0.281627,0.662983,0,0.345044,0.81768,0,0,0,1,0,0,0
bolster,True,1,000010,Sn,,True,2,000011,Sn,Ev,0.149,0.377,0.184,0.092,0.799,0.767,0.149171,0.853591,0,0.377096,0.825967,0,0.183868,0.585635,0,0.091552,0.629834,0,0.79907,0.662983,1,0.76707,0.81768,0,0,0,0,0,1,0
boost,True,1,000010,Sn,,True,1,000010,Sn,,0.537,0.337,0.031,0.332,0.747,0.352,0.536994,0.853591,0,0.336985,0.825967,0,0.030514,0.585635,0,0.331925,0.629834,0,0.746567,0.662983,1,0.351764,0.81768,0,0,0,0,0,1,0
bore,True,1,001000,Ap,,True,2,001010,Ap,Sn,0.422,0.343,0.987,0.051,0.918,0.129,0.42208,0.853591,0,0.343002,0.825967,0,0.986802,0.585635,1,0.050798,0.629834,0,0.917779,0.662983,1,0.129264,0.81768,0,0,0,1,0,0,0
borrow,True,1,001000,Ap,,True,2,101000,Ap,Kn,0.789,0.323,0.976,0.009,0.105,0.479,0.788975,0.853591,0,0.32308,0.825967,0,0.976153,0.585635,1,0.009492,0.629834,0,0.104985,0.662983,0,0.479411,0.81768,0,0,0,1,0,0,0
bother,False,0,000000,,,True,1,000001,Ev,,0.562,0.354,0.401,0.094,0.199,0.711,0.562005,0.853591,0,0.35431,0.825967,0,0.401286,0.585635,0,0.094327,0.629834,0,0.198792,0.662983,0,0.710825,0.81768,0,0,0,0,0,0,0
bounce,True,1,001000,Ap,,True,1,001000,Ap,,0.461,0.218,0.727,0.011,0.283,0.33,0.460541,0.853591,0,0.218173,0.825967,0,0.726626,0.585635,1,0.011392,0.629834,0,0.282536,0.662983,0,0.330348,0.81768,0,0,0,1,0,0,0
bow,True,1,000100,An,,True,1,000100,An,,0.611,0.668,0.378,0.733,0.409,0.603,0.611254,0.853591,0,0.667853,0.825967,0,0.377582,0.585635,0,0.732686,0.629834,1,0.409033,0.662983,0,0.603118,0.81768,0,0,0,0,1,0,0
brainstorm,True,1,000010,Sn,,True,1,000010,Sn,,0.29,0.544,0.341,0.232,0.919,0.342,0.289618,0.853591,0,0.544106,0.825967,0,0.340629,0.585635,0,0.23185,0.629834,0,0.918689,0.662983,1,0.341601,0.81768,0,0,0,0,0,1,0
breathe,True,1,001000,Ap,,True,2,001010,Ap,Sn,0.419,0.335,0.733,0.338,0.57,0.121,0.418846,0.853591,0,0.334731,0.825967,0,0.732564,0.585635,1,0.337988,0.629834,0,0.570145,0.662983,0,0.12099,0.81768,0,0,0,1,0,0,0
brighten,True,1,000010,Sn,,True,1,000010,Sn,,0.55,0.239,0.455,0.267,0.922,0.359,0.549893,0.853591,0,0.239373,0.825967,0,0.455063,0.585635,0,0.266581,0.629834,0,0.922327,0.662983,1,0.359321,0.81768,0,0,0,0,0,1,0
bring,False,0,000000,,,True,2,001010,Sn,Ap,0.563,0.329,0.529,0.104,0.567,0.449,0.562516,0.853591,0,0.328674,0.825967,0,0.529452,0.585635,0,0.104248,0.629834,0,0.566553,0.662983,0,0.448737,0.81768,0,0,0,0,0,0,0
broadcast,True,1,001000,Ap,,True,2,101000,Kn,Ap,0.82,0.625,0.767,0.104,0.198,0.06,0.820194,0.853591,0,0.624535,0.825967,0,0.766745,0.585635,1,0.103568,0.629834,0,0.197766,0.662983,0,0.06015,0.81768,0,0,0,1,0,0,0
broaden,True,1,000010,Sn,,True,2,001010,Sn,Ap,0.149,0.688,0.561,0.073,0.984,0.546,0.149171,0.853591,0,0.68808,0.825967,0,0.561165,0.585635,0,0.072798,0.629834,0,0.983749,0.662983,1,0.545608,0.81768,0,0,0,0,0,1,0
brominate,True,1,000100,An,,True,3,110100,An,"Kn, Cm",0.837,0.736,0.026,0.885,0.183,0.329,0.83718,0.853591,0,0.735764,0.825967,0,0.025723,0.585635,0,0.884971,0.629834,1,0.182551,0.662983,0,0.328901,0.81768,0,0,0,0,1,0,0
broom,True,1,000100,An,,True,2,100100,Kn,An,0.814,0.628,0.401,0.657,0.207,0.118,0.813537,0.853591,0,0.627575,0.825967,0,0.401078,0.585635,0,0.656612,0.629834,1,0.207312,0.662983,0,0.118157,0.81768,0,0,0,0,1,0,0
browse,True,1,100000,Kn,,True,3,101100,Kn,"Ap, An",0.929,0.633,0.687,0.854,0.011,0.065,0.928567,0.853591,1,0.633263,0.825967,0,0.686934,0.585635,1,0.854375,0.629834,1,0.01132,0.662983,0,0.065357,0.81768,0,1,0,0,0,0,0
buckle,False,0,000000,,,False,0,000000,,,0.581,0.149,0.493,0.376,0.173,0.635,0.580611,0.853591,0,0.149154,0.825967,0,0.493036,0.585635,0,0.375669,0.629834,0,0.172915,0.662983,0,0.634664,0.81768,0,0,0,0,0,0,0
buffer,True,1,000100,An,,True,1,000100,An,,0.442,0.064,0.141,0.752,0.533,0.634,0.441691,0.853591,0,0.064119,0.825967,0,0.141347,0.585635,0,0.75159,0.629834,1,0.533004,0.662983,0,0.634331,0.81768,0,0,0,0,1,0,0
burgeon,True,1,000100,An,,True,3,110100,An,"Kn, Cm",0.841,0.735,0.11,0.92,0.521,0.33,0.841229,0.853591,0,0.735356,0.825967,0,0.110177,0.585635,0,0.919914,0.629834,1,0.521187,0.662983,0,0.329866,0.81768,0,0,0,0,1,0,0
burn,True,1,001000,Ap,,True,2,101000,Kn,Ap,0.738,0.646,0.637,0.235,0.282,0.618,0.738221,0.853591,0,0.64603,0.825967,0,0.637358,0.585635,1,0.235145,0.629834,0,0.28228,0.662983,0,0.618477,0.81768,0,0,0,1,0,0,0
burrow,True,3,001110,Sn,"Ap, An",True,3,001110,Sn,"Ap, An",0.545,0.492,0.737,0.652,0.792,0.068,0.545409,0.853591,0,0.491506,0.825967,0,0.736863,0.585635,1,0.651885,0.629834,1,0.791534,0.662983,1,0.06792,0.81768,0,0,0,1,1,1,0
burst,True,1,000100,An,,True,1,000100,An,,0.551,0.108,0.055,0.753,0.162,0.182,0.550568,0.853591,0,0.1075,0.825967,0,0.055405,0.585635,0,0.753035,0.629834,1,0.161888,0.662983,0,0.181816,0.81768,0,0,0,0,1,0,0
bury,True,1,001000,Ap,,True,2,101000,Ap,Kn,0.852,0.536,0.925,0.504,0.285,0.179,0.852454,0.853591,0,0.535819,0.825967,0,0.924684,0.585635,1,0.503532,0.629834,0,0.285458,0.662983,0,0.178827,0.81768,0,0,0,1,0,0,0
buy,False,0,000000,,,True,1,001000,Ap,,0.651,0.652,0.555,0.232,0.162,0.462,0.65085,0.853591,0,0.651821,0.825967,0,0.554545,0.585635,0,0.23159,0.629834,0,0.162392,0.662983,0,0.461596,0.81768,0,0,0,0,0,0,0
bypass,True,1,000010,Sn,,True,2,001010,Sn,Ap,0.149,0.224,0.638,0.096,0.777,0.349,0.149171,0.853591,0,0.224153,0.825967,0,0.638445,0.585635,1,0.096409,0.629834,0,0.777254,0.662983,1,0.349027,0.81768,0,0,0,0,0,1,0
cache,True,1,000100,An,,True,2,100100,Kn,An,0.782,0.064,0.238,0.739,0.098,0.599,0.781599,0.853591,0,0.064116,0.825967,0,0.237585,0.585635,0,0.738718,0.629834,1,0.097763,0.662983,0,0.599015,0.81768,0,0,0,0,1,0,0
calibrate,True,2,000110,An,Sn,True,3,001110,An,"Ap, Sn",0.149,0.352,0.506,0.739,0.694,0.634,0.149171,0.853591,0,0.352205,0.825967,0,0.505798,0.585635,0,0.738776,0.629834,1,0.693895,0.662983,1,0.634497,0.81768,0,0,0,0,1,1,0
call,False,0,000000,,,True,1,001000,Ap,,0.559,0.629,0.53,0.017,0.281,0.669,0.558744,0.853591,0,0.62892,0.825967,0,0.530372,0.585635,0,0.016852,0.629834,0,0.280975,0.662983,0,0.668866,0.81768,0,0,0,0,0,0,0
camouflage,True,1,010000,Cm,,True,3,110100,Cm,"Kn, An",0.838,0.93,0.068,0.554,0.434,0.636,0.837699,0.853591,0,0.929995,0.825967,1,0.068257,0.585635,0,0.553923,0.629834,0,0.433902,0.662983,0,0.63591,0.81768,0,0,1,0,0,0,0
cancel,True,1,000001,Ev,,True,1,000001,Ev,,0.537,0.344,0.061,0.274,0.373,0.832,0.537031,0.853591,0,0.344399,0.825967,0,0.061105,0.585635,0,0.274045,0.629834,0,0.373289,0.662983,0,0.831998,0.81768,1,0,0,0,0,0,1
cant,False,0,000000,,,False,0,000000,,,0.571,0.36,0.058,0.267,0.18,0.482,0.570527,0.853591,0,0.359995,0.825967,0,0.05785,0.585635,0,0.267127,0.629834,0,0.179525,0.662983,0,0.482421,0.81768,0,0,0,0,0,0,0
capitalize,False,0,000000,,,True,1,100000,Kn,,0.833,0.629,0.129,0.386,0.563,0.604,0.833317,0.853591,0,0.629494,0.825967,0,0.128539,0.585635,0,0.386067,0.629834,0,0.563124,0.662983,0,0.604087,0.81768,0,0,0,0,0,0,0
carboxylate,True,2,000110,Sn,An,True,2,000110,Sn,An,0.552,0.51,0.101,0.728,0.728,0.637,0.551726,0.853591,0,0.509689,0.825967,0,0.10147,0.585635,0,0.727606,0.629834,1,0.728438,0.662983,1,0.636699,0.81768,0,0,0,0,1,1,0
care,True,1,000010,Sn,,True,3,101010,Kn,"Ap, Sn",0.85,0.643,0.628,0.047,0.781,0.3,0.849823,0.853591,0,0.642685,0.825967,0,0.628297,0.585635,1,0.046543,0.629834,0,0.780589,0.662983,1,0.300014,0.81768,0,0,0,0,0,1,0
carry,True,1,001000,Ap,,True,1,001000,Ap,,0.587,0.334,0.935,0.017,0.117,0.603,0.586943,0.853591,0,0.334334,0.825967,0,0.935393,0.585635,1,0.017077,0.629834,0,0.117394,0.662983,0,0.602651,0.81768,0,0,0,1,0,0,0
carve,True,1,001000,Ap,,True,3,001110,Ap,"An, Sn",0.55,0.53,0.876,0.608,0.779,0.408,0.550036,0.853591,0,0.529798,0.825967,0,0.87553,0.585635,1,0.607586,0.629834,0,0.778749,0.662983,1,0.407968,0.81768,0,0,0,1,0,0,0
cast,False,0,000000,,,True,2,001010,Sn,Ap,0.552,0.055,0.503,0.095,0.568,0.3,0.552255,0.853591,0,0.05509,0.825967,0,0.502977,0.585635,0,0.095152,0.629834,0,0.568177,0.662983,0,0.300333,0.81768,0,0,0,0,0,0,0
catalyze,False,0,000000,,,True,1,000010,Sn,,0.149,0.455,0.315,0.252,0.618,0.55,0.149171,0.853591,0,0.455144,0.825967,0,0.315475,0.585635,0,0.252196,0.629834,0,0.618284,0.662983,0,0.550112,0.81768,0,0,0,0,0,0,0
catch,True,1,000100,An,,True,3,100101,An,"Kn, Ev",0.764,0.29,0.165,0.858,0.045,0.7,0.763504,0.853591,0,0.289993,0.825967,0,0.164601,0.585635,0,0.857892,0.629834,1,0.044861,0.662983,0,0.699525,0.81768,0,0,0,0,1,0,0
cater,True,1,000010,Sn,,True,2,001010,Sn,Ap,0.149,0.058,0.646,0.253,0.956,0.28,0.149171,0.853591,0,0.057852,0.825967,0,0.645687,0.585635,1,0.25313,0.629834,0,0.956023,0.662983,1,0.280288,0.81768,0,0,0,0,0,1,0
cause,True,1,000100,An,,True,2,000101,Ev,An,0.599,0.566,0.275,0.74,0.172,0.752,0.599333,0.853591,0,0.565578,0.825967,0,0.274743,0.585635,0,0.739507,0.629834,1,0.171555,0.662983,0,0.752152,0.81768,0,0,0,0,1,0,0
caution,True,1,001000,Ap,,True,2,001001,Ev,Ap,0.384,0.195,0.794,0.086,0.282,0.815,0.383891,0.853591,0,0.195116,0.825967,0,0.793986,0.585635,1,0.086497,0.629834,0,0.282339,0.662983,0,0.815139,0.81768,0,0,0,1,0,0,0
cave,True,1,000100,An,,True,2,100100,An,Kn,0.77,0.65,0.487,0.816,0.034,0.155,0.770481,0.853591,0,0.650483,0.825967,0,0.487385,0.585635,0,0.816099,0.629834,1,0.033516,0.662983,0,0.155339,0.81768,0,0,0,0,1,0,0
cease,True,1,000001,Ev,,True,2,001001,Ev,Ap,0.149,0.177,0.552,0.246,0.4,0.884,0.149171,0.853591,0,0.177472,0.825967,0,0.551827,0.585635,0,0.245844,0.629834,0,0.399775,0.662983,0,0.884136,0.81768,1,0,0,0,0,0,1
cede,True,1,000100,An,,True,1,000100,An,,0.149,0.349,0.484,0.655,0.446,0.3,0.149171,0.853591,0,0.34882,0.825967,0,0.483652,0.585635,0,0.654745,0.629834,1,0.445929,0.662983,0,0.300235,0.81768,0,0,0,0,1,0,0
celebrate,False,0,000000,,,False,0,000000,,,0.538,0.644,0.496,0.051,0.326,0.612,0.538054,0.853591,0,0.643806,0.825967,0,0.495993,0.585635,0,0.050757,0.629834,0,0.326125,0.662983,0,0.612233,0.81768,0,0,0,0,0,0,0
censor,True,1,000100,An,,True,1,000100,An,,0.149,0.17,0.242,0.667,0.391,0.662,0.149171,0.853591,0,0.169591,0.825967,0,0.24215,0.585635,0,0.667062,0.629834,1,0.391326,0.662983,0,0.661618,0.81768,0,0,0,0,1,0,0
centralize,True,1,000010,Sn,,True,1,000010,Sn,,0.149,0.412,0.444,0.324,0.995,0.479,0.149171,0.853591,0,0.412114,0.825967,0,0.444317,0.585635,0,0.324306,0.629834,0,0.994515,0.662983,1,0.479107,0.81768,0,0,0,0,0,1,0
centrifuge,True,2,001100,An,Ap,True,2,001100,An,Ap,0.149,0.343,0.756,0.814,0.172,0.511,0.149171,0.853591,0,0.342517,0.825967,0,0.755937,0.585635,1,0.814375,0.629834,1,0.171981,0.662983,0,0.510558,0.81768,0,0,0,1,1,0,0
certify,True,1,000100,An,,True,2,000101,An,Ev,0.149,0.027,0.223,0.899,0.13,0.701,0.149171,0.853591,0,0.02662,0.825967,0,0.22346,0.585635,0,0.899081,0.629834,1,0.129587,0.662983,0,0.701337,0.81768,0,0,0,0,1,0,0
chance,True,2,100001,Kn,Ev,True,2,100001,Kn,Ev,0.937,0.666,0.058,0.104,0.179,0.888,0.937176,0.853591,1,0.666019,0.825967,0,0.057938,0.585635,0,0.10358,0.629834,0,0.179481,0.662983,0,0.887855,0.81768,1,1,0,0,0,0,1
channelize,True,1,001000,Ap,,True,1,001000,Ap,,0.31,0.349,0.717,0.374,0.431,0.121,0.30971,0.853591,0,0.348851,0.825967,0,0.717188,0.585635,1,0.374148,0.629834,0,0.431287,0.662983,0,0.12121,0.81768,0,0,0,1,0,0,0
charge,True,2,001001,Ev,Ap,True,2,001001,Ev,Ap,0.724,0.222,0.77,0.103,0.279,0.818,0.724034,0.853591,0,0.222161,0.825967,0,0.769654,0.585635,1,0.102603,0.629834,0,0.279265,0.662983,0,0.818441,0.81768,1,0,0,1,0,0,1
chase,True,1,100000,Kn,,True,2,101000,Kn,Ap,0.939,0.551,0.854,0.009,0.18,0.143,0.93909,0.853591,1,0.551386,0.825967,0,0.85404,0.585635,1,0.008814,0.629834,0,0.180415,0.662983,0,0.14336,0.81768,0,1,0,0,0,0,0
cheat,True,1,001000,Ap,,True,1,001000,Ap,,0.247,0.054,0.785,0.508,0.187,0.343,0.246649,0.853591,0,0.053799,0.825967,0,0.784823,0.585635,1,0.50848,0.629834,0,0.186836,0.662983,0,0.34275,0.81768,0,0,0,1,0,0,0
chill,False,0,000000,,,True,1,000010,Sn,,0.535,0.526,0.188,0.051,0.592,0.666,0.535412,0.853591,0,0.525685,0.825967,0,0.188426,0.585635,0,0.051362,0.629834,0,0.591931,0.662983,0,0.665822,0.81768,0,0,0,0,0,0,0
chisel,True,1,000100,An,,True,3,001110,An,"Ap, Sn",0.271,0.147,0.518,0.83,0.653,0.456,0.271112,0.853591,0,0.147242,0.825967,0,0.518358,0.585635,0,0.830087,0.629834,1,0.65342,0.662983,0,0.456232,0.81768,0,0,0,0,1,0,0
chlorinate,True,1,000001,Ev,,True,2,000011,Ev,Sn,0.412,0.222,0.117,0.095,0.707,0.849,0.411526,0.853591,0,0.222299,0.825967,0,0.116663,0.585635,0,0.095477,0.629834,0,0.707289,0.662983,1,0.848531,0.81768,1,0,0,0,0,0,1
choke,True,1,001000,Ap,,True,1,001000,Ap,,0.303,0.369,0.636,0.233,0.419,0.623,0.303283,0.853591,0,0.369201,0.825967,0,0.635735,0.585635,1,0.233474,0.629834,0,0.418957,0.662983,0,0.623083,0.81768,0,0,0,1,0,0,0
churn,True,1,000010,Sn,,True,1,000010,Sn,,0.551,0.146,0.383,0.096,0.79,0.52,0.55088,0.853591,0,0.145614,0.825967,0,0.383313,0.585635,0,0.095699,0.629834,0,0.790098,0.662983,1,0.520217,0.81768,0,0,0,0,0,1,0
circularize,True,1,001000,Ap,,True,4,011110,Cm,"Ap, An, Sn",0.443,0.743,0.731,0.67,0.641,0.273,0.442562,0.853591,0,0.743103,0.825967,0,0.731268,0.585635,1,0.669771,0.629834,1,0.64149,0.662983,0,0.27295,0.81768,0,0,0,1,0,0,0
circulate,True,1,001000,Ap,,True,2,101000,Ap,Kn,0.767,0.364,0.922,0.096,0.417,0.171,0.766588,0.853591,0,0.363779,0.825967,0,0.921717,0.585635,1,0.095982,0.629834,0,0.417187,0.662983,0,0.170711,0.81768,0,0,0,1,0,0,0
circumscribe,True,1,000010,Sn,,True,1,000010,Sn,,0.453,0.165,0.383,0.105,0.862,0.126,0.452726,0.853591,0,0.165248,0.825967,0,0.382849,0.585635,0,0.104811,0.629834,0,0.861967,0.662983,1,0.126022,0.81768,0,0,0,0,0,1,0
circumvent,True,1,001000,Ap,,True,1,001000,Ap,,0.149,0.385,0.665,0.37,0.281,0.501,0.149171,0.853591,0,0.385457,0.825967,0,0.665367,0.585635,1,0.370449,0.629834,0,0.280764,0.662983,0,0.500564,0.81768,0,0,0,1,0,0,0
claim,True,1,000001,Ev,,True,2,000101,Ev,An,0.596,0.317,0.266,0.803,0.307,0.878,0.59588,0.853591,0,0.317223,0.825967,0,0.265911,0.585635,0,0.803239,0.629834,1,0.306714,0.662983,0,0.878167,0.81768,1,0,0,0,0,0,1
clamp,True,1,000001,Ev,,True,1,000001,Ev,,0.411,0.167,0.379,0.222,0.383,0.845,0.410946,0.853591,0,0.16667,0.825967,0,0.379444,0.585635,0,0.221959,0.629834,0,0.383195,0.662983,0,0.845143,0.81768,1,0,0,0,0,0,1
clap,False,0,000000,,,True,1,100000,Kn,,0.78,0.661,0.361,0.046,0.271,0.622,0.779831,0.853591,0,0.660728,0.825967,0,0.361356,0.585635,0,0.046371,0.629834,0,0.27142,0.662983,0,0.622453,0.81768,0,0,0,0,0,0,0
clash,True,1,000001,Ev,,True,2,010001,Ev,Cm,0.646,0.761,0.003,0.327,0.549,0.949,0.646064,0.853591,0,0.760501,0.825967,0,0.002762,0.585635,0,0.327022,0.629834,0,0.548853,0.662983,0,0.948502,0.81768,1,0,0,0,0,0,1
cleave,True,2,001100,An,Ap,True,2,001100,An,Ap,0.149,0.204,0.637,0.647,0.17,0.63,0.149171,0.853591,0,0.203676,0.825967,0,0.636789,0.585635,1,0.647425,0.629834,1,0.169944,0.662983,0,0.630251,0.81768,0,0,0,1,1,0,0
click,True,1,000100,An,,True,2,100100,An,Kn,0.813,0.514,0.336,0.923,0.007,0.273,0.812618,0.853591,0,0.513996,0.825967,0,0.336267,0.585635,0,0.922535,0.629834,1,0.007214,0.662983,0,0.272573,0.81768,0,0,0,0,1,0,0
climb,True,1,001000,Ap,,True,1,001000,Ap,,0.368,0.017,0.648,0.018,0.37,0.445,0.367802,0.853591,0,0.016575,0.825967,0,0.64757,0.585635,1,0.017645,0.629834,0,0.370232,0.662983,0,0.444868,0.81768,0,0,0,1,0,0,0
cling,True,1,000010,Sn,,True,2,000011,Sn,Ev,0.441,0.061,0.204,0.017,0.901,0.799,0.441321,0.853591,0,0.06094,0.825967,0,0.203897,0.585635,0,0.016809,0.629834,0,0.900853,0.662983,1,0.799268,0.81768,0,0,0,0,0,1,0
cloak,False,0,000000,,,True,1,100000,Kn,,0.847,0.647,0.148,0.36,0.532,0.272,0.847316,0.853591,0,0.646972,0.825967,0,0.147984,0.585635,0,0.359975,0.629834,0,0.531673,0.662983,0,0.271942,0.81768,0,0,0,0,0,0,0
clobber,True,1,000100,An,,True,2,010100,Cm,An,0.725,0.726,0.143,0.643,0.522,0.462,0.724777,0.853591,0,0.725823,0.825967,0,0.143171,0.585635,0,0.643437,0.629834,1,0.521835,0.662983,0,0.461648,0.81768,0,0,0,0,1,0,0
clock,True,1,000100,An,,True,2,001100,An,Ap,0.557,0.67,0.553,0.755,0.408,0.293,0.557234,0.853591,0,0.670284,0.825967,0,0.55262,0.585635,0,0.75482,0.629834,1,0.4083,0.662983,0,0.292772,0.81768,0,0,0,0,1,0,0
clog,False,0,000000,,,True,1,010000,Cm,,0.606,0.743,0.373,0.376,0.175,0.272,0.606491,0.853591,0,0.742977,0.825967,0,0.372553,0.585635,0,0.37551,0.629834,0,0.1752,0.662983,0,0.271713,0.81768,0,0,0,0,0,0,0
close,True,3,110001,Cm,"Kn, Ev",True,3,110001,Cm,"Kn, Ev",0.887,0.93,0.024,0.504,0.018,0.82,0.886869,0.853591,1,0.92987,0.825967,1,0.023721,0.585635,0,0.503667,0.629834,0,0.017733,0.662983,0,0.819807,0.81768,1,1,1,0,0,0,1
clump,True,2,000110,An,Sn,True,3,010110,An,"Cm, Sn",0.55,0.792,0.338,0.809,0.801,0.163,0.549975,0.853591,0,0.791792,0.825967,0,0.338116,0.585635,0,0.808719,0.629834,1,0.800991,0.662983,1,0.162534,0.81768,0,0,0,0,1,1,0
co-occur,True,1,000010,Sn,,True,1,000010,Sn,,0.343,0.249,0.042,0.164,0.758,0.099,0.342635,0.853591,0,0.249367,0.825967,0,0.042136,0.585635,0,0.163909,0.629834,0,0.757835,0.662983,1,0.099162,0.81768,0,0,0,0,0,1,0
coalesce,True,1,000010,Sn,,True,2,000011,Sn,Ev,0.364,0.45,0.065,0.186,0.96,0.728,0.364068,0.853591,0,0.45033,0.825967,0,0.065145,0.585635,0,0.186042,0.629834,0,0.95964,0.662983,1,0.727752,0.81768,0,0,0,0,0,1,0
coarsen,False,0,000000,,,False,0,000000,,,0.289,0.402,0.061,0.272,0.512,0.607,0.289162,0.853591,0,0.402444,0.825967,0,0.061322,0.585635,0,0.272492,0.629834,0,0.511813,0.662983,0,0.60719,0.81768,0,0,0,0,0,0,0
codify,True,1,000010,Sn,,True,1,000010,Sn,,0.149,0.666,0.463,0.273,0.985,0.607,0.149171,0.853591,0,0.666499,0.825967,0,0.462687,0.585635,0,0.272768,0.629834,0,0.985301,0.662983,1,0.606754,0.81768,0,0,0,0,0,1,0
coexist,True,1,000010,Sn,,True,2,000011,Sn,Ev,0.216,0.396,0.003,0.222,0.86,0.768,0.215761,0.853591,0,0.396353,0.825967,0,0.002762,0.585635,0,0.222337,0.629834,0,0.860085,0.662983,1,0.767593,0.81768,0,0,0,0,0,1,0
cogitate,True,1,000010,Sn,,True,1,000010,Sn,,0.226,0.399,0.1,0.28,0.846,0.246,0.225901,0.853591,0,0.398934,0.825967,0,0.099736,0.585635,0,0.280103,0.629834,0,0.84562,0.662983,1,0.246461,0.81768,0,0,0,0,0,1,0
coincide,True,1,100000,Kn,,True,2,100010,Kn,Sn,0.859,0.627,0.084,0.167,0.593,0.223,0.859362,0.853591,1,0.627152,0.825967,0,0.08362,0.585635,0,0.16686,0.629834,0,0.592589,0.662983,0,0.223241,0.81768,0,1,0,0,0,0,0
collapse,True,1,000010,Sn,,True,1,000010,Sn,,0.371,0.334,0.356,0.375,0.801,0.496,0.371221,0.853591,0,0.333903,0.825967,0,0.356052,0.585635,0,0.374705,0.629834,0,0.801012,0.662983,1,0.495791,0.81768,0,0,0,0,0,1,0
collate,True,1,000010,Sn,,True,1,000010,Sn,,0.377,0.632,0.317,0.203,0.756,0.224,0.376632,0.853591,0,0.632067,0.825967,0,0.316939,0.585635,0,0.20317,0.629834,0,0.756281,0.662983,1,0.223569,0.81768,0,0,0,0,0,1,0
collide,True,1,000010,Sn,,True,1,000010,Sn,,0.476,0.688,0.003,0.048,0.951,0.611,0.475929,0.853591,0,0.68786,0.825967,0,0.002762,0.585635,0,0.047873,0.629834,0,0.950631,0.662983,1,0.611329,0.81768,0,0,0,0,0,1,0
collimate,True,2,001010,Sn,Ap,True,3,011010,Cm,"Ap, Sn",0.234,0.725,0.641,0.266,0.675,0.446,0.23447,0.853591,0,0.725007,0.825967,0,0.640871,0.585635,1,0.266493,0.629834,0,0.675271,0.662983,1,0.446476,0.81768,0,0,0,1,0,1,0
collocate,True,1,000010,Sn,,True,1,000010,Sn,,0.149,0.524,0.382,0.096,0.918,0.167,0.149171,0.853591,0,0.524113,0.825967,0,0.381997,0.585635,0,0.095951,0.629834,0,0.91817,0.662983,1,0.167155,0.81768,0,0,0,0,0,1,0
colorize,True,1,010000,Cm,,True,3,011010,Cm,"Ap, Sn",0.697,0.853,0.55,0.334,0.778,0.302,0.696876,0.853591,0,0.85279,0.825967,1,0.549505,0.585635,0,0.333941,0.629834,0,0.777937,0.662983,1,0.301906,0.81768,0,0,1,0,0,0,0
comb,True,1,100000,Kn,,True,4,110110,Kn,"Cm, An, Sn",0.997,0.834,0.241,0.648,0.721,0.064,0.997238,0.853591,1,0.833966,0.825967,1,0.241268,0.585635,0,0.647855,0.629834,1,0.721212,0.662983,1,0.063773,0.81768,0,1,0,0,0,0,0
combust,True,1,000010,Sn,,True,1,000010,Sn,,0.455,0.535,0.259,0.265,0.985,0.175,0.454895,0.853591,0,0.534671,0.825967,0,0.259039,0.585635,0,0.265446,0.629834,0,0.984547,0.662983,1,0.174543,0.81768,0,0,0,0,0,1,0
come,True,1,100000,Kn,,True,1,100000,Kn,,0.93,0.605,0.102,0.204,0.335,0.426,0.930453,0.853591,1,0.605042,0.825967,0,0.102108,0.585635,0,0.204262,0.629834,0,0.334925,0.662983,0,0.426426,0.81768,0,1,0,0,0,0,0
commence,True,1,000010,Sn,,True,1,000010,Sn,,0.367,0.379,0.46,0.388,0.931,0.622,0.366621,0.853591,0,0.37895,0.825967,0,0.459878,0.585635,0,0.387991,0.629834,0,0.930518,0.662983,1,0.621867,0.81768,0,0,0,0,0,1,0
commend,False,0,000000,,,True,1,000001,Ev,,0.248,0.65,0.143,0.131,0.264,0.768,0.248034,0.853591,0,0.65018,0.825967,0,0.142828,0.585635,0,0.131497,0.629834,0,0.264371,0.662983,0,0.767585,0.81768,0,0,0,0,0,0,0
comment,True,1,000001,Ev,,True,2,010001,Ev,Cm,0.217,0.762,0.068,0.124,0.366,0.845,0.216724,0.853591,0,0.761607,0.825967,0,0.067525,0.585635,0,0.123904,0.629834,0,0.365681,0.662983,0,0.844644,0.81768,1,0,0,0,0,0,1
commercialize,True,2,001010,Ap,Sn,True,2,001010,Ap,Sn,0.149,0.375,0.932,0.384,0.928,0.409,0.149171,0.853591,0,0.374619,0.825967,0,0.932249,0.585635,1,0.384414,0.629834,0,0.928371,0.662983,1,0.408785,0.81768,0,0,0,1,0,1,0
commit,True,1,000010,Sn,,True,1,000010,Sn,,0.149,0.169,0.392,0.104,0.726,0.597,0.149171,0.853591,0,0.168513,0.825967,0,0.39238,0.585635,0,0.103752,0.629834,0,0.725613,0.662983,1,0.597304,0.81768,0,0,0,0,0,1,0
commute,True,1,001000,Ap,,True,2,001010,Ap,Sn,0.218,0.641,0.905,0.287,0.778,0.011,0.217562,0.853591,0,0.641123,0.825967,0,0.90507,0.585635,1,0.287382,0.629834,0,0.778122,0.662983,1,0.01105,0.81768,0,0,0,1,0,0,0
compartmentalize,True,2,000110,Sn,An,True,2,000110,Sn,An,0.28,0.246,0.229,0.761,0.815,0.502,0.279753,0.853591,0,0.245606,0.825967,0,0.228982,0.585635,0,0.761378,0.629834,1,0.815059,0.662983,1,0.502154,0.81768,0,0,0,0,1,1,0
compel,True,1,000001,Ev,,True,2,000101,Ev,An,0.229,0.05,0.272,0.589,0.124,0.853,0.229263,0.853591,0,0.049876,0.825967,0,0.271698,0.585635,0,0.589394,0.629834,0,0.124438,0.662983,0,0.852578,0.81768,1,0,0,0,0,0,1
compensate,True,1,000010,Sn,,True,2,001010,Sn,Ap,0.192,0.286,0.513,0.335,0.744,0.597,0.192363,0.853591,0,0.285892,0.825967,0,0.51342,0.585635,0,0.334646,0.629834,0,0.744094,0.662983,1,0.596583,0.81768,0,0,0,0,0,1,0
compete,True,1,001000,Ap,,True,3,011001,Ev,"Cm, Ap",0.311,0.725,0.787,0.45,0.436,0.81,0.311439,0.853591,0,0.725086,0.825967,0,0.786584,0.585635,1,0.450432,0.629834,0,0.435548,0.662983,0,0.809853,0.81768,0,0,0,1,0,0,0
complain,True,1,000001,Ev,,True,2,010001,Ev,Cm,0.356,0.737,0.289,0.393,0.504,0.924,0.356496,0.853591,0,0.737196,0.825967,0,0.28946,0.585635,0,0.393387,0.629834,0,0.503539,0.662983,0,0.923754,0.81768,1,0,0,0,0,0,1
complement,True,1,000001,Ev,,True,2,000011,Ev,Sn,0.149,0.191,0.345,0.373,0.571,0.844,0.149171,0.853591,0,0.191242,0.825967,0,0.344572,0.585635,0,0.373049,0.629834,0,0.571277,0.662983,0,0.843656,0.81768,1,0,0,0,0,0,1
complicate,True,1,010000,Cm,,True,2,010001,Cm,Ev,0.356,0.963,0.275,0.197,0.399,0.71,0.355918,0.853591,0,0.963315,0.825967,1,0.275475,0.585635,0,0.196863,0.629834,0,0.398827,0.662983,0,0.709792,0.81768,0,0,1,0,0,0,0
comprehend,True,1,010000,Cm,,True,2,010001,Cm,Ev,0.698,0.947,0.06,0.459,0.142,0.731,0.69806,0.853591,0,0.946849,0.825967,1,0.059739,0.585635,0,0.45928,0.629834,0,0.141778,0.662983,0,0.731376,0.81768,0,0,1,0,0,0,0
compress,True,1,001000,Ap,,True,2,001100,Ap,An,0.238,0.135,0.737,0.561,0.283,0.141,0.237903,0.853591,0,0.134959,0.825967,0,0.737111,0.585635,1,0.560584,0.629834,0,0.283172,0.662983,0,0.141363,0.81768,0,0,0,1,0,0,0
comprise,True,1,000010,Sn,,True,1,000010,Sn,,0.391,0.621,0.263,0.226,0.996,0.592,0.39108,0.853591,0,0.621246,0.825967,0,0.263254,0.585635,0,0.226372,0.629834,0,0.99574,0.662983,1,0.592094,0.81768,0,0,0,0,0,1,0
compromise,True,2,000101,Ev,An,True,2,000101,Ev,An,0.149,0.056,0.079,0.857,0.562,0.858,0.149171,0.853591,0,0.056497,0.825967,0,0.079074,0.585635,0,0.856526,0.629834,1,0.561531,0.662983,0,0.857968,0.81768,1,0,0,0,1,0,1
computerize,True,1,000010,Sn,,True,3,001110,Sn,"Ap, An",0.447,0.683,0.649,0.556,0.913,0.272,0.447444,0.853591,0,0.682582,0.825967,0,0.648785,0.585635,1,0.556186,0.629834,0,0.912622,0.662983,1,0.272078,0.81768,0,0,0,0,0,1,0
con,True,1,000001,Ev,,True,2,000101,Ev,An,0.607,0.402,0.24,0.551,0.103,0.877,0.606503,0.853591,0,0.401764,0.825967,0,0.24006,0.585635,0,0.551051,0.629834,0,0.103021,0.662983,0,0.876905,0.81768,1,0,0,0,0,0,1
conceal,False,0,000000,,,True,1,001000,Ap,,0.581,0.527,0.562,0.052,0.504,0.237,0.580919,0.853591,0,0.527189,0.825967,0,0.562204,0.585635,0,0.051717,0.629834,0,0.504222,0.662983,0,0.23745,0.81768,0,0,0,0,0,0,0
conceive,True,1,000010,Sn,,True,2,001010,Sn,Ap,0.338,0.017,0.589,0.061,0.952,0.409,0.338222,0.853591,0,0.016575,0.825967,0,0.588558,0.585635,1,0.061047,0.629834,0,0.951689,0.662983,1,0.409147,0.81768,0,0,0,0,0,1,0
concentrate,False,0,000000,,,True,1,000100,An,,0.672,0.024,0.44,0.596,0.215,0.397,0.672358,0.853591,0,0.023801,0.825967,0,0.439793,0.585635,0,0.596339,0.629834,0,0.215156,0.662983,0,0.396638,0.81768,0,0,0,0,0,0,0
conceptualize,True,1,010000,Cm,,True,2,010010,Cm,Sn,0.653,0.984,0.102,0.481,0.616,0.521,0.652508,0.853591,0,0.984231,0.825967,1,0.101577,0.585635,0,0.480524,0.629834,0,0.616093,0.662983,0,0.521222,0.81768,0,0,1,0,0,0,0
condense,True,1,000010,Sn,,True,1,000010,Sn,,0.323,0.317,0.285,0.251,0.917,0.623,0.323387,0.853591,0,0.316638,0.825967,0,0.284833,0.585635,0,0.250757,0.629834,0,0.917261,0.662983,1,0.623322,0.81768,0,0,0,0,0,1,0
conduce,True,1,000010,Sn,,True,2,001010,Sn,Ap,0.289,0.334,0.637,0.485,0.85,0.467,0.288541,0.853591,0,0.334464,0.825967,0,0.63722,0.585635,1,0.484969,0.629834,0,0.849775,0.662983,1,0.46727,0.81768,0,0,0,0,0,1,0
confer,True,1,000010,Sn,,True,1,000010,Sn,,0.308,0.258,0.078,0.019,0.787,0.503,0.307719,0.853591,0,0.258401,0.825967,0,0.07768,0.585635,0,0.019325,0.629834,0,0.787035,0.662983,1,0.50271,0.81768,0,0,0,0,0,1,0
configure,True,1,000010,Sn,,True,2,001010,Sn,Ap,0.149,0.017,0.638,0.528,0.984,0.268,0.149171,0.853591,0,0.016575,0.825967,0,0.637665,0.585635,1,0.528338,0.629834,0,0.984354,0.662983,1,0.267673,0.81768,0,0,0,0,0,1,0
confine,True,1,001000,Ap,,True,1,001000,Ap,,0.149,0.37,0.635,0.346,0.28,0.523,0.149171,0.853591,0,0.370319,0.825967,0,0.635459,0.585635,1,0.346239,0.629834,0,0.280202,0.662983,0,0.522648,0.81768,0,0,0,1,0,0,0
conform,False,0,000000,,,True,2,001001,Ev,Ap,0.273,0.118,0.576,0.096,0.479,0.699,0.272822,0.853591,0,0.117909,0.825967,0,0.575752,0.585635,0,0.095871,0.629834,0,0.478501,0.662983,0,0.69895,0.81768,0,0,0,0,0,0,0
confound,True,1,010000,Cm,,True,2,010100,Cm,An,0.388,0.834,0.028,0.755,0.103,0.605,0.387736,0.853591,0,0.834396,0.825967,1,0.028163,0.585635,0,0.754917,0.629834,1,0.103085,0.662983,0,0.604868,0.81768,0,0,1,0,0,0,0
confront,False,0,000000,,,True,1,000010,Sn,,0.44,0.64,0.444,0.289,0.64,0.675,0.439865,0.853591,0,0.640021,0.825967,0,0.443825,0.585635,0,0.289392,0.629834,0,0.640183,0.662983,0,0.675451,0.81768,0,0,0,0,0,0,0
confuse,True,2,010100,An,Cm,True,3,010101,An,"Cm, Ev",0.53,0.937,0.373,0.965,0.237,0.781,0.529831,0.853591,0,0.936921,0.825967,1,0.372602,0.585635,0,0.965286,0.629834,1,0.236927,0.662983,0,0.780743,0.81768,0,0,1,0,1,0,0
congest,True,1,000010,Sn,,True,2,100010,Kn,Sn,0.84,0.378,0.124,0.011,0.786,0.292,0.839667,0.853591,0,0.377984,0.825967,0,0.123568,0.585635,0,0.010947,0.629834,0,0.785862,0.662983,1,0.292257,0.81768,0,0,0,0,0,1,0
congregate,True,1,000010,Sn,,True,1,000010,Sn,,0.676,0.453,0.047,0.168,0.987,0.387,0.676479,0.853591,0,0.452867,0.825967,0,0.047055,0.585635,0,0.167966,0.629834,0,0.98707,0.662983,1,0.387344,0.81768,0,0,0,0,0,1,0
conjoin,True,1,000010,Sn,,True,1,000010,Sn,,0.497,0.444,0.053,0.03,0.762,0.074,0.496639,0.853591,0,0.443768,0.825967,0,0.053273,0.585635,0,0.03009,0.629834,0,0.761615,0.662983,1,0.073926,0.81768,0,0,0,0,0,1,0
conjugate,True,1,000010,Sn,,True,4,011011,Sn,"Cm, Ap, Ev",0.149,0.724,0.562,0.096,0.764,0.7,0.149171,0.853591,0,0.724397,0.825967,0,0.562314,0.585635,0,0.096013,0.629834,0,0.764395,0.662983,1,0.699816,0.81768,0,0,0,0,0,1,0
conjure,True,1,000010,Sn,,True,1,000010,Sn,,0.46,0.231,0.137,0.097,0.848,0.137,0.4596,0.853591,0,0.23056,0.825967,0,0.13714,0.585635,0,0.096629,0.629834,0,0.84817,0.662983,1,0.136705,0.81768,0,0,0,0,0,1,0
connote,True,1,010000,Cm,,True,1,010000,Cm,,0.308,0.928,0.032,0.341,0.4,0.239,0.308247,0.853591,0,0.928251,0.825967,1,0.03217,0.585635,0,0.341372,0.629834,0,0.400261,0.662983,0,0.239455,0.81768,0,0,1,0,0,0,0
conserve,True,1,001000,Ap,,True,2,001001,Ap,Ev,0.31,0.272,0.812,0.18,0.221,0.701,0.309616,0.853591,0,0.272108,0.825967,0,0.812377,0.585635,1,0.180219,0.629834,0,0.220747,0.662983,0,0.701221,0.81768,0,0,0,1,0,0,0
consist,True,2,001010,Sn,Ap,True,2,001010,Sn,Ap,0.227,0.489,0.675,0.14,0.728,0.596,0.226959,0.853591,0,0.48933,0.825967,0,0.675074,0.585635,1,0.139703,0.629834,0,0.727828,0.662983,1,0.59585,0.81768,0,0,0,1,0,1,0
constitute,True,1,000010,Sn,,True,2,001010,Sn,Ap,0.296,0.507,0.507,0.149,0.919,0.648,0.296147,0.853591,0,0.506887,0.825967,0,0.506879,0.585635,0,0.148518,0.629834,0,0.918755,0.662983,1,0.647909,0.81768,0,0,0,0,0,1,0
constrain,True,1,000001,Ev,,True,2,001001,Ev,Ap,0.149,0.017,0.506,0.469,0.367,0.887,0.149171,0.853591,0,0.016575,0.825967,0,0.505768,0.585635,0,0.469413,0.629834,0,0.366961,0.662983,0,0.887494,0.81768,1,0,0,0,0,0,1
constrict,True,1,001000,Ap,,True,1,001000,Ap,,0.149,0.542,0.668,0.338,0.116,0.598,0.149171,0.853591,0,0.542259,0.825967,0,0.66847,0.585635,1,0.337946,0.629834,0,0.116496,0.662983,0,0.597515,0.81768,0,0,0,1,0,0,0
construe,False,0,000000,,,False,0,000000,,,0.382,0.629,0.227,0.266,0.455,0.466,0.382414,0.853591,0,0.62875,0.825967,0,0.226921,0.585635,0,0.266107,0.629834,0,0.454627,0.662983,0,0.46606,0.81768,0,0,0,0,0,0,0
consume,True,1,001000,Ap,,True,2,101000,Ap,Kn,0.914,0.07,0.974,0.374,0.097,0.163,0.913667,0.853591,1,0.070114,0.825967,0,0.973815,0.585635,1,0.374006,0.629834,0,0.096989,0.662983,0,0.162602,0.81768,0,0,0,1,0,0,0
contain,False,0,000000,,,True,1,001000,Ap,,0.368,0.039,0.552,0.052,0.368,0.633,0.367738,0.853591,0,0.03948,0.825967,0,0.551949,0.585635,0,0.051825,0.629834,0,0.368244,0.662983,0,0.633421,0.81768,0,0,0,0,0,0,0
containerize,True,1,001000,Ap,,True,2,001010,Ap,Sn,0.286,0.395,0.855,0.23,0.712,0.339,0.286133,0.853591,0,0.394976,0.825967,0,0.854909,0.585635,1,0.230022,0.629834,0,0.712025,0.662983,1,0.339015,0.81768,0,0,0,1,0,0,0
contaminate,True,1,000100,An,,True,3,001101,Ev,"Ap, An",0.369,0.017,0.614,0.722,0.102,0.781,0.369208,0.853591,0,0.016575,0.825967,0,0.61411,0.585635,1,0.721927,0.629834,1,0.102342,0.662983,0,0.781315,0.81768,0,0,0,0,1,0,0
contemplate,True,1,000010,Sn,,True,2,100010,Sn,Kn,0.784,0.661,0.022,0.492,0.848,0.428,0.784432,0.853591,0,0.660593,0.825967,0,0.021552,0.585635,0,0.49229,0.629834,0,0.847881,0.662983,1,0.427825,0.81768,0,0,0,0,0,1,0
contend,True,1,000001,Ev,,True,2,000011,Ev,Sn,0.368,0.551,0.374,0.452,0.791,0.863,0.367786,0.853591,0,0.550883,0.825967,0,0.374003,0.585635,0,0.451844,0.629834,0,0.79123,0.662983,1,0.863244,0.81768,1,0,0,0,0,0,1
continue,True,1,001000,Ap,,True,1,001000,Ap,,0.56,0.446,0.897,0.172,0.511,0.216,0.560065,0.853591,0,0.445921,0.825967,0,0.897062,0.585635,1,0.172094,0.629834,0,0.511376,0.662983,0,0.215534,0.81768,0,0,0,1,0,0,0
contradict,True,2,010001,Ev,Cm,True,2,010001,Ev,Cm,0.287,0.946,0.056,0.28,0.169,0.958,0.287383,0.853591,0,0.945832,0.825967,1,0.056294,0.585635,0,0.279578,0.629834,0,0.168792,0.662983,0,0.957822,0.81768,1,0,1,0,0,0,1
contrive,True,1,000001,Ev,,True,1,000001,Ev,,0.295,0.211,0.19,0.106,0.429,0.889,0.294906,0.853591,0,0.210841,0.825967,0,0.19021,0.585635,0,0.106491,0.629834,0,0.428824,0.662983,0,0.888607,0.81768,1,0,0,0,0,0,1
convect,True,1,000100,An,,True,1,000100,An,,0.306,0.23,0.261,0.673,0.505,0.273,0.306435,0.853591,0,0.229549,0.825967,0,0.26088,0.585635,0,0.672973,0.629834,1,0.505234,0.662983,0,0.272895,0.81768,0,0,0,0,1,0,0
convene,True,1,000010,Sn,,True,1,000010,Sn,,0.412,0.303,0.037,0.322,0.945,0.397,0.412219,0.853591,0,0.302894,0.825967,0,0.037148,0.585635,0,0.322126,0.629834,0,0.945332,0.662983,1,0.397027,0.81768,0,0,0,0,0,1,0
converge,True,1,000010,Sn,,True,2,000110,Sn,An,0.634,0.516,0.252,0.539,0.952,0.654,0.633909,0.853591,0,0.516249,0.825967,0,0.25212,0.585635,0,0.53943,0.629834,0,0.951554,0.662983,1,0.654087,0.81768,0,0,0,0,0,1,0
convolve,False,0,000000,,,False,0,000000,,,0.573,0.385,0.25,0.373,0.516,0.143,0.573235,0.853591,0,0.385362,0.825967,0,0.249948,0.585635,0,0.373384,0.629834,0,0.515793,0.662983,0,0.143448,0.81768,0,0,0,0,0,0,0
cook,True,1,001000,Ap,,True,3,001110,Ap,"An, Sn",0.412,0.052,0.978,0.817,0.737,0.594,0.412415,0.853591,0,0.051615,0.825967,0,0.978219,0.585635,1,0.81737,0.629834,1,0.736632,0.662983,1,0.594027,0.81768,0,0,0,1,0,0,0
cooperate,True,1,000010,Sn,,True,1,000010,Sn,,0.174,0.185,0.359,0.011,0.886,0.432,0.174491,0.853591,0,0.184895,0.825967,0,0.359223,0.585635,0,0.011082,0.629834,0,0.886097,0.662983,1,0.431526,0.81768,0,0,0,0,0,1,0
corner,True,1,010000,Cm,,True,2,110000,Kn,Cm,0.853,0.828,0.157,0.113,0.284,0.432,0.852975,0.853591,0,0.827559,0.825967,1,0.157332,0.585635,0,0.113136,0.629834,0,0.283712,0.662983,0,0.432286,0.81768,0,0,1,0,0,0,0
correct,True,1,000100,An,,True,2,100100,Kn,An,0.783,0.648,0.052,0.722,0.017,0.267,0.782905,0.853591,0,0.648091,0.825967,0,0.052393,0.585635,0,0.721868,0.629834,1,0.017453,0.662983,0,0.267465,0.81768,0,0,0,0,1,0,0
corrode,True,1,000001,Ev,,True,1,000001,Ev,,0.149,0.055,0.386,0.144,0.496,0.843,0.149171,0.853591,0,0.054974,0.825967,0,0.386264,0.585635,0,0.143604,0.629834,0,0.496106,0.662983,0,0.843213,0.81768,1,0,0,0,0,0,1
counteract,True,1,000001,Ev,,True,1,000001,Ev,,0.149,0.627,0.394,0.103,0.2,0.927,0.149171,0.853591,0,0.627128,0.825967,0,0.39428,0.585635,0,0.103041,0.629834,0,0.199867,0.662983,0,0.927173,0.81768,1,0,0,0,0,0,1
counterbalance,False,0,000000,,,True,2,100001,Kn,Ev,0.739,0.545,0.373,0.226,0.432,0.731,0.738708,0.853591,0,0.545472,0.825967,0,0.372785,0.585635,0,0.225836,0.629834,0,0.431916,0.662983,0,0.731094,0.81768,0,0,0,0,0,0,0
cover,True,1,001000,Ap,,True,1,001000,Ap,,0.689,0.631,0.668,0.008,0.279,0.45,0.68861,0.853591,0,0.630553,0.825967,0,0.667631,0.585635,1,0.008037,0.629834,0,0.279174,0.662983,0,0.449839,0.81768,0,0,0,1,0,0,0
crack,True,1,000100,An,,True,2,000101,Ev,An,0.537,0.062,0.051,0.692,0.098,0.714,0.537233,0.853591,0,0.061816,0.825967,0,0.050577,0.585635,0,0.692095,0.629834,1,0.098014,0.662983,0,0.714461,0.81768,0,0,0,0,1,0,0
crawl,True,1,100000,Kn,,True,2,100100,Kn,An,0.937,0.486,0.407,0.846,0.084,0.071,0.937069,0.853591,1,0.486252,0.825967,0,0.406686,0.585635,0,0.846107,0.629834,1,0.083751,0.662983,0,0.071359,0.81768,0,1,0,0,0,0,0
creep,True,1,100000,Kn,,True,2,100100,Kn,An,0.905,0.651,0.242,0.812,0.522,0.065,0.904664,0.853591,1,0.650685,0.825967,0,0.242341,0.585635,0,0.811592,0.629834,1,0.522229,0.662983,0,0.064794,0.81768,0,1,0,0,0,0,0
crowd,True,1,100000,Kn,,True,3,110100,Kn,"Cm, An",0.93,0.824,0.337,0.542,0.301,0.398,0.929584,0.853591,1,0.823834,0.825967,0,0.337347,0.585635,0,0.541548,0.629834,0,0.301213,0.662983,0,0.397902,0.81768,0,1,0,0,0,0,0
crumble,False,0,000000,,,True,1,000001,Ev,,0.385,0.07,0.259,0.375,0.514,0.815,0.385463,0.853591,0,0.069807,0.825967,0,0.258786,0.585635,0,0.37511,0.629834,0,0.513645,0.662983,0,0.815313,0.81768,0,0,0,0,0,0,0
crumple,True,1,000100,An,,True,2,010100,An,Cm,0.394,0.807,0.36,0.845,0.519,0.281,0.393818,0.853591,0,0.8072,0.825967,0,0.360441,0.585635,0,0.84543,0.629834,1,0.519359,0.662983,0,0.280702,0.81768,0,0,0,0,1,0,0
crush,True,1,100000,Kn,,True,2,110000,Kn,Cm,0.996,0.835,0.378,0.521,0.419,0.521,0.996484,0.853591,1,0.835119,0.825967,1,0.378368,0.585635,0,0.521446,0.629834,0,0.418595,0.662983,0,0.520907,0.81768,0,1,0,0,0,0,0
cry,True,1,000001,Ev,,True,4,100111,Ev,"Kn, An, Sn",0.831,0.651,0.237,0.6,0.729,0.875,0.831145,0.853591,0,0.650691,0.825967,0,0.236794,0.585635,0,0.599903,0.629834,0,0.729199,0.662983,1,0.874763,0.81768,1,0,0,0,0,0,1
crystallize,True,1,000010,Sn,,True,1,000010,Sn,,0.191,0.316,0.118,0.348,0.876,0.372,0.19143,0.853591,0,0.315536,0.825967,0,0.117991,0.585635,0,0.348028,0.629834,0,0.876224,0.662983,1,0.371756,0.81768,0,0,0,0,0,1,0
cull,False,0,000000,,,True,1,000001,Ev,,0.307,0.017,0.37,0.498,0.288,0.766,0.307488,0.853591,0,0.016575,0.825967,0,0.370252,0.585635,0,0.498334,0.629834,0,0.287519,0.662983,0,0.766212,0.81768,0,0,0,0,0,0,0
culminate,False,0,000000,,,True,4,010111,Ev,"Cm, An, Sn",0.407,0.771,0.008,0.568,0.597,0.789,0.407206,0.853591,0,0.771171,0.825967,0,0.007507,0.585635,0,0.568422,0.629834,0,0.597035,0.662983,0,0.788785,0.81768,0,0,0,0,0,0,0
curtail,True,1,000001,Ev,,True,1,000001,Ev,,0.393,0.524,0.25,0.34,0.394,0.842,0.393446,0.853591,0,0.523557,0.825967,0,0.249512,0.585635,0,0.339576,0.629834,0,0.393997,0.662983,0,0.84162,0.81768,1,0,0,0,0,0,1
cuss,True,1,000001,Ev,,True,2,000011,Ev,Sn,0.581,0.535,0.393,0.251,0.568,0.879,0.581191,0.853591,0,0.534819,0.825967,0,0.392631,0.585635,0,0.251205,0.629834,0,0.568093,0.662983,0,0.878719,0.81768,1,0,0,0,0,0,1
cut,True,1,000100,An,,True,2,001100,An,Ap,0.571,0.523,0.842,0.923,0.025,0.448,0.570504,0.853591,0,0.52304,0.825967,0,0.842251,0.585635,1,0.922632,0.629834,1,0.025112,0.662983,0,0.448022,0.81768,0,0,0,0,1,0,0
damage,True,1,001000,Ap,,True,1,001000,Ap,,0.722,0.551,0.62,0.392,0.099,0.303,0.721973,0.853591,0,0.551398,0.825967,0,0.620423,0.585635,1,0.392307,0.629834,0,0.098644,0.662983,0,0.302947,0.81768,0,0,0,1,0,0,0
damp,False,0,000000,,,True,3,110001,Kn,"Cm, Ev",0.838,0.726,0.121,0.096,0.314,0.719,0.837753,0.853591,0,0.725679,0.825967,0,0.120561,0.585635,0,0.096493,0.629834,0,0.313794,0.662983,0,0.71896,0.81768,0,0,0,0,0,0,0
dangle,True,1,100000,Kn,,True,3,100101,Kn,"An, Ev",0.902,0.396,0.363,0.64,0.101,0.753,0.901563,0.853591,1,0.395659,0.825967,0,0.362622,0.585635,0,0.639615,0.629834,1,0.100998,0.662983,0,0.752723,0.81768,0,1,0,0,0,0,0
dare,True,1,001000,Ap,,True,2,101000,Ap,Kn,0.852,0.551,0.863,0.417,0.4,0.161,0.851576,0.853591,0,0.550809,0.825967,0,0.862815,0.585635,1,0.416885,0.629834,0,0.400301,0.662983,0,0.161202,0.81768,0,0,0,1,0,0,0
darken,True,1,000010,Sn,,True,2,001010,Sn,Ap,0.427,0.349,0.64,0.251,0.846,0.315,0.42738,0.853591,0,0.348986,0.825967,0,0.640272,0.585635,1,0.251285,0.629834,0,0.846172,0.662983,1,0.315001,0.81768,0,0,0,0,0,1,0
de-emphasize,True,1,000100,An,,True,1,000100,An,,0.42,0.647,0.147,0.723,0.324,0.304,0.420215,0.853591,0,0.64656,0.825967,0,0.146788,0.585635,0,0.723319,0.629834,1,0.324365,0.662983,0,0.304485,0.81768,0,0,0,0,1,0,0
deactivate,True,1,001000,Ap,,True,1,001000,Ap,,0.149,0.062,0.976,0.499,0.173,0.284,0.149171,0.853591,0,0.062279,0.825967,0,0.976395,0.585635,1,0.499469,0.629834,0,0.173341,0.662983,0,0.28351,0.81768,0,0,0,1,0,0,0
deal,False,0,000000,,,False,0,000000,,,0.345,0.523,0.019,0.451,0.512,0.397,0.344744,0.853591,0,0.523283,0.825967,0,0.019437,0.585635,0,0.450935,0.629834,0,0.512323,0.662983,0,0.397071,0.81768,0,0,0,0,0,0,0
debunk,True,2,000101,An,Ev,True,2,000101,An,Ev,0.149,0.094,0.09,0.92,0.208,0.901,0.149171,0.853591,0,0.093647,0.825967,0,0.090099,0.585635,0,0.919671,0.629834,1,0.207572,0.662983,0,0.900929,0.81768,1,0,0,0,1,0,1
decarboxylate,True,1,000010,Sn,,True,2,000110,Sn,An,0.273,0.063,0.11,0.645,0.86,0.532,0.273243,0.853591,0,0.062631,0.825967,0,0.109748,0.585635,0,0.645417,0.629834,1,0.860147,0.662983,1,0.532084,0.81768,0,0,0,0,0,1,0
deceive,False,0,000000,,,True,1,000001,Ev,,0.537,0.365,0.364,0.359,0.311,0.753,0.537083,0.853591,0,0.364632,0.825967,0,0.363774,0.585635,0,0.359442,0.629834,0,0.310707,0.662983,0,0.753146,0.81768,0,0,0,0,0,0,0
decelerate,True,1,000100,An,,True,2,001100,An,Ap,0.149,0.051,0.555,0.722,0.25,0.598,0.149171,0.853591,0,0.050726,0.825967,0,0.555172,0.585635,0,0.721577,0.629834,1,0.24997,0.662983,0,0.598018,0.81768,0,0,0,0,1,0,0
decentralize,True,1,000010,Sn,,True,1,000010,Sn,,0.149,0.071,0.235,0.34,0.993,0.344,0.149171,0.853591,0,0.071214,0.825967,0,0.235445,0.585635,0,0.339629,0.629834,0,0.993103,0.662983,1,0.343989,0.81768,0,0,0,0,0,1,0
decimate,True,1,001000,Ap,,True,2,001100,Ap,An,0.149,0.105,0.701,0.598,0.344,0.44,0.149171,0.853591,0,0.105499,0.825967,0,0.701397,0.585635,1,0.598143,0.629834,0,0.343734,0.662983,0,0.439978,0.81768,0,0,0,1,0,0,0
decipher,True,1,010000,Cm,,True,2,010100,Cm,An,0.399,0.919,0.326,0.674,0.341,0.54,0.399487,0.853591,0,0.918928,0.825967,1,0.325959,0.585635,0,0.674375,0.629834,1,0.340574,0.662983,0,0.540399,0.81768,0,0,1,0,0,0,0
deck,True,1,000010,Sn,,True,3,101010,Sn,"Kn, Ap",0.755,0.535,0.522,0.057,0.778,0.349,0.754885,0.853591,0,0.534756,0.825967,0,0.522207,0.585635,0,0.057062,0.629834,0,0.777908,0.662983,1,0.348519,0.81768,0,0,0,0,0,1,0
declare,True,1,000010,Sn,,True,2,100010,Kn,Sn,0.852,0.557,0.253,0.375,0.795,0.431,0.851727,0.853591,0,0.556873,0.825967,0,0.252548,0.585635,0,0.375159,0.629834,0,0.79455,0.662983,1,0.430558,0.81768,0,0,0,0,0,1,0
decline,True,2,001001,Ev,Ap,True,3,001101,Ev,"Ap, An",0.375,0.04,0.861,0.543,0.392,0.871,0.374611,0.853591,0,0.040477,0.825967,0,0.861191,0.585635,1,0.542682,0.629834,0,0.392284,0.662983,0,0.870575,0.81768,1,0,0,1,0,0,1
decode,True,1,001000,Ap,,True,1,001000,Ap,,0.355,0.587,0.826,0.275,0.362,0.172,0.355271,0.853591,0,0.586523,0.825967,0,0.826092,0.585635,1,0.274647,0.629834,0,0.361593,0.662983,0,0.17171,0.81768,0,0,0,1,0,0,0
decompose,True,1,000100,An,,True,3,000111,An,"Sn, Ev",0.149,0.052,0.315,0.701,0.616,0.697,0.149171,0.853591,0,0.051534,0.825967,0,0.315416,0.585635,0,0.701446,0.629834,1,0.616482,0.662983,0,0.697077,0.81768,0,0,0,0,1,0,0
deconstruct,True,1,000100,An,,True,1,000100,An,,0.158,0.087,0.139,0.692,0.514,0.386,0.157955,0.853591,0,0.086551,0.825967,0,0.139169,0.585635,0,0.691775,0.629834,1,0.514131,0.662983,0,0.385821,0.81768,0,0,0,0,1,0,0
decorate,True,1,001000,Ap,,True,2,001010,Ap,Sn,0.165,0.453,0.882,0.103,0.786,0.166,0.165167,0.853591,0,0.453167,0.825967,0,0.881735,0.585635,1,0.103446,0.629834,0,0.786274,0.662983,1,0.16576,0.81768,0,0,0,1,0,0,0
decouple,True,1,000100,An,,True,1,000100,An,,0.149,0.087,0.041,0.797,0.368,0.39,0.149171,0.853591,0,0.087412,0.825967,0,0.040735,0.585635,0,0.796969,0.629834,1,0.367633,0.662983,0,0.390299,0.81768,0,0,0,0,1,0,0
decrease,True,1,001000,Ap,,True,1,001000,Ap,,0.149,0.087,0.81,0.299,0.466,0.201,0.149171,0.853591,0,0.08717,0.825967,0,0.809723,0.585635,1,0.298762,0.629834,0,0.465761,0.662983,0,0.201437,0.81768,0,0,0,1,0,0,0
decrypt,True,1,001000,Ap,,True,1,001000,Ap,,0.309,0.551,0.787,0.493,0.181,0.273,0.308831,0.853591,0,0.551192,0.825967,0,0.787107,0.585635,1,0.492668,0.629834,0,0.1806,0.662983,0,0.273054,0.81768,0,0,0,1,0,0,0
dedicate,True,1,000001,Ev,,True,3,010101,Ev,"Cm, An",0.218,0.704,0.06,0.569,0.171,0.856,0.217877,0.853591,0,0.703674,0.825967,0,0.060104,0.585635,0,0.569014,0.629834,0,0.170963,0.662983,0,0.855718,0.81768,1,0,0,0,0,0,1
deduct,True,2,001100,Ap,An,True,2,001100,Ap,An,0.537,0.413,0.842,0.793,0.162,0.609,0.53706,0.853591,0,0.413496,0.825967,0,0.842001,0.585635,1,0.793267,0.629834,1,0.162244,0.662983,0,0.609346,0.81768,0,0,0,1,1,0,0
deem,True,1,000001,Ev,,True,2,000101,Ev,An,0.365,0.318,0.189,0.915,0.023,0.993,0.364511,0.853591,0,0.318146,0.825967,0,0.189374,0.585635,0,0.915002,0.629834,1,0.023495,0.662983,0,0.993369,0.81768,1,0,0,0,0,0,1
deepen,True,1,000010,Sn,,True,2,001010,Sn,Ap,0.546,0.524,0.561,0.229,0.79,0.064,0.545777,0.853591,0,0.524375,0.825967,0,0.560526,0.585635,0,0.229362,0.629834,0,0.790186,0.662983,1,0.064337,0.81768,0,0,0,0,0,1,0
default,True,1,000100,An,,True,2,000101,An,Ev,0.408,0.17,0.238,0.816,0.522,0.738,0.408267,0.853591,0,0.169911,0.825967,0,0.238014,0.585635,0,0.816004,0.629834,1,0.522061,0.662983,0,0.738055,0.81768,0,0,0,0,1,0,0
defeat,True,1,000001,Ev,,True,4,011101,Ev,"Cm, Ap, An",0.412,0.736,0.711,0.621,0.018,0.856,0.411735,0.853591,0,0.735706,0.825967,0,0.710836,0.585635,1,0.620841,0.629834,0,0.017763,0.662983,0,0.855774,0.81768,1,0,0,0,0,0,1
defect,True,1,000100,An,,True,2,000101,An,Ev,0.579,0.551,0.237,0.932,0.175,0.754,0.579194,0.853591,0,0.551312,0.825967,0,0.236835,0.585635,0,0.931559,0.629834,1,0.175138,0.662983,0,0.753524,0.81768,0,0,0,0,1,0,0
defer,True,3,001011,Ev,"Ap, Sn",True,3,001011,Ev,"Ap, Sn",0.149,0.376,0.628,0.278,0.847,0.848,0.149171,0.853591,0,0.375558,0.825967,0,0.627961,0.585635,1,0.278449,0.629834,0,0.847412,0.662983,1,0.848151,0.81768,1,0,0,1,0,1,1
deflate,True,1,001000,Ap,,True,2,001100,Ap,An,0.149,0.349,0.873,0.716,0.04,0.45,0.149171,0.853591,0,0.349051,0.825967,0,0.87299,0.585635,1,0.7162,0.629834,1,0.040307,0.662983,0,0.449639,0.81768,0,0,0,1,0,0,0
deflect,True,1,000001,Ev,,True,1,000001,Ev,,0.149,0.239,0.264,0.245,0.355,0.958,0.149171,0.853591,0,0.238834,0.825967,0,0.264493,0.585635,0,0.245053,0.629834,0,0.355323,0.662983,0,0.957586,0.81768,1,0,0,0,0,0,1
deform,True,2,001010,Ap,Sn,True,2,001010,Ap,Sn,0.149,0.108,0.881,0.453,0.841,0.385,0.149171,0.853591,0,0.107602,0.825967,0,0.880575,0.585635,1,0.452784,0.629834,0,0.840729,0.662983,1,0.384501,0.81768,0,0,0,1,0,1,0
defy,True,1,000001,Ev,,True,1,000001,Ev,,0.227,0.552,0.397,0.103,0.104,0.885,0.227096,0.853591,0,0.551529,0.825967,0,0.396688,0.585635,0,0.103089,0.629834,0,0.104113,0.662983,0,0.885301,0.81768,1,0,0,0,0,0,1
degenerate,True,1,000100,An,,True,4,011101,An,"Cm, Ap, Ev",0.529,0.791,0.554,0.936,0.161,0.767,0.528579,0.853591,0,0.790856,0.825967,0,0.554004,0.585635,0,0.936107,0.629834,1,0.161227,0.662983,0,0.767478,0.81768,0,0,0,0,1,0,0
degrade,True,1,001000,Ap,,True,2,001010,Ap,Sn,0.149,0.029,0.821,0.452,0.61,0.687,0.149171,0.853591,0,0.029057,0.825967,0,0.820827,0.585635,1,0.451893,0.629834,0,0.610209,0.662983,0,0.686808,0.81768,0,0,0,1,0,0,0
deionize,False,0,000000,,,True,2,001100,An,Ap,0.149,0.036,0.554,0.607,0.261,0.523,0.149171,0.853591,0,0.035849,0.825967,0,0.553589,0.585635,0,0.606703,0.629834,0,0.260992,0.662983,0,0.523377,0.81768,0,0,0,0,0,0,0
delay,False,0,000000,,,True,1,000100,An,,0.702,0.627,0.373,0.542,0.271,0.361,0.702337,0.853591,0,0.627327,0.825967,0,0.372619,0.585635,0,0.541891,0.629834,0,0.270599,0.662983,0,0.361355,0.81768,0,0,0,0,0,0,0
delete,True,1,000001,Ev,,True,2,000101,Ev,An,0.227,0.552,0.403,0.619,0.171,0.824,0.227074,0.853591,0,0.551533,0.825967,0,0.402663,0.585635,0,0.618548,0.629834,0,0.171499,0.662983,0,0.824389,0.81768,1,0,0,0,0,0,1
delimit,True,1,000100,An,,True,1,000100,An,,0.57,0.165,0.158,0.932,0.097,0.45,0.570026,0.853591,0,0.165403,0.825967,0,0.158208,0.585635,0,0.93173,0.629834,1,0.097054,0.662983,0,0.449751,0.81768,0,0,0,0,1,0,0
delineate,True,1,000100,An,,True,2,010100,An,Cm,0.56,0.853,0.033,0.997,0.104,0.447,0.560037,0.853591,0,0.853465,0.825967,1,0.03298,0.585635,0,0.997238,0.629834,1,0.103934,0.662983,0,0.446617,0.81768,0,0,0,0,1,0,0
delve,True,1,000100,An,,True,2,001100,An,Ap,0.552,0.34,0.527,0.845,0.07,0.524,0.551813,0.853591,0,0.340242,0.825967,0,0.527066,0.585635,0,0.845437,0.629834,1,0.070239,0.662983,0,0.523941,0.81768,0,0,0,0,1,0,0
demagnetize,True,1,001000,Ap,,True,1,001000,Ap,,0.149,0.017,0.851,0.272,0.533,0.334,0.149171,0.853591,0,0.016575,0.825967,0,0.851129,0.585635,1,0.271617,0.629834,0,0.53287,0.662983,0,0.333925,0.81768,0,0,0,1,0,0,0
demand,True,1,000100,An,,True,3,001110,An,"Ap, Sn",0.456,0.073,0.508,0.887,0.619,0.616,0.455554,0.853591,0,0.072502,0.825967,0,0.507545,0.585635,0,0.887136,0.629834,1,0.618611,0.662983,0,0.616459,0.81768,0,0,0,0,1,0,0
demarcate,True,1,000100,An,,True,2,010100,An,Cm,0.364,0.704,0.271,0.929,0.105,0.239,0.363834,0.853591,0,0.704352,0.825967,0,0.270772,0.585635,0,0.928559,0.629834,1,0.104604,0.662983,0,0.239391,0.81768,0,0,0,0,1,0,0
demodulate,False,0,000000,,,True,2,001100,An,Ap,0.149,0.333,0.533,0.555,0.102,0.606,0.149171,0.853591,0,0.332951,0.825967,0,0.533085,0.585635,0,0.555418,0.629834,0,0.101549,0.662983,0,0.605808,0.81768,0,0,0,0,0,0,0
demolish,True,1,001000,Ap,,True,1,001000,Ap,,0.206,0.456,0.885,0.051,0.494,0.124,0.206477,0.853591,0,0.455615,0.825967,0,0.884647,0.585635,1,0.051289,0.629834,0,0.49384,0.662983,0,0.123932,0.81768,0,0,0,1,0,0,0
demoralise,True,1,000001,Ev,,True,2,001001,Ev,Ap,0.149,0.062,0.553,0.451,0.115,0.926,0.149171,0.853591,0,0.061695,0.825967,0,0.552647,0.585635,0,0.451041,0.629834,0,0.115013,0.662983,0,0.926441,0.81768,1,0,0,0,0,0,1
demystify,True,1,010000,Cm,,True,3,010101,Cm,"An, Ev",0.46,0.951,0.252,0.843,0.257,0.71,0.460052,0.853591,0,0.950692,0.825967,1,0.252171,0.585635,0,0.84347,0.629834,1,0.256633,0.662983,0,0.709575,0.81768,0,0,1,0,0,0,0
denote,True,2,110000,Kn,Cm,True,3,110010,Kn,"Cm, Sn",0.878,0.84,0.444,0.323,0.641,0.011,0.878137,0.853591,1,0.840244,0.825967,1,0.443657,0.585635,0,0.322575,0.629834,0,0.640728,0.662983,0,0.01105,0.81768,0,1,1,0,0,0,0
depart,False,0,000000,,,True,1,001000,Ap,,0.24,0.404,0.585,0.398,0.011,0.677,0.23958,0.853591,0,0.403956,0.825967,0,0.585364,0.585635,0,0.397545,0.629834,0,0.01131,0.662983,0,0.676684,0.81768,0,0,0,0,0,0,0
depend,True,2,010001,Ev,Cm,True,3,010011,Ev,"Cm, Sn",0.722,0.891,0.051,0.471,0.644,0.945,0.721684,0.853591,0,0.890948,0.825967,1,0.050989,0.585635,0,0.470965,0.629834,0,0.643654,0.662983,0,0.945454,0.81768,1,0,1,0,0,0,1
deplete,True,1,001000,Ap,,True,1,001000,Ap,,0.217,0.112,0.897,0.321,0.061,0.599,0.216595,0.853591,0,0.111543,0.825967,0,0.897199,0.585635,1,0.321407,0.629834,0,0.061344,0.662983,0,0.598593,0.81768,0,0,0,1,0,0,0
deploy,True,1,001000,Ap,,True,1,001000,Ap,,0.149,0.341,0.934,0.103,0.507,0.33,0.149171,0.853591,0,0.34133,0.825967,0,0.93371,0.585635,1,0.103238,0.629834,0,0.507405,0.662983,0,0.329624,0.81768,0,0,0,1,0,0,0
depress,True,1,000010,Sn,,True,1,000010,Sn,,0.305,0.064,0.466,0.335,0.705,0.663,0.305174,0.853591,0,0.063645,0.825967,0,0.465695,0.585635,0,0.334924,0.629834,0,0.704762,0.662983,1,0.662814,0.81768,0,0,0,0,0,1,0
deprive,True,1,000001,Ev,,True,1,000001,Ev,,0.149,0.126,0.433,0.506,0.006,0.927,0.149171,0.853591,0,0.126368,0.825967,0,0.433057,0.585635,0,0.506107,0.629834,0,0.006156,0.662983,0,0.9267,0.81768,1,0,0,0,0,0,1
derate,True,1,000100,An,,True,1,000100,An,,0.149,0.558,0.381,0.671,0.115,0.596,0.149171,0.853591,0,0.557635,0.825967,0,0.380859,0.585635,0,0.671032,0.629834,1,0.115372,0.662983,0,0.596464,0.81768,0,0,0,0,1,0,0
deregulate,True,1,001000,Ap,,True,2,001010,Ap,Sn,0.149,0.04,0.855,0.451,0.639,0.33,0.149171,0.853591,0,0.039921,0.825967,0,0.855026,0.585635,1,0.450827,0.629834,0,0.639122,0.662983,0,0.330246,0.81768,0,0,0,1,0,0,0
descend,True,1,001000,Ap,,True,1,001000,Ap,,0.404,0.135,0.674,0.375,0.4,0.268,0.404113,0.853591,0,0.135348,0.825967,0,0.673678,0.585635,1,0.374579,0.629834,0,0.399776,0.662983,0,0.267758,0.81768,0,0,0,1,0,0,0
deserve,True,1,000001,Ev,,True,1,000001,Ev,,0.364,0.425,0.444,0.006,0.221,0.901,0.364371,0.853591,0,0.425472,0.825967,0,0.444454,0.585635,0,0.0055,0.629834,0,0.221475,0.662983,0,0.901205,0.81768,1,0,0,0,0,0,1
desiccate,True,1,001000,Ap,,True,1,001000,Ap,,0.149,0.04,0.646,0.348,0.373,0.524,0.149171,0.853591,0,0.040452,0.825967,0,0.645856,0.585635,1,0.347974,0.629834,0,0.373005,0.662983,0,0.524336,0.81768,0,0,0,1,0,0,0
designate,True,1,000010,Sn,,True,2,001010,Sn,Ap,0.632,0.403,0.553,0.362,0.846,0.266,0.632384,0.853591,0,0.402615,0.825967,0,0.553164,0.585635,0,0.361667,0.629834,0,0.845942,0.662983,1,0.265985,0.81768,0,0,0,0,0,1,0
desire,True,1,001000,Ap,,True,1,001000,Ap,,0.31,0.017,0.778,0.222,0.368,0.291,0.309924,0.853591,0,0.016575,0.825967,0,0.77837,0.585635,1,0.221707,0.629834,0,0.368229,0.662983,0,0.291344,0.81768,0,0,0,1,0,0,0
destabilize,False,0,000000,,,False,0,000000,,,0.149,0.017,0.41,0.36,0.538,0.604,0.149171,0.853591,0,0.016575,0.825967,0,0.409972,0.585635,0,0.360177,0.629834,0,0.53788,0.662983,0,0.603813,0.81768,0,0,0,0,0,0,0
destine,True,1,000001,Ev,,True,2,000101,Ev,An,0.722,0.178,0.131,0.658,0.039,0.928,0.721581,0.853591,0,0.178185,0.825967,0,0.131322,0.585635,0,0.658003,0.629834,1,0.03912,0.662983,0,0.927786,0.81768,1,0,0,0,0,0,1
destroy,True,1,001000,Ap,,True,3,001101,Ap,"An, Ev",0.149,0.051,0.933,0.714,0.275,0.701,0.149171,0.853591,0,0.051457,0.825967,0,0.932542,0.585635,1,0.713548,0.629834,1,0.275389,0.662983,0,0.700696,0.81768,0,0,0,1,0,0,0
detach,False,0,000000,,,True,1,000100,An,,0.149,0.316,0.162,0.619,0.215,0.475,0.149171,0.853591,0,0.315586,0.825967,0,0.161663,0.585635,0,0.619475,0.629834,0,0.215309,0.662983,0,0.47508,0.81768,0,0,0,0,0,0,0
deter,True,1,000100,An,,True,2,000101,An,Ev,0.149,0.231,0.371,0.945,0.019,0.854,0.149171,0.853591,0,0.230694,0.825967,0,0.371442,0.585635,0,0.945278,0.629834,1,0.019248,0.662983,0,0.854012,0.81768,1,0,0,0,1,0,0
deteriorate,True,1,001000,Ap,,True,2,001010,Ap,Sn,0.149,0.034,0.904,0.425,0.593,0.452,0.149171,0.853591,0,0.034023,0.825967,0,0.903842,0.585635,1,0.4248,0.629834,0,0.593093,0.662983,0,0.452347,0.81768,0,0,0,1,0,0,0
detonate,True,1,000100,An,,True,2,001100,An,Ap,0.149,0.142,0.552,0.752,0.025,0.612,0.149171,0.853591,0,0.141923,0.825967,0,0.551828,0.585635,0,0.751615,0.629834,1,0.024843,0.662983,0,0.612198,0.81768,0,0,0,0,1,0,0
detract,True,2,001100,An,Ap,True,3,011100,Cm,"Ap, An",0.149,0.704,0.64,0.68,0.063,0.692,0.149171,0.853591,0,0.703771,0.825967,0,0.640467,0.585635,1,0.679628,0.629834,1,0.062896,0.662983,0,0.692424,0.81768,0,0,0,1,1,0,0
devastate,True,1,001000,Ap,,True,2,001001,Ev,Ap,0.149,0.317,0.689,0.167,0.345,0.718,0.149171,0.853591,0,0.317473,0.825967,0,0.68929,0.585635,1,0.1674,0.629834,0,0.345003,0.662983,0,0.718359,0.81768,0,0,0,1,0,0,0
deviate,True,1,000100,An,,True,1,000100,An,,0.149,0.402,0.373,0.928,0.393,0.559,0.149171,0.853591,0,0.402082,0.825967,0,0.372598,0.585635,0,0.928286,0.629834,1,0.393308,0.662983,0,0.558575,0.81768,0,0,0,0,1,0,0
devote,True,1,001000,Ap,,True,2,001010,Ap,Sn,0.18,0.052,0.987,0.01,0.834,0.177,0.179797,0.853591,0,0.051539,0.825967,0,0.987274,0.585635,1,0.010259,0.629834,0,0.834169,0.662983,1,0.177207,0.81768,0,0,0,1,0,0,0
diagonalize,True,1,010000,Cm,,True,4,011110,Cm,"Ap, An, Sn",0.44,0.878,0.633,0.76,0.64,0.063,0.439668,0.853591,0,0.877888,0.825967,1,0.633299,0.585635,1,0.76008,0.629834,1,0.640107,0.662983,0,0.063079,0.81768,0,0,1,0,0,0,0
die,True,3,011001,Ev,"Cm, Ap",True,3,011001,Ev,"Cm, Ap",0.712,0.835,0.729,0.51,0.178,0.845,0.71208,0.853591,0,0.834734,0.825967,1,0.728846,0.585635,1,0.510212,0.629834,0,0.178182,0.662983,0,0.844559,0.81768,1,0,1,1,0,0,1
differ,True,3,010101,An,"Cm, Ev",True,3,010101,An,"Cm, Ev",0.183,0.918,0.128,0.931,0.361,0.872,0.18289,0.853591,0,0.917734,0.825967,1,0.127919,0.585635,0,0.930531,0.629834,1,0.360955,0.662983,0,0.87228,0.81768,1,0,1,0,1,0,1
diffract,True,1,000100,An,,True,2,010100,An,Cm,0.217,0.837,0.145,0.978,0.173,0.586,0.216621,0.853591,0,0.83701,0.825967,1,0.144688,0.585635,0,0.977984,0.629834,1,0.172827,0.662983,0,0.585795,0.81768,0,0,0,0,1,0,0
diffuse,True,1,000100,An,,True,2,001100,An,Ap,0.571,0.642,0.551,0.802,0.177,0.314,0.571234,0.853591,0,0.641946,0.825967,0,0.550642,0.585635,0,0.802461,0.629834,1,0.177049,0.662983,0,0.314206,0.81768,0,0,0,0,1,0,0
dig,True,1,000100,An,,True,4,111100,An,"Kn, Cm, Ap",0.84,0.704,0.534,0.935,0.011,0.501,0.839545,0.853591,0,0.70401,0.825967,0,0.533611,0.585635,0,0.935443,0.629834,1,0.011177,0.662983,0,0.501321,0.81768,0,0,0,0,1,0,0
digest,True,1,000100,An,,True,2,001100,An,Ap,0.582,0.195,0.598,0.681,0.398,0.597,0.581525,0.853591,0,0.19526,0.825967,0,0.598421,0.585635,1,0.680532,0.629834,1,0.397938,0.662983,0,0.596632,0.81768,0,0,0,0,1,0,0
digitize,True,1,001000,Ap,,True,1,001000,Ap,,0.644,0.553,0.61,0.233,0.518,0.25,0.643712,0.853591,0,0.553369,0.825967,0,0.609672,0.585635,1,0.233156,0.629834,0,0.517606,0.662983,0,0.249714,0.81768,0,0,0,1,0,0,0
dilate,True,1,001000,Ap,,True,1,001000,Ap,,0.163,0.406,0.897,0.102,0.561,0.097,0.163221,0.853591,0,0.406267,0.825967,0,0.897156,0.585635,1,0.1024,0.629834,0,0.560987,0.662983,0,0.096954,0.81768,0,0,0,1,0,0,0
dilute,True,1,001000,Ap,,True,2,001100,Ap,An,0.432,0.635,0.989,0.734,0.03,0.011,0.432103,0.853591,0,0.634601,0.825967,0,0.989226,0.585635,1,0.733762,0.629834,1,0.029872,0.662983,0,0.01105,0.81768,0,0,0,1,0,0,0
dip,True,1,000100,An,,True,2,000101,An,Ev,0.581,0.344,0.055,0.899,0.172,0.765,0.581057,0.853591,0,0.344478,0.825967,0,0.055451,0.585635,0,0.898654,0.629834,1,0.171532,0.662983,0,0.765318,0.81768,0,0,0,0,1,0,0
disable,True,1,001000,Ap,,True,2,001100,Ap,An,0.149,0.017,0.855,0.554,0.085,0.596,0.149171,0.853591,0,0.016575,0.825967,0,0.85531,0.585635,1,0.554083,0.629834,0,0.084755,0.662983,0,0.596451,0.81768,0,0,0,1,0,0,0
disagree,True,1,000001,Ev,,True,2,000101,Ev,An,0.395,0.566,0.124,0.607,0.171,0.992,0.394979,0.853591,0,0.565733,0.825967,0,0.123506,0.585635,0,0.606652,0.629834,0,0.170628,0.662983,0,0.991909,0.81768,1,0,0,0,0,0,1
disallow,True,1,000001,Ev,,True,3,001101,Ev,"Ap, An",0.149,0.017,0.57,0.761,0.236,0.849,0.149171,0.853591,0,0.016575,0.825967,0,0.569719,0.585635,0,0.76145,0.629834,1,0.236312,0.662983,0,0.849452,0.81768,1,0,0,0,0,0,1
disambiguate,True,1,010000,Cm,,True,2,010100,Cm,An,0.381,0.968,0.341,0.666,0.282,0.523,0.380535,0.853591,0,0.967648,0.825967,1,0.341348,0.585635,0,0.66573,0.629834,1,0.281719,0.662983,0,0.522629,0.81768,0,0,1,0,0,0,0
disappear,True,1,001000,Ap,,True,2,101000,Kn,Ap,0.73,0.525,0.666,0.275,0.246,0.306,0.729782,0.853591,0,0.525224,0.825967,0,0.666075,0.585635,1,0.274964,0.629834,0,0.246459,0.662983,0,0.305658,0.81768,0,0,0,1,0,0,0
disappoint,True,1,001000,Ap,,True,1,001000,Ap,,0.459,0.553,0.856,0.376,0.41,0.488,0.45897,0.853591,0,0.552744,0.825967,0,0.85603,0.585635,1,0.375686,0.629834,0,0.410431,0.662983,0,0.488022,0.81768,0,0,0,1,0,0,0
disassemble,True,1,000010,Sn,,True,2,000110,Sn,An,0.149,0.086,0.252,0.712,0.956,0.386,0.149171,0.853591,0,0.085931,0.825967,0,0.251636,0.585635,0,0.712283,0.629834,1,0.9564,0.662983,1,0.385554,0.81768,0,0,0,0,0,1,0
disassociate,True,1,000100,An,,True,1,000100,An,,0.149,0.297,0.19,0.852,0.029,0.603,0.149171,0.853591,0,0.29659,0.825967,0,0.189872,0.585635,0,0.852203,0.629834,1,0.028688,0.662983,0,0.602601,0.81768,0,0,0,0,1,0,0
discard,True,1,001000,Ap,,True,3,001101,Ap,"An, Ev",0.468,0.122,0.981,0.598,0.088,0.875,0.468193,0.853591,0,0.121888,0.825967,0,0.980655,0.585635,1,0.598145,0.629834,0,0.088047,0.662983,0,0.874546,0.81768,1,0,0,1,0,0,0
discern,True,2,010100,An,Cm,True,4,110101,An,"Kn, Cm, Ev",0.792,0.957,0.043,0.996,0.014,0.81,0.791868,0.853591,0,0.957377,0.825967,1,0.042857,0.585635,0,0.995766,0.629834,1,0.01436,0.662983,0,0.809728,0.81768,0,0,1,0,1,0,0
discipline,True,1,000001,Ev,,True,2,001001,Ev,Ap,0.149,0.169,0.553,0.019,0.37,0.889,0.149171,0.853591,0,0.169292,0.825967,0,0.552881,0.585635,0,0.01932,0.629834,0,0.37015,0.662983,0,0.889014,0.81768,1,0,0,0,0,0,1
disclose,True,1,001000,Ap,,True,1,001000,Ap,,0.723,0.647,0.822,0.071,0.346,0.098,0.723119,0.853591,0,0.647333,0.825967,0,0.821669,0.585635,1,0.071134,0.629834,0,0.345507,0.662983,0,0.098076,0.81768,0,0,0,1,0,0,0
discolor,True,3,110100,Kn,"Cm, An",True,3,110100,Kn,"Cm, An",0.936,0.93,0.143,0.649,0.288,0.637,0.935618,0.853591,1,0.930141,0.825967,1,0.142782,0.585635,0,0.648737,0.629834,1,0.288488,0.662983,0,0.637402,0.81768,0,1,1,0,1,0,0
disconnect,False,0,000000,,,True,1,000100,An,,0.149,0.164,0.162,0.594,0.154,0.59,0.149171,0.853591,0,0.16401,0.825967,0,0.161656,0.585635,0,0.594212,0.629834,0,0.154442,0.662983,0,0.590146,0.81768,0,0,0,0,0,0,0
discontinue,True,2,000101,Ev,An,True,2,000101,Ev,An,0.149,0.235,0.061,0.921,0.018,0.927,0.149171,0.853591,0,0.235019,0.825967,0,0.060655,0.585635,0,0.921365,0.629834,1,0.018271,0.662983,0,0.926871,0.81768,1,0,0,0,1,0,1
discount,False,0,000000,,,False,0,000000,,,0.528,0.631,0.158,0.453,0.204,0.317,0.528073,0.853591,0,0.631095,0.825967,0,0.158027,0.585635,0,0.45338,0.629834,0,0.204169,0.662983,0,0.316986,0.81768,0,0,0,0,0,0,0
discourage,True,1,000001,Ev,,True,1,000001,Ev,,0.149,0.017,0.321,0.094,0.382,0.917,0.149171,0.853591,0,0.016575,0.825967,0,0.320701,0.585635,0,0.093937,0.629834,0,0.381609,0.662983,0,0.916913,0.81768,1,0,0,0,0,0,1
disenfranchise,True,1,000001,Ev,,True,2,001001,Ev,Ap,0.149,0.017,0.512,0.341,0.204,0.835,0.149171,0.853591,0,0.016575,0.825967,0,0.511858,0.585635,0,0.341232,0.629834,0,0.204404,0.662983,0,0.83478,0.81768,1,0,0,0,0,0,1
disengage,True,1,000001,Ev,,True,2,000101,Ev,An,0.149,0.017,0.233,0.576,0.175,0.878,0.149171,0.853591,0,0.016575,0.825967,0,0.233262,0.585635,0,0.57613,0.629834,0,0.175314,0.662983,0,0.87817,0.81768,1,0,0,0,0,0,1
disentangle,True,1,000100,An,,True,1,000100,An,,0.356,0.694,0.147,0.86,0.47,0.402,0.35634,0.853591,0,0.69373,0.825967,0,0.147358,0.585635,0,0.860022,0.629834,1,0.470486,0.662983,0,0.401552,0.81768,0,0,0,0,1,0,0
disfigure,True,1,010000,Cm,,True,4,111100,Cm,"Kn, Ap, An",0.826,0.834,0.53,0.655,0.409,0.125,0.826001,0.853591,0,0.834382,0.825967,1,0.529534,0.585635,0,0.654608,0.629834,1,0.409493,0.662983,0,0.124752,0.81768,0,0,1,0,0,0,0
disguise,True,1,100000,Kn,,True,3,110010,Kn,"Cm, Sn",0.928,0.723,0.243,0.096,0.805,0.061,0.927584,0.853591,1,0.72335,0.825967,0,0.242973,0.585635,0,0.09648,0.629834,0,0.805203,0.662983,1,0.060678,0.81768,0,1,0,0,0,0,0
disintegrate,False,0,000000,,,True,1,000100,An,,0.149,0.039,0.337,0.602,0.472,0.401,0.149171,0.853591,0,0.038769,0.825967,0,0.336643,0.585635,0,0.601887,0.629834,0,0.471799,0.662983,0,0.401068,0.81768,0,0,0,0,0,0,0
dislodge,True,1,000100,An,,True,1,000100,An,,0.149,0.107,0.395,0.78,0.254,0.337,0.149171,0.853591,0,0.106974,0.825967,0,0.395109,0.585635,0,0.78011,0.629834,1,0.254186,0.662983,0,0.336956,0.81768,0,0,0,0,1,0,0
dismantle,True,1,000010,Sn,,True,2,000110,Sn,An,0.149,0.017,0.303,0.607,0.673,0.377,0.149171,0.853591,0,0.016575,0.825967,0,0.302854,0.585635,0,0.607433,0.629834,0,0.672965,0.662983,1,0.377198,0.81768,0,0,0,0,0,1,0
dismay,False,0,000000,,,False,0,000000,,,0.414,0.058,0.478,0.375,0.283,0.52,0.414132,0.853591,0,0.057863,0.825967,0,0.477739,0.585635,0,0.374813,0.629834,0,0.282979,0.662983,0,0.519644,0.81768,0,0,0,0,0,0,0
dismiss,False,0,000000,,,True,1,000001,Ev,,0.149,0.193,0.476,0.422,0.185,0.767,0.149171,0.853591,0,0.192726,0.825967,0,0.476289,0.585635,0,0.421779,0.629834,0,0.184541,0.662983,0,0.767019,0.81768,0,0,0,0,0,0,0
disparage,True,1,000001,Ev,,True,2,000101,Ev,An,0.149,0.611,0.258,0.767,0.249,0.944,0.149171,0.853591,0,0.610606,0.825967,0,0.258142,0.585635,0,0.767005,0.629834,1,0.24871,0.662983,0,0.943889,0.81768,1,0,0,0,0,0,1
dispatch,True,1,001000,Ap,,True,2,001100,Ap,An,0.239,0.359,0.854,0.552,0.279,0.296,0.239319,0.853591,0,0.359315,0.825967,0,0.853939,0.585635,1,0.551703,0.629834,0,0.279377,0.662983,0,0.29634,0.81768,0,0,0,1,0,0,0
dispel,True,1,000100,An,,True,2,001100,An,Ap,0.211,0.332,0.506,0.692,0.071,0.604,0.210868,0.853591,0,0.331552,0.825967,0,0.505834,0.585635,0,0.69178,0.629834,1,0.070824,0.662983,0,0.604349,0.81768,0,0,0,0,1,0,0
dispense,True,1,001000,Ap,,True,1,001000,Ap,,0.366,0.063,0.931,0.095,0.414,0.075,0.366355,0.853591,0,0.062854,0.825967,0,0.931302,0.585635,1,0.094683,0.629834,0,0.414378,0.662983,0,0.074811,0.81768,0,0,0,1,0,0,0
disperse,True,1,001000,Ap,,True,1,001000,Ap,,0.264,0.455,0.852,0.375,0.536,0.487,0.264361,0.853591,0,0.45548,0.825967,0,0.852214,0.585635,1,0.37466,0.629834,0,0.5358,0.662983,0,0.487457,0.81768,0,0,0,1,0,0,0
displace,True,1,001000,Ap,,True,2,001100,Ap,An,0.22,0.607,0.856,0.76,0.203,0.175,0.220228,0.853591,0,0.606812,0.825967,0,0.85607,0.585635,1,0.76043,0.629834,1,0.202745,0.662983,0,0.175085,0.81768,0,0,0,1,0,0,0
display,True,3,111000,Kn,"Cm, Ap",True,3,111000,Kn,"Cm, Ap",0.89,0.843,0.637,0.451,0.257,0.37,0.890359,0.853591,1,0.843019,0.825967,1,0.636784,0.585635,1,0.450769,0.629834,0,0.256564,0.662983,0,0.370021,0.81768,0,1,1,1,0,0,0
dispose,True,1,001000,Ap,,True,3,001101,Ap,"An, Ev",0.31,0.112,0.94,0.706,0.087,0.826,0.31033,0.853591,0,0.112003,0.825967,0,0.940177,0.585635,1,0.706387,0.629834,1,0.086552,0.662983,0,0.826308,0.81768,1,0,0,1,0,0,0
disprove,True,1,000001,Ev,,True,2,000101,Ev,An,0.193,0.475,0.238,0.853,0.083,0.918,0.19294,0.853591,0,0.475031,0.825967,0,0.2378,0.585635,0,0.853251,0.629834,1,0.083437,0.662983,0,0.917784,0.81768,1,0,0,0,0,0,1
dispute,True,1,000001,Ev,,True,2,000101,Ev,An,0.338,0.396,0.19,0.91,0.284,0.997,0.337825,0.853591,0,0.396121,0.825967,0,0.190396,0.585635,0,0.909764,0.629834,1,0.284006,0.662983,0,0.997238,0.81768,1,0,0,0,0,0,1
disrupt,False,0,000000,,,True,1,000010,Sn,,0.149,0.064,0.477,0.113,0.652,0.474,0.149171,0.853591,0,0.064439,0.825967,0,0.47667,0.585635,0,0.11341,0.629834,0,0.652069,0.662983,0,0.473782,0.81768,0,0,0,0,0,0,0
disseminate,True,1,001000,Ap,,True,1,001000,Ap,,0.326,0.051,0.931,0.276,0.255,0.3,0.325835,0.853591,0,0.05086,0.825967,0,0.931155,0.585635,1,0.276225,0.629834,0,0.254672,0.662983,0,0.299733,0.81768,0,0,0,1,0,0,0
dissipate,True,2,001100,An,Ap,True,2,001100,An,Ap,0.149,0.455,0.691,0.721,0.148,0.412,0.149171,0.853591,0,0.455237,0.825967,0,0.691199,0.585635,1,0.721077,0.629834,1,0.147895,0.662983,0,0.41156,0.81768,0,0,0,1,1,0,0
dissociate,True,1,000100,An,,True,1,000100,An,,0.149,0.454,0.235,0.906,0.019,0.408,0.149171,0.853591,0,0.454121,0.825967,0,0.234631,0.585635,0,0.906244,0.629834,1,0.019336,0.662983,0,0.407588,0.81768,0,0,0,0,1,0,0
dissolve,True,1,000010,Sn,,True,2,000110,Sn,An,0.201,0.017,0.22,0.645,0.863,0.363,0.200591,0.853591,0,0.016575,0.825967,0,0.220258,0.585635,0,0.644779,0.629834,1,0.862551,0.662983,1,0.363034,0.81768,0,0,0,0,0,1,0
dissuade,True,1,000001,Ev,,True,2,000101,Ev,An,0.149,0.017,0.355,0.574,0.26,0.956,0.149171,0.853591,0,0.016575,0.825967,0,0.355279,0.585635,0,0.573726,0.629834,0,0.259787,0.662983,0,0.956084,0.81768,1,0,0,0,0,0,1
distil,True,1,000100,An,,True,1,000100,An,,0.285,0.051,0.023,0.917,0.419,0.623,0.285446,0.853591,0,0.051133,0.825967,0,0.023268,0.585635,0,0.916936,0.629834,1,0.4194,0.662983,0,0.622652,0.81768,0,0,0,0,1,0,0
distill,True,1,000100,An,,True,1,000100,An,,0.224,0.111,0.396,0.762,0.371,0.619,0.223636,0.853591,0,0.110529,0.825967,0,0.395848,0.585635,0,0.761691,0.629834,1,0.37133,0.662983,0,0.619282,0.81768,0,0,0,0,1,0,0
distort,True,1,001000,Ap,,True,1,001000,Ap,,0.149,0.488,0.909,0.451,0.561,0.353,0.149171,0.853591,0,0.488439,0.825967,0,0.90897,0.585635,1,0.450793,0.629834,0,0.561257,0.662983,0,0.352779,0.81768,0,0,0,1,0,0,0
distract,False,0,000000,,,True,1,000100,An,,0.149,0.04,0.227,0.573,0.368,0.599,0.149171,0.853591,0,0.039729,0.825967,0,0.227053,0.585635,0,0.573312,0.629834,0,0.368031,0.662983,0,0.598783,0.81768,0,0,0,0,0,0,0
distribute,True,1,001000,Ap,,True,1,001000,Ap,,0.58,0.368,0.987,0.14,0.354,0.125,0.580203,0.853591,0,0.36786,0.825967,0,0.987328,0.585635,1,0.140092,0.629834,0,0.354498,0.662983,0,0.125151,0.81768,0,0,0,1,0,0,0
disturb,False,0,000000,,,True,1,000010,Sn,,0.431,0.377,0.144,0.061,0.63,0.064,0.4309,0.853591,0,0.376561,0.825967,0,0.144347,0.585635,0,0.060874,0.629834,0,0.629515,0.662983,0,0.064186,0.81768,0,0,0,0,0,0,0
dive,True,1,001000,Ap,,True,1,001000,Ap,,0.274,0.376,0.742,0.412,0.37,0.179,0.274243,0.853591,0,0.375807,0.825967,0,0.74166,0.585635,1,0.412445,0.629834,0,0.370071,0.662983,0,0.179152,0.81768,0,0,0,1,0,0,0
diverge,True,1,010000,Cm,,True,3,011100,Cm,"Ap, An",0.44,0.926,0.785,0.62,0.418,0.313,0.439809,0.853591,0,0.925753,0.825967,1,0.784542,0.585635,1,0.620035,0.629834,0,0.417908,0.662983,0,0.313414,0.81768,0,0,1,0,0,0,0
diversify,True,1,000010,Sn,,True,1,000010,Sn,,0.149,0.529,0.471,0.463,0.964,0.622,0.149171,0.853591,0,0.529417,0.825967,0,0.471461,0.585635,0,0.46341,0.629834,0,0.963503,0.662983,1,0.622047,0.81768,0,0,0,0,0,1,0
divert,True,1,000100,An,,True,2,001100,An,Ap,0.149,0.179,0.523,0.663,0.519,0.137,0.149171,0.853591,0,0.178941,0.825967,0,0.523374,0.585635,0,0.663155,0.629834,1,0.519409,0.662983,0,0.136683,0.81768,0,0,0,0,1,0,0
divulge,True,1,100000,Kn,,True,1,100000,Kn,,0.857,0.669,0.306,0.072,0.18,0.065,0.856581,0.853591,1,0.669405,0.825967,0,0.306461,0.585635,0,0.071793,0.629834,0,0.179925,0.662983,0,0.064615,0.81768,0,1,0,0,0,0,0
dodge,True,1,001000,Ap,,True,1,001000,Ap,,0.236,0.413,0.84,0.342,0.154,0.667,0.236257,0.853591,0,0.413229,0.825967,0,0.839914,0.585635,1,0.34221,0.629834,0,0.153934,0.662983,0,0.666932,0.81768,0,0,0,1,0,0,0
domesticate,True,1,000010,Sn,,True,2,001010,Sn,Ap,0.307,0.041,0.628,0.332,0.985,0.272,0.307245,0.853591,0,0.040954,0.825967,0,0.628319,0.585635,1,0.33175,0.629834,0,0.985241,0.662983,1,0.272492,0.81768,0,0,0,0,0,1,0
dominate,True,1,001000,Ap,,True,2,001001,Ap,Ev,0.447,0.643,0.856,0.095,0.545,0.722,0.446524,0.853591,0,0.643427,0.825967,0,0.85555,0.585635,1,0.095389,0.629834,0,0.545092,0.662983,0,0.722296,0.81768,0,0,0,1,0,0,0
donate,True,1,000010,Sn,,True,2,001010,Sn,Ap,0.334,0.38,0.7,0.005,0.805,0.23,0.334346,0.853591,0,0.38043,0.825967,0,0.699604,0.585635,1,0.005405,0.629834,0,0.805445,0.662983,1,0.229957,0.81768,0,0,0,0,0,1,0
doubt,True,1,000001,Ev,,True,2,000101,Ev,An,0.54,0.645,0.141,0.744,0.07,0.875,0.540389,0.853591,0,0.645468,0.825967,0,0.141491,0.585635,0,0.744463,0.629834,1,0.07023,0.662983,0,0.87483,0.81768,1,0,0,0,0,0,1
downgrade,True,1,000010,Sn,,True,2,001010,Sn,Ap,0.149,0.067,0.525,0.222,0.682,0.5,0.149171,0.853591,0,0.06653,0.825967,0,0.525048,0.585635,0,0.22234,0.629834,0,0.682356,0.662983,1,0.499527,0.81768,0,0,0,0,0,1,0
download,True,1,001000,Ap,,True,1,001000,Ap,,0.624,0.041,0.599,0.266,0.104,0.448,0.624321,0.853591,0,0.041264,0.825967,0,0.59941,0.585635,1,0.266185,0.629834,0,0.103586,0.662983,0,0.447992,0.81768,0,0,0,1,0,0,0
downsize,True,1,000010,Sn,,True,3,001110,Sn,"Ap, An",0.149,0.098,0.6,0.636,0.773,0.434,0.149171,0.853591,0,0.097868,0.825967,0,0.59975,0.585635,1,0.635554,0.629834,1,0.772822,0.662983,1,0.434153,0.81768,0,0,0,0,0,1,0
doze,False,0,000000,,,True,2,100001,Kn,Ev,0.73,0.362,0.14,0.382,0.419,0.724,0.729664,0.853591,0,0.362449,0.825967,0,0.140227,0.585635,0,0.381881,0.629834,0,0.418608,0.662983,0,0.723888,0.81768,0,0,0,0,0,0,0
draft,True,1,000010,Sn,,True,2,000011,Sn,Ev,0.429,0.529,0.378,0.124,0.791,0.772,0.429313,0.853591,0,0.528601,0.825967,0,0.377991,0.585635,0,0.123941,0.629834,0,0.790832,0.662983,1,0.771594,0.81768,0,0,0,0,0,1,0
drag,True,1,000100,An,,True,4,111100,An,"Kn, Cm, Ap",0.751,0.739,0.761,0.822,0.514,0.479,0.751241,0.853591,0,0.738515,0.825967,0,0.761218,0.585635,1,0.821555,0.629834,1,0.513513,0.662983,0,0.478605,0.81768,0,0,0,0,1,0,0
drain,True,1,001000,Ap,,True,2,001100,Ap,An,0.399,0.47,0.987,0.611,0.097,0.327,0.398687,0.853591,0,0.470035,0.825967,0,0.987138,0.585635,1,0.611477,0.629834,0,0.097467,0.662983,0,0.327058,0.81768,0,0,0,1,0,0,0
dredge,True,1,001000,Ap,,True,2,001010,Ap,Sn,0.307,0.396,0.76,0.375,0.672,0.136,0.306874,0.853591,0,0.396155,0.825967,0,0.759949,0.585635,1,0.375119,0.629834,0,0.672445,0.662983,1,0.13625,0.81768,0,0,0,1,0,0,0
dress,True,1,000010,Sn,,True,3,101010,Sn,"Kn, Ap",0.733,0.393,0.766,0.23,0.846,0.5,0.732986,0.853591,0,0.392736,0.825967,0,0.766306,0.585635,1,0.229535,0.629834,0,0.846338,0.662983,1,0.500198,0.81768,0,0,0,0,0,1,0
drink,True,1,001000,Ap,,True,1,001000,Ap,,0.593,0.193,0.746,0.222,0.382,0.617,0.59262,0.853591,0,0.192861,0.825967,0,0.745995,0.585635,1,0.221738,0.629834,0,0.382104,0.662983,0,0.6171,0.81768,0,0,0,1,0,0,0
drive,True,1,001000,Ap,,True,2,001100,Ap,An,0.299,0.534,0.931,0.553,0.405,0.474,0.299305,0.853591,0,0.534361,0.825967,0,0.931494,0.585635,1,0.552684,0.629834,0,0.405322,0.662983,0,0.474367,0.81768,0,0,0,1,0,0,0
drop,True,1,100000,Kn,,True,2,101000,Kn,Ap,0.903,0.661,0.732,0.376,0.267,0.503,0.903385,0.853591,1,0.660988,0.825967,0,0.731759,0.585635,1,0.375929,0.629834,0,0.267209,0.662983,0,0.502672,0.81768,0,1,0,0,0,0,0
drown,True,1,001000,Ap,,True,1,001000,Ap,,0.409,0.064,0.733,0.05,0.418,0.326,0.408663,0.853591,0,0.064097,0.825967,0,0.733449,0.585635,1,0.050009,0.629834,0,0.418309,0.662983,0,0.325975,0.81768,0,0,0,1,0,0,0
dry,False,0,000000,,,True,2,100001,Kn,Ev,0.841,0.642,0.237,0.507,0.561,0.712,0.841211,0.853591,0,0.641585,0.825967,0,0.237494,0.585635,0,0.506651,0.629834,0,0.561323,0.662983,0,0.711733,0.81768,0,0,0,0,0,0,0
dub,False,0,000000,,,True,1,000100,An,,0.57,0.4,0.066,0.614,0.531,0.267,0.569934,0.853591,0,0.399824,0.825967,0,0.065541,0.585635,0,0.614111,0.629834,0,0.530706,0.662983,0,0.267119,0.81768,0,0,0,0,0,0,0
dump,True,1,000001,Ev,,True,2,000101,Ev,An,0.324,0.171,0.41,0.644,0.283,0.827,0.32409,0.853591,0,0.170648,0.825967,0,0.409552,0.585635,0,0.643592,0.629834,1,0.283309,0.662983,0,0.827135,0.81768,1,0,0,0,0,0,1
dwell,True,2,001010,Sn,Ap,True,2,001010,Sn,Ap,0.455,0.551,0.635,0.017,0.688,0.126,0.454901,0.853591,0,0.550739,0.825967,0,0.634866,0.585635,1,0.016756,0.629834,0,0.687724,0.662983,1,0.125956,0.81768,0,0,0,1,0,1,0
dye,True,1,010000,Cm,,True,2,110000,Kn,Cm,0.852,0.836,0.267,0.503,0.181,0.624,0.852434,0.853591,0,0.836485,0.825967,1,0.266844,0.585635,0,0.502909,0.629834,0,0.181409,0.662983,0,0.624202,0.81768,0,0,1,0,0,0,0
earn,True,1,001000,Ap,,True,1,001000,Ap,,0.55,0.279,0.989,0.394,0.281,0.178,0.550025,0.853591,0,0.279,0.825967,0,0.988863,0.585635,1,0.394215,0.629834,0,0.280749,0.662983,0,0.177884,0.81768,0,0,0,1,0,0,0
ease,True,1,001000,Ap,,True,1,001000,Ap,,0.298,0.053,0.625,0.122,0.284,0.502,0.298255,0.853591,0,0.052911,0.825967,0,0.625285,0.585635,1,0.121977,0.629834,0,0.284398,0.662983,0,0.502227,0.81768,0,0,0,1,0,0,0
eat,True,2,101000,Kn,Ap,True,2,101000,Kn,Ap,0.895,0.05,0.863,0.5,0.024,0.329,0.895018,0.853591,1,0.050487,0.825967,0,0.862846,0.585635,1,0.500176,0.629834,0,0.024197,0.662983,0,0.329121,0.81768,0,1,0,1,0,0,0
eavesdrop,True,1,000100,An,,True,1,000100,An,,0.311,0.415,0.052,0.723,0.4,0.127,0.310901,0.853591,0,0.415235,0.825967,0,0.051864,0.585635,0,0.7227,0.629834,1,0.400385,0.662983,0,0.127251,0.81768,0,0,0,0,1,0,0
echo,True,1,100000,Kn,,True,1,100000,Kn,,0.908,0.35,0.024,0.233,0.173,0.011,0.90824,0.853591,1,0.349591,0.825967,0,0.024038,0.585635,0,0.232776,0.629834,0,0.173442,0.662983,0,0.01105,0.81768,0,1,0,0,0,0,0
edge,True,1,100000,Kn,,True,2,110000,Kn,Cm,0.939,0.836,0.364,0.535,0.432,0.472,0.938975,0.853591,1,0.835687,0.825967,1,0.363585,0.585635,0,0.534822,0.629834,0,0.431626,0.662983,0,0.471737,0.81768,0,1,0,0,0,0,0
educate,True,2,001010,Sn,Ap,True,2,001010,Sn,Ap,0.367,0.098,0.705,0.019,0.754,0.106,0.367289,0.853591,0,0.09753,0.825967,0,0.704736,0.585635,1,0.019121,0.629834,0,0.754234,0.662983,1,0.106097,0.81768,0,0,0,1,0,1,0
eject,True,1,001000,Ap,,True,2,001001,Ap,Ev,0.25,0.051,0.91,0.105,0.106,0.753,0.249831,0.853591,0,0.051416,0.825967,0,0.910027,0.585635,1,0.104623,0.629834,0,0.106013,0.662983,0,0.752732,0.81768,0,0,0,1,0,0,0
elapse,True,2,000110,An,Sn,True,3,010110,An,"Cm, Sn",0.149,0.736,0.121,0.817,0.794,0.315,0.149171,0.853591,0,0.736274,0.825967,0,0.121024,0.585635,0,0.817007,0.629834,1,0.794162,0.662983,1,0.315162,0.81768,0,0,0,0,1,1,0
elect,True,1,001000,Ap,,True,3,001101,Ap,"An, Ev",0.459,0.157,0.917,0.593,0.109,0.719,0.459028,0.853591,0,0.157226,0.825967,0,0.916801,0.585635,1,0.592743,0.629834,0,0.108978,0.662983,0,0.719362,0.81768,0,0,0,1,0,0,0
elevate,True,2,001010,Sn,Ap,True,2,001010,Sn,Ap,0.149,0.227,0.666,0.094,0.69,0.406,0.149171,0.853591,0,0.226884,0.825967,0,0.666284,0.585635,1,0.093569,0.629834,0,0.690073,0.662983,1,0.406121,0.81768,0,0,0,1,0,1,0
elicit,True,1,001000,Ap,,True,1,001000,Ap,,0.149,0.052,0.628,0.017,0.518,0.593,0.149171,0.853591,0,0.051849,0.825967,0,0.627544,0.585635,1,0.017032,0.629834,0,0.517532,0.662983,0,0.592725,0.81768,0,0,0,1,0,0,0
eliminate,False,0,000000,,,True,2,001100,An,Ap,0.192,0.286,0.553,0.581,0.281,0.637,0.19158,0.853591,0,0.286403,0.825967,0,0.552859,0.585635,0,0.580582,0.629834,0,0.280508,0.662983,0,0.637019,0.81768,0,0,0,0,0,0,0
elongate,True,2,001010,Ap,Sn,True,2,001010,Ap,Sn,0.149,0.565,0.821,0.236,0.779,0.02,0.149171,0.853591,0,0.56507,0.825967,0,0.820757,0.585635,1,0.235833,0.629834,0,0.778997,0.662983,1,0.0195,0.81768,0,0,0,1,0,1,0
elucidate,True,2,000101,Ev,An,True,3,010101,Ev,"Cm, An",0.149,0.826,0.179,0.874,0.18,0.927,0.149171,0.853591,0,0.825781,0.825967,0,0.178971,0.585635,0,0.873547,0.629834,1,0.179717,0.662983,0,0.927185,0.81768,1,0,0,0,1,0,1
elude,True,1,001000,Ap,,True,1,001000,Ap,,0.37,0.319,0.887,0.05,0.264,0.239,0.369956,0.853591,0,0.319142,0.825967,0,0.886992,0.585635,1,0.049983,0.629834,0,0.263794,0.662983,0,0.239176,0.81768,0,0,0,1,0,0,0
elute,True,1,010000,Cm,,True,2,011000,Cm,Ap,0.27,0.837,0.645,0.225,0.27,0.126,0.269726,0.853591,0,0.836704,0.825967,1,0.644898,0.585635,1,0.225299,0.629834,0,0.270291,0.662983,0,0.125663,0.81768,0,0,1,0,0,0,0
emanate,True,1,001000,Ap,,True,2,011000,Cm,Ap,0.597,0.742,0.62,0.017,0.393,0.011,0.597346,0.853591,0,0.741792,0.825967,0,0.619971,0.585635,1,0.016577,0.629834,0,0.393176,0.662983,0,0.01105,0.81768,0,0,0,1,0,0,0
embark,True,2,001010,Sn,Ap,True,2,001010,Sn,Ap,0.534,0.549,0.778,0.415,0.792,0.12,0.534108,0.853591,0,0.549273,0.825967,0,0.77777,0.585635,1,0.414938,0.629834,0,0.791633,0.662983,1,0.120043,0.81768,0,0,0,1,0,1,0
embed,True,1,001000,Ap,,True,2,001100,Ap,An,0.699,0.632,0.724,0.552,0.046,0.068,0.698709,0.853591,0,0.632099,0.825967,0,0.724455,0.585635,1,0.552448,0.629834,0,0.04614,0.662983,0,0.068149,0.81768,0,0,0,1,0,0,0
embody,True,2,001010,Sn,Ap,True,2,001010,Sn,Ap,0.319,0.535,0.76,0.008,0.779,0.044,0.318716,0.853591,0,0.535066,0.825967,0,0.760282,0.585635,1,0.007822,0.629834,0,0.7786,0.662983,1,0.044157,0.81768,0,0,0,1,0,1,0
embrace,True,1,000010,Sn,,True,2,000011,Ev,Sn,0.374,0.644,0.102,0.061,0.683,0.752,0.374068,0.853591,0,0.643608,0.825967,0,0.102209,0.585635,0,0.06101,0.629834,0,0.682945,0.662983,1,0.751534,0.81768,0,0,0,0,0,1,0
emerge,True,1,000010,Sn,,True,1,000010,Sn,,0.235,0.017,0.286,0.494,0.927,0.596,0.235293,0.853591,0,0.016575,0.825967,0,0.285874,0.585635,0,0.493882,0.629834,0,0.926814,0.662983,1,0.595965,0.81768,0,0,0,0,0,1,0
emit,True,1,000010,Sn,,True,1,000010,Sn,,0.454,0.651,0.379,0.097,0.782,0.502,0.453799,0.853591,0,0.65088,0.825967,0,0.378895,0.585635,0,0.096677,0.629834,0,0.781856,0.662983,1,0.50204,0.81768,0,0,0,0,0,1,0
empathize,True,2,010010,Cm,Sn,True,3,010011,Cm,"Sn, Ev",0.65,0.842,0.159,0.07,0.817,0.788,0.650217,0.853591,0,0.841608,0.825967,1,0.15861,0.585635,0,0.069693,0.629834,0,0.817061,0.662983,1,0.788025,0.81768,0,0,1,0,0,1,0
emphasize,True,1,000010,Sn,,True,2,010010,Sn,Cm,0.477,0.754,0.175,0.233,0.795,0.175,0.477007,0.853591,0,0.754207,0.825967,0,0.174703,0.585635,0,0.23267,0.629834,0,0.795286,0.662983,1,0.17536,0.81768,0,0,0,0,0,1,0
empower,True,2,001010,Ap,Sn,True,2,001010,Ap,Sn,0.149,0.333,0.906,0.04,0.87,0.352,0.149171,0.853591,0,0.332969,0.825967,0,0.90565,0.585635,1,0.039531,0.629834,0,0.870274,0.662983,1,0.352424,0.81768,0,0,0,1,0,1,0
emulate,True,1,001000,Ap,,True,3,101010,Ap,"Kn, Sn",0.764,0.437,0.916,0.071,0.569,0.033,0.764252,0.853591,0,0.436827,0.825967,0,0.915875,0.585635,1,0.070697,0.629834,0,0.568662,0.662983,0,0.033012,0.81768,0,0,0,1,0,0,0
enable,True,1,000010,Sn,,True,2,000110,Sn,An,0.149,0.11,0.227,0.58,0.793,0.589,0.149171,0.853591,0,0.109966,0.825967,0,0.22711,0.585635,0,0.57984,0.629834,0,0.792886,0.662983,1,0.588931,0.81768,0,0,0,0,0,1,0
enact,True,2,001010,Sn,Ap,True,2,001010,Sn,Ap,0.149,0.099,0.793,0.019,0.845,0.143,0.149171,0.853591,0,0.09913,0.825967,0,0.793219,0.585635,1,0.01933,0.629834,0,0.845047,0.662983,1,0.143179,0.81768,0,0,0,1,0,1,0
encapsulate,True,1,000010,Sn,,True,2,001010,Sn,Ap,0.149,0.116,0.55,0.013,0.779,0.321,0.149171,0.853591,0,0.116465,0.825967,0,0.550493,0.585635,0,0.012846,0.629834,0,0.778643,0.662983,1,0.321484,0.81768,0,0,0,0,0,1,0
encase,True,1,000010,Sn,,True,1,000010,Sn,,0.569,0.35,0.156,0.21,0.769,0.635,0.568887,0.853591,0,0.350386,0.825967,0,0.1555,0.585635,0,0.209595,0.629834,0,0.769259,0.662983,1,0.634763,0.81768,0,0,0,0,0,1,0
encircle,True,1,010000,Cm,,True,4,111010,Cm,"Kn, Ap, Sn",0.835,0.835,0.505,0.254,0.684,0.163,0.834726,0.853591,0,0.835284,0.825967,1,0.50533,0.585635,0,0.253878,0.629834,0,0.684415,0.662983,1,0.162978,0.81768,0,0,1,0,0,0,0
enclose,True,1,000010,Sn,,True,1,000010,Sn,,0.444,0.649,0.382,0.062,0.683,0.652,0.443883,0.853591,0,0.649087,0.825967,0,0.382243,0.585635,0,0.061762,0.629834,0,0.683058,0.662983,1,0.65217,0.81768,0,0,0,0,0,1,0
encode,True,1,001000,Ap,,True,1,001000,Ap,,0.149,0.581,0.796,0.207,0.41,0.409,0.149171,0.853591,0,0.580661,0.825967,0,0.795983,0.585635,1,0.207232,0.629834,0,0.410219,0.662983,0,0.408754,0.81768,0,0,0,1,0,0,0
encompass,True,1,001000,Ap,,True,2,001010,Ap,Sn,0.364,0.565,0.856,0.334,0.731,0.502,0.363838,0.853591,0,0.565383,0.825967,0,0.855546,0.585635,1,0.333562,0.629834,0,0.730769,0.662983,1,0.501608,0.81768,0,0,0,1,0,0,0
encounter,False,0,000000,,,True,1,100000,Kn,,0.767,0.668,0.38,0.213,0.367,0.448,0.767007,0.853591,0,0.667672,0.825967,0,0.379872,0.585635,0,0.213087,0.629834,0,0.367435,0.662983,0,0.44842,0.81768,0,0,0,0,0,0,0
encourage,True,1,000010,Sn,,True,1,000010,Sn,,0.149,0.017,0.377,0.018,0.796,0.691,0.149171,0.853591,0,0.016575,0.825967,0,0.377215,0.585635,0,0.01849,0.629834,0,0.796033,0.662983,1,0.691058,0.81768,0,0,0,0,0,1,0
encrypt,False,0,000000,,,False,0,000000,,,0.371,0.519,0.418,0.046,0.365,0.647,0.370884,0.853591,0,0.518847,0.825967,0,0.417898,0.585635,0,0.046174,0.629834,0,0.364656,0.662983,0,0.646564,0.81768,0,0,0,0,0,0,0
encumber,True,1,000100,An,,True,2,100100,Kn,An,0.845,0.552,0.485,0.728,0.182,0.16,0.844988,0.853591,0,0.551584,0.825967,0,0.485472,0.585635,0,0.727769,0.629834,1,0.182051,0.662983,0,0.160201,0.81768,0,0,0,0,1,0,0
end,True,1,000100,An,,True,1,000100,An,,0.709,0.588,0.33,0.922,0.016,0.56,0.709108,0.853591,0,0.588184,0.825967,0,0.329929,0.585635,0,0.922255,0.629834,1,0.016302,0.662983,0,0.559969,0.81768,0,0,0,0,1,0,0
endanger,True,1,001000,Ap,,True,2,011000,Cm,Ap,0.556,0.724,0.638,0.13,0.173,0.168,0.556273,0.853591,0,0.723962,0.825967,0,0.637775,0.585635,1,0.129889,0.629834,0,0.173318,0.662983,0,0.167865,0.81768,0,0,0,1,0,0,0
endow,True,1,001000,Ap,,True,1,001000,Ap,,0.405,0.564,0.731,0.061,0.084,0.663,0.405052,0.853591,0,0.564415,0.825967,0,0.730863,0.585635,1,0.061293,0.629834,0,0.084043,0.662983,0,0.662796,0.81768,0,0,0,1,0,0,0
endure,True,1,000010,Sn,,True,3,001011,Ev,"Ap, Sn",0.537,0.489,0.595,0.178,0.763,0.808,0.537448,0.853591,0,0.488622,0.825967,0,0.594708,0.585635,1,0.177995,0.629834,0,0.763397,0.662983,1,0.807746,0.81768,0,0,0,0,0,1,0
energize,True,1,000010,Sn,,True,1,000010,Sn,,0.305,0.017,0.233,0.056,0.983,0.362,0.305113,0.853591,0,0.016575,0.825967,0,0.232962,0.585635,0,0.055519,0.629834,0,0.98276,0.662983,1,0.362068,0.81768,0,0,0,0,0,1,0
engage,True,1,000010,Sn,,True,2,001010,Sn,Ap,0.149,0.082,0.575,0.03,0.785,0.454,0.149171,0.853591,0,0.082181,0.825967,0,0.575323,0.585635,0,0.029687,0.629834,0,0.78459,0.662983,1,0.454142,0.81768,0,0,0,0,0,1,0
engender,True,1,000010,Sn,,True,2,001010,Sn,Ap,0.149,0.048,0.606,0.012,0.962,0.303,0.149171,0.853591,0,0.047823,0.825967,0,0.606171,0.585635,1,0.011814,0.629834,0,0.961708,0.662983,1,0.302953,0.81768,0,0,0,0,0,1,0
enjoin,True,1,000010,Sn,,True,1,000010,Sn,,0.683,0.472,0.016,0.306,0.832,0.397,0.683174,0.853591,0,0.472399,0.825967,0,0.016062,0.585635,0,0.305965,0.629834,0,0.832379,0.662983,1,0.396712,0.81768,0,0,0,0,0,1,0
enjoy,True,2,001100,An,Ap,True,2,001100,An,Ap,0.411,0.017,0.627,0.654,0.116,0.348,0.411347,0.853591,0,0.016575,0.825967,0,0.627346,0.585635,1,0.654397,0.629834,1,0.116318,0.662983,0,0.34823,0.81768,0,0,0,1,1,0,0
enlarge,True,2,001010,Sn,Ap,True,3,011010,Cm,"Ap, Sn",0.307,0.712,0.671,0.231,0.687,0.223,0.307442,0.853591,0,0.712005,0.825967,0,0.670774,0.585635,1,0.231451,0.629834,0,0.68685,0.662983,1,0.223475,0.81768,0,0,0,1,0,1,0
enlighten,True,1,010000,Cm,,True,1,010000,Cm,,0.412,0.838,0.377,0.104,0.485,0.284,0.411989,0.853591,0,0.837624,0.825967,1,0.376622,0.585635,0,0.103605,0.629834,0,0.485288,0.662983,0,0.284038,0.81768,0,0,1,0,0,0,0
enlist,True,1,000010,Sn,,True,2,001010,Sn,Ap,0.183,0.063,0.6,0.122,0.808,0.613,0.182551,0.853591,0,0.062605,0.825967,0,0.600294,0.585635,1,0.122194,0.629834,0,0.807598,0.662983,1,0.612661,0.81768,0,0,0,0,0,1,0
enrich,True,1,000010,Sn,,True,2,001010,Sn,Ap,0.149,0.069,0.706,0.019,0.945,0.237,0.149171,0.853591,0,0.069096,0.825967,0,0.705978,0.585635,1,0.01934,0.629834,0,0.944866,0.662983,1,0.237282,0.81768,0,0,0,0,0,1,0
enroll,True,1,001000,Ap,,True,1,001000,Ap,,0.385,0.017,0.855,0.168,0.419,0.223,0.384549,0.853591,0,0.016575,0.825967,0,0.855412,0.585635,1,0.167733,0.629834,0,0.41934,0.662983,0,0.222614,0.81768,0,0,0,1,0,0,0
ensue,False,0,000000,,,True,1,010000,Cm,,0.56,0.823,0.064,0.105,0.411,0.634,0.559752,0.853591,0,0.823337,0.825967,0,0.064084,0.585635,0,0.10475,0.629834,0,0.411242,0.662983,0,0.633729,0.81768,0,0,0,0,0,0,0
entail,True,1,010000,Cm,,True,3,010101,Cm,"An, Ev",0.368,0.826,0.051,0.572,0.17,0.742,0.368002,0.853591,0,0.826173,0.825967,1,0.051109,0.585635,0,0.572057,0.629834,0,0.169992,0.662983,0,0.742382,0.81768,0,0,1,0,0,0,0
entangle,True,1,000010,Sn,,True,2,010010,Sn,Cm,0.369,0.73,0.361,0.395,0.778,0.066,0.369141,0.853591,0,0.730497,0.825967,0,0.360652,0.585635,0,0.394545,0.629834,0,0.778219,0.662983,1,0.066481,0.81768,0,0,0,0,0,1,0
enter,True,1,000010,Sn,,True,1,000010,Sn,,0.198,0.158,0.051,0.133,0.791,0.41,0.197978,0.853591,0,0.158318,0.825967,0,0.051122,0.585635,0,0.13302,0.629834,0,0.79107,0.662983,1,0.409892,0.81768,0,0,0,0,0,1,0
entertain,True,1,001000,Ap,,True,2,001010,Ap,Sn,0.325,0.407,0.875,0.144,0.77,0.011,0.325331,0.853591,0,0.40672,0.825967,0,0.875187,0.585635,1,0.144135,0.629834,0,0.770265,0.662983,1,0.01105,0.81768,0,0,0,1,0,0,0
enthrall,False,0,000000,,,False,0,000000,,,0.56,0.63,0.242,0.115,0.103,0.297,0.560324,0.853591,0,0.630019,0.825967,0,0.242406,0.585635,0,0.11504,0.629834,0,0.103349,0.662983,0,0.296503,0.81768,0,0,0,0,0,0,0
entice,False,0,000000,,,False,0,000000,,,0.149,0.499,0.242,0.013,0.303,0.326,0.149171,0.853591,0,0.499411,0.825967,0,0.241872,0.585635,0,0.013409,0.629834,0,0.303097,0.662983,0,0.326004,0.81768,0,0,0,0,0,0,0
entitle,True,1,100000,Kn,,True,1,100000,Kn,,0.923,0.631,0.459,0.105,0.257,0.268,0.923208,0.853591,1,0.630927,0.825967,0,0.458557,0.585635,0,0.104939,0.629834,0,0.256787,0.662983,0,0.267631,0.81768,0,1,0,0,0,0,0
entrap,True,1,000100,An,,True,2,001100,An,Ap,0.409,0.357,0.532,0.637,0.403,0.146,0.408592,0.853591,0,0.356993,0.825967,0,0.532393,0.585635,0,0.636507,0.629834,1,0.403073,0.662983,0,0.146012,0.81768,0,0,0,0,1,0,0
entrench,True,1,000010,Sn,,True,3,001011,Sn,"Ap, Ev",0.149,0.142,0.641,0.064,0.729,0.711,0.149171,0.853591,0,0.141675,0.825967,0,0.640502,0.585635,1,0.063564,0.629834,0,0.729164,0.662983,1,0.711261,0.81768,0,0,0,0,0,1,0
entrust,True,1,000100,An,,True,1,000100,An,,0.272,0.055,0.062,0.644,0.17,0.521,0.271654,0.853591,0,0.054641,0.825967,0,0.061847,0.585635,0,0.643648,0.629834,1,0.169838,0.662983,0,0.520757,0.81768,0,0,0,0,1,0,0
enunciate,True,1,001000,Ap,,True,1,001000,Ap,,0.587,0.187,0.634,0.012,0.521,0.043,0.586759,0.853591,0,0.186747,0.825967,0,0.634343,0.585635,1,0.01243,0.629834,0,0.520623,0.662983,0,0.043143,0.81768,0,0,0,1,0,0,0
envelop,True,1,001000,Ap,,True,1,001000,Ap,,0.149,0.072,0.73,0.052,0.409,0.611,0.149171,0.853591,0,0.071718,0.825967,0,0.729938,0.585635,1,0.052167,0.629834,0,0.409383,0.662983,0,0.610714,0.81768,0,0,0,1,0,0,0
envisage,True,2,010010,Cm,Sn,True,3,010110,Cm,"An, Sn",0.635,0.928,0.316,0.588,0.919,0.104,0.634885,0.853591,0,0.928416,0.825967,1,0.315702,0.585635,0,0.587585,0.629834,0,0.919388,0.662983,1,0.103857,0.81768,0,0,1,0,0,1,0
envision,True,1,000010,Sn,,True,1,000010,Sn,,0.455,0.394,0.1,0.082,0.991,0.269,0.454622,0.853591,0,0.393567,0.825967,0,0.099767,0.585635,0,0.082142,0.629834,0,0.990626,0.662983,1,0.268652,0.81768,0,0,0,0,0,1,0
epitomize,True,1,010000,Cm,,True,3,110010,Cm,"Kn, Sn",0.833,0.954,0.129,0.374,0.761,0.255,0.83336,0.853591,0,0.953916,0.825967,1,0.128832,0.585635,0,0.374259,0.629834,0,0.760616,0.662983,1,0.254984,0.81768,0,0,1,0,0,0,0
equalize,False,0,000000,,,True,1,000010,Sn,,0.218,0.493,0.248,0.249,0.58,0.124,0.217547,0.853591,0,0.493262,0.825967,0,0.247699,0.585635,0,0.249211,0.629834,0,0.579628,0.662983,0,0.124178,0.81768,0,0,0,0,0,0,0
equate,True,1,000100,An,,True,2,010100,Cm,An,0.149,0.744,0.444,0.685,0.203,0.609,0.149171,0.853591,0,0.743775,0.825967,0,0.443848,0.585635,0,0.685234,0.629834,1,0.202981,0.662983,0,0.609212,0.81768,0,0,0,0,1,0,0
equilibrate,True,1,000100,An,,True,1,000100,An,,0.149,0.05,0.102,0.852,0.425,0.503,0.149171,0.853591,0,0.050202,0.825967,0,0.102155,0.585635,0,0.851591,0.629834,1,0.424882,0.662983,0,0.502756,0.81768,0,0,0,0,1,0,0
equip,True,1,001000,Ap,,True,2,001010,Ap,Sn,0.149,0.062,0.986,0.053,0.816,0.353,0.149171,0.853591,0,0.062383,0.825967,0,0.986249,0.585635,1,0.052982,0.629834,0,0.816085,0.662983,1,0.352861,0.81768,0,0,0,1,0,0,0
eradicate,True,1,000001,Ev,,True,1,000001,Ev,,0.365,0.186,0.249,0.409,0.345,0.844,0.365221,0.853591,0,0.186025,0.825967,0,0.248979,0.585635,0,0.409399,0.629834,0,0.344707,0.662983,0,0.8438,0.81768,1,0,0,0,0,0,1
erase,True,1,000010,Sn,,True,3,101010,Kn,"Ap, Sn",0.756,0.201,0.513,0.231,0.678,0.173,0.755824,0.853591,0,0.201478,0.825967,0,0.512726,0.585635,0,0.230583,0.629834,0,0.678273,0.662983,1,0.172518,0.81768,0,0,0,0,0,1,0
erect,True,2,001010,Ap,Sn,True,2,001010,Ap,Sn,0.429,0.171,0.741,0.017,0.69,0.141,0.429011,0.853591,0,0.170763,0.825967,0,0.740535,0.585635,1,0.016618,0.629834,0,0.689983,0.662983,1,0.140998,0.81768,0,0,0,1,0,1,0
erode,True,1,001000,Ap,,True,1,001000,Ap,,0.149,0.154,0.691,0.458,0.484,0.435,0.149171,0.853591,0,0.153956,0.825967,0,0.691453,0.585635,1,0.457583,0.629834,0,0.483918,0.662983,0,0.434513,0.81768,0,0,0,1,0,0,0
escalate,True,2,001010,Ap,Sn,True,2,001010,Ap,Sn,0.149,0.186,0.725,0.061,0.723,0.502,0.149171,0.853591,0,0.185553,0.825967,0,0.725012,0.585635,1,0.061215,0.629834,0,0.722577,0.662983,1,0.501932,0.81768,0,0,0,1,0,1,0
escape,True,1,001000,Ap,,True,2,001100,Ap,An,0.149,0.041,0.626,0.544,0.229,0.617,0.149171,0.853591,0,0.041093,0.825967,0,0.626311,0.585635,1,0.544039,0.629834,0,0.228919,0.662983,0,0.616798,0.81768,0,0,0,1,0,0,0
etch,True,1,001000,Ap,,True,2,001010,Ap,Sn,0.411,0.665,0.922,0.355,0.654,0.348,0.410507,0.853591,0,0.665149,0.825967,0,0.921615,0.585635,1,0.354611,0.629834,0,0.654432,0.662983,0,0.348272,0.81768,0,0,0,1,0,0,0
evacuate,True,2,001010,Sn,Ap,True,2,001010,Sn,Ap,0.239,0.345,0.748,0.115,0.779,0.352,0.2395,0.853591,0,0.344929,0.825967,0,0.748295,0.585635,1,0.114724,0.629834,0,0.778697,0.662983,1,0.352419,0.81768,0,0,0,1,0,1,0
evade,True,1,001000,Ap,,True,1,001000,Ap,,0.192,0.349,0.941,0.034,0.104,0.291,0.191704,0.853591,0,0.349035,0.825967,0,0.940788,0.585635,1,0.03392,0.629834,0,0.10417,0.662983,0,0.290825,0.81768,0,0,0,1,0,0,0
evaporate,False,0,000000,,,True,1,001000,Ap,,0.288,0.628,0.552,0.452,0.169,0.502,0.288046,0.853591,0,0.62774,0.825967,0,0.551938,0.585635,0,0.451891,0.629834,0,0.169174,0.662983,0,0.502337,0.81768,0,0,0,0,0,0,0
evoke,True,1,000010,Sn,,True,2,100010,Kn,Sn,0.851,0.642,0.339,0.003,0.798,0.048,0.851021,0.853591,0,0.642215,0.825967,0,0.33947,0.585635,0,0.002762,0.629834,0,0.797989,0.662983,1,0.047522,0.81768,0,0,0,0,0,1,0
evolve,True,1,000010,Sn,,True,3,001110,Sn,"Ap, An",0.396,0.097,0.676,0.62,0.746,0.033,0.395912,0.853591,0,0.097133,0.825967,0,0.675709,0.585635,1,0.619807,0.629834,0,0.745628,0.662983,1,0.032849,0.81768,0,0,0,0,0,1,0
exacerbate,True,1,000010,Sn,,True,2,001010,Sn,Ap,0.149,0.407,0.528,0.096,0.712,0.592,0.149171,0.853591,0,0.406678,0.825967,0,0.528108,0.585635,0,0.095758,0.629834,0,0.711634,0.662983,1,0.591734,0.81768,0,0,0,0,0,1,0
exaggerate,True,1,010000,Cm,,True,1,010000,Cm,,0.218,0.964,0.454,0.267,0.42,0.262,0.218272,0.853591,0,0.963819,0.825967,1,0.454232,0.585635,0,0.267321,0.629834,0,0.419785,0.662983,0,0.261541,0.81768,0,0,1,0,0,0,0
excavate,True,1,001000,Ap,,True,1,001000,Ap,,0.192,0.135,0.975,0.534,0.454,0.273,0.192105,0.853591,0,0.135271,0.825967,0,0.974854,0.585635,1,0.533552,0.629834,0,0.454017,0.662983,0,0.27308,0.81768,0,0,0,1,0,0,0
exceed,True,1,001000,Ap,,True,1,001000,Ap,,0.217,0.065,0.987,0.059,0.282,0.065,0.216899,0.853591,0,0.064566,0.825967,0,0.986883,0.585635,1,0.059144,0.629834,0,0.281758,0.662983,0,0.064634,0.81768,0,0,0,1,0,0,0
excel,True,1,001000,Ap,,True,2,001100,Ap,An,0.634,0.629,0.794,0.663,0.257,0.059,0.633571,0.853591,0,0.629309,0.825967,0,0.794062,0.585635,1,0.662634,0.629834,1,0.256841,0.662983,0,0.059185,0.81768,0,0,0,1,0,0,0
excise,True,1,001000,Ap,,True,1,001000,Ap,,0.149,0.039,0.904,0.311,0.015,0.233,0.149171,0.853591,0,0.039083,0.825967,0,0.904312,0.585635,1,0.310541,0.629834,0,0.014609,0.662983,0,0.232711,0.81768,0,0,0,1,0,0,0
excite,True,1,001000,Ap,,True,1,001000,Ap,,0.149,0.385,0.766,0.362,0.287,0.462,0.149171,0.853591,0,0.385129,0.825967,0,0.765673,0.585635,1,0.362244,0.629834,0,0.287114,0.662983,0,0.461769,0.81768,0,0,0,1,0,0,0
exclude,True,2,001100,An,Ap,True,2,001100,An,Ap,0.44,0.6,0.686,0.729,0.008,0.617,0.440489,0.853591,0,0.60032,0.825967,0,0.685583,0.585635,1,0.728782,0.629834,1,0.007815,0.662983,0,0.616556,0.81768,0,0,0,1,1,0,0
exert,True,1,001000,Ap,,True,1,001000,Ap,,0.149,0.547,0.992,0.453,0.268,0.011,0.149171,0.853591,0,0.547261,0.825967,0,0.99181,0.585635,1,0.452708,0.629834,0,0.268441,0.662983,0,0.01105,0.81768,0,0,0,1,0,0,0
exfoliate,False,0,000000,,,False,0,000000,,,0.572,0.5,0.275,0.104,0.375,0.469,0.571531,0.853591,0,0.499867,0.825967,0,0.274712,0.585635,0,0.10445,0.629834,0,0.375062,0.662983,0,0.469145,0.81768,0,0,0,0,0,0,0
exhaust,False,0,000000,,,False,0,000000,,,0.304,0.362,0.491,0.35,0.282,0.495,0.30445,0.853591,0,0.361515,0.825967,0,0.490575,0.585635,0,0.350168,0.629834,0,0.282089,0.662983,0,0.495159,0.81768,0,0,0,0,0,0,0
exist,True,1,100000,Kn,,True,3,100110,Kn,"An, Sn",0.969,0.508,0.031,0.541,0.672,0.502,0.96914,0.853591,1,0.508068,0.825967,0,0.030682,0.585635,0,0.541366,0.629834,0,0.672044,0.662983,1,0.501978,0.81768,0,1,0,0,0,0,0
expect,True,1,001000,Ap,,True,2,001010,Ap,Sn,0.416,0.543,0.85,0.222,0.727,0.473,0.416428,0.853591,0,0.542696,0.825967,0,0.850114,0.585635,1,0.221888,0.629834,0,0.727378,0.662983,1,0.472822,0.81768,0,0,0,1,0,0,0
expedite,False,0,000000,,,True,1,001000,Ap,,0.149,0.557,0.527,0.374,0.524,0.322,0.149171,0.853591,0,0.55664,0.825967,0,0.527476,0.585635,0,0.373846,0.629834,0,0.524196,0.662983,0,0.322197,0.81768,0,0,0,0,0,0,0
expel,False,0,000000,,,True,2,001001,Ev,Ap,0.149,0.197,0.508,0.395,0.018,0.81,0.149171,0.853591,0,0.197222,0.825967,0,0.507654,0.585635,0,0.394663,0.629834,0,0.018026,0.662983,0,0.809543,0.81768,0,0,0,0,0,0,0
expend,True,1,001000,Ap,,True,1,001000,Ap,,0.422,0.508,0.987,0.017,0.25,0.481,0.421996,0.853591,0,0.508029,0.825967,0,0.987321,0.585635,1,0.01665,0.629834,0,0.249778,0.662983,0,0.480519,0.81768,0,0,0,1,0,0,0
expire,False,0,000000,,,True,1,000001,Ev,,0.552,0.55,0.155,0.477,0.099,0.74,0.552367,0.853591,0,0.549624,0.825967,0,0.154831,0.585635,0,0.476792,0.629834,0,0.098643,0.662983,0,0.740425,0.81768,0,0,0,0,0,0,0
explicate,True,1,010000,Cm,,True,3,011100,Cm,"Ap, An",0.296,0.95,0.553,0.585,0.344,0.555,0.295983,0.853591,0,0.949723,0.825967,1,0.552512,0.585635,0,0.584953,0.629834,0,0.343508,0.662983,0,0.554652,0.81768,0,0,1,0,0,0,0
explode,True,1,000100,An,,True,2,000110,An,Sn,0.149,0.017,0.393,0.821,0.639,0.292,0.149171,0.853591,0,0.016575,0.825967,0,0.3926,0.585635,0,0.821196,0.629834,1,0.638505,0.662983,0,0.291736,0.81768,0,0,0,0,1,0,0
exploit,True,1,001000,Ap,,True,2,001100,Ap,An,0.218,0.017,0.952,0.638,0.076,0.182,0.217897,0.853591,0,0.016575,0.825967,0,0.951809,0.585635,1,0.637554,0.629834,1,0.076054,0.662983,0,0.181841,0.81768,0,0,0,1,0,0,0
externalize,True,1,001000,Ap,,True,1,001000,Ap,,0.44,0.534,0.623,0.451,0.453,0.065,0.439612,0.853591,0,0.534073,0.825967,0,0.62297,0.585635,1,0.451064,0.629834,0,0.453295,0.662983,0,0.06478,0.81768,0,0,0,1,0,0,0
extrude,True,3,011010,Ap,"Cm, Sn",True,3,011010,Ap,"Cm, Sn",0.415,0.929,0.933,0.347,0.727,0.298,0.414537,0.853591,0,0.928726,0.825967,1,0.933209,0.585635,1,0.34653,0.629834,0,0.726875,0.662983,1,0.298493,0.81768,0,0,1,1,0,1,0
fabricate,True,1,000010,Sn,,True,2,001010,Sn,Ap,0.149,0.024,0.708,0.448,0.988,0.551,0.149171,0.853591,0,0.023881,0.825967,0,0.707541,0.585635,1,0.447582,0.629834,0,0.987862,0.662983,1,0.550676,0.81768,0,0,0,0,0,1,0
face,True,1,100000,Kn,,True,2,110000,Kn,Cm,0.97,0.903,0.474,0.275,0.191,0.058,0.970029,0.853591,1,0.902573,0.825967,1,0.474013,0.585635,0,0.274562,0.629834,0,0.191282,0.662983,0,0.057784,0.81768,0,1,0,0,0,0,0
factorize,True,3,011100,An,"Cm, Ap",True,3,011100,An,"Cm, Ap",0.149,0.845,0.768,0.878,0.213,0.374,0.149171,0.853591,0,0.845107,0.825967,1,0.76848,0.585635,1,0.878113,0.629834,1,0.212899,0.662983,0,0.374258,0.81768,0,0,1,1,1,0,0
fade,True,1,100000,Kn,,True,4,111100,Kn,"Cm, Ap, An",0.898,0.745,0.55,0.636,0.118,0.182,0.898028,0.853591,1,0.744978,0.825967,0,0.549847,0.585635,0,0.635867,0.629834,1,0.118284,0.662983,0,0.181903,0.81768,0,1,0,0,0,0,0
fail,True,1,000001,Ev,,True,1,000001,Ev,,0.722,0.343,0.263,0.374,0.17,0.929,0.722435,0.853591,0,0.342964,0.825967,0,0.263241,0.585635,0,0.374497,0.629834,0,0.170016,0.662983,0,0.92892,0.81768,1,0,0,0,0,0,1
fall,False,0,000000,,,False,0,000000,,,0.695,0.05,0.452,0.375,0.398,0.523,0.694592,0.853591,0,0.050171,0.825967,0,0.451792,0.585635,0,0.375323,0.629834,0,0.397941,0.662983,0,0.523185,0.81768,0,0,0,0,0,0,0
falsify,True,1,000001,Ev,,True,2,000101,Ev,An,0.149,0.352,0.338,0.598,0.563,0.855,0.149171,0.853591,0,0.351719,0.825967,0,0.33797,0.585635,0,0.597721,0.629834,0,0.563104,0.662983,0,0.854609,0.81768,1,0,0,0,0,0,1
familiarize,True,2,001010,Sn,Ap,True,3,101010,Kn,"Ap, Sn",0.792,0.333,0.737,0.051,0.762,0.106,0.791704,0.853591,0,0.332563,0.825967,0,0.737254,0.585635,1,0.050671,0.629834,0,0.762317,0.662983,1,0.106439,0.81768,0,0,0,1,0,1,0
fasten,False,0,000000,,,True,1,001000,Ap,,0.29,0.139,0.584,0.25,0.494,0.683,0.289978,0.853591,0,0.13936,0.825967,0,0.584031,0.585635,0,0.249959,0.629834,0,0.494005,0.662983,0,0.682856,0.81768,0,0,0,0,0,0,0
fatten,True,1,001000,Ap,,True,1,001000,Ap,,0.239,0.041,0.667,0.338,0.368,0.635,0.238695,0.853591,0,0.040652,0.825967,0,0.667276,0.585635,1,0.337851,0.629834,0,0.36799,0.662983,0,0.634686,0.81768,0,0,0,1,0,0,0
fault,True,1,000100,An,,True,1,000100,An,,0.595,0.229,0.03,0.637,0.088,0.502,0.595089,0.853591,0,0.229297,0.825967,0,0.029862,0.585635,0,0.637391,0.629834,1,0.08759,0.662983,0,0.502484,0.81768,0,0,0,0,1,0,0
favour,False,0,000000,,,True,1,000001,Ev,,0.697,0.661,0.061,0.051,0.271,0.774,0.697333,0.853591,0,0.660635,0.825967,0,0.060806,0.585635,0,0.05052,0.629834,0,0.270563,0.662983,0,0.773769,0.81768,0,0,0,0,0,0,0
fear,False,0,000000,,,True,1,100000,Kn,,0.834,0.334,0.412,0.253,0.265,0.604,0.833601,0.853591,0,0.333779,0.825967,0,0.412128,0.585635,0,0.253322,0.629834,0,0.264765,0.662983,0,0.603709,0.81768,0,0,0,0,0,0,0
feather,True,1,000100,An,,True,4,110101,An,"Kn, Cm, Ev",0.738,0.742,0.061,0.823,0.099,0.715,0.738343,0.853591,0,0.741587,0.825967,0,0.061492,0.585635,0,0.822604,0.629834,1,0.09854,0.662983,0,0.714786,0.81768,0,0,0,0,1,0,0
feature,False,0,000000,,,True,1,100000,Kn,,0.778,0.668,0.362,0.225,0.268,0.273,0.777677,0.853591,0,0.668263,0.825967,0,0.361608,0.585635,0,0.22471,0.629834,0,0.268039,0.662983,0,0.27308,0.81768,0,0,0,0,0,0,0
fee,False,0,000000,,,False,0,000000,,,0.538,0.318,0.066,0.459,0.439,0.634,0.538491,0.853591,0,0.318482,0.825967,0,0.065756,0.585635,0,0.459185,0.629834,0,0.43894,0.662983,0,0.633971,0.81768,0,0,0,0,0,0,0
feel,True,1,100000,Kn,,True,3,110010,Kn,"Cm, Sn",0.971,0.903,0.157,0.126,0.796,0.665,0.970749,0.853591,1,0.903216,0.825967,1,0.157361,0.585635,0,0.126401,0.629834,0,0.796026,0.662983,1,0.664886,0.81768,0,1,0,0,0,0,0
ferret,True,1,000100,An,,True,1,000100,An,,0.552,0.549,0.383,0.921,0.102,0.351,0.551969,0.853591,0,0.549014,0.825967,0,0.382698,0.585635,0,0.921043,0.629834,1,0.102294,0.662983,0,0.350777,0.81768,0,0,0,0,1,0,0
fertilize,True,1,000010,Sn,,True,1,000010,Sn,,0.44,0.047,0.445,0.017,0.891,0.692,0.440474,0.853591,0,0.047016,0.825967,0,0.444651,0.585635,0,0.017183,0.629834,0,0.890938,0.662983,1,0.691773,0.81768,0,0,0,0,0,1,0
fetch,True,2,101000,Ap,Kn,True,2,101000,Ap,Kn,0.901,0.302,0.947,0.461,0.107,0.062,0.90118,0.853591,1,0.302445,0.825967,0,0.946881,0.585635,1,0.461173,0.629834,0,0.106552,0.662983,0,0.061692,0.81768,0,1,0,1,0,0,0
fight,True,1,000001,Ev,,True,2,000101,Ev,An,0.698,0.676,0.087,0.587,0.332,0.971,0.697542,0.853591,0,0.675869,0.825967,0,0.087091,0.585635,0,0.586951,0.629834,0,0.332194,0.662983,0,0.970754,0.81768,1,0,0,0,0,0,1
fill,True,1,001000,Ap,,True,2,011000,Ap,Cm,0.446,0.712,0.94,0.215,0.533,0.011,0.446082,0.853591,0,0.712225,0.825967,0,0.939763,0.585635,1,0.214826,0.629834,0,0.532529,0.662983,0,0.01105,0.81768,0,0,0,1,0,0,0
film,True,1,001000,Ap,,True,1,001000,Ap,,0.149,0.494,0.829,0.225,0.451,0.151,0.149171,0.853591,0,0.493928,0.825967,0,0.829247,0.585635,1,0.224592,0.629834,0,0.450877,0.662983,0,0.151478,0.81768,0,0,0,1,0,0,0
filter,True,1,000100,An,,True,1,000100,An,,0.46,0.643,0.064,0.921,0.279,0.633,0.459843,0.853591,0,0.643459,0.825967,0,0.063825,0.585635,0,0.920689,0.629834,1,0.27934,0.662983,0,0.632871,0.81768,0,0,0,0,1,0,0
finalize,True,1,000010,Sn,,True,3,000111,Sn,"An, Ev",0.179,0.585,0.354,0.584,0.824,0.791,0.178502,0.853591,0,0.584565,0.825967,0,0.354216,0.585635,0,0.58363,0.629834,0,0.82402,0.662983,1,0.79113,0.81768,0,0,0,0,0,1,0
finish,True,1,001000,Ap,,True,1,001000,Ap,,0.417,0.453,0.701,0.301,0.026,0.558,0.417316,0.853591,0,0.453415,0.825967,0,0.701227,0.585635,1,0.300797,0.629834,0,0.025732,0.662983,0,0.557784,0.81768,0,0,0,1,0,0,0
fix,True,1,000010,Sn,,True,2,000110,Sn,An,0.149,0.103,0.156,0.658,0.844,0.692,0.149171,0.853591,0,0.102527,0.825967,0,0.155801,0.585635,0,0.657915,0.629834,1,0.843645,0.662983,1,0.692468,0.81768,0,0,0,0,0,1,0
fixate,False,0,000000,,,False,0,000000,,,0.528,0.124,0.394,0.424,0.375,0.4,0.528392,0.853591,0,0.123837,0.825967,0,0.394339,0.585635,0,0.423928,0.629834,0,0.375136,0.662983,0,0.399619,0.81768,0,0,0,0,0,0,0
fizzle,True,2,001100,An,Ap,True,2,001100,An,Ap,0.567,0.635,0.626,0.65,0.109,0.158,0.566801,0.853591,0,0.634747,0.825967,0,0.625635,0.585635,1,0.64985,0.629834,1,0.109285,0.662983,0,0.157671,0.81768,0,0,0,1,1,0,0
flank,False,0,000000,,,True,3,110001,Kn,"Cm, Ev",0.782,0.764,0.361,0.483,0.435,0.742,0.781811,0.853591,0,0.764349,0.825967,0,0.361311,0.585635,0,0.483492,0.629834,0,0.434569,0.662983,0,0.742195,0.81768,0,0,0,0,0,0,0
flash,True,1,000010,Sn,,True,1,000010,Sn,,0.294,0.35,0.494,0.507,0.79,0.292,0.294189,0.853591,0,0.34984,0.825967,0,0.493913,0.585635,0,0.507014,0.629834,0,0.790139,0.662983,1,0.291537,0.81768,0,0,0,0,0,1,0
flatten,True,1,000010,Sn,,True,1,000010,Sn,,0.4,0.343,0.409,0.063,0.796,0.522,0.399514,0.853591,0,0.342553,0.825967,0,0.409116,0.585635,0,0.062726,0.629834,0,0.795708,0.662983,1,0.521708,0.81768,0,0,0,0,0,1,0
flatter,True,1,001000,Ap,,True,1,001000,Ap,,0.149,0.35,0.862,0.104,0.445,0.043,0.149171,0.853591,0,0.349882,0.825967,0,0.862484,0.585635,1,0.103739,0.629834,0,0.444857,0.662983,0,0.042982,0.81768,0,0,0,1,0,0,0
fledge,False,0,000000,,,False,0,000000,,,0.571,0.316,0.149,0.521,0.376,0.313,0.570795,0.853591,0,0.315822,0.825967,0,0.148812,0.585635,0,0.520514,0.629834,0,0.375624,0.662983,0,0.313027,0.81768,0,0,0,0,0,0,0
flee,False,0,000000,,,True,1,001000,Ap,,0.373,0.358,0.53,0.226,0.519,0.634,0.373324,0.853591,0,0.357855,0.825967,0,0.52999,0.585635,0,0.225889,0.629834,0,0.518828,0.662983,0,0.633717,0.81768,0,0,0,0,0,0,0
flex,True,1,000010,Sn,,True,3,001110,Sn,"Ap, An",0.567,0.668,0.517,0.637,0.706,0.502,0.567458,0.853591,0,0.66831,0.825967,0,0.517229,0.585635,0,0.637156,0.629834,1,0.705834,0.662983,1,0.502075,0.81768,0,0,0,0,0,1,0
flicker,True,1,000100,An,,True,1,000100,An,,0.599,0.192,0.064,0.807,0.411,0.342,0.598859,0.853591,0,0.192369,0.825967,0,0.063647,0.585635,0,0.80683,0.629834,1,0.410961,0.662983,0,0.342001,0.81768,0,0,0,0,1,0,0
flip,True,1,100000,Kn,,True,3,101100,Kn,"Ap, An",0.893,0.489,0.553,0.676,0.177,0.273,0.892698,0.853591,1,0.488835,0.825967,0,0.553077,0.585635,0,0.676176,0.629834,1,0.177118,0.662983,0,0.273238,0.81768,0,1,0,0,0,0,0
float,True,2,001100,Ap,An,True,3,101100,Kn,"Ap, An",0.836,0.525,0.744,0.738,0.173,0.521,0.835932,0.853591,0,0.525217,0.825967,0,0.743838,0.585635,1,0.737715,0.629834,1,0.173243,0.662983,0,0.521324,0.81768,0,0,0,1,1,0,0
flocculate,False,0,000000,,,True,1,010000,Cm,,0.41,0.743,0.477,0.373,0.303,0.132,0.410394,0.853591,0,0.742738,0.825967,0,0.476745,0.585635,0,0.373124,0.629834,0,0.302863,0.662983,0,0.1319,0.81768,0,0,0,0,0,0,0
flourish,True,1,000010,Sn,,True,2,001010,Sn,Ap,0.216,0.324,0.645,0.209,0.986,0.122,0.215728,0.853591,0,0.324252,0.825967,0,0.644567,0.585635,1,0.209495,0.629834,0,0.98624,0.662983,1,0.121708,0.81768,0,0,0,0,0,1,0
flow,True,1,000100,An,,True,2,100100,Kn,An,0.851,0.544,0.384,0.653,0.533,0.287,0.85083,0.853591,0,0.543619,0.825967,0,0.38448,0.585635,0,0.652933,0.629834,1,0.533322,0.662983,0,0.286601,0.81768,0,0,0,0,1,0,0
fluctuate,True,1,001000,Ap,,True,3,011100,Cm,"Ap, An",0.57,0.737,0.734,0.67,0.098,0.011,0.570027,0.853591,0,0.736747,0.825967,0,0.733958,0.585635,1,0.669897,0.629834,1,0.098312,0.662983,0,0.01105,0.81768,0,0,0,1,0,0,0
flutter,True,1,000100,An,,True,2,010100,Cm,An,0.295,0.73,0.382,0.65,0.536,0.12,0.295104,0.853591,0,0.730045,0.825967,0,0.382329,0.585635,0,0.649739,0.629834,1,0.535905,0.662983,0,0.119925,0.81768,0,0,0,0,1,0,0
fly,True,1,001000,Ap,,True,2,001100,Ap,An,0.574,0.644,0.989,0.816,0.28,0.273,0.574214,0.853591,0,0.644484,0.825967,0,0.98886,0.585635,1,0.816042,0.629834,1,0.279774,0.662983,0,0.273167,0.81768,0,0,0,1,0,0,0
fold,True,1,000010,Sn,,True,3,101010,Sn,"Kn, Ap",0.75,0.189,0.596,0.375,0.852,0.351,0.749719,0.853591,0,0.188819,0.825967,0,0.595795,0.585635,1,0.374527,0.629834,0,0.851917,0.662983,1,0.350733,0.81768,0,0,0,0,0,1,0
forbid,True,1,000001,Ev,,True,1,000001,Ev,,0.174,0.262,0.33,0.311,0.337,0.927,0.17379,0.853591,0,0.261828,0.825967,0,0.330435,0.585635,0,0.310785,0.629834,0,0.336613,0.662983,0,0.926923,0.81768,1,0,0,0,0,0,1
force,True,1,001000,Ap,,True,1,001000,Ap,,0.149,0.348,0.63,0.34,0.105,0.663,0.149171,0.853591,0,0.347544,0.825967,0,0.629604,0.585635,1,0.339877,0.629834,0,0.105353,0.662983,0,0.662606,0.81768,0,0,0,1,0,0,0
forego,True,1,000010,Sn,,True,1,000010,Sn,,0.441,0.364,0.007,0.249,0.855,0.011,0.441015,0.853591,0,0.364117,0.825967,0,0.007439,0.585635,0,0.249144,0.629834,0,0.855247,0.662983,1,0.01105,0.81768,0,0,0,0,0,1,0
foreground,True,1,100000,Kn,,True,3,110010,Kn,"Cm, Sn",0.91,0.841,0.178,0.17,0.574,0.189,0.910419,0.853591,1,0.840516,0.825967,1,0.178071,0.585635,0,0.169884,0.629834,0,0.573821,0.662983,0,0.1885,0.81768,0,1,0,0,0,0,0
foresee,True,1,000010,Sn,,True,4,110110,Sn,"Kn, Cm, An",0.877,0.837,0.033,0.658,0.982,0.377,0.877307,0.853591,1,0.836968,0.825967,1,0.033469,0.585635,0,0.658046,0.629834,1,0.982339,0.662983,1,0.377164,0.81768,0,0,0,0,0,1,0
foreshorten,True,1,000100,An,,True,4,110110,An,"Kn, Cm, Sn",0.735,0.737,0.057,0.803,0.572,0.326,0.735009,0.853591,0,0.736826,0.825967,0,0.057158,0.585635,0,0.803316,0.629834,1,0.572312,0.662983,0,0.326439,0.81768,0,0,0,0,1,0,0
forge,True,1,000010,Sn,,True,3,001011,Sn,"Ap, Ev",0.274,0.183,0.636,0.244,0.778,0.73,0.27412,0.853591,0,0.183489,0.825967,0,0.636244,0.585635,1,0.243618,0.629834,0,0.778479,0.662983,1,0.729613,0.81768,0,0,0,0,0,1,0
forget,True,1,100000,Kn,,True,1,100000,Kn,,0.995,0.296,0.039,0.007,0.146,0.396,0.995118,0.853591,1,0.296415,0.825967,0,0.039179,0.585635,0,0.006927,0.629834,0,0.145742,0.662983,0,0.396177,0.81768,0,1,0,0,0,0,0
forgo,True,1,001000,Ap,,True,1,001000,Ap,,0.444,0.533,0.607,0.339,0.515,0.521,0.444046,0.853591,0,0.533491,0.825967,0,0.606723,0.585635,1,0.338612,0.629834,0,0.515157,0.662983,0,0.521338,0.81768,0,0,0,1,0,0,0
form,True,1,000010,Sn,,True,2,001010,Sn,Ap,0.289,0.051,0.598,0.48,0.801,0.127,0.289439,0.853591,0,0.050943,0.825967,0,0.597994,0.585635,1,0.480235,0.629834,0,0.800957,0.662983,1,0.126662,0.81768,0,0,0,0,0,1,0
formalize,True,1,010000,Cm,,True,3,010110,Cm,"An, Sn",0.461,0.877,0.388,0.605,0.728,0.27,0.460961,0.853591,0,0.876713,0.825967,1,0.388194,0.585635,0,0.60528,0.629834,0,0.728392,0.662983,1,0.269977,0.81768,0,0,1,0,0,0,0
fractionate,True,2,001100,An,Ap,True,3,011100,Cm,"Ap, An",0.34,0.786,0.692,0.703,0.235,0.043,0.340178,0.853591,0,0.786438,0.825967,0,0.691878,0.585635,1,0.703197,0.629834,1,0.235129,0.662983,0,0.043132,0.81768,0,0,0,1,1,0,0
free,False,0,000000,,,False,0,000000,,,0.274,0.234,0.223,0.052,0.367,0.667,0.274489,0.853591,0,0.233799,0.825967,0,0.222996,0.585635,0,0.052355,0.629834,0,0.366715,0.662983,0,0.666918,0.81768,0,0,0,0,0,0,0
freeze,True,1,000001,Ev,,True,2,000101,Ev,An,0.719,0.348,0.363,0.738,0.393,0.845,0.718524,0.853591,0,0.348119,0.825967,0,0.362836,0.585635,0,0.737546,0.629834,1,0.393247,0.662983,0,0.844762,0.81768,1,0,0,0,0,0,1
frown,False,0,000000,,,True,1,100000,Kn,,0.839,0.55,0.382,0.373,0.182,0.151,0.838805,0.853591,0,0.550235,0.825967,0,0.382276,0.585635,0,0.373326,0.629834,0,0.181693,0.662983,0,0.151248,0.81768,0,0,0,0,0,0,0
frustrate,True,1,000001,Ev,,True,1,000001,Ev,,0.149,0.318,0.066,0.158,0.174,0.992,0.149171,0.853591,0,0.31789,0.825967,0,0.065921,0.585635,0,0.157888,0.629834,0,0.173613,0.662983,0,0.991644,0.81768,1,0,0,0,0,0,1
fulfil,False,0,000000,,,True,2,001001,Ev,Ap,0.212,0.062,0.567,0.223,0.027,0.7,0.212444,0.853591,0,0.061585,0.825967,0,0.567497,0.585635,0,0.222756,0.629834,0,0.026995,0.662983,0,0.699747,0.81768,0,0,0,0,0,0,0
fulfill,True,1,001000,Ap,,True,1,001000,Ap,,0.217,0.04,0.795,0.224,0.173,0.593,0.217355,0.853591,0,0.040276,0.825967,0,0.79465,0.585635,1,0.224368,0.629834,0,0.17274,0.662983,0,0.593004,0.81768,0,0,0,1,0,0,0
furnish,True,2,001010,Ap,Sn,True,2,001010,Ap,Sn,0.149,0.186,0.786,0.19,0.777,0.29,0.149171,0.853591,0,0.185681,0.825967,0,0.785722,0.585635,1,0.18966,0.629834,0,0.776693,0.662983,1,0.290376,0.81768,0,0,0,1,0,1,0
galvanize,True,1,001000,Ap,,True,3,001011,Ev,"Ap, Sn",0.149,0.017,0.741,0.103,0.567,0.767,0.149171,0.853591,0,0.016575,0.825967,0,0.741336,0.585635,1,0.102759,0.629834,0,0.567342,0.662983,0,0.767444,0.81768,0,0,0,1,0,0,0
gape,True,1,000100,An,,True,2,100100,An,Kn,0.726,0.547,0.003,0.761,0.103,0.596,0.72558,0.853591,0,0.547392,0.825967,0,0.002762,0.585635,0,0.761237,0.629834,1,0.102776,0.662983,0,0.595693,0.81768,0,0,0,0,1,0,0
gate,True,1,000100,An,,True,1,000100,An,,0.385,0.18,0.117,0.729,0.402,0.524,0.385419,0.853591,0,0.180316,0.825967,0,0.117389,0.585635,0,0.728875,0.629834,1,0.401569,0.662983,0,0.524121,0.81768,0,0,0,0,1,0,0
gauge,True,1,000001,Ev,,True,3,100101,Ev,"Kn, An",0.845,0.184,0.473,0.606,0.208,0.915,0.845093,0.853591,0,0.18403,0.825967,0,0.472582,0.585635,0,0.605982,0.629834,0,0.207607,0.662983,0,0.915201,0.81768,1,0,0,0,0,0,1
gaze,True,3,110100,An,"Kn, Cm",True,3,110100,An,"Kn, Cm",0.916,0.849,0.253,0.926,0.06,0.089,0.915762,0.853591,1,0.849065,0.825967,1,0.25297,0.585635,0,0.926291,0.629834,1,0.059908,0.662983,0,0.088799,0.81768,0,1,1,0,1,0,0
get,True,1,001000,Ap,,True,3,101001,Kn,"Ap, Ev",0.759,0.64,0.682,0.093,0.085,0.7,0.758806,0.853591,0,0.639589,0.825967,0,0.682412,0.585635,1,0.092625,0.629834,0,0.084611,0.662983,0,0.700484,0.81768,0,0,0,1,0,0,0
giggle,True,1,000010,Sn,,True,2,100010,Kn,Sn,0.852,0.192,0.131,0.104,0.785,0.062,0.852039,0.853591,0,0.191653,0.825967,0,0.130553,0.585635,0,0.104257,0.629834,0,0.784875,0.662983,1,0.061915,0.81768,0,0,0,0,0,1,0
glaze,True,2,000110,An,Sn,True,2,000110,An,Sn,0.559,0.634,0.263,0.712,0.67,0.067,0.558847,0.853591,0,0.634421,0.825967,0,0.262559,0.585635,0,0.711873,0.629834,1,0.669944,0.662983,1,0.067371,0.81768,0,0,0,0,1,1,0
glean,True,1,000010,Sn,,True,1,000010,Sn,,0.423,0.639,0.102,0.361,0.864,0.175,0.423101,0.853591,0,0.639157,0.825967,0,0.101733,0.585635,0,0.360533,0.629834,0,0.863983,0.662983,1,0.175359,0.81768,0,0,0,0,0,1,0
glide,True,1,000100,An,,True,3,001110,An,"Ap, Sn",0.297,0.534,0.615,0.877,0.578,0.011,0.297005,0.853591,0,0.533903,0.825967,0,0.614796,0.585635,1,0.876829,0.629834,1,0.578433,0.662983,0,0.01105,0.81768,0,0,0,0,1,0,0
globalize,True,1,000010,Sn,,True,2,001010,Sn,Ap,0.271,0.688,0.636,0.029,0.961,0.238,0.27051,0.853591,0,0.687846,0.825967,0,0.636191,0.585635,1,0.029016,0.629834,0,0.960771,0.662983,1,0.237721,0.81768,0,0,0,0,0,1,0
gloss,True,1,010000,Cm,,True,2,110000,Cm,Kn,0.734,0.93,0.384,0.48,0.537,0.16,0.733774,0.853591,0,0.929544,0.825967,1,0.384493,0.585635,0,0.479608,0.629834,0,0.537427,0.662983,0,0.159822,0.81768,0,0,1,0,0,0,0
glow,True,1,100000,Kn,,True,2,110000,Kn,Cm,0.909,0.835,0.372,0.501,0.552,0.151,0.909029,0.853591,1,0.83473,0.825967,1,0.371816,0.585635,0,0.500737,0.629834,0,0.551962,0.662983,0,0.151113,0.81768,0,1,0,0,0,0,0
go,True,1,001000,Ap,,True,2,001100,Ap,An,0.452,0.629,0.979,0.612,0.103,0.272,0.45219,0.853591,0,0.628963,0.825967,0,0.978942,0.585635,1,0.612423,0.629834,0,0.103093,0.662983,0,0.271816,0.81768,0,0,0,1,0,0,0
govern,True,1,001000,Ap,,True,3,001101,Ev,"Ap, An",0.149,0.159,0.612,0.59,0.522,0.73,0.149171,0.853591,0,0.158695,0.825967,0,0.612394,0.585635,1,0.590094,0.629834,0,0.521746,0.662983,0,0.729511,0.81768,0,0,0,1,0,0,0
grab,True,1,001000,Ap,,True,3,101100,Ap,"Kn, An",0.851,0.471,0.904,0.589,0.403,0.272,0.850919,0.853591,0,0.471259,0.825967,0,0.904292,0.585635,1,0.589314,0.629834,0,0.402627,0.662983,0,0.271714,0.81768,0,0,0,1,0,0,0
grant,True,2,001100,An,Ap,True,2,001100,An,Ap,0.149,0.231,0.629,0.637,0.101,0.145,0.149171,0.853591,0,0.231461,0.825967,0,0.628785,0.585635,1,0.63684,0.629834,1,0.101478,0.662983,0,0.14525,0.81768,0,0,0,1,1,0,0
granulate,True,1,000010,Sn,,True,2,001010,Sn,Ap,0.229,0.633,0.516,0.483,0.733,0.351,0.22854,0.853591,0,0.632693,0.825967,0,0.515985,0.585635,0,0.48259,0.629834,0,0.733121,0.662983,1,0.350809,0.81768,0,0,0,0,0,1,0
grapple,True,1,000010,Sn,,True,2,010010,Sn,Cm,0.638,0.766,0.258,0.341,0.772,0.602,0.637865,0.853591,0,0.766389,0.825967,0,0.257702,0.585635,0,0.341335,0.629834,0,0.771888,0.662983,1,0.602281,0.81768,0,0,0,0,0,1,0
grasp,True,1,001000,Ap,,True,4,111100,Ap,"Kn, Cm, An",0.811,0.703,0.813,0.708,0.129,0.571,0.810713,0.853591,0,0.703279,0.825967,0,0.812862,0.585635,1,0.707676,0.629834,1,0.129451,0.662983,0,0.57092,0.81768,0,0,0,1,0,0,0
grate,True,1,000100,An,,True,3,010101,Cm,"An, Ev",0.57,0.748,0.232,0.746,0.175,0.736,0.570029,0.853591,0,0.747853,0.825967,0,0.232423,0.585635,0,0.745656,0.629834,1,0.174978,0.662983,0,0.735834,0.81768,0,0,0,0,1,0,0
gravitate,True,1,001000,Ap,,True,1,001000,Ap,,0.446,0.378,0.628,0.252,0.411,0.501,0.445901,0.853591,0,0.377975,0.825967,0,0.627514,0.585635,1,0.251719,0.629834,0,0.410509,0.662983,0,0.50054,0.81768,0,0,0,1,0,0,0
graze,True,1,001000,Ap,,True,2,101000,Ap,Kn,0.839,0.23,0.931,0.24,0.103,0.056,0.839405,0.853591,0,0.230345,0.825967,0,0.930584,0.585635,1,0.240034,0.629834,0,0.10306,0.662983,0,0.056423,0.81768,0,0,0,1,0,0,0
grind,True,1,000100,An,,True,1,000100,An,,0.438,0.171,0.243,0.739,0.384,0.635,0.437979,0.853591,0,0.170631,0.825967,0,0.242689,0.585635,0,0.738919,0.629834,1,0.384352,0.662983,0,0.634505,0.81768,0,0,0,0,1,0,0
groove,True,1,000100,An,,True,2,100100,Kn,An,0.748,0.38,0.363,0.732,0.102,0.502,0.747627,0.853591,0,0.38021,0.825967,0,0.363029,0.585635,0,0.732186,0.629834,1,0.102376,0.662983,0,0.502301,0.81768,0,0,0,0,1,0,0
grout,True,1,000100,An,,True,3,100110,Kn,"An, Sn",0.839,0.551,0.24,0.678,0.644,0.282,0.839487,0.853591,0,0.551115,0.825967,0,0.239663,0.585635,0,0.678192,0.629834,1,0.643829,0.662983,0,0.281796,0.81768,0,0,0,0,1,0,0
grow,True,2,001010,Ap,Sn,True,2,001010,Ap,Sn,0.222,0.061,0.918,0.105,0.906,0.015,0.222219,0.853591,0,0.061055,0.825967,0,0.917538,0.585635,1,0.104729,0.629834,0,0.906274,0.662983,1,0.015492,0.81768,0,0,0,1,0,1,0
guarantee,False,0,000000,,,True,2,010001,Ev,Cm,0.54,0.703,0.112,0.425,0.175,0.753,0.540444,0.853591,0,0.703095,0.825967,0,0.111653,0.585635,0,0.424919,0.629834,0,0.174613,0.662983,0,0.752956,0.81768,0,0,0,0,0,0,0
guard,True,1,000001,Ev,,True,1,000001,Ev,,0.174,0.236,0.266,0.02,0.354,0.867,0.173911,0.853591,0,0.235722,0.825967,0,0.266023,0.585635,0,0.019997,0.629834,0,0.354387,0.662983,0,0.86661,0.81768,1,0,0,0,0,0,1
guess,True,4,110101,Kn,"Cm, An, Ev",True,4,110101,Kn,"Cm, An, Ev",0.935,0.929,0.419,0.922,0.519,0.845,0.935087,0.853591,1,0.928817,0.825967,1,0.419266,0.585635,0,0.921643,0.629834,1,0.519343,0.662983,0,0.845054,0.81768,1,1,1,0,1,0,1
hallucinate,True,1,000010,Sn,,True,1,000010,Sn,,0.585,0.639,0.054,0.223,0.864,0.45,0.585475,0.853591,0,0.638719,0.825967,0,0.054257,0.585635,0,0.22341,0.629834,0,0.864405,0.662983,1,0.449865,0.81768,0,0,0,0,0,1,0
halt,False,0,000000,,,True,2,000101,Ev,An,0.413,0.385,0.231,0.583,0.487,0.817,0.413376,0.853591,0,0.384925,0.825967,0,0.230696,0.585635,0,0.583475,0.629834,0,0.487257,0.662983,0,0.816849,0.81768,0,0,0,0,0,0,0
halve,True,1,001000,Ap,,True,1,001000,Ap,,0.369,0.552,0.688,0.373,0.169,0.281,0.369362,0.853591,0,0.552221,0.825967,0,0.688316,0.585635,1,0.372993,0.629834,0,0.169211,0.662983,0,0.281236,0.81768,0,0,0,1,0,0,0
hamper,True,1,000010,Sn,,True,2,001010,Sn,Ap,0.311,0.066,0.634,0.503,0.785,0.348,0.310692,0.853591,0,0.066318,0.825967,0,0.633923,0.585635,1,0.503386,0.629834,0,0.784994,0.662983,1,0.348359,0.81768,0,0,0,0,0,1,0
handcraft,True,1,001000,Ap,,True,3,001110,Ap,"An, Sn",0.355,0.617,0.932,0.606,0.778,0.332,0.355438,0.853591,0,0.617007,0.825967,0,0.931572,0.585635,1,0.606084,0.629834,0,0.7785,0.662983,1,0.331522,0.81768,0,0,0,1,0,0,0
handicap,True,1,100000,Kn,,True,2,100001,Kn,Ev,0.9,0.373,0.11,0.253,0.269,0.781,0.899601,0.853591,1,0.373347,0.825967,0,0.109533,0.585635,0,0.252957,0.629834,0,0.269483,0.662983,0,0.780713,0.81768,0,1,0,0,0,0,0
hang,False,0,000000,,,True,2,100001,Kn,Ev,0.757,0.37,0.475,0.493,0.102,0.741,0.757428,0.853591,0,0.370293,0.825967,0,0.474957,0.585635,0,0.493205,0.629834,0,0.102433,0.662983,0,0.740979,0.81768,0,0,0,0,0,0,0
happen,True,1,001000,Ap,,True,3,011010,Cm,"Ap, Sn",0.586,0.74,0.636,0.232,0.642,0.313,0.586273,0.853591,0,0.739675,0.825967,0,0.635746,0.585635,1,0.232067,0.629834,0,0.641713,0.662983,0,0.313152,0.81768,0,0,0,1,0,0,0
harbor,True,1,001000,Ap,,True,1,001000,Ap,,0.625,0.553,0.636,0.096,0.179,0.459,0.625179,0.853591,0,0.552801,0.825967,0,0.635864,0.585635,1,0.095879,0.629834,0,0.179149,0.662983,0,0.458706,0.81768,0,0,0,1,0,0,0
harden,True,1,000001,Ev,,True,2,100001,Ev,Kn,0.82,0.402,0.032,0.096,0.28,0.891,0.819999,0.853591,0,0.401563,0.825967,0,0.031535,0.585635,0,0.095849,0.629834,0,0.279777,0.662983,0,0.890861,0.81768,1,0,0,0,0,0,1
hark,True,1,100000,Kn,,True,2,110000,Kn,Cm,0.905,0.836,0.051,0.061,0.533,0.312,0.904535,0.853591,1,0.8355,0.825967,1,0.050575,0.585635,0,0.061192,0.629834,0,0.533127,0.662983,0,0.312159,0.81768,0,1,0,0,0,0,0
harm,True,1,001000,Ap,,True,1,001000,Ap,,0.422,0.052,0.86,0.056,0.192,0.623,0.421898,0.853591,0,0.051909,0.825967,0,0.859752,0.585635,1,0.056493,0.629834,0,0.191749,0.662983,0,0.62269,0.81768,0,0,0,1,0,0,0
harmonise,True,1,000010,Sn,,True,1,000010,Sn,,0.415,0.164,0.048,0.086,0.818,0.446,0.414644,0.853591,0,0.164125,0.825967,0,0.047592,0.585635,0,0.086112,0.629834,0,0.818351,0.662983,1,0.445613,0.81768,0,0,0,0,0,1,0
harness,True,1,000100,An,,True,3,101100,Kn,"Ap, An",0.82,0.348,0.53,0.722,0.011,0.486,0.820062,0.853591,0,0.348189,0.825967,0,0.530358,0.585635,0,0.722342,0.629834,1,0.011387,0.662983,0,0.486226,0.81768,0,0,0,0,1,0,0
harvest,True,1,001000,Ap,,True,2,001010,Ap,Sn,0.684,0.056,0.846,0.305,0.625,0.403,0.683803,0.853591,0,0.056296,0.825967,0,0.845815,0.585635,1,0.304956,0.629834,0,0.625095,0.662983,0,0.403211,0.81768,0,0,0,1,0,0,0
hate,True,1,000001,Ev,,True,1,000001,Ev,,0.379,0.533,0.385,0.402,0.174,0.936,0.379347,0.853591,0,0.533498,0.825967,0,0.385244,0.585635,0,0.401586,0.629834,0,0.174323,0.662983,0,0.936186,0.81768,1,0,0,0,0,0,1
haunt,True,1,100000,Kn,,True,2,101000,Kn,Ap,0.975,0.678,0.504,0.502,0.007,0.125,0.97544,0.853591,1,0.67837,0.825967,0,0.503554,0.585635,0,0.501778,0.629834,0,0.007361,0.662983,0,0.125156,0.81768,0,1,0,0,0,0,0
heal,True,1,000010,Sn,,True,2,000011,Sn,Ev,0.363,0.145,0.388,0.03,0.863,0.713,0.362513,0.853591,0,0.144706,0.825967,0,0.388212,0.585635,0,0.029586,0.629834,0,0.863394,0.662983,1,0.713098,0.81768,0,0,0,0,0,1,0
hear,True,1,100000,Kn,,True,1,100000,Kn,,0.952,0.668,0.03,0.009,0.533,0.267,0.952134,0.853591,1,0.667719,0.825967,0,0.029505,0.585635,0,0.008819,0.629834,0,0.533495,0.662983,0,0.266628,0.81768,0,1,0,0,0,0,0
heave,True,1,100000,Kn,,True,1,100000,Kn,,0.893,0.329,0.379,0.133,0.099,0.619,0.89306,0.853591,1,0.328522,0.825967,0,0.379077,0.585635,0,0.133156,0.629834,0,0.099361,0.662983,0,0.618516,0.81768,0,1,0,0,0,0,0
heed,True,1,000010,Sn,,True,2,100010,Kn,Sn,0.853,0.078,0.231,0.009,0.777,0.487,0.853257,0.853591,0,0.07751,0.825967,0,0.231468,0.585635,0,0.009358,0.629834,0,0.777256,0.662983,1,0.48673,0.81768,0,0,0,0,0,1,0
heighten,True,1,001000,Ap,,True,1,001000,Ap,,0.174,0.075,0.931,0.323,0.454,0.025,0.173683,0.853591,0,0.075395,0.825967,0,0.931138,0.585635,1,0.322675,0.629834,0,0.454335,0.662983,0,0.025157,0.81768,0,0,0,1,0,0,0
help,False,0,000000,,,False,0,000000,,,0.536,0.184,0.352,0.237,0.454,0.687,0.53554,0.853591,0,0.183647,0.825967,0,0.351866,0.585635,0,0.236549,0.629834,0,0.454174,0.662983,0,0.686867,0.81768,0,0,0,0,0,0,0
hesitate,True,1,000001,Ev,,True,2,000101,Ev,An,0.571,0.051,0.341,0.809,0.391,0.963,0.570518,0.853591,0,0.051294,0.825967,0,0.340689,0.585635,0,0.808597,0.629834,1,0.390575,0.662983,0,0.962604,0.81768,1,0,0,0,0,0,1
hide,True,1,100000,Kn,,True,2,110000,Kn,Cm,0.961,0.786,0.296,0.129,0.391,0.561,0.960649,0.853591,1,0.785763,0.825967,0,0.295904,0.585635,0,0.128983,0.629834,0,0.39092,0.662983,0,0.561282,0.81768,0,1,0,0,0,0,0
highlight,True,1,100000,Kn,,True,3,110100,Kn,"Cm, An",0.923,0.774,0.09,0.636,0.297,0.451,0.922674,0.853591,1,0.773784,0.825967,0,0.090434,0.585635,0,0.636463,0.629834,1,0.297025,0.662983,0,0.450968,0.81768,0,1,0,0,0,0,0
hinder,True,1,000001,Ev,,True,2,001001,Ev,Ap,0.149,0.341,0.547,0.231,0.28,0.949,0.149171,0.853591,0,0.341055,0.825967,0,0.547285,0.585635,0,0.2314,0.629834,0,0.279653,0.662983,0,0.948585,0.81768,1,0,0,0,0,0,1
hit,False,0,000000,,,True,3,110001,Kn,"Cm, Ev",0.819,0.719,0.122,0.103,0.03,0.781,0.819479,0.853591,0,0.719341,0.825967,0,0.122277,0.585635,0,0.103145,0.629834,0,0.030003,0.662983,0,0.781074,0.81768,0,0,0,0,0,0,0
hoist,False,0,000000,,,True,1,100000,Kn,,0.73,0.052,0.393,0.224,0.309,0.497,0.730323,0.853591,0,0.051634,0.825967,0,0.393379,0.585635,0,0.224426,0.629834,0,0.309248,0.662983,0,0.497095,0.81768,0,0,0,0,0,0,0
hold,True,1,100000,Kn,,True,1,100000,Kn,,0.894,0.646,0.414,0.347,0.304,0.607,0.893889,0.853591,1,0.645986,0.825967,0,0.41376,0.585635,0,0.347463,0.629834,0,0.30378,0.662983,0,0.60716,0.81768,0,1,0,0,0,0,0
homogenize,True,1,000010,Sn,,True,2,000110,Sn,An,0.181,0.648,0.469,0.739,0.874,0.331,0.181141,0.853591,0,0.647597,0.825967,0,0.469272,0.585635,0,0.739371,0.629834,1,0.873699,0.662983,1,0.330921,0.81768,0,0,0,0,0,1,0
hone,False,0,000000,,,False,0,000000,,,0.293,0.19,0.273,0.483,0.56,0.064,0.292559,0.853591,0,0.190397,0.825967,0,0.273401,0.585635,0,0.483017,0.629834,0,0.55982,0.662983,0,0.064034,0.81768,0,0,0,0,0,0,0
hop,True,1,000100,An,,True,2,100100,Kn,An,0.838,0.509,0.228,0.659,0.11,0.182,0.83797,0.853591,0,0.508743,0.825967,0,0.228051,0.585635,0,0.659367,0.629834,1,0.109516,0.662983,0,0.182401,0.81768,0,0,0,0,1,0,0
hope,True,1,000010,Sn,,True,1,000010,Sn,,0.688,0.066,0.058,0.013,0.934,0.509,0.688493,0.853591,0,0.065872,0.825967,0,0.05791,0.585635,0,0.012691,0.629834,0,0.934122,0.662983,1,0.508596,0.81768,0,0,0,0,0,1,0
humanize,True,1,000010,Sn,,True,1,000010,Sn,,0.24,0.638,0.402,0.353,0.797,0.402,0.240134,0.853591,0,0.638441,0.825967,0,0.402148,0.585635,0,0.352613,0.629834,0,0.79689,0.662983,1,0.401878,0.81768,0,0,0,0,0,1,0
humidify,True,1,000010,Sn,,True,1,000010,Sn,,0.149,0.326,0.257,0.353,0.914,0.513,0.149171,0.853591,0,0.326256,0.825967,0,0.257165,0.585635,0,0.353091,0.629834,0,0.913953,0.662983,1,0.513095,0.81768,0,0,0,0,0,1,0
hurt,True,1,100000,Kn,,True,3,110001,Kn,"Cm, Ev",0.938,0.834,0.008,0.374,0.412,0.747,0.937704,0.853591,1,0.833935,0.825967,1,0.007705,0.585635,0,0.373915,0.629834,0,0.411546,0.662983,0,0.747085,0.81768,0,1,0,0,0,0,0
hybridize,True,1,000010,Sn,,True,1,000010,Sn,,0.31,0.557,0.472,0.232,0.961,0.349,0.309613,0.853591,0,0.556751,0.825967,0,0.472229,0.585635,0,0.232097,0.629834,0,0.960596,0.662983,1,0.34886,0.81768,0,0,0,0,0,1,0
hydrate,False,0,000000,,,True,2,000110,An,Sn,0.236,0.017,0.007,0.623,0.575,0.5,0.23621,0.853591,0,0.016575,0.825967,0,0.006927,0.585635,0,0.622954,0.629834,0,0.575474,0.662983,0,0.500074,0.81768,0,0,0,0,0,0,0
hydrogenate,True,1,000010,Sn,,True,2,100010,Kn,Sn,0.832,0.342,0.006,0.339,0.805,0.651,0.832052,0.853591,0,0.341637,0.825967,0,0.00644,0.585635,0,0.338758,0.629834,0,0.805001,0.662983,1,0.651105,0.81768,0,0,0,0,0,1,0
hydrolyze,True,1,000010,Sn,,True,1,000010,Sn,,0.149,0.017,0.465,0.482,0.722,0.364,0.149171,0.853591,0,0.016575,0.825967,0,0.465252,0.585635,0,0.481534,0.629834,0,0.722124,0.662983,1,0.363917,0.81768,0,0,0,0,0,1,0
idealize,True,1,000010,Sn,,True,2,001010,Sn,Ap,0.459,0.398,0.621,0.017,0.917,0.124,0.458961,0.853591,0,0.397773,0.825967,0,0.620845,0.585635,1,0.016899,0.629834,0,0.917238,0.662983,1,0.123603,0.81768,0,0,0,0,0,1,0
ideate,True,1,000010,Sn,,True,1,000010,Sn,,0.367,0.648,0.102,0.335,0.917,0.622,0.367095,0.853591,0,0.647988,0.825967,0,0.101919,0.585635,0,0.334754,0.629834,0,0.917286,0.662983,1,0.621575,0.81768,0,0,0,0,0,1,0
ignite,True,1,000010,Sn,,True,1,000010,Sn,,0.451,0.197,0.258,0.009,0.699,0.617,0.450902,0.853591,0,0.197215,0.825967,0,0.257865,0.585635,0,0.009172,0.629834,0,0.699009,0.662983,1,0.617029,0.81768,0,0,0,0,0,1,0
ignore,False,0,000000,,,True,3,001011,Ev,"Ap, Sn",0.183,0.098,0.56,0.234,0.642,0.701,0.18303,0.853591,0,0.098033,0.825967,0,0.560082,0.585635,0,0.2337,0.629834,0,0.641978,0.662983,0,0.700983,0.81768,0,0,0,0,0,0,0
illuminate,True,1,000010,Sn,,True,2,001010,Sn,Ap,0.599,0.544,0.634,0.042,0.849,0.055,0.598569,0.853591,0,0.543675,0.825967,0,0.633694,0.585635,1,0.041862,0.629834,0,0.849224,0.662983,1,0.055007,0.81768,0,0,0,0,0,1,0
imbibe,True,1,100000,Kn,,True,2,110000,Kn,Cm,0.905,0.725,0.118,0.047,0.181,0.332,0.90493,0.853591,1,0.724652,0.825967,0,0.1181,0.585635,0,0.047472,0.629834,0,0.181163,0.662983,0,0.331824,0.81768,0,1,0,0,0,0,0
imbue,True,1,000010,Sn,,True,2,000110,Sn,An,0.441,0.535,0.137,0.639,0.702,0.5,0.440587,0.853591,0,0.534524,0.825967,0,0.137201,0.585635,0,0.63915,0.629834,1,0.702437,0.662983,1,0.500332,0.81768,0,0,0,0,0,1,0
immerse,True,2,001010,Sn,Ap,True,2,001010,Sn,Ap,0.425,0.203,0.728,0.056,0.737,0.236,0.425205,0.853591,0,0.202731,0.825967,0,0.72832,0.585635,1,0.055614,0.629834,0,0.736757,0.662983,1,0.235639,0.81768,0,0,0,1,0,1,0
immobilize,True,1,001000,Ap,,True,1,001000,Ap,,0.149,0.05,0.831,0.374,0.418,0.524,0.149171,0.853591,0,0.049785,0.825967,0,0.831012,0.585635,1,0.374239,0.629834,0,0.41757,0.662983,0,0.524356,0.81768,0,0,0,1,0,0,0
immunize,True,2,000011,Ev,Sn,True,3,001011,Ev,"Ap, Sn",0.299,0.202,0.539,0.052,0.763,0.823,0.299157,0.853591,0,0.202343,0.825967,0,0.538675,0.585635,0,0.051684,0.629834,0,0.763278,0.662983,1,0.822571,0.81768,1,0,0,0,0,1,1
impair,True,1,001000,Ap,,True,1,001000,Ap,,0.437,0.534,0.933,0.113,0.28,0.271,0.43657,0.853591,0,0.533639,0.825967,0,0.932544,0.585635,1,0.11255,0.629834,0,0.280428,0.662983,0,0.271331,0.81768,0,0,0,1,0,0,0
impart,True,1,001000,Ap,,True,1,001000,Ap,,0.312,0.297,0.896,0.029,0.52,0.011,0.311624,0.853591,0,0.296519,0.825967,0,0.895732,0.585635,1,0.028762,0.629834,0,0.519719,0.662983,0,0.01105,0.81768,0,0,0,1,0,0,0
impede,True,1,000001,Ev,,True,1,000001,Ev,,0.149,0.144,0.402,0.356,0.174,0.819,0.149171,0.853591,0,0.144413,0.825967,0,0.401825,0.585635,0,0.356125,0.629834,0,0.174056,0.662983,0,0.819467,0.81768,1,0,0,0,0,0,1
impend,True,1,001000,Ap,,True,1,001000,Ap,,0.212,0.339,0.761,0.211,0.282,0.174,0.212407,0.853591,0,0.33883,0.825967,0,0.761368,0.585635,1,0.210936,0.629834,0,0.281874,0.662983,0,0.173746,0.81768,0,0,0,1,0,0,0
impinge,True,1,000001,Ev,,True,1,000001,Ev,,0.31,0.236,0.246,0.476,0.174,0.843,0.31024,0.853591,0,0.235834,0.825967,0,0.246484,0.585635,0,0.475517,0.629834,0,0.173516,0.662983,0,0.84273,0.81768,1,0,0,0,0,0,1
implicate,True,1,000100,An,,True,1,000100,An,,0.149,0.649,0.023,0.691,0.171,0.502,0.149171,0.853591,0,0.648618,0.825967,0,0.022803,0.585635,0,0.690753,0.629834,1,0.170566,0.662983,0,0.501791,0.81768,0,0,0,0,1,0,0
imply,True,1,010000,Cm,,True,3,010101,Cm,"An, Ev",0.321,0.956,0.322,0.67,0.266,0.78,0.321496,0.853591,0,0.956253,0.825967,1,0.322109,0.585635,0,0.669644,0.629834,1,0.265666,0.662983,0,0.780106,0.81768,0,0,1,0,0,0,0
impose,False,0,000000,,,True,1,000001,Ev,,0.171,0.029,0.465,0.051,0.409,0.779,0.171189,0.853591,0,0.028907,0.825967,0,0.464944,0.585635,0,0.050837,0.629834,0,0.408921,0.662983,0,0.7795,0.81768,0,0,0,0,0,0,0
impregnate,False,0,000000,,,False,0,000000,,,0.335,0.383,0.11,0.095,0.4,0.453,0.335094,0.853591,0,0.382743,0.825967,0,0.109708,0.585635,0,0.094884,0.629834,0,0.399704,0.662983,0,0.453421,0.81768,0,0,0,0,0,0,0
impress,True,1,001000,Ap,,True,2,001010,Ap,Sn,0.312,0.515,0.787,0.061,0.695,0.06,0.311615,0.853591,0,0.514873,0.825967,0,0.78665,0.585635,1,0.061493,0.629834,0,0.694926,0.662983,1,0.060062,0.81768,0,0,0,1,0,0,0
improvise,True,1,001000,Ap,,True,2,001010,Ap,Sn,0.284,0.523,0.987,0.483,0.722,0.063,0.283535,0.853591,0,0.522674,0.825967,0,0.987025,0.585635,1,0.482937,0.629834,0,0.722427,0.662983,1,0.06253,0.81768,0,0,0,1,0,0,0
impute,False,0,000000,,,False,0,000000,,,0.258,0.64,0.48,0.386,0.28,0.351,0.257954,0.853591,0,0.640011,0.825967,0,0.480011,0.585635,0,0.385617,0.629834,0,0.280409,0.662983,0,0.351298,0.81768,0,0,0,0,0,0,0
inactivate,True,1,001000,Ap,,True,1,001000,Ap,,0.149,0.063,0.852,0.503,0.279,0.327,0.149171,0.853591,0,0.063024,0.825967,0,0.852485,0.585635,1,0.503028,0.629834,0,0.279449,0.662983,0,0.327287,0.81768,0,0,0,1,0,0,0
inaugurate,True,1,000010,Sn,,True,1,000010,Sn,,0.217,0.106,0.356,0.27,0.947,0.187,0.217003,0.853591,0,0.106215,0.825967,0,0.355671,0.585635,0,0.269852,0.629834,0,0.946853,0.662983,1,0.186759,0.81768,0,0,0,0,0,1,0
incise,True,2,001010,Sn,Ap,True,2,001010,Sn,Ap,0.41,0.213,0.713,0.103,0.725,0.04,0.410223,0.853591,0,0.213432,0.825967,0,0.712612,0.585635,1,0.10319,0.629834,0,0.724975,0.662983,1,0.040267,0.81768,0,0,0,1,0,1,0
increase,True,1,000010,Sn,,True,2,001010,Sn,Ap,0.149,0.083,0.752,0.094,0.839,0.08,0.149171,0.853591,0,0.082906,0.825967,0,0.752153,0.585635,1,0.094191,0.629834,0,0.838859,0.662983,1,0.080042,0.81768,0,0,0,0,0,1,0
incubate,True,1,000010,Sn,,True,1,000010,Sn,,0.334,0.017,0.238,0.224,0.985,0.436,0.334359,0.853591,0,0.016575,0.825967,0,0.23772,0.585635,0,0.224111,0.629834,0,0.985276,0.662983,1,0.435562,0.81768,0,0,0,0,0,1,0
inculcate,True,1,000010,Sn,,True,3,001011,Sn,"Ap, Ev",0.149,0.041,0.62,0.013,0.89,0.699,0.149171,0.853591,0,0.041416,0.825967,0,0.62047,0.585635,1,0.012604,0.629834,0,0.890431,0.662983,1,0.699139,0.81768,0,0,0,0,0,1,0
incur,True,1,000001,Ev,,True,1,000001,Ev,,0.149,0.535,0.244,0.233,0.309,0.836,0.149171,0.853591,0,0.534513,0.825967,0,0.244024,0.585635,0,0.232974,0.629834,0,0.309485,0.662983,0,0.836034,0.81768,1,0,0,0,0,0,1
indict,True,1,000001,Ev,,True,1,000001,Ev,,0.3,0.151,0.247,0.121,0.397,0.85,0.300017,0.853591,0,0.151313,0.825967,0,0.246759,0.585635,0,0.120884,0.629834,0,0.397449,0.662983,0,0.850342,0.81768,1,0,0,0,0,0,1
induce,True,1,000010,Sn,,True,2,000011,Sn,Ev,0.149,0.017,0.136,0.043,0.985,0.711,0.149171,0.853591,0,0.016575,0.825967,0,0.135539,0.585635,0,0.043343,0.629834,0,0.985362,0.662983,1,0.710999,0.81768,0,0,0,0,0,1,0
industrialize,True,1,000010,Sn,,True,2,001010,Sn,Ap,0.149,0.284,0.841,0.46,0.974,0.504,0.149171,0.853591,0,0.283678,0.825967,0,0.840539,0.585635,1,0.45956,0.629834,0,0.973753,0.662983,1,0.504343,0.81768,0,0,0,0,0,1,0
infect,False,0,000000,,,True,1,000001,Ev,,0.149,0.499,0.253,0.458,0.332,0.766,0.149171,0.853591,0,0.498941,0.825967,0,0.253124,0.585635,0,0.458335,0.629834,0,0.331879,0.662983,0,0.765906,0.81768,0,0,0,0,0,0,0
inflame,False,0,000000,,,True,2,000101,Ev,An,0.149,0.477,0.371,0.543,0.436,0.752,0.149171,0.853591,0,0.477386,0.825967,0,0.371481,0.585635,0,0.543486,0.629834,0,0.435869,0.662983,0,0.751864,0.81768,0,0,0,0,0,0,0
inflate,True,2,001010,Sn,Ap,True,2,001010,Sn,Ap,0.149,0.552,0.671,0.338,0.703,0.13,0.149171,0.853591,0,0.55176,0.825967,0,0.670516,0.585635,1,0.33757,0.629834,0,0.702658,0.662983,1,0.129517,0.81768,0,0,0,1,0,1,0
infringe,True,2,100001,Ev,Kn,True,3,100101,Ev,"Kn, An",0.873,0.612,0.251,0.606,0.177,0.879,0.872716,0.853591,1,0.612279,0.825967,0,0.251246,0.585635,0,0.605832,0.629834,0,0.177142,0.662983,0,0.879107,0.81768,1,1,0,0,0,0,1
infuse,True,1,000100,An,,True,1,000100,An,,0.149,0.064,0.441,0.809,0.446,0.676,0.149171,0.853591,0,0.063993,0.825967,0,0.441123,0.585635,0,0.808518,0.629834,1,0.446244,0.662983,0,0.675501,0.81768,0,0,0,0,1,0,0
ingest,True,2,001100,An,Ap,True,2,001100,An,Ap,0.454,0.351,0.634,0.651,0.099,0.46,0.454192,0.853591,0,0.350815,0.825967,0,0.63409,0.585635,1,0.650626,0.629834,1,0.099312,0.662983,0,0.45977,0.81768,0,0,0,1,1,0,0
ingrain,True,1,000100,An,,True,1,000100,An,,0.411,0.515,0.371,0.732,0.122,0.362,0.410847,0.853591,0,0.515354,0.825967,0,0.371004,0.585635,0,0.732255,0.629834,1,0.122283,0.662983,0,0.361947,0.81768,0,0,0,0,1,0,0
inhabit,True,1,001000,Ap,,True,2,001010,Ap,Sn,0.529,0.456,0.933,0.153,0.809,0.328,0.529243,0.853591,0,0.456382,0.825967,0,0.933417,0.585635,1,0.152723,0.629834,0,0.808965,0.662983,1,0.327917,0.81768,0,0,0,1,0,0,0
inherit,True,1,001000,Ap,,True,2,101000,Ap,Kn,0.872,0.054,0.972,0.095,0.493,0.268,0.871678,0.853591,1,0.05431,0.825967,0,0.971976,0.585635,1,0.095325,0.629834,0,0.493453,0.662983,0,0.267809,0.81768,0,0,0,1,0,0,0
inhibit,False,0,000000,,,True,1,000001,Ev,,0.149,0.049,0.416,0.15,0.141,0.701,0.149171,0.853591,0,0.049244,0.825967,0,0.416192,0.585635,0,0.149956,0.629834,0,0.141493,0.662983,0,0.70095,0.81768,0,0,0,0,0,0,0
initialize,True,1,000010,Sn,,True,2,001010,Sn,Ap,0.205,0.111,0.527,0.122,0.985,0.447,0.204527,0.853591,0,0.110735,0.825967,0,0.526766,0.585635,0,0.122346,0.629834,0,0.984932,0.662983,1,0.44666,0.81768,0,0,0,0,0,1,0
inject,True,3,001011,Ap,"Sn, Ev",True,3,001011,Ap,"Sn, Ev",0.149,0.041,0.848,0.455,0.722,0.828,0.149171,0.853591,0,0.041132,0.825967,0,0.848137,0.585635,1,0.454842,0.629834,0,0.721931,0.662983,1,0.827506,0.81768,1,0,0,1,0,1,1
injure,True,1,001000,Ap,,True,1,001000,Ap,,0.249,0.23,0.727,0.047,0.514,0.668,0.249447,0.853591,0,0.229932,0.825967,0,0.726937,0.585635,1,0.046591,0.629834,0,0.514114,0.662983,0,0.667808,0.81768,0,0,0,1,0,0,0
innovate,True,1,000010,Sn,,True,3,001110,Sn,"Ap, An",0.177,0.477,0.739,0.595,0.94,0.552,0.177261,0.853591,0,0.477174,0.825967,0,0.738954,0.585635,1,0.595465,0.629834,0,0.939785,0.662983,1,0.551616,0.81768,0,0,0,0,0,1,0
inoculate,True,1,000010,Sn,,True,1,000010,Sn,,0.335,0.017,0.331,0.039,0.921,0.329,0.334559,0.853591,0,0.016575,0.825967,0,0.331072,0.585635,0,0.03905,0.629834,0,0.920656,0.662983,1,0.328735,0.81768,0,0,0,0,0,1,0
input,True,1,000100,An,,True,1,000100,An,,0.149,0.666,0.476,0.636,0.418,0.35,0.149171,0.853591,0,0.666035,0.825967,0,0.475963,0.585635,0,0.635832,0.629834,1,0.417546,0.662983,0,0.350124,0.81768,0,0,0,0,1,0,0
inscribe,True,1,000010,Sn,,True,2,001010,Sn,Ap,0.588,0.04,0.514,0.124,0.959,0.129,0.588187,0.853591,0,0.039853,0.825967,0,0.513614,0.585635,0,0.123945,0.629834,0,0.958794,0.662983,1,0.128922,0.81768,0,0,0,0,0,1,0
insert,True,1,000010,Sn,,True,1,000010,Sn,,0.149,0.232,0.028,0.352,0.844,0.291,0.149171,0.853591,0,0.231592,0.825967,0,0.028186,0.585635,0,0.352462,0.629834,0,0.844077,0.662983,1,0.291208,0.81768,0,0,0,0,0,1,0
insist,True,1,000001,Ev,,True,2,000101,Ev,An,0.268,0.052,0.258,0.599,0.21,0.93,0.26822,0.853591,0,0.05235,0.825967,0,0.257516,0.585635,0,0.599221,0.629834,0,0.209891,0.662983,0,0.929871,0.81768,1,0,0,0,0,0,1
inspire,True,1,000010,Sn,,True,2,001010,Sn,Ap,0.229,0.151,0.588,0.095,0.951,0.546,0.228884,0.853591,0,0.151019,0.825967,0,0.587874,0.585635,1,0.095086,0.629834,0,0.951479,0.662983,1,0.545829,0.81768,0,0,0,0,0,1,0
install,False,0,000000,,,True,1,001000,Ap,,0.313,0.054,0.517,0.094,0.411,0.321,0.31267,0.853591,0,0.053912,0.825967,0,0.517452,0.585635,0,0.094464,0.629834,0,0.411107,0.662983,0,0.320831,0.81768,0,0,0,0,0,0,0
instantiate,True,1,000010,Sn,,True,1,000010,Sn,,0.16,0.028,0.477,0.067,0.981,0.371,0.159726,0.853591,0,0.028401,0.825967,0,0.476944,0.585635,0,0.067358,0.629834,0,0.981063,0.662983,1,0.370646,0.81768,0,0,0,0,0,1,0
instigate,True,1,000010,Sn,,True,2,000011,Sn,Ev,0.149,0.051,0.052,0.081,0.889,0.827,0.149171,0.853591,0,0.050687,0.825967,0,0.051908,0.585635,0,0.080682,0.629834,0,0.888798,0.662983,1,0.82683,0.81768,1,0,0,0,0,1,0
instill,True,1,000010,Sn,,True,2,001010,Sn,Ap,0.149,0.017,0.561,0.017,0.898,0.693,0.149171,0.853591,0,0.016575,0.825967,0,0.561378,0.585635,0,0.016831,0.629834,0,0.898483,0.662983,1,0.69259,0.81768,0,0,0,0,0,1,0
institutionalize,True,1,000010,Sn,,True,2,001010,Sn,Ap,0.149,0.236,0.729,0.254,0.927,0.444,0.149171,0.853591,0,0.235511,0.825967,0,0.728852,0.585635,1,0.25381,0.629834,0,0.926987,0.662983,1,0.44447,0.81768,0,0,0,0,0,1,0
insulate,True,1,000010,Sn,,True,3,001011,Sn,"Ap, Ev",0.149,0.068,0.55,0.103,0.844,0.765,0.149171,0.853591,0,0.067811,0.825967,0,0.549881,0.585635,0,0.103137,0.629834,0,0.844009,0.662983,1,0.765368,0.81768,0,0,0,0,0,1,0
insure,True,1,000001,Ev,,True,2,000011,Ev,Sn,0.217,0.064,0.417,0.017,0.768,0.875,0.217087,0.853591,0,0.063936,0.825967,0,0.417434,0.585635,0,0.016714,0.629834,0,0.767797,0.662983,1,0.87493,0.81768,1,0,0,0,0,0,1
intend,True,1,000010,Sn,,True,2,001010,Sn,Ap,0.32,0.071,0.599,0.055,0.812,0.237,0.319537,0.853591,0,0.070895,0.825967,0,0.599047,0.585635,1,0.054958,0.629834,0,0.812482,0.662983,1,0.237487,0.81768,0,0,0,0,0,1,0
intensify,True,1,000010,Sn,,True,2,001010,Sn,Ap,0.165,0.349,0.663,0.175,0.75,0.085,0.165292,0.853591,0,0.349399,0.825967,0,0.662936,0.585635,1,0.174542,0.629834,0,0.750075,0.662983,1,0.084553,0.81768,0,0,0,0,0,1,0
intercalate,True,1,000010,Sn,,True,1,000010,Sn,,0.149,0.556,0.321,0.269,0.69,0.159,0.149171,0.853591,0,0.556291,0.825967,0,0.320628,0.585635,0,0.268552,0.629834,0,0.690481,0.662983,1,0.158731,0.81768,0,0,0,0,0,1,0
intercept,True,1,001000,Ap,,True,2,001010,Sn,Ap,0.549,0.51,0.637,0.134,0.641,0.065,0.548834,0.853591,0,0.510041,0.825967,0,0.637467,0.585635,1,0.13426,0.629834,0,0.640757,0.662983,0,0.064882,0.81768,0,0,0,1,0,0,0
interchange,True,1,000010,Sn,,True,2,001010,Sn,Ap,0.149,0.694,0.595,0.326,0.875,0.104,0.149171,0.853591,0,0.693663,0.825967,0,0.595035,0.585635,1,0.325573,0.629834,0,0.874534,0.662983,1,0.104029,0.81768,0,0,0,0,0,1,0
intercommunicate,True,1,000010,Sn,,True,1,000010,Sn,,0.149,0.431,0.035,0.057,0.846,0.045,0.149171,0.853591,0,0.430926,0.825967,0,0.035479,0.585635,0,0.056511,0.629834,0,0.845599,0.662983,1,0.044583,0.81768,0,0,0,0,0,1,0
interconnect,True,1,000010,Sn,,True,2,000110,Sn,An,0.149,0.431,0.036,0.56,0.755,0.457,0.149171,0.853591,0,0.431034,0.825967,0,0.035645,0.585635,0,0.559771,0.629834,0,0.754542,0.662983,1,0.457279,0.81768,0,0,0,0,0,1,0
interfere,True,1,000010,Sn,,True,1,000010,Sn,,0.409,0.556,0.161,0.215,0.725,0.402,0.408995,0.853591,0,0.556102,0.825967,0,0.160954,0.585635,0,0.215408,0.629834,0,0.72518,0.662983,1,0.401797,0.81768,0,0,0,0,0,1,0
interject,False,0,000000,,,True,1,000010,Sn,,0.354,0.665,0.087,0.018,0.641,0.066,0.354391,0.853591,0,0.664656,0.825967,0,0.086665,0.585635,0,0.017788,0.629834,0,0.641204,0.662983,0,0.066047,0.81768,0,0,0,0,0,0,0
interlace,True,1,010000,Cm,,True,1,010000,Cm,,0.149,0.839,0.177,0.46,0.532,0.059,0.149171,0.853591,0,0.839357,0.825967,1,0.17666,0.585635,0,0.459537,0.629834,0,0.531818,0.662983,0,0.059459,0.81768,0,0,1,0,0,0,0
interleave,False,0,000000,,,False,0,000000,,,0.149,0.235,0.466,0.335,0.42,0.595,0.149171,0.853591,0,0.235055,0.825967,0,0.465624,0.585635,0,0.334683,0.629834,0,0.419559,0.662983,0,0.594885,0.81768,0,0,0,0,0,0,0
interlink,False,0,000000,,,True,1,000010,Sn,,0.298,0.26,0.011,0.28,0.597,0.075,0.298205,0.853591,0,0.259625,0.825967,0,0.010523,0.585635,0,0.279686,0.629834,0,0.597297,0.662983,0,0.075086,0.81768,0,0,0,0,0,0,0
interlock,False,0,000000,,,True,1,000010,Sn,,0.372,0.257,0.003,0.343,0.643,0.574,0.372397,0.853591,0,0.257491,0.825967,0,0.002762,0.585635,0,0.343399,0.629834,0,0.642682,0.662983,0,0.574358,0.81768,0,0,0,0,0,0,0
intermingle,False,0,000000,,,False,0,000000,,,0.512,0.581,0.098,0.308,0.447,0.232,0.511895,0.853591,0,0.58051,0.825967,0,0.098082,0.585635,0,0.30761,0.629834,0,0.447006,0.662983,0,0.232205,0.81768,0,0,0,0,0,0,0
internalize,True,1,000010,Sn,,True,1,000010,Sn,,0.723,0.548,0.465,0.051,0.86,0.304,0.722637,0.853591,0,0.54763,0.825967,0,0.464811,0.585635,0,0.050794,0.629834,0,0.859544,0.662983,1,0.304354,0.81768,0,0,0,0,0,1,0
interpenetrate,True,1,000100,An,,True,1,000100,An,,0.24,0.585,0.005,0.716,0.496,0.238,0.239816,0.853591,0,0.584587,0.825967,0,0.005376,0.585635,0,0.715655,0.629834,1,0.495832,0.662983,0,0.237715,0.81768,0,0,0,0,1,0,0
interpose,False,0,000000,,,False,0,000000,,,0.461,0.628,0.47,0.317,0.449,0.364,0.461067,0.853591,0,0.628234,0.825967,0,0.470441,0.585635,0,0.317128,0.629834,0,0.448872,0.662983,0,0.364009,0.81768,0,0,0,0,0,0,0
interrogate,True,1,000100,An,,True,3,001101,An,"Ap, Ev",0.444,0.455,0.534,0.922,0.018,0.803,0.443531,0.853591,0,0.454876,0.825967,0,0.533651,0.585635,0,0.921899,0.629834,1,0.018164,0.662983,0,0.803138,0.81768,0,0,0,0,1,0,0
intersect,True,1,010000,Cm,,True,3,110100,Cm,"Kn, An",0.738,0.835,0.336,0.597,0.41,0.406,0.73767,0.853591,0,0.83492,0.825967,1,0.335665,0.585635,0,0.596856,0.629834,0,0.409506,0.662983,0,0.40621,0.81768,0,0,1,0,0,0,0
intersperse,False,0,000000,,,True,2,000011,Ev,Sn,0.367,0.687,0.049,0.466,0.645,0.7,0.366711,0.853591,0,0.687129,0.825967,0,0.049121,0.585635,0,0.465715,0.629834,0,0.644826,0.662983,0,0.699712,0.81768,0,0,0,0,0,0,0
interstratify,True,1,010000,Cm,,True,2,010100,Cm,An,0.234,0.841,0.18,0.72,0.501,0.06,0.233641,0.853591,0,0.840732,0.825967,1,0.179842,0.585635,0,0.720433,0.629834,1,0.500772,0.662983,0,0.06046,0.81768,0,0,1,0,0,0,0
intertwine,True,1,000010,Sn,,True,1,000010,Sn,,0.159,0.455,0.003,0.315,0.766,0.218,0.159063,0.853591,0,0.455158,0.825967,0,0.002762,0.585635,0,0.315243,0.629834,0,0.766337,0.662983,1,0.218071,0.81768,0,0,0,0,0,1,0
interweave,True,1,000010,Sn,,True,1,000010,Sn,,0.149,0.26,0.003,0.097,0.846,0.556,0.149171,0.853591,0,0.260288,0.825967,0,0.002762,0.585635,0,0.09666,0.629834,0,0.845531,0.662983,1,0.556025,0.81768,0,0,0,0,0,1,0
intimidate,True,1,000001,Ev,,True,2,000011,Ev,Sn,0.149,0.039,0.213,0.019,0.62,0.868,0.149171,0.853591,0,0.038725,0.825967,0,0.212644,0.585635,0,0.019146,0.629834,0,0.619816,0.662983,0,0.868046,0.81768,1,0,0,0,0,0,1
introduce,True,1,001000,Ap,,True,2,001010,Ap,Sn,0.394,0.455,0.635,0.152,0.616,0.144,0.39404,0.853591,0,0.454918,0.825967,0,0.635432,0.585635,1,0.152067,0.629834,0,0.616425,0.662983,0,0.143536,0.81768,0,0,0,1,0,0,0
inundate,True,1,001000,Ap,,True,2,001010,Ap,Sn,0.149,0.344,0.756,0.013,0.571,0.175,0.149171,0.853591,0,0.343783,0.825967,0,0.756172,0.585635,1,0.012864,0.629834,0,0.570781,0.662983,0,0.174575,0.81768,0,0,0,1,0,0,0
invade,True,1,001000,Ap,,True,1,001000,Ap,,0.227,0.4,0.84,0.062,0.419,0.363,0.227483,0.853591,0,0.399736,0.825967,0,0.840078,0.585635,1,0.062237,0.629834,0,0.418598,0.662983,0,0.362765,0.81768,0,0,0,1,0,0,0
invalidate,True,1,000001,Ev,,True,2,000011,Ev,Sn,0.149,0.073,0.322,0.304,0.617,0.942,0.149171,0.853591,0,0.073283,0.825967,0,0.321784,0.585635,0,0.30437,0.629834,0,0.617374,0.662983,0,0.942264,0.81768,1,0,0,0,0,0,1
invert,True,2,001100,Ap,An,True,2,001100,Ap,An,0.343,0.565,0.705,0.675,0.425,0.522,0.343291,0.853591,0,0.564548,0.825967,0,0.705155,0.585635,1,0.675168,0.629834,1,0.42484,0.662983,0,0.522396,0.81768,0,0,0,1,1,0,0
invest,True,2,001010,Sn,Ap,True,2,001010,Sn,Ap,0.468,0.066,0.932,0.097,0.955,0.281,0.467612,0.853591,0,0.065985,0.825967,0,0.932081,0.585635,1,0.096531,0.629834,0,0.955196,0.662983,1,0.281413,0.81768,0,0,0,1,0,1,0
invite,False,0,000000,,,False,0,000000,,,0.149,0.691,0.035,0.354,0.169,0.553,0.149171,0.853591,0,0.691478,0.825967,0,0.035171,0.585635,0,0.353575,0.629834,0,0.169425,0.662983,0,0.553115,0.81768,0,0,0,0,0,0,0
invoke,False,0,000000,,,True,1,001000,Ap,,0.355,0.456,0.518,0.395,0.404,0.521,0.35542,0.853591,0,0.455984,0.825967,0,0.517995,0.585635,0,0.394947,0.629834,0,0.403754,0.662983,0,0.521363,0.81768,0,0,0,0,0,0,0
involve,True,1,000010,Sn,,True,1,000010,Sn,,0.179,0.547,0.487,0.072,0.671,0.118,0.178961,0.853591,0,0.547299,0.825967,0,0.487225,0.585635,0,0.072169,0.629834,0,0.670521,0.662983,1,0.117855,0.81768,0,0,0,0,0,1,0
ionize,True,1,000010,Sn,,True,2,001010,Sn,Ap,0.149,0.017,0.729,0.233,0.792,0.341,0.149171,0.853591,0,0.016575,0.825967,0,0.729469,0.585635,1,0.232696,0.629834,0,0.792125,0.662983,1,0.341073,0.81768,0,0,0,0,0,1,0
irrigate,True,1,001000,Ap,,True,1,001000,Ap,,0.212,0.291,0.613,0.096,0.327,0.624,0.212146,0.853591,0,0.291111,0.825967,0,0.613321,0.585635,1,0.095875,0.629834,0,0.327163,0.662983,0,0.624009,0.81768,0,0,0,1,0,0,0
issue,True,1,000100,An,,True,2,000101,An,Ev,0.372,0.135,0.23,0.775,0.204,0.719,0.371645,0.853591,0,0.134776,0.825967,0,0.22966,0.585635,0,0.775442,0.629834,1,0.203521,0.662983,0,0.719267,0.81768,0,0,0,0,1,0,0
italicize,True,1,000010,Sn,,True,1,000010,Sn,,0.653,0.362,0.091,0.123,0.844,0.397,0.653476,0.853591,0,0.362372,0.825967,0,0.091038,0.585635,0,0.122533,0.629834,0,0.844247,0.662983,1,0.396821,0.81768,0,0,0,0,0,1,0
iterate,True,1,100000,Kn,,True,2,101000,Kn,Ap,0.997,0.476,0.71,0.092,0.008,0.011,0.997238,0.853591,1,0.475526,0.825967,0,0.709761,0.585635,1,0.091801,0.629834,0,0.007916,0.662983,0,0.01105,0.81768,0,1,0,0,0,0,0
jeopardize,True,1,001000,Ap,,True,3,001101,Ev,"Ap, An",0.149,0.166,0.736,0.541,0.084,0.742,0.149171,0.853591,0,0.166116,0.825967,0,0.736156,0.585635,1,0.541394,0.629834,0,0.084129,0.662983,0,0.74217,0.81768,0,0,0,1,0,0,0
jump,True,1,001000,Ap,,True,1,001000,Ap,,0.374,0.628,0.763,0.269,0.171,0.067,0.37418,0.853591,0,0.627969,0.825967,0,0.763437,0.585635,1,0.268904,0.629834,0,0.171275,0.662983,0,0.066971,0.81768,0,0,0,1,0,0,0
juxtapose,True,1,000001,Ev,,True,2,000011,Ev,Sn,0.558,0.669,0.052,0.477,0.704,0.874,0.557929,0.853591,0,0.669372,0.825967,0,0.051934,0.585635,0,0.476908,0.629834,0,0.703853,0.662983,1,0.874367,0.81768,1,0,0,0,0,0,1
keep,True,1,000001,Ev,,True,2,001001,Ev,Ap,0.424,0.155,0.757,0.074,0.164,0.841,0.423931,0.853591,0,0.154657,0.825967,0,0.757027,0.585635,1,0.073871,0.629834,0,0.163635,0.662983,0,0.841271,0.81768,1,0,0,0,0,0,1
kick,False,0,000000,,,True,1,001000,Ap,,0.321,0.41,0.583,0.346,0.17,0.673,0.321237,0.853591,0,0.410482,0.825967,0,0.583149,0.585635,0,0.34611,0.629834,0,0.17013,0.662983,0,0.672682,0.81768,0,0,0,0,0,0,0
kill,True,1,000001,Ev,,True,2,001001,Ev,Ap,0.428,0.396,0.555,0.233,0.174,0.835,0.428196,0.853591,0,0.395889,0.825967,0,0.554606,0.585635,0,0.23322,0.629834,0,0.173837,0.662983,0,0.834846,0.81768,1,0,0,0,0,0,1
kink,True,1,000100,An,,True,2,100100,Kn,An,0.84,0.647,0.336,0.721,0.012,0.058,0.839518,0.853591,0,0.646873,0.825967,0,0.335831,0.585635,0,0.720937,0.629834,1,0.011946,0.662983,0,0.057635,0.81768,0,0,0,0,1,0,0
knead,True,2,100100,An,Kn,True,2,100100,An,Kn,0.905,0.374,0.235,0.917,0.28,0.282,0.905133,0.853591,1,0.373911,0.825967,0,0.235134,0.585635,0,0.917128,0.629834,1,0.279763,0.662983,0,0.282425,0.81768,0,1,0,0,1,0,0
knit,True,2,101000,Kn,Ap,True,2,101000,Kn,Ap,0.909,0.564,0.856,0.373,0.282,0.303,0.909061,0.853591,1,0.563808,0.825967,0,0.855934,0.585635,1,0.373417,0.629834,0,0.282059,0.662983,0,0.30333,0.81768,0,1,0,1,0,0,0
knock,True,1,100000,Kn,,True,3,110100,Kn,"Cm, An",0.934,0.741,0.025,0.649,0.399,0.5,0.933854,0.853591,1,0.740585,0.825967,0,0.024708,0.585635,0,0.649177,0.629834,1,0.399139,0.662983,0,0.50033,0.81768,0,1,0,0,0,0,0
lag,False,0,000000,,,True,1,000010,Sn,,0.529,0.135,0.007,0.28,0.567,0.606,0.528845,0.853591,0,0.134711,0.825967,0,0.006928,0.585635,0,0.280332,0.629834,0,0.566802,0.662983,0,0.606391,0.81768,0,0,0,0,0,0,0
laminate,False,0,000000,,,True,1,100000,Kn,,0.752,0.194,0.375,0.133,0.429,0.608,0.751969,0.853591,0,0.194293,0.825967,0,0.375101,0.585635,0,0.133,0.629834,0,0.428624,0.662983,0,0.608234,0.81768,0,0,0,0,0,0,0
latch,False,0,000000,,,True,1,001000,Ap,,0.294,0.061,0.504,0.231,0.261,0.667,0.294326,0.853591,0,0.061048,0.825967,0,0.50354,0.585635,0,0.231457,0.629834,0,0.261301,0.662983,0,0.667442,0.81768,0,0,0,0,0,0,0
laud,True,1,000001,Ev,,True,2,010001,Ev,Cm,0.557,0.721,0.003,0.122,0.173,0.931,0.556657,0.853591,0,0.720674,0.825967,0,0.002762,0.585635,0,0.121669,0.629834,0,0.173101,0.662983,0,0.930562,0.81768,1,0,0,0,0,0,1
launch,False,0,000000,,,False,0,000000,,,0.371,0.324,0.467,0.321,0.255,0.546,0.371137,0.853591,0,0.323833,0.825967,0,0.466862,0.585635,0,0.320907,0.629834,0,0.25523,0.662983,0,0.545641,0.81768,0,0,0,0,0,0,0
lay,True,1,001000,Ap,,True,3,101010,Ap,"Kn, Sn",0.846,0.548,0.855,0.25,0.712,0.065,0.845707,0.853591,0,0.548201,0.825967,0,0.854811,0.585635,1,0.249711,0.629834,0,0.712003,0.662983,1,0.064846,0.81768,0,0,0,1,0,0,0
leach,True,1,001000,Ap,,True,3,101100,Ap,"Kn, An",0.753,0.379,0.929,0.539,0.411,0.638,0.753039,0.853591,0,0.379092,0.825967,0,0.928808,0.585635,1,0.539018,0.629834,0,0.410567,0.662983,0,0.638471,0.81768,0,0,0,1,0,0,0
lead,True,1,100000,Kn,,True,1,100000,Kn,,0.938,0.35,0.385,0.501,0.104,0.314,0.937585,0.853591,1,0.350059,0.825967,0,0.385407,0.585635,0,0.500662,0.629834,0,0.104147,0.662983,0,0.313639,0.81768,0,1,0,0,0,0,0
learn,True,1,100000,Kn,,True,2,101000,Kn,Ap,0.874,0.259,0.709,0.073,0.537,0.114,0.874255,0.853591,1,0.259499,0.825967,0,0.70908,0.585635,1,0.072849,0.629834,0,0.537196,0.662983,0,0.114085,0.81768,0,1,0,0,0,0,0
lease,True,1,001000,Ap,,True,2,001001,Ap,Ev,0.271,0.057,0.97,0.355,0.029,0.742,0.271466,0.853591,0,0.05692,0.825967,0,0.969718,0.585635,1,0.354669,0.629834,0,0.029495,0.662983,0,0.741927,0.81768,0,0,0,1,0,0,0
leave,True,1,000001,Ev,,True,2,001001,Ev,Ap,0.42,0.629,0.636,0.25,0.42,0.836,0.420443,0.853591,0,0.629368,0.825967,0,0.635965,0.585635,1,0.249539,0.629834,0,0.419856,0.662983,0,0.836284,0.81768,1,0,0,0,0,0,1
legitimize,True,1,000001,Ev,,True,1,000001,Ev,,0.149,0.017,0.114,0.335,0.31,0.965,0.149171,0.853591,0,0.016575,0.825967,0,0.114281,0.585635,0,0.334997,0.629834,0,0.310442,0.662983,0,0.964914,0.81768,1,0,0,0,0,0,1
lend,True,1,001000,Ap,,True,2,001010,Ap,Sn,0.443,0.23,0.762,0.05,0.639,0.293,0.442901,0.853591,0,0.230443,0.825967,0,0.761846,0.585635,1,0.050299,0.629834,0,0.639126,0.662983,0,0.292747,0.81768,0,0,0,1,0,0,0
lengthen,True,1,001000,Ap,,True,1,001000,Ap,,0.192,0.585,0.811,0.323,0.552,0.1,0.192031,0.853591,0,0.584618,0.825967,0,0.810741,0.585635,1,0.323035,0.629834,0,0.552446,0.662983,0,0.099873,0.81768,0,0,0,1,0,0,0
lessen,True,1,001000,Ap,,True,1,001000,Ap,,0.149,0.133,0.645,0.29,0.474,0.226,0.149171,0.853591,0,0.133255,0.825967,0,0.64508,0.585635,1,0.289705,0.629834,0,0.473665,0.662983,0,0.226182,0.81768,0,0,0,1,0,0,0
let,True,1,001000,Ap,,True,1,001000,Ap,,0.688,0.535,0.701,0.435,0.27,0.239,0.688236,0.853591,0,0.535039,0.825967,0,0.700562,0.585635,1,0.435367,0.629834,0,0.270455,0.662983,0,0.239171,0.81768,0,0,0,1,0,0,0
liberate,True,1,000001,Ev,,True,1,000001,Ev,,0.227,0.168,0.461,0.094,0.111,0.851,0.226568,0.853591,0,0.16817,0.825967,0,0.460641,0.585635,0,0.094327,0.629834,0,0.111434,0.662983,0,0.850636,0.81768,1,0,0,0,0,0,1
lie,False,0,000000,,,True,1,100000,Kn,,0.79,0.581,0.313,0.452,0.341,0.692,0.790123,0.853591,0,0.581312,0.825967,0,0.313238,0.585635,0,0.451566,0.629834,0,0.340566,0.662983,0,0.691699,0.81768,0,0,0,0,0,0,0
lift,True,1,001000,Ap,,True,1,001000,Ap,,0.186,0.277,0.854,0.27,0.484,0.397,0.18558,0.853591,0,0.276663,0.825967,0,0.853685,0.585635,1,0.270474,0.629834,0,0.483843,0.662983,0,0.397034,0.81768,0,0,0,1,0,0,0
ligate,False,0,000000,,,True,1,000010,Sn,,0.255,0.017,0.253,0.401,0.65,0.612,0.255383,0.853591,0,0.016575,0.825967,0,0.253109,0.585635,0,0.400913,0.629834,0,0.65009,0.662983,0,0.611754,0.81768,0,0,0,0,0,0,0
liken,True,3,100011,Kn,"Sn, Ev",True,4,110011,Kn,"Cm, Sn, Ev",0.864,0.768,0.381,0.269,0.795,0.845,0.86372,0.853591,1,0.768403,0.825967,0,0.381233,0.585635,0,0.269027,0.629834,0,0.795347,0.662983,1,0.845323,0.81768,1,1,0,0,0,1,1
linearize,True,1,010000,Cm,,True,2,011000,Cm,Ap,0.289,0.826,0.693,0.423,0.377,0.011,0.288509,0.853591,0,0.826484,0.825967,1,0.693337,0.585635,1,0.423058,0.629834,0,0.376617,0.662983,0,0.01105,0.81768,0,0,1,0,0,0,0
liquefy,True,1,000010,Sn,,True,1,000010,Sn,,0.149,0.149,0.466,0.401,0.778,0.524,0.149171,0.853591,0,0.149043,0.825967,0,0.46588,0.585635,0,0.401091,0.629834,0,0.777702,0.662983,1,0.524209,0.81768,0,0,0,0,0,1,0
liquidize,True,1,000010,Sn,,True,2,001010,Sn,Ap,0.248,0.121,0.505,0.185,0.802,0.53,0.247967,0.853591,0,0.121301,0.825967,0,0.50477,0.585635,0,0.185461,0.629834,0,0.80205,0.662983,1,0.530494,0.81768,0,0,0,0,0,1,0
listen,True,1,100000,Kn,,True,1,100000,Kn,,0.941,0.235,0.366,0.007,0.295,0.116,0.94078,0.853591,1,0.235198,0.825967,0,0.365523,0.585635,0,0.007419,0.629834,0,0.294792,0.662983,0,0.115873,0.81768,0,1,0,0,0,0,0
live,True,1,100000,Kn,,True,3,111000,Kn,"Cm, Ap",0.893,0.74,0.785,0.225,0.315,0.043,0.892914,0.853591,1,0.740372,0.825967,0,0.785308,0.585635,1,0.224503,0.629834,0,0.315429,0.662983,0,0.042798,0.81768,0,1,0,0,0,0,0
load,True,1,000001,Ev,,True,2,000011,Ev,Sn,0.408,0.055,0.375,0.235,0.779,0.855,0.407665,0.853591,0,0.054957,0.825967,0,0.375461,0.585635,0,0.235109,0.629834,0,0.778958,0.662983,1,0.854708,0.81768,1,0,0,0,0,0,1
localize,True,1,010000,Cm,,True,3,011010,Cm,"Ap, Sn",0.342,0.871,0.714,0.181,0.608,0.554,0.341558,0.853591,0,0.871054,0.825967,1,0.713584,0.585635,1,0.180983,0.629834,0,0.60761,0.662983,0,0.554257,0.81768,0,0,1,0,0,0,0
lock,False,0,000000,,,True,1,000001,Ev,,0.431,0.063,0.229,0.231,0.18,0.778,0.43073,0.853591,0,0.063399,0.825967,0,0.228685,0.585635,0,0.230537,0.629834,0,0.180322,0.662983,0,0.778148,0.81768,0,0,0,0,0,0,0
locomote,True,1,000100,An,,True,3,011100,An,"Cm, Ap",0.289,0.721,0.735,0.884,0.207,0.064,0.289359,0.853591,0,0.720879,0.825967,0,0.734911,0.585635,1,0.883672,0.629834,1,0.207348,0.662983,0,0.063715,0.81768,0,0,0,0,1,0,0
look,True,2,100100,Kn,An,True,3,110100,Kn,"Cm, An",0.991,0.808,0.417,0.949,0.007,0.022,0.991098,0.853591,1,0.807633,0.825967,0,0.417257,0.585635,0,0.949261,0.629834,1,0.0069,0.662983,0,0.022143,0.81768,0,1,0,0,1,0,0
loosen,True,1,001000,Ap,,True,3,001011,Ap,"Sn, Ev",0.149,0.061,0.787,0.154,0.69,0.701,0.149171,0.853591,0,0.060709,0.825967,0,0.786889,0.585635,1,0.153773,0.629834,0,0.689684,0.662983,1,0.700922,0.81768,0,0,0,1,0,0,0
lose,True,1,000001,Ev,,True,4,111001,Ev,"Kn, Cm, Ap",0.839,0.839,0.704,0.094,0.282,0.934,0.839002,0.853591,0,0.839236,0.825967,1,0.704046,0.585635,1,0.093934,0.629834,0,0.28227,0.662983,0,0.934321,0.81768,1,0,0,0,0,0,1
love,True,1,100000,Kn,,True,1,100000,Kn,,0.902,0.565,0.116,0.104,0.256,0.454,0.902104,0.853591,1,0.56485,0.825967,0,0.116465,0.585635,0,0.104363,0.629834,0,0.256182,0.662983,0,0.454215,0.81768,0,1,0,0,0,0,0
lubricate,True,1,001000,Ap,,True,2,001010,Ap,Sn,0.284,0.204,0.856,0.133,0.641,0.502,0.284285,0.853591,0,0.203691,0.825967,0,0.855638,0.585635,1,0.133,0.629834,0,0.64086,0.662983,0,0.502065,0.81768,0,0,0,1,0,0,0
lure,True,1,100000,Kn,,True,1,100000,Kn,,0.939,0.677,0.402,0.223,0.027,0.161,0.939397,0.853591,1,0.676999,0.825967,0,0.401695,0.585635,0,0.222968,0.629834,0,0.026618,0.662983,0,0.161414,0.81768,0,1,0,0,0,0,0
lustrate,True,1,000001,Ev,,True,1,000001,Ev,,0.407,0.189,0.128,0.502,0.187,0.903,0.407293,0.853591,0,0.189254,0.825967,0,0.128318,0.585635,0,0.502329,0.629834,0,0.186866,0.662983,0,0.902535,0.81768,1,0,0,0,0,0,1
magnetize,True,1,000010,Sn,,True,1,000010,Sn,,0.405,0.159,0.236,0.13,0.856,0.637,0.404589,0.853591,0,0.158687,0.825967,0,0.236446,0.585635,0,0.129646,0.629834,0,0.855711,0.662983,1,0.636803,0.81768,0,0,0,0,0,1,0
magnify,True,1,001000,Ap,,True,2,001100,Ap,An,0.307,0.609,0.854,0.777,0.44,0.085,0.307485,0.853591,0,0.608588,0.825967,0,0.854433,0.585635,1,0.776638,0.629834,1,0.440458,0.662983,0,0.085165,0.81768,0,0,0,1,0,0,0
mandate,True,1,000010,Sn,,True,1,000010,Sn,,0.385,0.138,0.273,0.456,0.721,0.533,0.385449,0.853591,0,0.137902,0.825967,0,0.273394,0.585635,0,0.456487,0.629834,0,0.721403,0.662983,1,0.532804,0.81768,0,0,0,0,0,1,0
manifest,True,1,001000,Ap,,True,1,001000,Ap,,0.567,0.631,0.758,0.253,0.514,0.351,0.566599,0.853591,0,0.630985,0.825967,0,0.757643,0.585635,1,0.253424,0.629834,0,0.514,0.662983,0,0.350798,0.81768,0,0,0,1,0,0,0
manufacture,True,1,000010,Sn,,True,3,001110,Sn,"Ap, An",0.149,0.118,0.856,0.722,0.986,0.536,0.149171,0.853591,0,0.117577,0.825967,0,0.855534,0.585635,1,0.721728,0.629834,1,0.986115,0.662983,1,0.536455,0.81768,0,0,0,0,0,1,0
map,True,3,111000,Kn,"Cm, Ap",True,3,111000,Kn,"Cm, Ap",0.914,0.838,0.854,0.247,0.179,0.036,0.913711,0.853591,1,0.837958,0.825967,1,0.854372,0.585635,1,0.246506,0.629834,0,0.178771,0.662983,0,0.035692,0.81768,0,1,1,1,0,0,0
marginalize,True,1,000010,Sn,,True,2,010010,Sn,Cm,0.44,0.77,0.144,0.502,0.791,0.514,0.439683,0.853591,0,0.769707,0.825967,0,0.144278,0.585635,0,0.501942,0.629834,0,0.79061,0.662983,1,0.513998,0.81768,0,0,0,0,0,1,0
marry,True,1,000010,Sn,,True,1,000010,Sn,,0.644,0.041,0.442,0.323,0.723,0.12,0.643812,0.853591,0,0.041294,0.825967,0,0.442441,0.585635,0,0.322916,0.629834,0,0.723488,0.662983,1,0.120439,0.81768,0,0,0,0,0,1,0
marvel,True,1,000100,An,,True,2,000101,Ev,An,0.149,0.35,0.253,0.662,0.526,0.736,0.149171,0.853591,0,0.349956,0.825967,0,0.253109,0.585635,0,0.662337,0.629834,1,0.525709,0.662983,0,0.736372,0.81768,0,0,0,0,1,0,0
mat,True,1,100000,Kn,,True,2,110000,Kn,Cm,0.862,0.767,0.101,0.275,0.433,0.445,0.861781,0.853591,1,0.766962,0.825967,0,0.10068,0.585635,0,0.275144,0.629834,0,0.433165,0.662983,0,0.444966,0.81768,0,1,0,0,0,0,0
mate,True,1,100000,Kn,,True,2,100001,Kn,Ev,0.94,0.547,0.003,0.233,0.097,0.843,0.9403,0.853591,1,0.547023,0.825967,0,0.002762,0.585635,0,0.23261,0.629834,0,0.097024,0.662983,0,0.842508,0.81768,1,1,0,0,0,0,0
materialize,True,1,000010,Sn,,True,1,000010,Sn,,0.459,0.232,0.379,0.055,0.91,0.176,0.4593,0.853591,0,0.232033,0.825967,0,0.378959,0.585635,0,0.055482,0.629834,0,0.909588,0.662983,1,0.175607,0.81768,0,0,0,0,0,1,0
matter,False,0,000000,,,True,2,101000,Kn,Ap,0.733,0.549,0.518,0.372,0.103,0.65,0.732724,0.853591,0,0.549017,0.825967,0,0.517659,0.585635,0,0.37169,0.629834,0,0.10339,0.662983,0,0.650016,0.81768,0,0,0,0,0,0,0
mean,True,1,100000,Kn,,True,3,101001,Kn,"Ap, Ev",0.9,0.55,0.533,0.503,0.415,0.742,0.900051,0.853591,1,0.550169,0.825967,0,0.532929,0.585635,0,0.502593,0.629834,0,0.415063,0.662983,0,0.741988,0.81768,0,1,0,0,0,0,0
mechanize,True,1,000010,Sn,,True,2,001010,Sn,Ap,0.4,0.155,0.729,0.386,0.864,0.191,0.400183,0.853591,0,0.15471,0.825967,0,0.728684,0.585635,1,0.386137,0.629834,0,0.864463,0.662983,1,0.190723,0.81768,0,0,0,0,0,1,0
melt,True,1,000100,An,,True,1,000100,An,,0.149,0.017,0.263,0.921,0.399,0.313,0.149171,0.853591,0,0.016575,0.825967,0,0.263475,0.585635,0,0.920548,0.629834,1,0.399266,0.662983,0,0.313286,0.81768,0,0,0,0,1,0,0
mend,False,0,000000,,,True,2,000011,Ev,Sn,0.604,0.232,0.008,0.222,0.64,0.738,0.603986,0.853591,0,0.232002,0.825967,0,0.007643,0.585635,0,0.222214,0.629834,0,0.640336,0.662983,0,0.738308,0.81768,0,0,0,0,0,0,0
mention,True,1,100000,Kn,,True,2,110000,Kn,Cm,0.983,0.896,0.024,0.003,0.208,0.264,0.982701,0.853591,1,0.896097,0.825967,1,0.024375,0.585635,0,0.002762,0.629834,0,0.207973,0.662983,0,0.263668,0.81768,0,1,0,0,0,0,0
mentor,True,1,000010,Sn,,True,2,001010,Sn,Ap,0.149,0.07,0.594,0.181,0.892,0.664,0.149171,0.853591,0,0.069512,0.825967,0,0.594046,0.585635,1,0.180555,0.629834,0,0.891828,0.662983,1,0.663644,0.81768,0,0,0,0,0,1,0
merge,True,1,000010,Sn,,True,1,000010,Sn,,0.336,0.085,0.097,0.152,0.981,0.52,0.336433,0.853591,0,0.085321,0.825967,0,0.097423,0.585635,0,0.152014,0.629834,0,0.981481,0.662983,1,0.520333,0.81768,0,0,0,0,0,1,0
metabolize,False,0,000000,,,False,0,000000,,,0.215,0.134,0.409,0.504,0.447,0.531,0.215268,0.853591,0,0.134312,0.825967,0,0.409498,0.585635,0,0.504279,0.629834,0,0.446669,0.662983,0,0.530508,0.81768,0,0,0,0,0,0,0
migrate,True,1,001000,Ap,,True,2,001010,Ap,Sn,0.339,0.357,0.798,0.45,0.623,0.238,0.338823,0.853591,0,0.357028,0.825967,0,0.79834,0.585635,1,0.450461,0.629834,0,0.622512,0.662983,0,0.238138,0.81768,0,0,0,1,0,0,0
mimic,True,1,000010,Sn,,True,2,001010,Sn,Ap,0.664,0.296,0.577,0.081,0.897,0.101,0.663591,0.853591,0,0.295703,0.825967,0,0.577292,0.585635,0,0.080617,0.629834,0,0.897351,0.662983,1,0.100672,0.81768,0,0,0,0,0,1,0
mingle,True,1,000010,Sn,,True,3,110010,Sn,"Kn, Cm",0.756,0.707,0.003,0.088,0.915,0.265,0.755813,0.853591,0,0.706757,0.825967,0,0.002762,0.585635,0,0.087627,0.629834,0,0.914678,0.662983,1,0.265246,0.81768,0,0,0,0,0,1,0
miniaturize,True,1,000010,Sn,,True,2,000110,Sn,An,0.149,0.039,0.478,0.584,0.76,0.403,0.149171,0.853591,0,0.039037,0.825967,0,0.477754,0.585635,0,0.584484,0.629834,0,0.760447,0.662983,1,0.402742,0.81768,0,0,0,0,0,1,0
misalign,True,1,000001,Ev,,True,3,000111,Ev,"An, Sn",0.611,0.408,0.051,0.622,0.605,0.868,0.610706,0.853591,0,0.408415,0.825967,0,0.050578,0.585635,0,0.622386,0.629834,0,0.60451,0.662983,0,0.868255,0.81768,1,0,0,0,0,0,1
misidentify,True,3,110100,Kn,"Cm, An",True,3,110100,Kn,"Cm, An",0.884,0.841,0.066,0.761,0.284,0.441,0.884046,0.853591,1,0.840796,0.825967,1,0.066057,0.585635,0,0.761499,0.629834,1,0.283542,0.662983,0,0.441039,0.81768,0,1,1,0,1,0,0
misjudge,True,1,000001,Ev,,True,3,010101,Ev,"Cm, An",0.281,0.816,0.131,0.649,0.283,0.956,0.280765,0.853591,0,0.816061,0.825967,0,0.130742,0.585635,0,0.648811,0.629834,1,0.283343,0.662983,0,0.955913,0.81768,1,0,0,0,0,0,1
mislead,True,2,010001,Cm,Ev,True,2,010001,Cm,Ev,0.446,0.88,0.251,0.339,0.18,0.828,0.446184,0.853591,0,0.88045,0.825967,1,0.250714,0.585635,0,0.339,0.629834,0,0.179772,0.662983,0,0.827585,0.81768,1,0,1,0,0,0,1
misrepresent,True,1,010000,Cm,,True,1,010000,Cm,,0.149,0.886,0.324,0.08,0.449,0.611,0.149171,0.853591,0,0.885689,0.825967,1,0.324104,0.585635,0,0.080342,0.629834,0,0.448825,0.662983,0,0.611216,0.81768,0,0,1,0,0,0,0
miss,True,2,110000,Kn,Cm,True,2,110000,Kn,Cm,0.97,0.949,0.23,0.231,0.098,0.479,0.969672,0.853591,1,0.948625,0.825967,1,0.230101,0.585635,0,0.230738,0.629834,0,0.098228,0.662983,0,0.479076,0.81768,0,1,1,0,0,0,0
mitigate,False,0,000000,,,True,1,000001,Ev,,0.149,0.041,0.314,0.46,0.484,0.81,0.149171,0.853591,0,0.041304,0.825967,0,0.31406,0.585635,0,0.460262,0.629834,0,0.484242,0.662983,0,0.81035,0.81768,0,0,0,0,0,0,0
mix,True,1,000010,Sn,,True,1,000010,Sn,,0.684,0.301,0.051,0.462,0.926,0.398,0.684288,0.853591,0,0.301253,0.825967,0,0.051208,0.585635,0,0.461853,0.629834,0,0.925549,0.662983,1,0.397666,0.81768,0,0,0,0,0,1,0
mobilize,True,1,000010,Sn,,True,1,000010,Sn,,0.149,0.07,0.441,0.254,0.979,0.603,0.149171,0.853591,0,0.069865,0.825967,0,0.440524,0.585635,0,0.253736,0.629834,0,0.97942,0.662983,1,0.602613,0.81768,0,0,0,0,0,1,0
modulate,True,1,001000,Ap,,True,2,001010,Ap,Sn,0.174,0.351,0.873,0.074,0.746,0.238,0.173744,0.853591,0,0.350799,0.825967,0,0.873025,0.585635,1,0.073522,0.629834,0,0.745962,0.662983,1,0.23818,0.81768,0,0,0,1,0,0,0
moisten,True,1,000010,Sn,,True,1,000010,Sn,,0.24,0.192,0.402,0.346,0.677,0.624,0.240002,0.853591,0,0.192487,0.825967,0,0.402406,0.585635,0,0.346445,0.629834,0,0.676837,0.662983,1,0.623932,0.81768,0,0,0,0,0,1,0
mold,True,1,000100,An,,True,2,001100,An,Ap,0.575,0.351,0.737,0.889,0.105,0.067,0.57507,0.853591,0,0.350804,0.825967,0,0.736959,0.585635,1,0.8891,0.629834,1,0.105151,0.662983,0,0.066575,0.81768,0,0,0,0,1,0,0
monetize,True,1,000010,Sn,,True,3,001110,Sn,"Ap, An",0.437,0.196,0.761,0.641,0.908,0.662,0.437471,0.853591,0,0.196215,0.825967,0,0.760942,0.585635,1,0.640674,0.629834,1,0.908022,0.662983,1,0.662211,0.81768,0,0,0,0,0,1,0
morph,True,3,001110,An,"Ap, Sn",True,3,001110,An,"Ap, Sn",0.37,0.598,0.748,0.775,0.77,0.14,0.369779,0.853591,0,0.597677,0.825967,0,0.748415,0.585635,1,0.774976,0.629834,1,0.769922,0.662983,1,0.139849,0.81768,0,0,0,1,1,1,0
motorize,True,1,000010,Sn,,True,1,000010,Sn,,0.376,0.051,0.475,0.416,0.873,0.161,0.376474,0.853591,0,0.051118,0.825967,0,0.47508,0.585635,0,0.4164,0.629834,0,0.873086,0.662983,1,0.161462,0.81768,0,0,0,0,0,1,0
mould,True,1,000100,An,,True,2,001100,An,Ap,0.29,0.053,0.759,0.886,0.523,0.302,0.289842,0.853591,0,0.053016,0.825967,0,0.758795,0.585635,1,0.885624,0.629834,1,0.523239,0.662983,0,0.302394,0.81768,0,0,0,0,1,0,0
move,True,1,001000,Ap,,True,1,001000,Ap,,0.446,0.647,0.933,0.375,0.506,0.125,0.44556,0.853591,0,0.647287,0.825967,0,0.933309,0.585635,1,0.374939,0.629834,0,0.505533,0.662983,0,0.124981,0.81768,0,0,0,1,0,0,0
mutate,True,1,001000,Ap,,True,2,001100,Ap,An,0.437,0.097,0.794,0.692,0.538,0.4,0.43722,0.853591,0,0.09724,0.825967,0,0.793854,0.585635,1,0.692127,0.629834,1,0.537572,0.662983,0,0.399852,0.81768,0,0,0,1,0,0,0
nail,True,3,110100,Kn,"Cm, An",True,4,111100,Kn,"Cm, Ap, An",0.929,0.901,0.555,0.718,0.119,0.06,0.929024,0.853591,1,0.901166,0.825967,1,0.555167,0.585635,0,0.71755,0.629834,1,0.11885,0.662983,0,0.05994,0.81768,0,1,1,0,1,0,0
narrate,True,1,000010,Sn,,True,1,000010,Sn,,0.645,0.456,0.248,0.25,0.786,0.034,0.644729,0.853591,0,0.455734,0.825967,0,0.247876,0.585635,0,0.25004,0.629834,0,0.785768,0.662983,1,0.034148,0.81768,0,0,0,0,0,1,0
navigate,True,1,010000,Cm,,True,3,111000,Cm,"Kn, Ap",0.84,0.863,0.794,0.535,0.346,0.011,0.840064,0.853591,0,0.862843,0.825967,1,0.79439,0.585635,1,0.534604,0.629834,0,0.345677,0.662983,0,0.01105,0.81768,0,0,1,0,0,0,0
necessitate,True,2,000011,Ev,Sn,True,2,000011,Ev,Sn,0.239,0.051,0.072,0.48,0.791,0.838,0.239306,0.853591,0,0.050619,0.825967,0,0.071971,0.585635,0,0.480426,0.629834,0,0.790634,0.662983,1,0.838259,0.81768,1,0,0,0,0,1,1
need,False,0,000000,,,True,2,001001,Ev,Ap,0.45,0.643,0.528,0.127,0.102,0.766,0.450192,0.853591,0,0.642983,0.825967,0,0.528104,0.585635,0,0.127408,0.629834,0,0.102405,0.662983,0,0.766096,0.81768,0,0,0,0,0,0,0
negate,True,1,000001,Ev,,True,2,010001,Ev,Cm,0.149,0.771,0.147,0.46,0.008,0.926,0.149171,0.853591,0,0.771046,0.825967,0,0.146981,0.585635,0,0.459765,0.629834,0,0.008276,0.662983,0,0.926331,0.81768,1,0,0,0,0,0,1
neglect,True,1,000001,Ev,,True,2,001001,Ev,Ap,0.441,0.192,0.523,0.222,0.559,0.876,0.440567,0.853591,0,0.192296,0.825967,0,0.522882,0.585635,0,0.222063,0.629834,0,0.558574,0.662983,0,0.875509,0.81768,1,0,0,0,0,0,1
neutralize,False,0,000000,,,False,0,000000,,,0.149,0.041,0.48,0.225,0.521,0.653,0.149171,0.853591,0,0.040945,0.825967,0,0.479501,0.585635,0,0.2251,0.629834,0,0.521039,0.662983,0,0.652932,0.81768,0,0,0,0,0,0,0
nominate,True,1,000100,An,,True,4,001111,An,"Ap, Sn, Ev",0.397,0.155,0.636,0.847,0.623,0.809,0.396977,0.853591,0,0.155318,0.825967,0,0.636095,0.585635,1,0.846539,0.629834,1,0.623021,0.662983,0,0.809096,0.81768,0,0,0,0,1,0,0
normalize,True,1,000010,Sn,,True,3,011010,Sn,"Cm, Ap",0.227,0.754,0.545,0.485,0.791,0.065,0.226893,0.853591,0,0.754361,0.825967,0,0.54461,0.585635,0,0.485005,0.629834,0,0.791495,0.662983,1,0.065422,0.81768,0,0,0,0,0,1,0
notate,True,1,100000,Kn,,True,2,100010,Kn,Sn,0.905,0.411,0.344,0.105,0.574,0.075,0.905071,0.853591,1,0.410677,0.825967,0,0.344213,0.585635,0,0.104793,0.629834,0,0.574344,0.662983,0,0.075177,0.81768,0,1,0,0,0,0,0
note,True,1,100000,Kn,,True,2,100100,Kn,An,0.915,0.423,0.019,0.621,0.192,0.409,0.915196,0.853591,1,0.423181,0.825967,0,0.01934,0.585635,0,0.620752,0.629834,0,0.191927,0.662983,0,0.408566,0.81768,0,1,0,0,0,0,0
notice,True,1,100000,Kn,,True,1,100000,Kn,,0.923,0.689,0.109,0.458,0.256,0.129,0.922921,0.853591,1,0.688568,0.825967,0,0.109098,0.585635,0,0.458276,0.629834,0,0.25634,0.662983,0,0.129379,0.81768,0,1,0,0,0,0,0
notify,False,0,000000,,,True,2,101000,Kn,Ap,0.774,0.648,0.562,0.082,0.256,0.027,0.77435,0.853591,0,0.647525,0.825967,0,0.562219,0.585635,0,0.081563,0.629834,0,0.256217,0.662983,0,0.02697,0.81768,0,0,0,0,0,0,0
nucleate,False,0,000000,,,True,2,001001,Ev,Ap,0.312,0.04,0.551,0.355,0.391,0.736,0.312377,0.853591,0,0.040487,0.825967,0,0.551189,0.585635,0,0.355,0.629834,0,0.391481,0.662983,0,0.735743,0.81768,0,0,0,0,0,0,0
nudge,True,1,000001,Ev,,True,1,000001,Ev,,0.287,0.348,0.02,0.008,0.515,0.932,0.286695,0.853591,0,0.348104,0.825967,0,0.019771,0.585635,0,0.008311,0.629834,0,0.514677,0.662983,0,0.931786,0.81768,1,0,0,0,0,0,1
nullify,False,0,000000,,,True,2,001001,Ev,Ap,0.149,0.28,0.563,0.208,0.384,0.713,0.149171,0.853591,0,0.280148,0.825967,0,0.562617,0.585635,0,0.207684,0.629834,0,0.384285,0.662983,0,0.712605,0.81768,0,0,0,0,0,0,0
nurture,True,1,000010,Sn,,True,2,001010,Sn,Ap,0.454,0.04,0.615,0.321,0.985,0.591,0.453944,0.853591,0,0.039685,0.825967,0,0.615124,0.585635,1,0.321417,0.629834,0,0.985288,0.662983,1,0.591154,0.81768,0,0,0,0,0,1,0
obey,True,1,001000,Ap,,True,2,101000,Kn,Ap,0.818,0.307,0.795,0.003,0.345,0.624,0.818287,0.853591,0,0.307213,0.825967,0,0.795051,0.585635,1,0.002762,0.629834,0,0.345296,0.662983,0,0.623648,0.81768,0,0,0,1,0,0,0
obfuscate,True,1,001000,Ap,,True,2,001100,Ap,An,0.149,0.405,0.639,0.619,0.558,0.5,0.149171,0.853591,0,0.405428,0.825967,0,0.639187,0.585635,1,0.619317,0.629834,0,0.558146,0.662983,0,0.500218,0.81768,0,0,0,1,0,0,0
object,True,1,010000,Cm,,True,3,011100,Cm,"Ap, An",0.717,0.929,0.536,0.553,0.563,0.064,0.717349,0.853591,0,0.928746,0.825967,1,0.53626,0.585635,0,0.553129,0.629834,0,0.5632,0.662983,0,0.063644,0.81768,0,0,1,0,0,0,0
oblige,True,1,000001,Ev,,True,2,000011,Ev,Sn,0.308,0.065,0.402,0.008,0.571,0.827,0.307808,0.853591,0,0.064854,0.825967,0,0.40218,0.585635,0,0.007747,0.629834,0,0.571181,0.662983,0,0.827341,0.81768,1,0,0,0,0,0,1
obstruct,True,1,001000,Ap,,True,1,001000,Ap,,0.288,0.515,0.605,0.05,0.203,0.635,0.288149,0.853591,0,0.51517,0.825967,0,0.605455,0.585635,1,0.050315,0.629834,0,0.203273,0.662983,0,0.635267,0.81768,0,0,0,1,0,0,0
obviate,False,0,000000,,,True,2,011000,Cm,Ap,0.29,0.82,0.541,0.223,0.026,0.604,0.28986,0.853591,0,0.819925,0.825967,0,0.540753,0.585635,0,0.223281,0.629834,0,0.025563,0.662983,0,0.603679,0.81768,0,0,0,0,0,0,0
occlude,False,0,000000,,,True,1,000001,Ev,,0.149,0.551,0.487,0.274,0.504,0.751,0.149171,0.853591,0,0.551333,0.825967,0,0.487121,0.585635,0,0.274302,0.629834,0,0.504208,0.662983,0,0.750527,0.81768,0,0,0,0,0,0,0
occupy,True,1,001000,Ap,,True,2,001010,Ap,Sn,0.449,0.663,0.974,0.063,0.568,0.329,0.448501,0.853591,0,0.663266,0.825967,0,0.973776,0.585635,1,0.062653,0.629834,0,0.567572,0.662983,0,0.329035,0.81768,0,0,0,1,0,0,0
occur,True,1,001000,Ap,,True,1,001000,Ap,,0.612,0.55,0.916,0.235,0.443,0.011,0.611509,0.853591,0,0.549876,0.825967,0,0.916216,0.585635,1,0.234546,0.629834,0,0.442825,0.662983,0,0.01105,0.81768,0,0,0,1,0,0,0
offer,False,0,000000,,,True,1,000100,An,,0.484,0.586,0.035,0.605,0.237,0.455,0.48412,0.853591,0,0.585526,0.825967,0,0.035175,0.585635,0,0.605258,0.629834,0,0.236526,0.662983,0,0.45525,0.81768,0,0,0,0,0,0,0
offload,True,1,001000,Ap,,True,1,001000,Ap,,0.424,0.135,0.727,0.233,0.535,0.326,0.424061,0.853591,0,0.134994,0.825967,0,0.727323,0.585635,1,0.232591,0.629834,0,0.534513,0.662983,0,0.326189,0.81768,0,0,0,1,0,0,0
offset,False,0,000000,,,True,2,010010,Cm,Sn,0.606,0.746,0.067,0.502,0.567,0.52,0.605834,0.853591,0,0.745694,0.825967,0,0.06703,0.585635,0,0.501674,0.629834,0,0.566657,0.662983,0,0.520491,0.81768,0,0,0,0,0,0,0
omit,True,1,010000,Cm,,True,1,010000,Cm,,0.149,0.833,0.25,0.363,0.393,0.615,0.149171,0.853591,0,0.833214,0.825967,1,0.250362,0.585635,0,0.36291,0.629834,0,0.392918,0.662983,0,0.615312,0.81768,0,0,1,0,0,0,0
open,True,1,000100,An,,True,1,000100,An,,0.55,0.404,0.414,0.74,0.264,0.523,0.550422,0.853591,0,0.403842,0.825967,0,0.413863,0.585635,0,0.740118,0.629834,1,0.264174,0.662983,0,0.523394,0.81768,0,0,0,0,1,0,0
oppose,True,1,000001,Ev,,True,2,000011,Ev,Sn,0.219,0.385,0.229,0.046,0.763,0.936,0.218562,0.853591,0,0.385132,0.825967,0,0.228724,0.585635,0,0.04634,0.629834,0,0.763078,0.662983,1,0.936102,0.81768,1,0,0,0,0,0,1
opsonize,True,1,000010,Sn,,True,2,001010,Sn,Ap,0.149,0.235,0.638,0.51,0.871,0.298,0.149171,0.853591,0,0.235166,0.825967,0,0.637874,0.585635,1,0.510108,0.629834,0,0.871411,0.662983,1,0.298148,0.81768,0,0,0,0,0,1,0
opt,True,1,000001,Ev,,True,3,000111,Ev,"An, Sn",0.477,0.211,0.264,0.676,0.685,0.856,0.476849,0.853591,0,0.211249,0.825967,0,0.263958,0.585635,0,0.676346,0.629834,1,0.685035,0.662983,1,0.85591,0.81768,1,0,0,0,0,0,1
orchestrate,True,1,000010,Sn,,True,2,000110,Sn,An,0.223,0.553,0.394,0.74,0.918,0.595,0.223191,0.853591,0,0.552953,0.825967,0,0.394138,0.585635,0,0.74026,0.629834,1,0.917823,0.662983,1,0.594608,0.81768,0,0,0,0,0,1,0
orient,True,3,011010,Ap,"Cm, Sn",True,4,111010,Ap,"Kn, Cm, Sn",0.846,0.837,0.854,0.392,0.778,0.128,0.845726,0.853591,0,0.837025,0.825967,1,0.854339,0.585635,1,0.392345,0.629834,0,0.778475,0.662983,1,0.12779,0.81768,0,0,1,1,0,1,0
orientate,True,1,000010,Sn,,True,3,001110,Sn,"Ap, An",0.583,0.53,0.503,0.537,0.985,0.341,0.582634,0.853591,0,0.529968,0.825967,0,0.502999,0.585635,0,0.536628,0.629834,0,0.984955,0.662983,1,0.340912,0.81768,0,0,0,0,0,1,0
oscillate,True,1,010000,Cm,,True,2,010100,Cm,An,0.615,0.93,0.371,0.722,0.297,0.011,0.614512,0.853591,0,0.930429,0.825967,1,0.371366,0.585635,0,0.722116,0.629834,1,0.297161,0.662983,0,0.01105,0.81768,0,0,1,0,0,0,0
outlaw,True,1,100000,Kn,,True,1,100000,Kn,,0.887,0.525,0.056,0.475,0.099,0.54,0.886699,0.853591,1,0.52544,0.825967,0,0.055855,0.585635,0,0.475111,0.629834,0,0.098593,0.662983,0,0.540207,0.81768,0,1,0,0,0,0,0
outnumber,True,1,100000,Kn,,True,1,100000,Kn,,0.982,0.604,0.024,0.323,0.143,0.692,0.981811,0.853591,1,0.604359,0.825967,0,0.024076,0.585635,0,0.322607,0.629834,0,0.14262,0.662983,0,0.691887,0.81768,0,1,0,0,0,0,0
outpace,False,0,000000,,,False,0,000000,,,0.414,0.64,0.268,0.501,0.4,0.35,0.413912,0.853591,0,0.639602,0.825967,0,0.268084,0.585635,0,0.501332,0.629834,0,0.399573,0.662983,0,0.350323,0.81768,0,0,0,0,0,0,0
outperform,True,1,000010,Sn,,True,3,001011,Sn,"Ap, Ev",0.149,0.529,0.714,0.213,0.963,0.706,0.149171,0.853591,0,0.528612,0.825967,0,0.714379,0.585635,1,0.213444,0.629834,0,0.963458,0.662983,1,0.705698,0.81768,0,0,0,0,0,1,0
outsource,True,1,001000,Ap,,True,1,001000,Ap,,0.229,0.316,0.845,0.375,0.499,0.369,0.229293,0.853591,0,0.316417,0.825967,0,0.845045,0.585635,1,0.375166,0.629834,0,0.499171,0.662983,0,0.368812,0.81768,0,0,0,1,0,0,0
outstrip,True,1,010000,Cm,,True,1,010000,Cm,,0.585,0.839,0.252,0.133,0.372,0.128,0.584815,0.853591,0,0.839064,0.825967,1,0.251594,0.585635,0,0.133347,0.629834,0,0.371731,0.662983,0,0.127625,0.81768,0,0,1,0,0,0,0
outweigh,True,2,010001,Cm,Ev,True,2,010001,Cm,Ev,0.356,0.852,0.393,0.051,0.368,0.844,0.356147,0.853591,0,0.852089,0.825967,1,0.39307,0.585635,0,0.050577,0.629834,0,0.367974,0.662983,0,0.84373,0.81768,1,0,1,0,0,0,1
overarch,True,2,110000,Cm,Kn,True,2,110000,Cm,Kn,0.858,0.876,0.253,0.103,0.264,0.272,0.858355,0.853591,1,0.876496,0.825967,1,0.253095,0.585635,0,0.103198,0.629834,0,0.263991,0.662983,0,0.271858,0.81768,0,1,1,0,0,0,0
overcome,True,1,000010,Sn,,True,2,000011,Sn,Ev,0.529,0.117,0.242,0.37,0.792,0.741,0.529374,0.853591,0,0.116974,0.825967,0,0.241991,0.585635,0,0.370466,0.629834,0,0.79197,0.662983,1,0.740755,0.81768,0,0,0,0,0,1,0
overcompensate,False,0,000000,,,False,0,000000,,,0.149,0.565,0.354,0.127,0.404,0.498,0.149171,0.853591,0,0.565202,0.825967,0,0.35428,0.585635,0,0.127036,0.629834,0,0.40434,0.662983,0,0.497742,0.81768,0,0,0,0,0,0,0
overemphasize,True,1,010000,Cm,,True,2,011000,Cm,Ap,0.616,0.963,0.511,0.055,0.273,0.282,0.615963,0.853591,0,0.962652,0.825967,1,0.510689,0.585635,0,0.055476,0.629834,0,0.273326,0.662983,0,0.282085,0.81768,0,0,1,0,0,0,0
overestimate,True,1,000010,Sn,,True,2,010010,Cm,Sn,0.504,0.791,0.039,0.482,0.747,0.539,0.503754,0.853591,0,0.790527,0.825967,0,0.039283,0.585635,0,0.481647,0.629834,0,0.746822,0.662983,1,0.539104,0.81768,0,0,0,0,0,1,0
overexpose,True,1,010000,Cm,,True,2,011000,Cm,Ap,0.454,0.836,0.555,0.094,0.492,0.064,0.454186,0.853591,0,0.835945,0.825967,1,0.554618,0.585635,0,0.094392,0.629834,0,0.491709,0.662983,0,0.063751,0.81768,0,0,1,0,0,0,0
overflow,False,0,000000,,,False,0,000000,,,0.723,0.648,0.472,0.425,0.264,0.592,0.72307,0.853591,0,0.64834,0.825967,0,0.472493,0.585635,0,0.424726,0.629834,0,0.264213,0.662983,0,0.591562,0.81768,0,0,0,0,0,0,0
overhear,False,0,000000,,,True,1,100000,Kn,,0.782,0.403,0.118,0.339,0.178,0.059,0.78221,0.853591,0,0.403386,0.825967,0,0.117519,0.585635,0,0.33906,0.629834,0,0.178064,0.662983,0,0.058796,0.81768,0,0,0,0,0,0,0
overlap,True,1,010000,Cm,,True,3,010011,Cm,"Sn, Ev",0.696,0.835,0.111,0.457,0.727,0.714,0.696427,0.853591,0,0.834783,0.825967,1,0.110971,0.585635,0,0.45741,0.629834,0,0.726898,0.662983,1,0.714429,0.81768,0,0,1,0,0,0,0
overlay,True,1,100000,Kn,,True,2,110000,Kn,Cm,0.911,0.807,0.139,0.044,0.514,0.011,0.9113,0.853591,1,0.807104,0.825967,0,0.138817,0.585635,0,0.044012,0.629834,0,0.514462,0.662983,0,0.01105,0.81768,0,1,0,0,0,0,0
overlie,True,1,100000,Kn,,True,2,110000,Kn,Cm,0.952,0.813,0.338,0.05,0.268,0.299,0.951704,0.853591,1,0.813087,0.825967,0,0.338375,0.585635,0,0.050185,0.629834,0,0.268283,0.662983,0,0.299356,0.81768,0,1,0,0,0,0,0
overload,True,1,001000,Ap,,True,2,001001,Ap,Ev,0.149,0.053,0.747,0.504,0.279,0.741,0.149171,0.853591,0,0.053228,0.825967,0,0.746861,0.585635,1,0.503683,0.629834,0,0.27923,0.662983,0,0.740572,0.81768,0,0,0,1,0,0,0
overlook,True,1,100000,Kn,,True,3,101100,Kn,"Ap, An",0.937,0.667,0.629,0.729,0.175,0.064,0.936921,0.853591,1,0.667238,0.825967,0,0.629272,0.585635,1,0.728762,0.629834,1,0.175218,0.662983,0,0.064194,0.81768,0,1,0,0,0,0,0
overproduce,True,1,001000,Ap,,True,1,001000,Ap,,0.411,0.35,0.856,0.421,0.553,0.156,0.411038,0.853591,0,0.34952,0.825967,0,0.855804,0.585635,1,0.421334,0.629834,0,0.552625,0.662983,0,0.155906,0.81768,0,0,0,1,0,0,0
override,False,0,000000,,,True,2,001010,Sn,Ap,0.4,0.41,0.563,0.267,0.573,0.175,0.400359,0.853591,0,0.410004,0.825967,0,0.562861,0.585635,0,0.267432,0.629834,0,0.572524,0.662983,0,0.175002,0.81768,0,0,0,0,0,0,0
overrun,False,0,000000,,,False,0,000000,,,0.537,0.649,0.401,0.096,0.311,0.623,0.537184,0.853591,0,0.649383,0.825967,0,0.401344,0.585635,0,0.095907,0.629834,0,0.311496,0.662983,0,0.622551,0.81768,0,0,0,0,0,0,0
oversee,True,1,001000,Ap,,True,3,001110,Ap,"An, Sn",0.254,0.348,0.808,0.677,0.618,0.693,0.254169,0.853591,0,0.348133,0.825967,0,0.808292,0.585635,1,0.676589,0.629834,1,0.617561,0.662983,0,0.693187,0.81768,0,0,0,1,0,0,0
overshadow,True,2,110000,Cm,Kn,True,2,110000,Cm,Kn,0.861,0.875,0.339,0.335,0.311,0.175,0.860816,0.853591,1,0.875061,0.825967,1,0.33911,0.585635,0,0.335045,0.629834,0,0.310853,0.662983,0,0.175172,0.81768,0,1,1,0,0,0,0
overshoot,False,0,000000,,,False,0,000000,,,0.372,0.679,0.211,0.433,0.072,0.489,0.372175,0.853591,0,0.678807,0.825967,0,0.210845,0.585635,0,0.433072,0.629834,0,0.071564,0.662983,0,0.488582,0.81768,0,0,0,0,0,0,0
overstate,True,1,010000,Cm,,True,1,010000,Cm,,0.431,0.949,0.12,0.052,0.401,0.511,0.43124,0.853591,0,0.948679,0.825967,1,0.12003,0.585635,0,0.052144,0.629834,0,0.401241,0.662983,0,0.510566,0.81768,0,0,1,0,0,0,0
overstrain,False,0,000000,,,True,1,001000,Ap,,0.186,0.27,0.511,0.301,0.47,0.556,0.18634,0.853591,0,0.270163,0.825967,0,0.510838,0.585635,0,0.301022,0.629834,0,0.469664,0.662983,0,0.555657,0.81768,0,0,0,0,0,0,0
overstress,True,1,000001,Ev,,True,1,000001,Ev,,0.441,0.35,0.137,0.371,0.533,0.928,0.440549,0.853591,0,0.349713,0.825967,0,0.136821,0.585635,0,0.37079,0.629834,0,0.533473,0.662983,0,0.927991,0.81768,1,0,0,0,0,0,1
overtake,True,1,001000,Ap,,True,1,001000,Ap,,0.699,0.525,0.786,0.374,0.255,0.141,0.69875,0.853591,0,0.52483,0.825967,0,0.785793,0.585635,1,0.373721,0.629834,0,0.255268,0.662983,0,0.14122,0.81768,0,0,0,1,0,0,0
overturn,False,0,000000,,,True,1,100000,Kn,,0.759,0.212,0.129,0.227,0.41,0.521,0.758935,0.853591,0,0.2121,0.825967,0,0.129453,0.585635,0,0.22693,0.629834,0,0.409612,0.662983,0,0.520943,0.81768,0,0,0,0,0,0,0
overwhelm,True,1,000010,Sn,,True,2,001010,Sn,Ap,0.426,0.508,0.546,0.008,0.779,0.598,0.426499,0.853591,0,0.508495,0.825967,0,0.545811,0.585635,0,0.008244,0.629834,0,0.77882,0.662983,1,0.597571,0.81768,0,0,0,0,0,1,0
overwrite,False,0,000000,,,True,1,100000,Kn,,0.809,0.429,0.213,0.051,0.459,0.541,0.808772,0.853591,0,0.429116,0.825967,0,0.213037,0.585635,0,0.051294,0.629834,0,0.458634,0.662983,0,0.541314,0.81768,0,0,0,0,0,0,0
owe,False,0,000000,,,False,0,000000,,,0.711,0.555,0.477,0.104,0.497,0.524,0.711164,0.853591,0,0.554507,0.825967,0,0.477093,0.585635,0,0.103901,0.629834,0,0.497444,0.662983,0,0.524307,0.81768,0,0,0,0,0,0,0
own,True,1,001000,Ap,,True,1,001000,Ap,,0.646,0.052,0.935,0.46,0.27,0.282,0.645573,0.853591,0,0.051777,0.825967,0,0.935067,0.585635,1,0.460027,0.629834,0,0.269884,0.662983,0,0.281968,0.81768,0,0,0,1,0,0,0
oxidize,True,1,001000,Ap,,True,1,001000,Ap,,0.218,0.17,0.785,0.46,0.28,0.525,0.217532,0.853591,0,0.169789,0.825967,0,0.784929,0.585635,1,0.460384,0.629834,0,0.279633,0.662983,0,0.524704,0.81768,0,0,0,1,0,0,0
pack,True,1,000010,Sn,,True,2,001010,Sn,Ap,0.474,0.621,0.648,0.493,0.824,0.132,0.473617,0.853591,0,0.621391,0.825967,0,0.647665,0.585635,1,0.49326,0.629834,0,0.823939,0.662983,1,0.131566,0.81768,0,0,0,0,0,1,0
parallelize,True,1,000010,Sn,,True,2,000110,Sn,An,0.295,0.668,0.141,0.586,0.756,0.327,0.294812,0.853591,0,0.668015,0.825967,0,0.140712,0.585635,0,0.586238,0.629834,0,0.756115,0.662983,1,0.32672,0.81768,0,0,0,0,0,1,0
paralyse,True,1,001000,Ap,,True,1,001000,Ap,,0.288,0.407,0.628,0.379,0.506,0.064,0.287979,0.853591,0,0.406736,0.825967,0,0.627631,0.585635,1,0.379118,0.629834,0,0.505831,0.662983,0,0.063637,0.81768,0,0,0,1,0,0,0
pare,False,0,000000,,,False,0,000000,,,0.433,0.375,0.359,0.153,0.425,0.058,0.432719,0.853591,0,0.374716,0.825967,0,0.359434,0.585635,0,0.153112,0.629834,0,0.425074,0.662983,0,0.058055,0.81768,0,0,0,0,0,0,0
parse,True,1,000100,An,,True,4,011110,An,"Cm, Ap, Sn",0.149,0.754,0.598,0.853,0.639,0.344,0.149171,0.853591,0,0.754278,0.825967,0,0.598473,0.585635,1,0.852988,0.629834,1,0.638528,0.662983,0,0.344195,0.81768,0,0,0,0,1,0,0
pass,False,0,000000,,,False,0,000000,,,0.536,0.364,0.235,0.056,0.368,0.666,0.536112,0.853591,0,0.363843,0.825967,0,0.235008,0.585635,0,0.056326,0.629834,0,0.367603,0.662983,0,0.66606,0.81768,0,0,0,0,0,0,0
paste,True,1,100000,Kn,,True,2,100010,Kn,Sn,0.923,0.049,0.211,0.062,0.766,0.114,0.922892,0.853591,1,0.049239,0.825967,0,0.210667,0.585635,0,0.061695,0.629834,0,0.766199,0.662983,1,0.113553,0.81768,0,1,0,0,0,0,0
patch,True,1,000010,Sn,,True,1,000010,Sn,,0.351,0.106,0.223,0.202,0.762,0.44,0.35123,0.853591,0,0.105858,0.825967,0,0.223267,0.585635,0,0.201511,0.629834,0,0.76222,0.662983,1,0.440179,0.81768,0,0,0,0,0,1,0
pause,True,1,000100,An,,True,2,100100,Kn,An,0.737,0.501,0.083,0.692,0.36,0.054,0.737402,0.853591,0,0.500679,0.825967,0,0.082601,0.585635,0,0.691588,0.629834,1,0.360436,0.662983,0,0.054321,0.81768,0,0,0,0,1,0,0
pave,True,2,000110,Sn,An,True,3,100110,Kn,"An, Sn",0.763,0.664,0.371,0.657,0.681,0.127,0.762965,0.853591,0,0.663655,0.825967,0,0.371105,0.585635,0,0.656815,0.629834,1,0.680979,0.662983,1,0.127314,0.81768,0,0,0,0,1,1,0
pay,False,0,000000,,,True,1,001000,Ap,,0.444,0.229,0.503,0.52,0.527,0.502,0.443777,0.853591,0,0.228634,0.825967,0,0.502862,0.585635,0,0.519692,0.629834,0,0.527427,0.662983,0,0.501906,0.81768,0,0,0,0,0,0,0
peek,True,1,000100,An,,True,2,100100,An,Kn,0.913,0.609,0.418,0.978,0.141,0.434,0.913126,0.853591,1,0.608749,0.825967,0,0.417565,0.585635,0,0.978269,0.629834,1,0.140833,0.662983,0,0.434265,0.81768,0,0,0,0,1,0,0
peel,True,1,000100,An,,True,2,100100,Kn,An,0.846,0.135,0.145,0.64,0.485,0.292,0.846233,0.853591,0,0.135224,0.825967,0,0.144617,0.585635,0,0.639786,0.629834,1,0.485238,0.662983,0,0.292037,0.81768,0,0,0,0,1,0,0
peer,True,1,000010,Sn,,True,1,000010,Sn,,0.248,0.35,0.024,0.341,0.708,0.623,0.248146,0.853591,0,0.349656,0.825967,0,0.024184,0.585635,0,0.341239,0.629834,0,0.707593,0.662983,1,0.622574,0.81768,0,0,0,0,0,1,0
penalize,True,1,000001,Ev,,True,1,000001,Ev,,0.149,0.04,0.47,0.233,0.256,0.936,0.149171,0.853591,0,0.039684,0.825967,0,0.469556,0.585635,0,0.233433,0.629834,0,0.25578,0.662983,0,0.935816,0.81768,1,0,0,0,0,0,1
penetrate,True,1,000010,Sn,,True,2,001010,Sn,Ap,0.149,0.229,0.728,0.122,0.791,0.303,0.149171,0.853591,0,0.229191,0.825967,0,0.727771,0.585635,1,0.122088,0.629834,0,0.790589,0.662983,1,0.303432,0.81768,0,0,0,0,0,1,0
perceive,True,3,110100,Cm,"Kn, An",True,3,110100,Cm,"Kn, An",0.923,0.957,0.316,0.877,0.106,0.695,0.923068,0.853591,1,0.95712,0.825967,1,0.316112,0.585635,0,0.877063,0.629834,1,0.105791,0.662983,0,0.694856,0.81768,0,1,1,0,1,0,0
percolate,True,1,000100,An,,True,1,000100,An,,0.574,0.525,0.263,0.64,0.549,0.312,0.573896,0.853591,0,0.524569,0.825967,0,0.262686,0.585635,0,0.640125,0.629834,1,0.549197,0.662983,0,0.312327,0.81768,0,0,0,0,1,0,0
perforate,True,1,000010,Sn,,True,1,000010,Sn,,0.382,0.199,0.386,0.129,0.684,0.067,0.381849,0.853591,0,0.199137,0.825967,0,0.385713,0.585635,0,0.128716,0.629834,0,0.683841,0.662983,1,0.066829,0.81768,0,0,0,0,0,1,0
perish,True,1,001000,Ap,,True,2,011000,Ap,Cm,0.573,0.728,0.769,0.051,0.028,0.604,0.573152,0.853591,0,0.727636,0.825967,0,0.768766,0.585635,1,0.050657,0.629834,0,0.028307,0.662983,0,0.603779,0.81768,0,0,0,1,0,0,0
permeate,False,0,000000,,,True,1,010000,Cm,,0.294,0.82,0.402,0.109,0.28,0.607,0.293958,0.853591,0,0.820191,0.825967,0,0.401708,0.585635,0,0.108752,0.629834,0,0.279752,0.662983,0,0.607071,0.81768,0,0,0,0,0,0,0
permit,True,1,000100,An,,True,2,000101,Ev,An,0.545,0.323,0.453,0.662,0.276,0.73,0.544743,0.853591,0,0.323235,0.825967,0,0.453356,0.585635,0,0.661844,0.629834,1,0.276282,0.662983,0,0.730336,0.81768,0,0,0,0,1,0,0
permute,True,1,000010,Sn,,True,3,001110,Sn,"Ap, An",0.461,0.396,0.609,0.554,0.793,0.536,0.460621,0.853591,0,0.396241,0.825967,0,0.609221,0.585635,1,0.554438,0.629834,0,0.79285,0.662983,1,0.536219,0.81768,0,0,0,0,0,1,0
perpetuate,False,0,000000,,,True,1,100000,Kn,,0.738,0.301,0.488,0.003,0.526,0.522,0.737956,0.853591,0,0.301251,0.825967,0,0.487983,0.585635,0,0.003047,0.629834,0,0.525594,0.662983,0,0.521578,0.81768,0,0,0,0,0,0,0
persevere,True,1,000001,Ev,,True,2,000011,Ev,Sn,0.528,0.184,0.102,0.007,0.807,0.875,0.52791,0.853591,0,0.183649,0.825967,0,0.102069,0.585635,0,0.007293,0.629834,0,0.807206,0.662983,1,0.874813,0.81768,1,0,0,0,0,0,1
persist,True,2,001010,Sn,Ap,True,2,001010,Sn,Ap,0.186,0.099,0.653,0.102,0.675,0.666,0.186377,0.853591,0,0.09889,0.825967,0,0.652828,0.585635,1,0.102217,0.629834,0,0.674607,0.662983,1,0.666265,0.81768,0,0,0,1,0,1,0
persuade,True,1,000001,Ev,,True,2,000011,Ev,Sn,0.149,0.258,0.155,0.12,0.689,0.93,0.149171,0.853591,0,0.257557,0.825967,0,0.15478,0.585635,0,0.120445,0.629834,0,0.689272,0.662983,1,0.929934,0.81768,1,0,0,0,0,0,1
pertain,True,1,000001,Ev,,True,2,000011,Ev,Sn,0.722,0.526,0.477,0.457,0.597,0.887,0.72167,0.853591,0,0.52558,0.825967,0,0.476897,0.585635,0,0.457461,0.629834,0,0.596617,0.662983,0,0.886958,0.81768,1,0,0,0,0,0,1
perturb,True,1,000100,An,,True,2,010100,An,Cm,0.275,0.735,0.139,0.748,0.43,0.066,0.274765,0.853591,0,0.735175,0.825967,0,0.138763,0.585635,0,0.74793,0.629834,1,0.430104,0.662983,0,0.065885,0.81768,0,0,0,0,1,0,0
phase,True,1,000100,An,,True,1,000100,An,,0.431,0.35,0.372,0.804,0.104,0.328,0.431307,0.853591,0,0.349786,0.825967,0,0.372404,0.585635,0,0.803619,0.629834,1,0.103803,0.662983,0,0.327728,0.81768,0,0,0,0,1,0,0
photograph,True,1,010000,Cm,,True,4,111100,Cm,"Kn, Ap, An",0.791,0.929,0.649,0.682,0.222,0.027,0.791493,0.853591,0,0.929378,0.825967,1,0.649259,0.585635,1,0.681972,0.629834,1,0.221824,0.662983,0,0.026848,0.81768,0,0,1,0,0,0,0
pick,True,2,100001,Ev,Kn,True,4,101101,Ev,"Kn, Ap, An",0.958,0.559,0.565,0.587,0.563,0.966,0.957795,0.853591,1,0.558703,0.825967,0,0.565117,0.585635,0,0.586608,0.629834,0,0.562983,0.662983,0,0.965918,0.81768,1,1,0,0,0,0,1
pile,True,1,100000,Kn,,True,2,100010,Kn,Sn,0.913,0.6,0.161,0.521,0.793,0.422,0.913466,0.853591,1,0.600497,0.825967,0,0.161242,0.585635,0,0.52051,0.629834,0,0.793432,0.662983,1,0.422124,0.81768,0,1,0,0,0,0,0
pinch,True,1,000100,An,,True,3,101100,Kn,"Ap, An",0.852,0.631,0.506,0.735,0.283,0.501,0.851869,0.853591,0,0.631188,0.825967,0,0.506264,0.585635,0,0.735164,0.629834,1,0.283321,0.662983,0,0.500985,0.81768,0,0,0,0,1,0,0
ping,False,0,000000,,,True,1,100000,Kn,,0.749,0.666,0.183,0.347,0.435,0.434,0.749027,0.853591,0,0.665814,0.825967,0,0.18274,0.585635,0,0.347226,0.629834,0,0.435408,0.662983,0,0.434229,0.81768,0,0,0,0,0,0,0
pinpoint,True,3,110100,Kn,"Cm, An",True,3,110100,Kn,"Cm, An",0.997,0.964,0.244,0.649,0.051,0.118,0.997238,0.853591,1,0.963832,0.825967,1,0.244487,0.585635,0,0.648729,0.629834,1,0.050546,0.662983,0,0.117532,0.81768,0,1,1,0,1,0,0
plagiarize,True,1,100000,Kn,,True,2,100010,Kn,Sn,0.939,0.535,0.14,0.425,0.598,0.399,0.939324,0.853591,1,0.535203,0.825967,0,0.139728,0.585635,0,0.425015,0.629834,0,0.598234,0.662983,0,0.399226,0.81768,0,1,0,0,0,0,0
plasticize,True,1,000010,Sn,,True,2,001010,Sn,Ap,0.218,0.041,0.662,0.416,0.786,0.327,0.218047,0.853591,0,0.041188,0.825967,0,0.662019,0.585635,1,0.416121,0.629834,0,0.786063,0.662983,1,0.326846,0.81768,0,0,0,0,0,1,0
play,True,1,001000,Ap,,True,2,001010,Ap,Sn,0.529,0.455,0.956,0.311,0.754,0.102,0.529219,0.853591,0,0.454853,0.825967,0,0.955713,0.585635,1,0.310609,0.629834,0,0.754332,0.662983,1,0.101723,0.81768,0,0,0,1,0,0,0
please,False,0,000000,,,True,3,110100,Cm,"Kn, An",0.726,0.809,0.389,0.621,0.263,0.467,0.725554,0.853591,0,0.80905,0.825967,0,0.389422,0.585635,0,0.620971,0.629834,0,0.263103,0.662983,0,0.466964,0.81768,0,0,0,0,0,0,0
plicate,False,0,000000,,,True,1,100000,Kn,,0.738,0.542,0.008,0.463,0.204,0.139,0.737937,0.853591,0,0.541532,0.825967,0,0.007547,0.585635,0,0.462992,0.629834,0,0.203623,0.662983,0,0.139457,0.81768,0,0,0,0,0,0,0
plow,True,1,000010,Sn,,True,2,001010,Sn,Ap,0.24,0.53,0.627,0.375,0.912,0.011,0.239949,0.853591,0,0.529985,0.825967,0,0.627438,0.585635,1,0.375126,0.629834,0,0.912487,0.662983,1,0.01105,0.81768,0,0,0,0,0,1,0
pluck,True,1,100000,Kn,,True,4,111100,Kn,"Cm, Ap, An",0.89,0.706,0.739,0.579,0.276,0.28,0.890232,0.853591,1,0.705671,0.825967,0,0.738915,0.585635,1,0.579161,0.629834,0,0.275901,0.662983,0,0.280158,0.81768,0,1,0,0,0,0,0
plug,True,1,000100,An,,True,1,000100,An,,0.394,0.631,0.224,0.843,0.27,0.661,0.394344,0.853591,0,0.630765,0.825967,0,0.224384,0.585635,0,0.842924,0.629834,1,0.269509,0.662983,0,0.660818,0.81768,0,0,0,0,1,0,0
plumb,True,1,000100,An,,True,1,000100,An,,0.573,0.64,0.024,0.819,0.28,0.509,0.573077,0.853591,0,0.639584,0.825967,0,0.024368,0.585635,0,0.818751,0.629834,1,0.280424,0.662983,0,0.509171,0.81768,0,0,0,0,1,0,0
plunge,True,1,001000,Ap,,True,2,001100,Ap,An,0.537,0.143,0.845,0.564,0.522,0.174,0.537118,0.853591,0,0.143122,0.825967,0,0.845164,0.585635,1,0.563549,0.629834,0,0.521643,0.662983,0,0.173591,0.81768,0,0,0,1,0,0,0
ply,False,0,000000,,,False,0,000000,,,0.582,0.538,0.061,0.374,0.52,0.293,0.582067,0.853591,0,0.537754,0.825967,0,0.060951,0.585635,0,0.373804,0.629834,0,0.520301,0.662983,0,0.29281,0.81768,0,0,0,0,0,0,0
poke,True,1,100000,Kn,,True,2,100100,Kn,An,0.894,0.67,0.371,0.555,0.264,0.075,0.894221,0.853591,1,0.669775,0.825967,0,0.370955,0.585635,0,0.55504,0.629834,0,0.264291,0.662983,0,0.074887,0.81768,0,1,0,0,0,0,0
polarize,True,1,000100,An,,True,2,001100,An,Ap,0.288,0.632,0.62,0.889,0.409,0.277,0.287814,0.853591,0,0.631876,0.825967,0,0.619938,0.585635,1,0.888507,0.629834,1,0.409334,0.662983,0,0.276906,0.81768,0,0,0,0,1,0,0
pollute,True,1,001000,Ap,,True,2,001001,Ev,Ap,0.384,0.143,0.731,0.348,0.541,0.767,0.383756,0.853591,0,0.143354,0.825967,0,0.731094,0.585635,1,0.348417,0.629834,0,0.540837,0.662983,0,0.767073,0.81768,0,0,0,1,0,0,0
polymerize,True,1,001000,Ap,,True,2,001010,Ap,Sn,0.217,0.13,0.729,0.272,0.587,0.368,0.216578,0.853591,0,0.13008,0.825967,0,0.72852,0.585635,1,0.271631,0.629834,0,0.587185,0.662983,0,0.367623,0.81768,0,0,0,1,0,0,0
ponder,True,1,000001,Ev,,True,2,000101,Ev,An,0.438,0.358,0.371,0.737,0.283,0.991,0.438394,0.853591,0,0.358277,0.825967,0,0.37147,0.585635,0,0.736514,0.629834,1,0.282877,0.662983,0,0.991086,0.81768,1,0,0,0,0,0,1
pop,False,0,000000,,,False,0,000000,,,0.722,0.064,0.132,0.37,0.284,0.618,0.722423,0.853591,0,0.063642,0.825967,0,0.132144,0.585635,0,0.36998,0.629834,0,0.283993,0.662983,0,0.617813,0.81768,0,0,0,0,0,0,0
popularize,True,1,000010,Sn,,True,2,001010,Sn,Ap,0.287,0.409,0.786,0.003,0.92,0.127,0.28692,0.853591,0,0.408942,0.825967,0,0.786194,0.585635,1,0.003104,0.629834,0,0.920395,0.662983,1,0.127454,0.81768,0,0,0,0,0,1,0
populate,True,1,000010,Sn,,True,2,001010,Sn,Ap,0.307,0.142,0.64,0.124,0.854,0.168,0.306732,0.853591,0,0.142309,0.825967,0,0.63967,0.585635,1,0.123679,0.629834,0,0.853942,0.662983,1,0.16799,0.81768,0,0,0,0,0,1,0
pore,True,1,000100,An,,True,4,111100,An,"Kn, Cm, Ap",0.84,0.761,0.635,0.888,0.104,0.131,0.840164,0.853591,0,0.760521,0.825967,0,0.635492,0.585635,1,0.888108,0.629834,1,0.10393,0.662983,0,0.130522,0.81768,0,0,0,0,1,0,0
port,True,1,000010,Sn,,True,3,000111,Ev,"An, Sn",0.219,0.328,0.333,0.62,0.724,0.738,0.219285,0.853591,0,0.327844,0.825967,0,0.332725,0.585635,0,0.619746,0.629834,0,0.724012,0.662983,1,0.737806,0.81768,0,0,0,0,0,1,0
pose,True,3,001110,Sn,"Ap, An",True,3,001110,Sn,"Ap, An",0.439,0.65,0.629,0.804,0.846,0.158,0.43855,0.853591,0,0.650055,0.825967,0,0.62893,0.585635,1,0.803801,0.629834,1,0.846442,0.662983,1,0.157689,0.81768,0,0,0,1,1,1,0
posit,True,1,000010,Sn,,True,2,000011,Sn,Ev,0.307,0.632,0.226,0.249,0.796,0.729,0.307184,0.853591,0,0.631995,0.825967,0,0.225514,0.585635,0,0.249462,0.629834,0,0.795575,0.662983,1,0.729458,0.81768,0,0,0,0,0,1,0
position,False,0,000000,,,True,2,110000,Kn,Cm,0.784,0.761,0.356,0.484,0.536,0.675,0.783986,0.853591,0,0.760541,0.825967,0,0.355661,0.585635,0,0.483835,0.629834,0,0.536499,0.662983,0,0.67532,0.81768,0,0,0,0,0,0,0
possess,True,1,001000,Ap,,True,1,001000,Ap,,0.646,0.146,0.954,0.008,0.356,0.235,0.645735,0.853591,0,0.146029,0.825967,0,0.954309,0.585635,1,0.008021,0.629834,0,0.35591,0.662983,0,0.234798,0.81768,0,0,0,1,0,0,0
post,True,1,001000,Ap,,True,1,001000,Ap,,0.717,0.642,0.638,0.223,0.318,0.128,0.7168,0.853591,0,0.642381,0.825967,0,0.638074,0.585635,1,0.223143,0.629834,0,0.318134,0.662983,0,0.127964,0.81768,0,0,0,1,0,0,0
postpone,True,1,000010,Sn,,True,2,001010,Sn,Ap,0.149,0.338,0.602,0.34,0.92,0.638,0.149171,0.853591,0,0.337987,0.825967,0,0.602129,0.585635,1,0.339709,0.629834,0,0.919814,0.662983,1,0.637762,0.81768,0,0,0,0,0,1,0
postulate,True,1,000100,An,,True,2,000101,An,Ev,0.363,0.621,0.314,0.861,0.345,0.753,0.363495,0.853591,0,0.621426,0.825967,0,0.313835,0.585635,0,0.861106,0.629834,1,0.344787,0.662983,0,0.753368,0.81768,0,0,0,0,1,0,0
potentiate,True,1,000010,Sn,,True,1,000010,Sn,,0.274,0.017,0.456,0.041,0.864,0.368,0.274262,0.853591,0,0.016575,0.825967,0,0.455571,0.585635,0,0.04128,0.629834,0,0.864223,0.662983,1,0.367603,0.81768,0,0,0,0,0,1,0
pour,True,1,000010,Sn,,True,2,001010,Sn,Ap,0.149,0.35,0.525,0.351,0.777,0.596,0.149171,0.853591,0,0.349672,0.825967,0,0.524737,0.585635,0,0.350589,0.629834,0,0.777354,0.662983,1,0.595705,0.81768,0,0,0,0,0,1,0
praise,True,1,000001,Ev,,True,1,000001,Ev,,0.538,0.364,0.133,0.014,0.495,0.857,0.537567,0.853591,0,0.364073,0.825967,0,0.13251,0.585635,0,0.013582,0.629834,0,0.495267,0.662983,0,0.856764,0.81768,1,0,0,0,0,0,1
preach,False,0,000000,,,False,0,000000,,,0.597,0.534,0.128,0.003,0.401,0.649,0.597237,0.853591,0,0.534474,0.825967,0,0.128462,0.585635,0,0.00283,0.629834,0,0.400725,0.662983,0,0.648839,0.81768,0,0,0,0,0,0,0
precede,True,3,100011,Sn,"Kn, Ev",True,4,100111,Sn,"Kn, An, Ev",0.855,0.663,0.12,0.576,0.913,0.886,0.85463,0.853591,1,0.663131,0.825967,0,0.120293,0.585635,0,0.576389,0.629834,0,0.912962,0.662983,1,0.886136,0.81768,1,1,0,0,0,1,1
precipitate,True,1,000010,Sn,,True,2,000011,Sn,Ev,0.289,0.168,0.029,0.502,0.984,0.843,0.289286,0.853591,0,0.167971,0.825967,0,0.029161,0.585635,0,0.501526,0.629834,0,0.984393,0.662983,1,0.842768,0.81768,1,0,0,0,0,1,0
preclude,False,0,000000,,,True,2,000011,Ev,Sn,0.209,0.298,0.156,0.276,0.619,0.779,0.208673,0.853591,0,0.298114,0.825967,0,0.1558,0.585635,0,0.275636,0.629834,0,0.618799,0.662983,0,0.778541,0.81768,0,0,0,0,0,0,0
predetermine,True,1,000001,Ev,,True,3,000111,Ev,"An, Sn",0.551,0.143,0.051,0.614,0.82,0.934,0.551222,0.853591,0,0.143239,0.825967,0,0.051045,0.585635,0,0.613588,0.629834,0,0.820271,0.662983,1,0.933793,0.81768,1,0,0,0,0,0,1
predispose,True,1,000010,Sn,,True,4,001111,Sn,"Ap, An, Ev",0.149,0.054,0.581,0.606,0.961,0.789,0.149171,0.853591,0,0.054336,0.825967,0,0.581199,0.585635,0,0.606068,0.629834,0,0.961357,0.662983,1,0.788765,0.81768,0,0,0,0,0,1,0
predominate,False,0,000000,,,True,1,010000,Cm,,0.582,0.754,0.375,0.215,0.447,0.623,0.58194,0.853591,0,0.75384,0.825967,0,0.375446,0.585635,0,0.21473,0.629834,0,0.447073,0.662983,0,0.623271,0.81768,0,0,0,0,0,0,0
prefabricate,True,1,000010,Sn,,True,2,001010,Sn,Ap,0.149,0.017,0.706,0.306,0.986,0.526,0.149171,0.853591,0,0.016575,0.825967,0,0.706446,0.585635,1,0.306201,0.629834,0,0.986194,0.662983,1,0.525615,0.81768,0,0,0,0,0,1,0
prefer,True,1,000001,Ev,,True,3,000111,Ev,"An, Sn",0.644,0.424,0.362,0.576,0.681,0.852,0.644284,0.853591,0,0.423847,0.825967,0,0.36212,0.585635,0,0.575534,0.629834,0,0.680756,0.662983,1,0.852175,0.81768,1,0,0,0,0,0,1
preform,True,1,001000,Ap,,True,2,001010,Ap,Sn,0.342,0.068,0.986,0.19,0.76,0.028,0.342478,0.853591,0,0.06805,0.825967,0,0.986308,0.585635,1,0.190439,0.629834,0,0.759907,0.662983,1,0.028355,0.81768,0,0,0,1,0,0,0
preheat,True,1,000010,Sn,,True,2,000110,Sn,An,0.216,0.049,0.413,0.566,0.996,0.676,0.216344,0.853591,0,0.049046,0.825967,0,0.413294,0.585635,0,0.56621,0.629834,0,0.996005,0.662983,1,0.675927,0.81768,0,0,0,0,0,1,0
preoccupy,True,1,000100,An,,True,2,000101,An,Ev,0.697,0.64,0.1,0.846,0.504,0.743,0.697156,0.853591,0,0.639776,0.825967,0,0.099582,0.585635,0,0.846068,0.629834,1,0.503594,0.662983,0,0.742674,0.81768,0,0,0,0,1,0,0
present,True,3,111000,Cm,"Kn, Ap",True,4,111100,Cm,"Kn, Ap, An",0.876,0.897,0.667,0.536,0.347,0.011,0.87618,0.853591,1,0.896505,0.825967,1,0.667387,0.585635,1,0.535918,0.629834,0,0.347249,0.662983,0,0.01105,0.81768,0,1,1,1,0,0,0
pressure,True,1,001000,Ap,,True,1,001000,Ap,,0.407,0.165,0.646,0.374,0.503,0.331,0.407357,0.853591,0,0.164964,0.825967,0,0.645869,0.585635,1,0.374028,0.629834,0,0.502954,0.662983,0,0.330991,0.81768,0,0,0,1,0,0,0
pressurize,True,2,001100,Ap,An,True,2,001100,Ap,An,0.149,0.134,0.666,0.65,0.432,0.501,0.149171,0.853591,0,0.133919,0.825967,0,0.665878,0.585635,1,0.649927,0.629834,1,0.431598,0.662983,0,0.501141,0.81768,0,0,0,1,1,0,0
presume,True,2,000101,An,Ev,True,3,010101,An,"Cm, Ev",0.149,0.753,0.439,0.876,0.454,0.845,0.149171,0.853591,0,0.753413,0.825967,0,0.439466,0.585635,0,0.875741,0.629834,1,0.453682,0.662983,0,0.845236,0.81768,1,0,0,0,1,0,1
presuppose,True,2,000011,Ev,Sn,True,2,000011,Ev,Sn,0.216,0.456,0.042,0.453,0.895,0.927,0.216149,0.853591,0,0.455765,0.825967,0,0.041641,0.585635,0,0.452501,0.629834,0,0.895289,0.662983,1,0.926538,0.81768,1,0,0,0,0,1,1
prevail,True,1,000001,Ev,,True,2,000011,Ev,Sn,0.226,0.233,0.054,0.05,0.64,0.935,0.226038,0.853591,0,0.233147,0.825967,0,0.053681,0.585635,0,0.049912,0.629834,0,0.639676,0.662983,0,0.935089,0.81768,1,0,0,0,0,0,1
prevent,True,1,000001,Ev,,True,1,000001,Ev,,0.149,0.053,0.205,0.04,0.336,0.926,0.149171,0.853591,0,0.053404,0.825967,0,0.204501,0.585635,0,0.039506,0.629834,0,0.336316,0.662983,0,0.925889,0.81768,1,0,0,0,0,0,1
print,True,1,100000,Kn,,True,4,101110,Kn,"Ap, An, Sn",0.909,0.642,0.635,0.838,0.73,0.145,0.909324,0.853591,1,0.641913,0.825967,0,0.635333,0.585635,1,0.838434,0.629834,1,0.729878,0.662983,1,0.145489,0.81768,0,1,0,0,0,0,0
prise,True,1,000100,An,,True,3,010101,An,"Cm, Ev",0.409,0.712,0.051,0.905,0.139,0.701,0.408631,0.853591,0,0.712443,0.825967,0,0.051241,0.585635,0,0.905243,0.629834,1,0.139288,0.662983,0,0.701254,0.81768,0,0,0,0,1,0,0
proceed,True,2,001010,Sn,Ap,True,3,001110,Sn,"Ap, An",0.236,0.397,0.855,0.559,0.862,0.186,0.235854,0.853591,0,0.397257,0.825967,0,0.85543,0.585635,1,0.559093,0.629834,0,0.862132,0.662983,1,0.185719,0.81768,0,0,0,1,0,1,0
prod,True,1,001000,Ap,,True,2,001100,Ap,An,0.268,0.196,0.932,0.655,0.562,0.636,0.267555,0.853591,0,0.195908,0.825967,0,0.932152,0.585635,1,0.654923,0.629834,1,0.562048,0.662983,0,0.635994,0.81768,0,0,0,1,0,0,0
profess,True,1,000010,Sn,,True,1,000010,Sn,,0.394,0.017,0.468,0.05,0.872,0.06,0.393606,0.853591,0,0.016575,0.825967,0,0.468372,0.585635,0,0.050163,0.629834,0,0.872351,0.662983,1,0.059784,0.81768,0,0,0,0,0,1,0
prohibit,True,1,000001,Ev,,True,1,000001,Ev,,0.149,0.017,0.318,0.427,0.461,0.854,0.149171,0.853591,0,0.016575,0.825967,0,0.317646,0.585635,0,0.42725,0.629834,0,0.46086,0.662983,0,0.853774,0.81768,1,0,0,0,0,0,1
proliferate,True,1,000010,Sn,,True,2,001010,Sn,Ap,0.335,0.587,0.63,0.086,0.954,0.692,0.335348,0.853591,0,0.586586,0.825967,0,0.629657,0.585635,1,0.085998,0.629834,0,0.954198,0.662983,1,0.69195,0.81768,0,0,0,0,0,1,0
prolong,True,1,001000,Ap,,True,1,001000,Ap,,0.308,0.43,0.645,0.321,0.301,0.296,0.307692,0.853591,0,0.429672,0.825967,0,0.645254,0.585635,1,0.321028,0.629834,0,0.301216,0.662983,0,0.295644,0.81768,0,0,0,1,0,0,0
promise,False,0,000000,,,True,2,100001,Kn,Ev,0.738,0.51,0.034,0.223,0.085,0.708,0.73751,0.853591,0,0.510377,0.825967,0,0.033923,0.585635,0,0.22326,0.629834,0,0.085246,0.662983,0,0.708482,0.81768,0,0,0,0,0,0,0
promote,True,1,000010,Sn,,True,3,001011,Sn,"Ap, Ev",0.149,0.055,0.591,0.043,0.927,0.706,0.149171,0.853591,0,0.054739,0.825967,0,0.590578,0.585635,1,0.04302,0.629834,0,0.926877,0.662983,1,0.706044,0.81768,0,0,0,0,0,1,0
prompt,True,1,000010,Sn,,True,2,000011,Sn,Ev,0.405,0.353,0.143,0.05,0.792,0.741,0.405134,0.853591,0,0.352664,0.825967,0,0.143447,0.585635,0,0.050399,0.629834,0,0.791967,0.662983,1,0.741349,0.81768,0,0,0,0,0,1,0
pronounce,True,1,100000,Kn,,True,1,100000,Kn,,0.86,0.523,0.409,0.198,0.256,0.693,0.859503,0.853591,1,0.522993,0.825967,0,0.408991,0.585635,0,0.197897,0.629834,0,0.255732,0.662983,0,0.693062,0.81768,0,1,0,0,0,0,0
propagate,True,1,001000,Ap,,True,2,001010,Ap,Sn,0.31,0.565,0.914,0.335,0.785,0.065,0.309649,0.853591,0,0.564579,0.825967,0,0.914034,0.585635,1,0.334899,0.629834,0,0.784781,0.662983,1,0.064901,0.81768,0,0,0,1,0,0,0
propel,True,1,001000,Ap,,True,1,001000,Ap,,0.149,0.058,0.645,0.375,0.508,0.303,0.149171,0.853591,0,0.058201,0.825967,0,0.64471,0.585635,1,0.374596,0.629834,0,0.507823,0.662983,0,0.302974,0.81768,0,0,0,1,0,0,0
prosper,True,1,001000,Ap,,True,2,001010,Ap,Sn,0.573,0.4,0.863,0.052,0.79,0.501,0.573206,0.853591,0,0.400379,0.825967,0,0.862503,0.585635,1,0.051544,0.629834,0,0.790321,0.662983,1,0.500987,0.81768,0,0,0,1,0,0,0
protest,True,1,000001,Ev,,True,2,001001,Ev,Ap,0.395,0.669,0.636,0.368,0.328,0.826,0.395271,0.853591,0,0.669317,0.825967,0,0.636109,0.585635,1,0.367639,0.629834,0,0.327903,0.662983,0,0.826467,0.81768,1,0,0,0,0,0,1
protrude,True,3,111000,Cm,"Kn, Ap",True,3,111000,Cm,"Kn, Ap",0.909,0.93,0.855,0.515,0.281,0.296,0.908619,0.853591,1,0.929811,0.825967,1,0.85507,0.585635,1,0.515298,0.629834,0,0.280995,0.662983,0,0.296357,0.81768,0,1,1,1,0,0,0
provoke,True,1,000001,Ev,,True,1,000001,Ev,,0.149,0.07,0.443,0.056,0.561,0.916,0.149171,0.853591,0,0.070493,0.825967,0,0.44277,0.585635,0,0.056149,0.629834,0,0.561462,0.662983,0,0.915636,0.81768,1,0,0,0,0,0,1
prune,True,1,001000,Ap,,True,2,001100,Ap,An,0.149,0.105,0.842,0.541,0.252,0.617,0.149171,0.853591,0,0.105125,0.825967,0,0.841711,0.585635,1,0.541109,0.629834,0,0.252129,0.662983,0,0.616868,0.81768,0,0,0,1,0,0,0
pry,False,0,000000,,,True,1,000100,An,,0.416,0.538,0.373,0.579,0.504,0.292,0.416233,0.853591,0,0.53772,0.825967,0,0.372727,0.585635,0,0.578742,0.629834,0,0.504172,0.662983,0,0.292418,0.81768,0,0,0,0,0,0,0
publicize,True,1,001000,Ap,,True,2,001010,Ap,Sn,0.199,0.197,0.983,0.213,0.749,0.099,0.199108,0.853591,0,0.197112,0.825967,0,0.98286,0.585635,1,0.213266,0.629834,0,0.749274,0.662983,1,0.098859,0.81768,0,0,0,1,0,0,0
publish,True,2,001010,Ap,Sn,True,2,001010,Ap,Sn,0.44,0.334,0.854,0.453,0.844,0.183,0.440219,0.853591,0,0.33377,0.825967,0,0.85391,0.585635,1,0.453197,0.629834,0,0.843605,0.662983,1,0.18325,0.81768,0,0,0,1,0,1,0
pull,True,2,101000,Ap,Kn,True,2,101000,Ap,Kn,0.941,0.564,0.989,0.246,0.105,0.128,0.941304,0.853591,1,0.563585,0.825967,0,0.988888,0.585635,1,0.246412,0.629834,0,0.105223,0.662983,0,0.127857,0.81768,0,1,0,1,0,0,0
pulsate,True,1,001000,Ap,,True,2,101000,Kn,Ap,0.764,0.553,0.623,0.103,0.549,0.129,0.764011,0.853591,0,0.553145,0.825967,0,0.623348,0.585635,1,0.103189,0.629834,0,0.549286,0.662983,0,0.128877,0.81768,0,0,0,1,0,0,0
pulverize,True,1,001000,Ap,,True,3,001110,Ap,"An, Sn",0.204,0.017,0.641,0.539,0.639,0.189,0.204176,0.853591,0,0.016575,0.825967,0,0.6414,0.585635,1,0.539142,0.629834,0,0.639425,0.662983,0,0.188975,0.81768,0,0,0,1,0,0,0
pump,True,1,001000,Ap,,True,2,001100,Ap,An,0.414,0.348,0.987,0.671,0.104,0.287,0.414038,0.853591,0,0.347575,0.825967,0,0.986908,0.585635,1,0.670889,0.629834,1,0.103752,0.662983,0,0.286685,0.81768,0,0,0,1,0,0,0
punch,False,0,000000,,,True,1,000001,Ev,,0.468,0.675,0.372,0.344,0.284,0.737,0.46834,0.853591,0,0.674543,0.825967,0,0.372219,0.585635,0,0.344481,0.629834,0,0.283656,0.662983,0,0.73686,0.81768,0,0,0,0,0,0,0
purchase,False,0,000000,,,False,0,000000,,,0.671,0.566,0.439,0.279,0.162,0.387,0.671407,0.853591,0,0.565987,0.825967,0,0.439472,0.585635,0,0.279029,0.629834,0,0.161977,0.662983,0,0.387196,0.81768,0,0,0,0,0,0,0
purge,True,1,001000,Ap,,True,1,001000,Ap,,0.149,0.163,0.629,0.333,0.291,0.62,0.149171,0.853591,0,0.162508,0.825967,0,0.629142,0.585635,1,0.332787,0.629834,0,0.290817,0.662983,0,0.620114,0.81768,0,0,0,1,0,0,0
purify,True,1,000100,An,,True,1,000100,An,,0.227,0.047,0.362,0.804,0.411,0.664,0.227229,0.853591,0,0.046917,0.825967,0,0.361529,0.585635,0,0.803744,0.629834,1,0.411108,0.662983,0,0.664451,0.81768,0,0,0,0,1,0,0
pursue,True,1,001000,Ap,,True,2,001010,Ap,Sn,0.149,0.2,0.86,0.05,0.643,0.331,0.149171,0.853591,0,0.199622,0.825967,0,0.860088,0.585635,1,0.050318,0.629834,0,0.642539,0.662983,0,0.330651,0.81768,0,0,0,1,0,0,0
push,True,1,001000,Ap,,True,1,001000,Ap,,0.391,0.229,0.932,0.057,0.401,0.295,0.39094,0.853591,0,0.229232,0.825967,0,0.931576,0.585635,1,0.056547,0.629834,0,0.400614,0.662983,0,0.295471,0.81768,0,0,0,1,0,0,0
put,True,1,001000,Ap,,True,2,001100,Ap,An,0.459,0.686,0.598,0.562,0.516,0.338,0.458784,0.853591,0,0.686113,0.825967,0,0.597655,0.585635,1,0.562126,0.629834,0,0.515576,0.662983,0,0.338454,0.81768,0,0,0,1,0,0,0
quadruple,True,1,001000,Ap,,True,2,101000,Kn,Ap,0.845,0.605,0.683,0.193,0.017,0.261,0.845395,0.853591,0,0.604602,0.825967,0,0.682728,0.585635,1,0.193463,0.629834,0,0.016961,0.662983,0,0.260898,0.81768,0,0,0,1,0,0,0
qualify,True,1,000001,Ev,,True,3,001101,Ev,"Ap, An",0.197,0.278,0.763,0.691,0.504,0.972,0.196922,0.853591,0,0.27793,0.825967,0,0.762772,0.585635,1,0.691381,0.629834,1,0.504093,0.662983,0,0.972263,0.81768,1,0,0,0,0,0,1
quantify,True,3,010101,An,"Cm, Ev",True,4,110101,An,"Kn, Cm, Ev",0.767,0.834,0.444,0.874,0.452,0.869,0.767353,0.853591,0,0.834269,0.825967,1,0.443664,0.585635,0,0.873849,0.629834,1,0.452277,0.662983,0,0.868915,0.81768,1,0,1,0,1,0,1
quantize,True,1,000100,An,,True,2,000101,An,Ev,0.149,0.671,0.358,0.989,0.451,0.732,0.149171,0.853591,0,0.671001,0.825967,0,0.358262,0.585635,0,0.989445,0.629834,1,0.450693,0.662983,0,0.73181,0.81768,0,0,0,0,1,0,0
quarantine,True,1,000001,Ev,,True,2,000101,Ev,An,0.149,0.017,0.228,0.555,0.49,0.874,0.149171,0.853591,0,0.016575,0.825967,0,0.228341,0.585635,0,0.554837,0.629834,0,0.490103,0.662983,0,0.874446,0.81768,1,0,0,0,0,0,1
quench,True,1,000100,An,,True,1,000100,An,,0.407,0.054,0.052,0.845,0.393,0.486,0.407312,0.853591,0,0.054408,0.825967,0,0.051764,0.585635,0,0.845296,0.629834,1,0.393476,0.662983,0,0.48646,0.81768,0,0,0,0,1,0,0
quit,True,1,000001,Ev,,True,2,000011,Ev,Sn,0.293,0.184,0.381,0.244,0.707,0.928,0.292877,0.853591,0,0.183585,0.825967,0,0.381475,0.585635,0,0.244019,0.629834,0,0.706608,0.662983,1,0.927604,0.81768,1,0,0,0,0,0,1
radiate,True,1,001000,Ap,,True,1,001000,Ap,,0.552,0.63,0.864,0.103,0.1,0.147,0.552422,0.853591,0,0.630269,0.825967,0,0.863628,0.585635,1,0.102621,0.629834,0,0.100278,0.662983,0,0.147031,0.81768,0,0,0,1,0,0,0
raise,True,1,000010,Sn,,True,2,001010,Sn,Ap,0.354,0.07,0.604,0.056,0.875,0.596,0.354183,0.853591,0,0.069588,0.825967,0,0.604191,0.585635,1,0.055881,0.629834,0,0.875112,0.662983,1,0.595632,0.81768,0,0,0,0,0,1,0
ramp,True,1,001000,Ap,,True,2,001010,Ap,Sn,0.372,0.516,0.832,0.275,0.676,0.126,0.371682,0.853591,0,0.516197,0.825967,0,0.832142,0.585635,1,0.274717,0.629834,0,0.675685,0.662983,1,0.125772,0.81768,0,0,0,1,0,0,0
randomize,True,1,000010,Sn,,True,2,001010,Sn,Ap,0.43,0.326,0.635,0.213,0.918,0.439,0.430026,0.853591,0,0.326353,0.825967,0,0.635391,0.585635,1,0.212847,0.629834,0,0.918199,0.662983,1,0.438966,0.81768,0,0,0,0,0,1,0
rasterize,True,1,001000,Ap,,True,2,011000,Cm,Ap,0.4,0.737,0.602,0.354,0.427,0.125,0.400188,0.853591,0,0.736946,0.825967,0,0.602455,0.585635,1,0.35435,0.629834,0,0.42748,0.662983,0,0.125019,0.81768,0,0,0,1,0,0,0
rationalize,True,1,010000,Cm,,True,3,011100,Cm,"Ap, An",0.225,0.869,0.568,0.795,0.171,0.479,0.225115,0.853591,0,0.869048,0.825967,1,0.568304,0.585635,0,0.794633,0.629834,1,0.171369,0.662983,0,0.478732,0.81768,0,0,1,0,0,0,0
ravel,True,1,100000,Kn,,True,2,110000,Kn,Cm,0.901,0.835,0.377,0.376,0.175,0.616,0.900515,0.853591,1,0.834663,0.825967,1,0.377213,0.585635,0,0.375685,0.629834,0,0.174614,0.662983,0,0.615856,0.81768,0,1,0,0,0,0,0
re-create,True,1,000010,Sn,,True,2,000011,Sn,Ev,0.34,0.23,0.18,0.214,0.894,0.738,0.339581,0.853591,0,0.229698,0.825967,0,0.179557,0.585635,0,0.213665,0.629834,0,0.894041,0.662983,1,0.737826,0.81768,0,0,0,0,0,1,0
re-examine,True,1,000001,Ev,,True,3,100101,Ev,"Kn, An",0.765,0.529,0.156,0.774,0.37,0.926,0.765168,0.853591,0,0.528834,0.825967,0,0.155849,0.585635,0,0.774271,0.629834,1,0.369645,0.662983,0,0.926474,0.81768,1,0,0,0,0,0,1
re-introduce,True,1,000010,Sn,,True,1,000010,Sn,,0.538,0.423,0.062,0.008,0.848,0.488,0.537987,0.853591,0,0.423224,0.825967,0,0.062317,0.585635,0,0.007513,0.629834,0,0.847725,0.662983,1,0.487859,0.81768,0,0,0,0,0,1,0
reach,False,0,000000,,,False,0,000000,,,0.572,0.06,0.401,0.462,0.202,0.618,0.571932,0.853591,0,0.06045,0.825967,0,0.401457,0.585635,0,0.461641,0.629834,0,0.202458,0.662983,0,0.617826,0.81768,0,0,0,0,0,0,0
react,True,1,001000,Ap,,True,3,001011,Ev,"Ap, Sn",0.555,0.568,0.621,0.103,0.65,0.708,0.554711,0.853591,0,0.567909,0.825967,0,0.620899,0.585635,1,0.102688,0.629834,0,0.649801,0.662983,0,0.708365,0.81768,0,0,0,1,0,0,0
reactivate,True,1,000010,Sn,,True,2,000011,Ev,Sn,0.401,0.195,0.263,0.012,0.676,0.711,0.400775,0.853591,0,0.194676,0.825967,0,0.262838,0.585635,0,0.012452,0.629834,0,0.675655,0.662983,1,0.710507,0.81768,0,0,0,0,0,1,0
readjust,True,1,000010,Sn,,True,1,000010,Sn,,0.338,0.35,0.286,0.327,0.877,0.674,0.337819,0.853591,0,0.350135,0.825967,0,0.286146,0.585635,0,0.326953,0.629834,0,0.877424,0.662983,1,0.673646,0.81768,0,0,0,0,0,1,0
realign,True,1,000010,Sn,,True,3,000111,Sn,"An, Ev",0.329,0.523,0.429,0.595,0.958,0.865,0.328619,0.853591,0,0.522984,0.825967,0,0.42932,0.585635,0,0.594978,0.629834,0,0.958446,0.662983,1,0.864787,0.81768,1,0,0,0,0,1,0
realize,True,1,100000,Kn,,True,2,110000,Kn,Cm,0.854,0.754,0.057,0.25,0.376,0.623,0.853891,0.853591,1,0.754239,0.825967,0,0.05704,0.585635,0,0.250057,0.629834,0,0.375591,0.662983,0,0.623072,0.81768,0,1,0,0,0,0,0
reallocate,True,1,001000,Ap,,True,1,001000,Ap,,0.215,0.102,0.975,0.297,0.492,0.488,0.214846,0.853591,0,0.101609,0.825967,0,0.975036,0.585635,1,0.297229,0.629834,0,0.492202,0.662983,0,0.487501,0.81768,0,0,0,1,0,0,0
ream,False,0,000000,,,True,2,100010,Kn,Sn,0.783,0.43,0.041,0.094,0.641,0.654,0.783105,0.853591,0,0.430104,0.825967,0,0.040747,0.585635,0,0.094004,0.629834,0,0.640516,0.662983,0,0.654113,0.81768,0,0,0,0,0,0,0
reap,False,0,000000,,,True,1,100000,Kn,,0.853,0.161,0.412,0.139,0.307,0.12,0.853421,0.853591,0,0.16059,0.825967,0,0.411532,0.585635,0,0.139028,0.629834,0,0.30725,0.662983,0,0.119612,0.81768,0,0,0,0,0,0,0
reappear,True,1,100000,Kn,,True,1,100000,Kn,,0.908,0.564,0.335,0.006,0.268,0.407,0.908092,0.853591,1,0.563897,0.825967,0,0.335036,0.585635,0,0.005751,0.629834,0,0.268243,0.662983,0,0.406879,0.81768,0,1,0,0,0,0,0
rear,False,0,000000,,,True,1,010000,Cm,,0.717,0.726,0.058,0.232,0.551,0.634,0.717145,0.853591,0,0.726309,0.825967,0,0.058235,0.585635,0,0.231972,0.629834,0,0.550569,0.662983,0,0.633826,0.81768,0,0,0,0,0,0,0
reassemble,True,1,000010,Sn,,True,1,000010,Sn,,0.166,0.262,0.318,0.074,0.963,0.545,0.165689,0.853591,0,0.261505,0.825967,0,0.317575,0.585635,0,0.074178,0.629834,0,0.963397,0.662983,1,0.544973,0.81768,0,0,0,0,0,1,0
reassert,True,1,000010,Sn,,True,1,000010,Sn,,0.37,0.234,0.189,0.171,0.862,0.394,0.369739,0.853591,0,0.233912,0.825967,0,0.189124,0.585635,0,0.17065,0.629834,0,0.862415,0.662983,1,0.39364,0.81768,0,0,0,0,0,1,0
reassure,True,2,000011,Ev,Sn,True,2,000011,Ev,Sn,0.217,0.061,0.139,0.039,0.794,0.818,0.21696,0.853591,0,0.06131,0.825967,0,0.138632,0.585635,0,0.039198,0.629834,0,0.793946,0.662983,1,0.818081,0.81768,1,0,0,0,0,1,1
rebound,False,0,000000,,,False,0,000000,,,0.633,0.399,0.483,0.039,0.37,0.333,0.633116,0.853591,0,0.398845,0.825967,0,0.482729,0.585635,0,0.039158,0.629834,0,0.369529,0.662983,0,0.333303,0.81768,0,0,0,0,0,0,0
rebuild,True,1,000010,Sn,,True,2,001010,Sn,Ap,0.153,0.262,0.596,0.003,0.927,0.088,0.153015,0.853591,0,0.262023,0.825967,0,0.595872,0.585635,1,0.002762,0.629834,0,0.927092,0.662983,1,0.087941,0.81768,0,0,0,0,0,1,0
recalculate,True,1,001000,Ap,,True,1,001000,Ap,,0.344,0.58,0.621,0.374,0.18,0.518,0.344094,0.853591,0,0.580492,0.825967,0,0.620829,0.585635,1,0.374171,0.629834,0,0.180394,0.662983,0,0.517553,0.81768,0,0,0,1,0,0,0
recapitulate,False,0,000000,,,True,2,110000,Kn,Cm,0.791,0.722,0.081,0.071,0.394,0.686,0.790769,0.853591,0,0.72177,0.825967,0,0.080867,0.585635,0,0.070551,0.629834,0,0.393902,0.662983,0,0.686244,0.81768,0,0,0,0,0,0,0
recapture,True,1,001000,Ap,,True,2,101000,Kn,Ap,0.797,0.107,0.7,0.005,0.063,0.271,0.797463,0.853591,0,0.106872,0.825967,0,0.700385,0.585635,1,0.005241,0.629834,0,0.062712,0.662983,0,0.27112,0.81768,0,0,0,1,0,0,0
recast,False,0,000000,,,True,1,000010,Sn,,0.598,0.258,0.315,0.212,0.566,0.5,0.5985,0.853591,0,0.258403,0.825967,0,0.315138,0.585635,0,0.212128,0.629834,0,0.566342,0.662983,0,0.500373,0.81768,0,0,0,0,0,0,0
recede,False,0,000000,,,False,0,000000,,,0.598,0.396,0.414,0.08,0.36,0.693,0.598447,0.853591,0,0.396186,0.825967,0,0.413632,0.585635,0,0.079559,0.629834,0,0.35968,0.662983,0,0.693224,0.81768,0,0,0,0,0,0,0
receive,True,1,001000,Ap,,True,1,001000,Ap,,0.574,0.235,0.86,0.088,0.172,0.016,0.574073,0.853591,0,0.235275,0.825967,0,0.859825,0.585635,1,0.088266,0.629834,0,0.171602,0.662983,0,0.015653,0.81768,0,0,0,1,0,0,0
recharge,True,1,100000,Kn,,True,1,100000,Kn,,0.888,0.231,0.228,0.003,0.295,0.497,0.8884,0.853591,1,0.230857,0.825967,0,0.228031,0.585635,0,0.002973,0.629834,0,0.295055,0.662983,0,0.497001,0.81768,0,1,0,0,0,0,0
reciprocate,False,0,000000,,,False,0,000000,,,0.678,0.078,0.241,0.017,0.516,0.131,0.67799,0.853591,0,0.077843,0.825967,0,0.241051,0.585635,0,0.016736,0.629834,0,0.516406,0.662983,0,0.130539,0.81768,0,0,0,0,0,0,0
reckon,True,1,000001,Ev,,True,4,110101,Ev,"Kn, Cm, An",0.839,0.726,0.029,0.738,0.104,0.928,0.838555,0.853591,0,0.72603,0.825967,0,0.02895,0.585635,0,0.73817,0.629834,1,0.104279,0.662983,0,0.928049,0.81768,1,0,0,0,0,0,1
reclaim,False,0,000000,,,True,1,100000,Kn,,0.796,0.173,0.298,0.008,0.262,0.692,0.796462,0.853591,0,0.17309,0.825967,0,0.297631,0.585635,0,0.007945,0.629834,0,0.261899,0.662983,0,0.692201,0.81768,0,0,0,0,0,0,0
reclassify,True,1,000001,Ev,,True,3,000111,Ev,"An, Sn",0.149,0.417,0.362,0.676,0.686,0.927,0.149171,0.853591,0,0.417406,0.825967,0,0.362316,0.585635,0,0.676422,0.629834,1,0.685726,0.662983,1,0.927047,0.81768,1,0,0,0,0,0,1
recode,False,0,000000,,,True,1,000010,Sn,,0.544,0.244,0.238,0.094,0.567,0.487,0.544332,0.853591,0,0.243544,0.825967,0,0.238014,0.585635,0,0.0943,0.629834,0,0.567016,0.662983,0,0.486792,0.81768,0,0,0,0,0,0,0
recollect,True,1,100000,Kn,,True,3,110010,Kn,"Cm, Sn",0.995,0.844,0.007,0.448,0.747,0.223,0.995415,0.853591,1,0.844385,0.825967,1,0.006551,0.585635,0,0.447756,0.629834,0,0.746532,0.662983,1,0.222849,0.81768,0,1,0,0,0,0,0
recombine,True,1,000010,Sn,,True,1,000010,Sn,,0.149,0.28,0.477,0.123,0.953,0.597,0.149171,0.853591,0,0.279528,0.825967,0,0.477179,0.585635,0,0.123202,0.629834,0,0.952849,0.662983,1,0.596547,0.81768,0,0,0,0,0,1,0
recondition,False,0,000000,,,True,2,100010,Kn,Sn,0.792,0.206,0.455,0.019,0.578,0.399,0.791855,0.853591,0,0.205787,0.825967,0,0.454949,0.585635,0,0.018897,0.629834,0,0.578,0.662983,0,0.398693,0.81768,0,0,0,0,0,0,0
reconsider,True,1,000001,Ev,,True,2,100001,Ev,Kn,0.798,0.492,0.318,0.322,0.369,0.925,0.797715,0.853591,0,0.49182,0.825967,0,0.317587,0.585635,0,0.322321,0.629834,0,0.368811,0.662983,0,0.924905,0.81768,1,0,0,0,0,0,1
reconstitute,False,0,000000,,,True,1,000001,Ev,,0.666,0.232,0.076,0.071,0.442,0.791,0.666005,0.853591,0,0.232333,0.825967,0,0.075972,0.585635,0,0.070693,0.629834,0,0.442087,0.662983,0,0.790717,0.81768,0,0,0,0,0,0,0
recopy,True,1,000010,Sn,,True,2,001010,Sn,Ap,0.203,0.403,0.745,0.05,0.845,0.407,0.203467,0.853591,0,0.40274,0.825967,0,0.744895,0.585635,1,0.050276,0.629834,0,0.84517,0.662983,1,0.406627,0.81768,0,0,0,0,0,1,0
recount,True,1,100000,Kn,,True,1,100000,Kn,,0.94,0.069,0.059,0.416,0.06,0.264,0.940182,0.853591,1,0.068856,0.825967,0,0.058675,0.585635,0,0.415801,0.629834,0,0.060394,0.662983,0,0.264407,0.81768,0,1,0,0,0,0,0
recover,True,1,000010,Sn,,True,2,000011,Ev,Sn,0.705,0.319,0.034,0.081,0.778,0.809,0.70518,0.853591,0,0.319207,0.825967,0,0.033853,0.585635,0,0.081387,0.629834,0,0.77769,0.662983,1,0.809189,0.81768,0,0,0,0,0,1,0
recreate,True,1,000010,Sn,,True,2,000011,Sn,Ev,0.497,0.184,0.172,0.046,0.947,0.706,0.497002,0.853591,0,0.183619,0.825967,0,0.172101,0.585635,0,0.046367,0.629834,0,0.946849,0.662983,1,0.70604,0.81768,0,0,0,0,0,1,0
recruit,True,1,001000,Ap,,True,2,001001,Ap,Ev,0.149,0.099,0.82,0.282,0.512,0.73,0.149171,0.853591,0,0.099246,0.825967,0,0.820127,0.585635,1,0.282244,0.629834,0,0.51217,0.662983,0,0.729828,0.81768,0,0,0,1,0,0,0
rectify,True,1,000001,Ev,,True,2,100001,Ev,Kn,0.749,0.412,0.163,0.11,0.27,0.85,0.748682,0.853591,0,0.411825,0.825967,0,0.162667,0.585635,0,0.110252,0.629834,0,0.269919,0.662983,0,0.84985,0.81768,1,0,0,0,0,0,1
recur,True,1,100000,Kn,,True,1,100000,Kn,,0.885,0.547,0.078,0.019,0.369,0.396,0.885206,0.853591,1,0.547322,0.825967,0,0.077541,0.585635,0,0.018773,0.629834,0,0.368933,0.662983,0,0.396028,0.81768,0,1,0,0,0,0,0
recycle,True,1,001000,Ap,,True,3,001011,Ap,"Sn, Ev",0.313,0.275,0.875,0.096,0.762,0.711,0.31283,0.853591,0,0.274765,0.825967,0,0.875469,0.585635,1,0.096023,0.629834,0,0.761559,0.662983,1,0.711456,0.81768,0,0,0,1,0,0,0
redefine,True,1,001000,Ap,,True,2,011000,Cm,Ap,0.165,0.773,0.594,0.062,0.471,0.546,0.165179,0.853591,0,0.772515,0.825967,0,0.594325,0.585635,1,0.061661,0.629834,0,0.470572,0.662983,0,0.546155,0.81768,0,0,0,1,0,0,0
redeposit,False,0,000000,,,True,1,010000,Cm,,0.551,0.722,0.392,0.062,0.252,0.272,0.551211,0.853591,0,0.722426,0.825967,0,0.392186,0.585635,0,0.061725,0.629834,0,0.252307,0.662983,0,0.272321,0.81768,0,0,0,0,0,0,0
redesign,True,1,000010,Sn,,True,1,000010,Sn,,0.149,0.052,0.474,0.424,0.961,0.538,0.149171,0.853591,0,0.05173,0.825967,0,0.474292,0.585635,0,0.423879,0.629834,0,0.961103,0.662983,1,0.538263,0.81768,0,0,0,0,0,1,0
redevelop,True,1,000010,Sn,,True,1,000010,Sn,,0.193,0.337,0.492,0.071,0.913,0.399,0.193009,0.853591,0,0.337153,0.825967,0,0.491952,0.585635,0,0.071298,0.629834,0,0.913482,0.662983,1,0.398806,0.81768,0,0,0,0,0,1,0
redirect,False,0,000000,,,True,1,000100,An,,0.415,0.566,0.213,0.543,0.202,0.668,0.415321,0.853591,0,0.565587,0.825967,0,0.212841,0.585635,0,0.543208,0.629834,0,0.202442,0.662983,0,0.668123,0.81768,0,0,0,0,0,0,0
rediscover,True,1,100000,Kn,,True,1,100000,Kn,,0.932,0.488,0.073,0.453,0.045,0.256,0.932432,0.853591,1,0.487774,0.825967,0,0.072731,0.585635,0,0.452815,0.629834,0,0.045374,0.662983,0,0.256409,0.81768,0,1,0,0,0,0,0
redistribute,True,1,001000,Ap,,True,1,001000,Ap,,0.149,0.378,0.935,0.03,0.255,0.117,0.149171,0.853591,0,0.377525,0.825967,0,0.935442,0.585635,1,0.030133,0.629834,0,0.254875,0.662983,0,0.116622,0.81768,0,0,0,1,0,0,0
redo,False,0,000000,,,True,1,100000,Kn,,0.75,0.43,0.089,0.008,0.562,0.369,0.749683,0.853591,0,0.430228,0.825967,0,0.088895,0.585635,0,0.007662,0.629834,0,0.562247,0.662983,0,0.369426,0.81768,0,0,0,0,0,0,0
reduce,True,1,001000,Ap,,True,2,001100,Ap,An,0.149,0.097,0.628,0.586,0.47,0.569,0.149171,0.853591,0,0.097297,0.825967,0,0.627518,0.585635,1,0.585719,0.629834,0,0.47033,0.662983,0,0.569137,0.81768,0,0,0,1,0,0,0
reestablish,True,1,000010,Sn,,True,1,000010,Sn,,0.664,0.236,0.337,0.005,0.778,0.265,0.663835,0.853591,0,0.235827,0.825967,0,0.336772,0.585635,0,0.005362,0.629834,0,0.777536,0.662983,1,0.265272,0.81768,0,0,0,0,0,1,0
reevaluate,True,1,000100,An,,True,3,001101,Ev,"Ap, An",0.58,0.409,0.582,0.68,0.267,0.743,0.580487,0.853591,0,0.409008,0.825967,0,0.581782,0.585635,0,0.679957,0.629834,1,0.266575,0.662983,0,0.742504,0.81768,0,0,0,0,1,0,0
reexamine,False,0,000000,,,False,0,000000,,,0.63,0.428,0.44,0.336,0.409,0.364,0.629737,0.853591,0,0.427837,0.825967,0,0.440312,0.585635,0,0.335982,0.629834,0,0.408541,0.662983,0,0.363737,0.81768,0,0,0,0,0,0,0
refine,True,1,000010,Sn,,True,2,000011,Sn,Ev,0.149,0.257,0.366,0.092,0.848,0.772,0.149171,0.853591,0,0.257326,0.825967,0,0.366192,0.585635,0,0.091877,0.629834,0,0.847817,0.662983,1,0.77219,0.81768,0,0,0,0,0,1,0
reflect,True,1,000010,Sn,,True,1,000010,Sn,,0.439,0.054,0.386,0.014,0.684,0.136,0.438919,0.853591,0,0.053871,0.825967,0,0.385807,0.585635,0,0.013754,0.629834,0,0.683879,0.662983,1,0.136103,0.81768,0,0,0,0,0,1,0
refocus,False,0,000000,,,True,1,000010,Sn,,0.342,0.189,0.079,0.373,0.61,0.427,0.342169,0.853591,0,0.188957,0.825967,0,0.079463,0.585635,0,0.372698,0.629834,0,0.610436,0.662983,0,0.4273,0.81768,0,0,0,0,0,0,0
reformulate,True,1,000010,Sn,,True,2,001010,Sn,Ap,0.149,0.454,0.595,0.079,0.958,0.449,0.149171,0.853591,0,0.453604,0.825967,0,0.595058,0.585635,1,0.079192,0.629834,0,0.958285,0.662983,1,0.449071,0.81768,0,0,0,0,0,1,0
refract,False,0,000000,,,True,1,000100,An,,0.149,0.641,0.442,0.563,0.427,0.349,0.149171,0.853591,0,0.64128,0.825967,0,0.441667,0.585635,0,0.563464,0.629834,0,0.426788,0.662983,0,0.348847,0.81768,0,0,0,0,0,0,0
refrain,True,1,100000,Kn,,True,2,100001,Kn,Ev,0.858,0.347,0.223,0.01,0.101,0.741,0.858394,0.853591,1,0.3474,0.825967,0,0.222712,0.585635,0,0.01008,0.629834,0,0.101228,0.662983,0,0.741034,0.81768,0,1,0,0,0,0,0
refresh,False,0,000000,,,False,0,000000,,,0.717,0.239,0.039,0.337,0.439,0.636,0.716674,0.853591,0,0.238758,0.825967,0,0.03909,0.585635,0,0.337456,0.629834,0,0.439125,0.662983,0,0.636036,0.81768,0,0,0,0,0,0,0
refrigerate,True,1,001000,Ap,,True,2,001010,Ap,Sn,0.415,0.07,0.842,0.337,0.639,0.537,0.415201,0.853591,0,0.069516,0.825967,0,0.841971,0.585635,1,0.336935,0.629834,0,0.638911,0.662983,0,0.536597,0.81768,0,0,0,1,0,0,0
refuel,True,1,001000,Ap,,True,2,001010,Ap,Sn,0.149,0.554,0.822,0.25,0.568,0.457,0.149171,0.853591,0,0.554215,0.825967,0,0.822106,0.585635,1,0.249925,0.629834,0,0.568402,0.662983,0,0.456903,0.81768,0,0,0,1,0,0,0
refurbish,True,1,000010,Sn,,True,2,001010,Sn,Ap,0.149,0.268,0.692,0.005,0.82,0.391,0.149171,0.853591,0,0.267813,0.825967,0,0.692018,0.585635,1,0.005499,0.629834,0,0.820222,0.662983,1,0.391362,0.81768,0,0,0,0,0,1,0
refuse,True,1,000001,Ev,,True,2,000101,Ev,An,0.445,0.109,0.16,0.8,0.281,0.992,0.445427,0.853591,0,0.108571,0.825967,0,0.160415,0.585635,0,0.800121,0.629834,1,0.281416,0.662983,0,0.992416,0.81768,1,0,0,0,0,0,1
refute,True,1,000001,Ev,,True,2,000101,Ev,An,0.149,0.376,0.137,0.692,0.097,0.994,0.149171,0.853591,0,0.376491,0.825967,0,0.137325,0.585635,0,0.69171,0.629834,1,0.096701,0.662983,0,0.994355,0.81768,1,0,0,0,0,0,1
regain,False,0,000000,,,True,1,100000,Kn,,0.749,0.205,0.27,0.003,0.18,0.594,0.748829,0.853591,0,0.205351,0.825967,0,0.269689,0.585635,0,0.002762,0.629834,0,0.179794,0.662983,0,0.593609,0.81768,0,0,0,0,0,0,0
regard,True,1,000010,Sn,,True,2,100010,Sn,Kn,0.734,0.386,0.37,0.315,0.809,0.572,0.7345,0.853591,0,0.385759,0.825967,0,0.370419,0.585635,0,0.315396,0.629834,0,0.809081,0.662983,1,0.571778,0.81768,0,0,0,0,0,1,0
regenerate,True,1,000010,Sn,,True,1,000010,Sn,,0.341,0.2,0.334,0.041,0.796,0.35,0.340511,0.853591,0,0.199756,0.825967,0,0.334479,0.585635,0,0.041086,0.629834,0,0.796015,0.662983,1,0.350435,0.81768,0,0,0,0,0,1,0
register,True,1,000010,Sn,,True,1,000010,Sn,,0.343,0.017,0.386,0.458,0.723,0.654,0.342521,0.853591,0,0.016575,0.825967,0,0.385732,0.585635,0,0.457994,0.629834,0,0.722833,0.662983,1,0.6542,0.81768,0,0,0,0,0,1,0
regret,True,2,100001,Ev,Kn,True,2,100001,Ev,Kn,0.913,0.135,0.118,0.339,0.083,0.928,0.913395,0.853591,1,0.135275,0.825967,0,0.117618,0.585635,0,0.338786,0.629834,0,0.083482,0.662983,0,0.927613,0.81768,1,1,0,0,0,0,1
regroup,True,1,000010,Sn,,True,1,000010,Sn,,0.497,0.583,0.022,0.459,0.946,0.396,0.496873,0.853591,0,0.583114,0.825967,0,0.022125,0.585635,0,0.459029,0.629834,0,0.946296,0.662983,1,0.396285,0.81768,0,0,0,0,0,1,0
regularize,False,0,000000,,,True,3,011100,Cm,"Ap, An",0.149,0.771,0.579,0.583,0.405,0.025,0.149171,0.853591,0,0.77072,0.825967,0,0.579272,0.585635,0,0.582987,0.629834,0,0.405153,0.662983,0,0.025067,0.81768,0,0,0,0,0,0,0
regulate,True,2,001100,Ap,An,True,3,001110,Ap,"An, Sn",0.149,0.11,0.714,0.66,0.622,0.685,0.149171,0.853591,0,0.109813,0.825967,0,0.714498,0.585635,1,0.659912,0.629834,1,0.621646,0.662983,0,0.685141,0.81768,0,0,0,1,1,0,0
rehabilitate,True,2,000011,Ev,Sn,True,3,100011,Ev,"Kn, Sn",0.771,0.065,0.046,0.007,0.792,0.827,0.771053,0.853591,0,0.065089,0.825967,0,0.045989,0.585635,0,0.007032,0.629834,0,0.792041,0.662983,1,0.826836,0.81768,1,0,0,0,0,1,1
reify,False,0,000000,,,False,0,000000,,,0.603,0.666,0.285,0.019,0.269,0.52,0.603111,0.853591,0,0.666243,0.825967,0,0.285214,0.585635,0,0.018847,0.629834,0,0.269076,0.662983,0,0.519563,0.81768,0,0,0,0,0,0,0
reignite,True,1,100000,Kn,,True,1,100000,Kn,,0.876,0.235,0.043,0.008,0.171,0.594,0.875805,0.853591,1,0.234855,0.825967,0,0.042897,0.585635,0,0.008204,0.629834,0,0.17069,0.662983,0,0.593816,0.81768,0,1,0,0,0,0,0
reimpose,False,0,000000,,,False,0,000000,,,0.504,0.408,0.36,0.095,0.562,0.488,0.503831,0.853591,0,0.407787,0.825967,0,0.359897,0.585635,0,0.095437,0.629834,0,0.562228,0.662983,0,0.488074,0.81768,0,0,0,0,0,0,0
reintroduce,False,0,000000,,,False,0,000000,,,0.698,0.386,0.069,0.003,0.548,0.397,0.697979,0.853591,0,0.38568,0.825967,0,0.06897,0.585635,0,0.002762,0.629834,0,0.54764,0.662983,0,0.396756,0.81768,0,0,0,0,0,0,0
reinvent,True,1,000010,Sn,,True,2,000011,Sn,Ev,0.349,0.245,0.211,0.103,0.959,0.791,0.348722,0.853591,0,0.244655,0.825967,0,0.210964,0.585635,0,0.103375,0.629834,0,0.958951,0.662983,1,0.790771,0.81768,0,0,0,0,0,1,0
reinvigorate,True,1,000010,Sn,,True,1,000010,Sn,,0.356,0.069,0.355,0.003,0.77,0.532,0.355901,0.853591,0,0.069072,0.825967,0,0.355054,0.585635,0,0.002762,0.629834,0,0.770017,0.662983,1,0.5319,0.81768,0,0,0,0,0,1,0
reiterate,False,0,000000,,,True,2,110000,Cm,Kn,0.786,0.808,0.074,0.005,0.233,0.392,0.785515,0.853591,0,0.808255,0.825967,0,0.074322,0.585635,0,0.005071,0.629834,0,0.232611,0.662983,0,0.392093,0.81768,0,0,0,0,0,0,0
reject,True,1,000001,Ev,,True,2,000101,Ev,An,0.212,0.318,0.138,0.676,0.253,0.942,0.211614,0.853591,0,0.317958,0.825967,0,0.1382,0.585635,0,0.675863,0.629834,1,0.253218,0.662983,0,0.94223,0.81768,1,0,0,0,0,0,1
rejoin,False,0,000000,,,True,1,000010,Sn,,0.528,0.278,0.03,0.051,0.594,0.112,0.528132,0.853591,0,0.278188,0.825967,0,0.030401,0.585635,0,0.050732,0.629834,0,0.593663,0.662983,0,0.112301,0.81768,0,0,0,0,0,0,0
rejuvenate,True,1,000010,Sn,,True,1,000010,Sn,,0.533,0.217,0.149,0.003,0.771,0.318,0.533327,0.853591,0,0.217177,0.825967,0,0.149151,0.585635,0,0.002762,0.629834,0,0.770634,0.662983,1,0.31756,0.81768,0,0,0,0,0,1,0
relax,True,1,000010,Sn,,True,2,000011,Sn,Ev,0.271,0.344,0.341,0.012,0.734,0.73,0.270592,0.853591,0,0.344146,0.825967,0,0.34107,0.585635,0,0.011831,0.629834,0,0.733549,0.662983,1,0.730306,0.81768,0,0,0,0,0,1,0
relegate,False,0,000000,,,False,0,000000,,,0.453,0.398,0.498,0.044,0.513,0.617,0.453423,0.853591,0,0.398495,0.825967,0,0.497534,0.585635,0,0.043804,0.629834,0,0.512679,0.662983,0,0.616553,0.81768,0,0,0,0,0,0,0
relieve,True,1,001000,Ap,,True,1,001000,Ap,,0.238,0.146,0.909,0.152,0.1,0.667,0.237913,0.853591,0,0.146166,0.825967,0,0.909236,0.585635,1,0.152328,0.629834,0,0.100418,0.662983,0,0.667133,0.81768,0,0,0,1,0,0,0
reload,True,1,000010,Sn,,True,2,100010,Sn,Kn,0.761,0.257,0.19,0.003,0.777,0.362,0.760905,0.853591,0,0.257316,0.825967,0,0.189505,0.585635,0,0.002963,0.629834,0,0.776881,0.662983,1,0.362013,0.81768,0,0,0,0,0,1,0
relocate,True,1,001000,Ap,,True,3,001110,Ap,"An, Sn",0.335,0.58,0.967,0.707,0.767,0.397,0.335324,0.853591,0,0.579727,0.825967,0,0.966685,0.585635,1,0.707009,0.629834,1,0.767052,0.662983,1,0.397445,0.81768,0,0,0,1,0,0,0
rely,False,0,000000,,,True,2,000011,Ev,Sn,0.408,0.169,0.393,0.372,0.568,0.753,0.408166,0.853591,0,0.169261,0.825967,0,0.393414,0.585635,0,0.372003,0.629834,0,0.567669,0.662983,0,0.752761,0.81768,0,0,0,0,0,0,0
remain,True,1,001000,Ap,,True,3,001011,Ap,"Sn, Ev",0.306,0.32,0.79,0.199,0.571,0.707,0.306336,0.853591,0,0.319984,0.825967,0,0.790364,0.585635,1,0.199352,0.629834,0,0.571298,0.662983,0,0.707261,0.81768,0,0,0,1,0,0,0
remake,True,1,000010,Sn,,True,1,000010,Sn,,0.654,0.237,0.075,0.062,0.806,0.501,0.654277,0.853591,0,0.236827,0.825967,0,0.074671,0.585635,0,0.061927,0.629834,0,0.806157,0.662983,1,0.5014,0.81768,0,0,0,0,0,1,0
remediate,False,0,000000,,,True,2,000011,Ev,Sn,0.346,0.257,0.236,0.061,0.572,0.775,0.345864,0.853591,0,0.257286,0.825967,0,0.236285,0.585635,0,0.061341,0.629834,0,0.572299,0.662983,0,0.774539,0.81768,0,0,0,0,0,0,0
remember,True,1,100000,Kn,,True,1,100000,Kn,,0.997,0.602,0.077,0.449,0.07,0.097,0.997238,0.853591,1,0.602372,0.825967,0,0.077373,0.585635,0,0.449398,0.629834,0,0.069856,0.662983,0,0.09702,0.81768,0,1,0,0,0,0,0
remind,True,1,001000,Ap,,True,2,101000,Ap,Kn,0.781,0.639,0.828,0.209,0.293,0.291,0.781134,0.853591,0,0.638516,0.825967,0,0.827994,0.585635,1,0.208694,0.629834,0,0.293128,0.662983,0,0.290851,0.81768,0,0,0,1,0,0,0
remodel,True,1,000010,Sn,,True,2,001010,Sn,Ap,0.149,0.319,0.728,0.321,0.887,0.327,0.149171,0.853591,0,0.318875,0.825967,0,0.727831,0.585635,1,0.321408,0.629834,0,0.886509,0.662983,1,0.327452,0.81768,0,0,0,0,0,1,0
remold,False,0,000000,,,True,1,000010,Sn,,0.396,0.436,0.439,0.076,0.619,0.531,0.395647,0.853591,0,0.436449,0.825967,0,0.438619,0.585635,0,0.075641,0.629834,0,0.61876,0.662983,0,0.531369,0.81768,0,0,0,0,0,0,0
remove,True,1,000100,An,,True,1,000100,An,,0.395,0.345,0.397,0.815,0.099,0.617,0.394636,0.853591,0,0.345163,0.825967,0,0.397302,0.585635,0,0.814949,0.629834,1,0.098647,0.662983,0,0.617481,0.81768,0,0,0,0,1,0,0
rename,False,0,000000,,,False,0,000000,,,0.534,0.428,0.347,0.336,0.343,0.547,0.53421,0.853591,0,0.428482,0.825967,0,0.346933,0.585635,0,0.336173,0.629834,0,0.3433,0.662983,0,0.546775,0.81768,0,0,0,0,0,0,0
render,False,0,000000,,,True,3,110010,Kn,"Cm, Sn",0.836,0.806,0.455,0.452,0.615,0.271,0.836187,0.853591,0,0.806227,0.825967,0,0.45458,0.585635,0,0.451827,0.629834,0,0.614521,0.662983,0,0.270951,0.81768,0,0,0,0,0,0,0
renew,False,0,000000,,,True,1,001000,Ap,,0.449,0.422,0.582,0.006,0.547,0.402,0.44869,0.853591,0,0.422214,0.825967,0,0.581611,0.585635,0,0.005507,0.629834,0,0.547389,0.662983,0,0.402138,0.81768,0,0,0,0,0,0,0
renormalize,False,0,000000,,,True,3,011010,Cm,"Ap, Sn",0.149,0.762,0.551,0.39,0.641,0.25,0.149171,0.853591,0,0.761959,0.825967,0,0.550647,0.585635,0,0.389583,0.629834,0,0.640512,0.662983,0,0.250121,0.81768,0,0,0,0,0,0,0
renounce,True,1,000001,Ev,,True,2,001001,Ev,Ap,0.216,0.323,0.529,0.528,0.071,0.972,0.216299,0.853591,0,0.323019,0.825967,0,0.528879,0.585635,0,0.528498,0.629834,0,0.071131,0.662983,0,0.971531,0.81768,1,0,0,0,0,0,1
renovate,True,1,000010,Sn,,True,2,001010,Sn,Ap,0.149,0.296,0.785,0.01,0.913,0.435,0.149171,0.853591,0,0.295625,0.825967,0,0.785229,0.585635,1,0.01016,0.629834,0,0.912688,0.662983,1,0.434658,0.81768,0,0,0,0,0,1,0
reorder,True,1,000001,Ev,,True,4,100111,Ev,"Kn, An, Sn",0.791,0.689,0.285,0.558,0.618,0.836,0.79089,0.853591,0,0.688862,0.825967,0,0.28514,0.585635,0,0.557623,0.629834,0,0.618285,0.662983,0,0.835607,0.81768,1,0,0,0,0,0,1
reorient,True,1,000010,Sn,,True,2,000110,Sn,An,0.211,0.345,0.451,0.559,0.855,0.538,0.211387,0.853591,0,0.345098,0.825967,0,0.451406,0.585635,0,0.558998,0.629834,0,0.855391,0.662983,1,0.538025,0.81768,0,0,0,0,0,1,0
repaint,True,1,001000,Ap,,True,1,001000,Ap,,0.539,0.607,0.85,0.071,0.456,0.204,0.539192,0.853591,0,0.606539,0.825967,0,0.850249,0.585635,1,0.071278,0.629834,0,0.455551,0.662983,0,0.204313,0.81768,0,0,0,1,0,0,0
repay,False,0,000000,,,False,0,000000,,,0.686,0.383,0.226,0.061,0.082,0.531,0.686126,0.853591,0,0.383156,0.825967,0,0.226278,0.585635,0,0.061245,0.629834,0,0.082217,0.662983,0,0.531205,0.81768,0,0,0,0,0,0,0
repel,True,1,000001,Ev,,True,1,000001,Ev,,0.149,0.328,0.417,0.01,0.263,0.874,0.149171,0.853591,0,0.327574,0.825967,0,0.417226,0.585635,0,0.009992,0.629834,0,0.263412,0.662983,0,0.874112,0.81768,1,0,0,0,0,0,1
rephrase,True,1,010000,Cm,,True,3,010011,Cm,"Sn, Ev",0.352,0.93,0.157,0.071,0.628,0.742,0.351537,0.853591,0,0.930074,0.825967,1,0.156865,0.585635,0,0.070617,0.629834,0,0.628327,0.662983,0,0.74187,0.81768,0,0,1,0,0,0,0
replace,True,1,000010,Sn,,True,1,000010,Sn,,0.149,0.438,0.338,0.017,0.945,0.389,0.149171,0.853591,0,0.437956,0.825967,0,0.337683,0.585635,0,0.017321,0.629834,0,0.944783,0.662983,1,0.388608,0.81768,0,0,0,0,0,1,0
replant,True,1,000010,Sn,,True,1,000010,Sn,,0.191,0.407,0.371,0.019,0.913,0.5,0.19103,0.853591,0,0.407181,0.825967,0,0.370972,0.585635,0,0.019269,0.629834,0,0.913183,0.662983,1,0.50029,0.81768,0,0,0,0,0,1,0
replenish,True,1,001000,Ap,,True,1,001000,Ap,,0.693,0.25,0.821,0.009,0.41,0.144,0.692767,0.853591,0,0.250442,0.825967,0,0.821119,0.585635,1,0.008649,0.629834,0,0.409672,0.662983,0,0.144334,0.81768,0,0,0,1,0,0,0
replicate,True,1,100000,Kn,,True,2,100010,Kn,Sn,0.891,0.277,0.396,0.315,0.819,0.118,0.891018,0.853591,1,0.276605,0.825967,0,0.396019,0.585635,0,0.314978,0.629834,0,0.818713,0.662983,1,0.117688,0.81768,0,1,0,0,0,0,0
reposition,True,1,000010,Sn,,True,2,001010,Sn,Ap,0.607,0.668,0.619,0.248,0.793,0.686,0.606605,0.853591,0,0.668157,0.825967,0,0.619315,0.585635,1,0.248178,0.629834,0,0.792917,0.662983,1,0.685667,0.81768,0,0,0,0,0,1,0
repress,False,0,000000,,,True,2,001001,Ev,Ap,0.217,0.169,0.507,0.247,0.018,0.765,0.216831,0.853591,0,0.168593,0.825967,0,0.507016,0.585635,0,0.247216,0.629834,0,0.017648,0.662983,0,0.765487,0.81768,0,0,0,0,0,0,0
reprint,True,1,100000,Kn,,True,1,100000,Kn,,0.984,0.363,0.251,0.095,0.367,0.11,0.983624,0.853591,1,0.36295,0.825967,0,0.250802,0.585635,0,0.094626,0.629834,0,0.367464,0.662983,0,0.110383,0.81768,0,1,0,0,0,0,0
republish,True,1,100000,Kn,,True,1,100000,Kn,,0.945,0.584,0.09,0.003,0.489,0.186,0.944944,0.853591,1,0.584408,0.825967,0,0.090098,0.585635,0,0.002762,0.629834,0,0.489059,0.662983,0,0.186104,0.81768,0,1,0,0,0,0,0
request,True,1,000100,An,,True,1,000100,An,,0.676,0.556,0.11,0.668,0.256,0.403,0.676205,0.853591,0,0.555555,0.825967,0,0.109993,0.585635,0,0.668099,0.629834,1,0.255859,0.662983,0,0.403292,0.81768,0,0,0,0,1,0,0
require,True,1,001000,Ap,,True,2,001010,Ap,Sn,0.368,0.13,0.874,0.096,0.646,0.065,0.367931,0.853591,0,0.129945,0.825967,0,0.874045,0.585635,1,0.096059,0.629834,0,0.645768,0.662983,0,0.064619,0.81768,0,0,0,1,0,0,0
reread,True,1,100000,Kn,,True,2,110000,Kn,Cm,0.892,0.772,0.075,0.249,0.373,0.534,0.89243,0.853591,1,0.771879,0.825967,0,0.075355,0.585635,0,0.249077,0.629834,0,0.373363,0.662983,0,0.534334,0.81768,0,1,0,0,0,0,0
rescale,True,1,010000,Cm,,True,2,011000,Cm,Ap,0.203,0.851,0.776,0.276,0.516,0.391,0.202942,0.853591,0,0.850591,0.825967,1,0.775861,0.585635,1,0.276184,0.629834,0,0.516167,0.662983,0,0.390956,0.81768,0,0,1,0,0,0,0
reschedule,True,1,000010,Sn,,True,1,000010,Sn,,0.53,0.451,0.077,0.301,0.773,0.478,0.529786,0.853591,0,0.450858,0.825967,0,0.077245,0.585635,0,0.300792,0.629834,0,0.772872,0.662983,1,0.477939,0.81768,0,0,0,0,0,1,0
reseed,True,1,000010,Sn,,True,1,000010,Sn,,0.724,0.363,0.336,0.014,0.799,0.303,0.723627,0.853591,0,0.36296,0.825967,0,0.335836,0.585635,0,0.014113,0.629834,0,0.798892,0.662983,1,0.303162,0.81768,0,0,0,0,0,1,0
resemble,True,2,100010,Kn,Sn,True,3,110010,Kn,"Cm, Sn",0.931,0.735,0.442,0.337,0.899,0.167,0.930949,0.853591,1,0.735452,0.825967,0,0.441759,0.585635,0,0.337302,0.629834,0,0.899496,0.662983,1,0.166853,0.81768,0,1,0,0,0,1,0
resent,True,1,000001,Ev,,True,1,000001,Ev,,0.596,0.234,0.119,0.124,0.354,0.846,0.595636,0.853591,0,0.234293,0.825967,0,0.118575,0.585635,0,0.124063,0.629834,0,0.354268,0.662983,0,0.845997,0.81768,1,0,0,0,0,0,1
reserve,True,1,001000,Ap,,True,2,001001,Ev,Ap,0.149,0.385,0.629,0.233,0.414,0.747,0.149171,0.853591,0,0.385085,0.825967,0,0.628695,0.585635,1,0.232861,0.629834,0,0.414416,0.662983,0,0.746899,0.81768,0,0,0,1,0,0,0
reset,False,0,000000,,,True,1,000010,Sn,,0.635,0.223,0.056,0.092,0.64,0.396,0.635275,0.853591,0,0.22346,0.825967,0,0.056151,0.585635,0,0.092477,0.629834,0,0.640059,0.662983,0,0.396499,0.81768,0,0,0,0,0,0,0
reshape,True,1,000010,Sn,,True,3,001110,Sn,"Ap, An",0.153,0.448,0.609,0.592,0.771,0.44,0.152979,0.853591,0,0.447511,0.825967,0,0.60855,0.585635,1,0.591779,0.629834,0,0.770723,0.662983,1,0.439786,0.81768,0,0,0,0,0,1,0
reside,True,1,001000,Ap,,True,2,001010,Ap,Sn,0.632,0.413,0.854,0.063,0.786,0.066,0.632126,0.853591,0,0.413283,0.825967,0,0.854235,0.585635,1,0.062682,0.629834,0,0.78575,0.662983,1,0.065565,0.81768,0,0,0,1,0,0,0
resist,True,1,000001,Ev,,True,2,001001,Ev,Ap,0.215,0.193,0.555,0.091,0.521,0.927,0.214632,0.853591,0,0.192728,0.825967,0,0.554587,0.585635,0,0.091425,0.629834,0,0.52121,0.662983,0,0.92706,0.81768,1,0,0,0,0,0,1
resize,True,1,001000,Ap,,True,2,001010,Ap,Sn,0.149,0.395,0.793,0.399,0.684,0.256,0.149171,0.853591,0,0.394514,0.825967,0,0.792994,0.585635,1,0.399348,0.629834,0,0.684429,0.662983,1,0.256052,0.81768,0,0,0,1,0,0,0
resonate,True,1,000001,Ev,,True,3,110001,Ev,"Kn, Cm",0.772,0.726,0.102,0.096,0.294,0.823,0.772338,0.853591,0,0.726229,0.825967,0,0.101993,0.585635,0,0.096282,0.629834,0,0.293667,0.662983,0,0.823378,0.81768,1,0,0,0,0,0,1
rest,False,0,000000,,,False,0,000000,,,0.288,0.335,0.37,0.139,0.49,0.5,0.287691,0.853591,0,0.335438,0.825967,0,0.370436,0.585635,0,0.139268,0.629834,0,0.490167,0.662983,0,0.500413,0.81768,0,0,0,0,0,0,0
restart,False,0,000000,,,True,1,000010,Sn,,0.459,0.227,0.048,0.253,0.656,0.27,0.458732,0.853591,0,0.22715,0.825967,0,0.04818,0.585635,0,0.252786,0.629834,0,0.65634,0.662983,0,0.269619,0.81768,0,0,0,0,0,0,0
restore,False,0,000000,,,False,0,000000,,,0.692,0.062,0.086,0.005,0.493,0.55,0.692247,0.853591,0,0.061702,0.825967,0,0.086317,0.585635,0,0.005165,0.629834,0,0.492923,0.662983,0,0.549747,0.81768,0,0,0,0,0,0,0
restrain,True,1,000001,Ev,,True,1,000001,Ev,,0.149,0.039,0.41,0.088,0.345,0.949,0.149171,0.853591,0,0.03886,0.825967,0,0.410277,0.585635,0,0.087673,0.629834,0,0.345233,0.662983,0,0.948875,0.81768,1,0,0,0,0,0,1
restrict,True,1,000100,An,,True,2,000101,Ev,An,0.159,0.024,0.442,0.676,0.472,0.771,0.158908,0.853591,0,0.024326,0.825967,0,0.442002,0.585635,0,0.67625,0.629834,1,0.47245,0.662983,0,0.770928,0.81768,0,0,0,0,1,0,0
result,True,1,000100,An,,True,1,000100,An,,0.684,0.555,0.127,0.651,0.086,0.538,0.684407,0.853591,0,0.555107,0.825967,0,0.127403,0.585635,0,0.650718,0.629834,1,0.08608,0.662983,0,0.538381,0.81768,0,0,0,0,1,0,0
resume,True,1,000100,An,,True,1,000100,An,,0.237,0.329,0.423,0.693,0.485,0.487,0.236674,0.853591,0,0.328504,0.825967,0,0.42305,0.585635,0,0.692765,0.629834,1,0.484907,0.662983,0,0.487197,0.81768,0,0,0,0,1,0,0
resuspend,False,0,000000,,,False,0,000000,,,0.693,0.249,0.253,0.003,0.497,0.589,0.692972,0.853591,0,0.249444,0.825967,0,0.25323,0.585635,0,0.002762,0.629834,0,0.496713,0.662983,0,0.589217,0.81768,0,0,0,0,0,0,0
retain,True,1,001000,Ap,,True,1,001000,Ap,,0.412,0.277,0.917,0.003,0.04,0.533,0.411529,0.853591,0,0.277045,0.825967,0,0.916853,0.585635,1,0.002762,0.629834,0,0.039912,0.662983,0,0.532556,0.81768,0,0,0,1,0,0,0
rethink,False,0,000000,,,False,0,000000,,,0.432,0.43,0.064,0.084,0.532,0.678,0.431609,0.853591,0,0.429745,0.825967,0,0.063891,0.585635,0,0.083748,0.629834,0,0.531566,0.662983,0,0.678341,0.81768,0,0,0,0,0,0,0
retire,True,1,001000,Ap,,True,3,001011,Ap,"Sn, Ev",0.308,0.164,0.79,0.227,0.639,0.713,0.30837,0.853591,0,0.164172,0.825967,0,0.790417,0.585635,1,0.226517,0.629834,0,0.639263,0.662983,0,0.712572,0.81768,0,0,0,1,0,0,0
retrace,True,1,100000,Kn,,True,1,100000,Kn,,0.854,0.428,0.174,0.087,0.314,0.531,0.853819,0.853591,1,0.428014,0.825967,0,0.17444,0.585635,0,0.086834,0.629834,0,0.314167,0.662983,0,0.531045,0.81768,0,1,0,0,0,0,0
retract,True,1,001000,Ap,,True,1,001000,Ap,,0.459,0.407,0.804,0.093,0.423,0.362,0.45893,0.853591,0,0.407305,0.825967,0,0.803978,0.585635,1,0.093107,0.629834,0,0.422994,0.662983,0,0.362005,0.81768,0,0,0,1,0,0,0
retrain,True,1,000010,Sn,,True,2,001010,Sn,Ap,0.339,0.051,0.583,0.159,0.699,0.23,0.339114,0.853591,0,0.05095,0.825967,0,0.58261,0.585635,0,0.158807,0.629834,0,0.699223,0.662983,1,0.229648,0.81768,0,0,0,0,0,1,0
retreat,True,1,000001,Ev,,True,2,000011,Ev,Sn,0.149,0.2,0.128,0.135,0.642,0.847,0.149171,0.853591,0,0.200059,0.825967,0,0.128161,0.585635,0,0.134827,0.629834,0,0.642408,0.662983,0,0.846969,0.81768,1,0,0,0,0,0,1
retry,False,0,000000,,,True,1,100000,Kn,,0.79,0.639,0.051,0.356,0.17,0.597,0.790176,0.853591,0,0.639298,0.825967,0,0.051097,0.585635,0,0.356013,0.629834,0,0.169585,0.662983,0,0.597281,0.81768,0,0,0,0,0,0,0
return,False,0,000000,,,True,1,000001,Ev,,0.644,0.628,0.144,0.01,0.255,0.808,0.644022,0.853591,0,0.628468,0.825967,0,0.143751,0.585635,0,0.009955,0.629834,0,0.255424,0.662983,0,0.808449,0.81768,0,0,0,0,0,0,0
reunify,True,1,000010,Sn,,True,2,000011,Sn,Ev,0.663,0.17,0.008,0.072,0.824,0.7,0.663351,0.853591,0,0.170404,0.825967,0,0.008234,0.585635,0,0.071933,0.629834,0,0.823762,0.662983,1,0.699921,0.81768,0,0,0,0,0,1,0
reunite,False,0,000000,,,True,2,100010,Kn,Sn,0.763,0.152,0.003,0.224,0.639,0.291,0.763263,0.853591,0,0.152207,0.825967,0,0.002762,0.585635,0,0.223639,0.629834,0,0.638821,0.662983,0,0.290846,0.81768,0,0,0,0,0,0,0
reuse,True,1,001000,Ap,,True,2,101000,Ap,Kn,0.741,0.28,0.862,0.017,0.344,0.363,0.741272,0.853591,0,0.280329,0.825967,0,0.862444,0.585635,1,0.016937,0.629834,0,0.344324,0.662983,0,0.363276,0.81768,0,0,0,1,0,0,0
reveal,True,1,100000,Kn,,True,3,111000,Kn,"Cm, Ap",0.938,0.847,0.577,0.462,0.063,0.172,0.937984,0.853591,1,0.846593,0.825967,1,0.576741,0.585635,0,0.461846,0.629834,0,0.062574,0.662983,0,0.171518,0.81768,0,1,0,0,0,0,0
reverse,True,1,000100,An,,True,1,000100,An,,0.539,0.634,0.444,0.74,0.447,0.673,0.539066,0.853591,0,0.634134,0.825967,0,0.443721,0.585635,0,0.739807,0.629834,1,0.447023,0.662983,0,0.672919,0.81768,0,0,0,0,1,0,0
revert,False,0,000000,,,False,0,000000,,,0.505,0.534,0.475,0.141,0.438,0.54,0.505191,0.853591,0,0.533658,0.825967,0,0.475088,0.585635,0,0.140504,0.629834,0,0.43753,0.662983,0,0.540093,0.81768,0,0,0,0,0,0,0
revisit,False,0,000000,,,True,2,100010,Kn,Sn,0.758,0.557,0.087,0.078,0.567,0.521,0.75781,0.853591,0,0.557228,0.825967,0,0.087116,0.585635,0,0.07775,0.629834,0,0.567378,0.662983,0,0.521278,0.81768,0,0,0,0,0,0,0
revive,False,0,000000,,,True,1,100000,Kn,,0.782,0.186,0.055,0.006,0.531,0.598,0.782298,0.853591,0,0.185693,0.825967,0,0.055437,0.585635,0,0.005696,0.629834,0,0.531002,0.662983,0,0.598242,0.81768,0,0,0,0,0,0,0
revolutionize,True,1,000010,Sn,,True,2,001010,Sn,Ap,0.205,0.277,0.747,0.312,0.846,0.266,0.204539,0.853591,0,0.277068,0.825967,0,0.746965,0.585635,1,0.312124,0.629834,0,0.846093,0.662983,1,0.265614,0.81768,0,0,0,0,0,1,0
revolve,True,2,000110,An,Sn,True,3,001110,An,"Ap, Sn",0.149,0.698,0.571,0.685,0.683,0.368,0.149171,0.853591,0,0.698421,0.825967,0,0.570778,0.585635,0,0.684852,0.629834,1,0.682704,0.662983,1,0.368003,0.81768,0,0,0,0,1,1,0
rewire,True,1,000010,Sn,,True,1,000010,Sn,,0.149,0.21,0.354,0.348,0.876,0.329,0.149171,0.853591,0,0.210051,0.825967,0,0.354324,0.585635,0,0.34754,0.629834,0,0.876,0.662983,1,0.32867,0.81768,0,0,0,0,0,1,0
reword,True,1,010000,Cm,,True,1,010000,Cm,,0.525,0.86,0.156,0.45,0.37,0.538,0.525473,0.853591,0,0.859676,0.825967,1,0.155751,0.585635,0,0.449718,0.629834,0,0.369704,0.662983,0,0.537825,0.81768,0,0,1,0,0,0,0
rework,True,1,000010,Sn,,True,1,000010,Sn,,0.341,0.26,0.132,0.177,0.889,0.542,0.340854,0.853591,0,0.259619,0.825967,0,0.13159,0.585635,0,0.176747,0.629834,0,0.889246,0.662983,1,0.542403,0.81768,0,0,0,0,0,1,0
ride,True,1,001000,Ap,,True,2,001100,Ap,An,0.556,0.319,0.988,0.586,0.347,0.043,0.556262,0.853591,0,0.318702,0.825967,0,0.988279,0.585635,1,0.585647,0.629834,0,0.347229,0.662983,0,0.043106,0.81768,0,0,0,1,0,0,0
ring,False,0,000000,,,True,2,100001,Kn,Ev,0.846,0.515,0.221,0.05,0.311,0.712,0.845764,0.853591,0,0.51481,0.825967,0,0.221157,0.585635,0,0.050357,0.629834,0,0.310826,0.662983,0,0.712171,0.81768,0,0,0,0,0,0,0
rinse,False,0,000000,,,True,2,100001,Kn,Ev,0.768,0.188,0.252,0.21,0.289,0.736,0.767773,0.853591,0,0.187537,0.825967,0,0.251883,0.585635,0,0.209799,0.629834,0,0.28938,0.662983,0,0.735655,0.81768,0,0,0,0,0,0,0
rip,True,1,000100,An,,True,1,000100,An,,0.576,0.066,0.058,0.65,0.177,0.502,0.575987,0.853591,0,0.066153,0.825967,0,0.058181,0.585635,0,0.650044,0.629834,1,0.176888,0.662983,0,0.501649,0.81768,0,0,0,0,1,0,0
ripple,True,1,001000,Ap,,True,2,001010,Ap,Sn,0.431,0.21,0.832,0.225,0.58,0.011,0.431072,0.853591,0,0.210405,0.825967,0,0.831505,0.585635,1,0.224633,0.629834,0,0.579563,0.662983,0,0.01105,0.81768,0,0,0,1,0,0,0
rise,True,1,000001,Ev,,True,2,000011,Ev,Sn,0.253,0.062,0.477,0.215,0.778,0.844,0.252984,0.853591,0,0.062456,0.825967,0,0.477113,0.585635,0,0.215152,0.629834,0,0.777804,0.662983,1,0.843678,0.81768,1,0,0,0,0,0,1
roam,False,0,000000,,,True,1,001000,Ap,,0.56,0.639,0.566,0.417,0.399,0.263,0.560065,0.853591,0,0.639143,0.825967,0,0.566359,0.585635,0,0.416675,0.629834,0,0.398779,0.662983,0,0.263397,0.81768,0,0,0,0,0,0,0
rob,False,0,000000,,,True,1,100000,Kn,,0.839,0.192,0.144,0.376,0.008,0.128,0.838886,0.853591,0,0.1916,0.825967,0,0.144081,0.585635,0,0.375615,0.629834,0,0.007889,0.662983,0,0.127933,0.81768,0,0,0,0,0,0,0
roll,True,1,000100,An,,True,1,000100,An,,0.288,0.36,0.473,0.743,0.281,0.502,0.288099,0.853591,0,0.360368,0.825967,0,0.473148,0.585635,0,0.743218,0.629834,1,0.2809,0.662983,0,0.501528,0.81768,0,0,0,0,1,0,0
rotate,True,1,000010,Sn,,True,4,011110,Cm,"Ap, An, Sn",0.539,0.792,0.579,0.699,0.777,0.524,0.53857,0.853591,0,0.791868,0.825967,0,0.578965,0.585635,0,0.699406,0.629834,1,0.776779,0.662983,1,0.523736,0.81768,0,0,0,0,0,1,0
roughen,True,1,000001,Ev,,True,1,000001,Ev,,0.397,0.523,0.021,0.244,0.404,0.892,0.397058,0.853591,0,0.522921,0.825967,0,0.020823,0.585635,0,0.244149,0.629834,0,0.404136,0.662983,0,0.891746,0.81768,1,0,0,0,0,0,1
round,False,0,000000,,,True,1,010000,Cm,,0.572,0.826,0.242,0.374,0.174,0.496,0.571582,0.853591,0,0.825679,0.825967,0,0.241877,0.585635,0,0.374295,0.629834,0,0.17355,0.662983,0,0.495788,0.81768,0,0,0,0,0,0,0
rout,True,2,010001,Ev,Cm,True,3,110001,Ev,"Kn, Cm",0.778,0.835,0.229,0.467,0.28,0.877,0.778457,0.853591,0,0.835357,0.825967,1,0.228774,0.585635,0,0.466597,0.629834,0,0.279713,0.662983,0,0.876734,0.81768,1,0,1,0,0,0,1
rove,True,1,000100,An,,True,1,000100,An,,0.55,0.191,0.14,0.745,0.399,0.158,0.54969,0.853591,0,0.190891,0.825967,0,0.13981,0.585635,0,0.744617,0.629834,1,0.398589,0.662983,0,0.15791,0.81768,0,0,0,0,1,0,0
rub,False,0,000000,,,True,1,100000,Kn,,0.847,0.551,0.492,0.504,0.401,0.28,0.847022,0.853591,0,0.55112,0.825967,0,0.492264,0.585635,0,0.503592,0.629834,0,0.400984,0.662983,0,0.279977,0.81768,0,0,0,0,0,0,0
ruin,True,1,001000,Ap,,True,1,001000,Ap,,0.307,0.188,0.83,0.23,0.381,0.536,0.307185,0.853591,0,0.188139,0.825967,0,0.829861,0.585635,1,0.230261,0.629834,0,0.381439,0.662983,0,0.535922,0.81768,0,0,0,1,0,0,0
rule,True,1,000001,Ev,,True,1,000001,Ev,,0.444,0.298,0.117,0.274,0.257,0.928,0.443819,0.853591,0,0.298088,0.825967,0,0.117037,0.585635,0,0.274193,0.629834,0,0.256641,0.662983,0,0.928165,0.81768,1,0,0,0,0,0,1
run,True,1,001000,Ap,,True,2,101000,Ap,Kn,0.807,0.629,0.911,0.414,0.365,0.273,0.807309,0.853591,0,0.629171,0.825967,0,0.911053,0.585635,1,0.414482,0.629834,0,0.365274,0.662983,0,0.273255,0.81768,0,0,0,1,0,0,0
rupture,False,0,000000,,,True,2,000101,Ev,An,0.149,0.535,0.242,0.58,0.487,0.713,0.149171,0.853591,0,0.53476,0.825967,0,0.241962,0.585635,0,0.579674,0.629834,0,0.487073,0.662983,0,0.712563,0.81768,0,0,0,0,0,0,0
safeguard,False,0,000000,,,True,1,000001,Ev,,0.34,0.192,0.441,0.184,0.004,0.713,0.339599,0.853591,0,0.191957,0.825967,0,0.441142,0.585635,0,0.184067,0.629834,0,0.003741,0.662983,0,0.712685,0.81768,0,0,0,0,0,0,0
sail,True,2,001010,Sn,Ap,True,2,001010,Sn,Ap,0.407,0.169,0.84,0.275,0.847,0.011,0.407367,0.853591,0,0.169454,0.825967,0,0.84032,0.585635,1,0.275259,0.629834,0,0.847122,0.662983,1,0.01105,0.81768,0,0,0,1,0,1,0
satisfy,False,0,000000,,,True,2,001001,Ev,Ap,0.461,0.133,0.554,0.333,0.361,0.7,0.461135,0.853591,0,0.133176,0.825967,0,0.554158,0.585635,0,0.332551,0.629834,0,0.36063,0.662983,0,0.700479,0.81768,0,0,0,0,0,0,0
saturate,False,0,000000,,,False,0,000000,,,0.275,0.343,0.382,0.116,0.42,0.458,0.274605,0.853591,0,0.342579,0.825967,0,0.38173,0.585635,0,0.115665,0.629834,0,0.419735,0.662983,0,0.458008,0.81768,0,0,0,0,0,0,0
save,True,1,000010,Sn,,True,1,000010,Sn,,0.612,0.017,0.379,0.374,0.773,0.191,0.612366,0.853591,0,0.016575,0.825967,0,0.378655,0.585635,0,0.374316,0.629834,0,0.772821,0.662983,1,0.191344,0.81768,0,0,0,0,0,1,0
saw,True,1,100000,Kn,,True,2,100100,Kn,An,0.986,0.668,0.114,0.821,0.418,0.168,0.98573,0.853591,1,0.668196,0.825967,0,0.113523,0.585635,0,0.821494,0.629834,1,0.417579,0.662983,0,0.167509,0.81768,0,1,0,0,0,0,0
say,True,1,100000,Kn,,True,2,110000,Kn,Cm,0.948,0.772,0.096,0.058,0.302,0.622,0.948338,0.853591,1,0.772137,0.825967,0,0.095758,0.585635,0,0.057802,0.629834,0,0.302061,0.662983,0,0.621671,0.81768,0,1,0,0,0,0,0
scale,True,1,000100,An,,True,3,001101,Ev,"Ap, An",0.307,0.504,0.596,0.711,0.52,0.773,0.307084,0.853591,0,0.504225,0.825967,0,0.595829,0.585635,1,0.711172,0.629834,1,0.520117,0.662983,0,0.773028,0.81768,0,0,0,0,1,0,0
scan,True,1,000100,An,,True,4,101101,An,"Kn, Ap, Ev",0.763,0.296,0.565,0.922,0.097,0.709,0.762895,0.853591,0,0.295845,0.825967,0,0.565426,0.585635,0,0.922374,0.629834,1,0.096731,0.662983,0,0.709436,0.81768,0,0,0,0,1,0,0
scarify,False,0,000000,,,False,0,000000,,,0.367,0.297,0.384,0.374,0.046,0.621,0.36706,0.853591,0,0.296773,0.825967,0,0.383971,0.585635,0,0.373684,0.629834,0,0.045767,0.662983,0,0.621057,0.81768,0,0,0,0,0,0,0
scatter,True,1,010000,Cm,,True,3,110100,Cm,"Kn, An",0.833,0.872,0.374,0.557,0.103,0.296,0.832709,0.853591,0,0.871827,0.825967,1,0.373539,0.585635,0,0.55681,0.629834,0,0.103212,0.662983,0,0.295719,0.81768,0,0,1,0,0,0,0
scavenge,True,1,001000,Ap,,True,1,001000,Ap,,0.644,0.157,0.787,0.456,0.401,0.595,0.643705,0.853591,0,0.156656,0.825967,0,0.786611,0.585635,1,0.456317,0.629834,0,0.401203,0.662983,0,0.595119,0.81768,0,0,0,1,0,0,0
scour,True,1,001000,Ap,,True,1,001000,Ap,,0.26,0.352,0.599,0.368,0.171,0.643,0.259821,0.853591,0,0.352467,0.825967,0,0.599357,0.585635,1,0.367588,0.629834,0,0.171423,0.662983,0,0.643228,0.81768,0,0,0,1,0,0,0
scramble,True,1,000010,Sn,,True,2,100010,Sn,Kn,0.782,0.672,0.101,0.521,0.832,0.37,0.781968,0.853591,0,0.67169,0.825967,0,0.101348,0.585635,0,0.520712,0.629834,0,0.83191,0.662983,1,0.369953,0.81768,0,0,0,0,0,1,0
scrape,True,2,001100,Ap,An,True,2,001100,Ap,An,0.712,0.376,0.831,0.775,0.011,0.271,0.712162,0.853591,0,0.376084,0.825967,0,0.831389,0.585635,1,0.774513,0.629834,1,0.01108,0.662983,0,0.271122,0.81768,0,0,0,1,1,0,0
scratch,True,1,100000,Kn,,True,3,111000,Kn,"Cm, Ap",0.967,0.771,0.874,0.158,0.112,0.266,0.967019,0.853591,1,0.770797,0.825967,0,0.873627,0.585635,1,0.15777,0.629834,0,0.112409,0.662983,0,0.265923,0.81768,0,1,0,0,0,0,0
screw,False,0,000000,,,False,0,000000,,,0.441,0.352,0.254,0.36,0.298,0.604,0.441109,0.853591,0,0.352207,0.825967,0,0.253549,0.585635,0,0.359748,0.629834,0,0.29848,0.662983,0,0.603625,0.81768,0,0,0,0,0,0,0
scribe,True,1,100000,Kn,,True,3,101010,Kn,"Ap, Sn",0.916,0.455,0.561,0.306,0.826,0.011,0.916066,0.853591,1,0.4553,0.825967,0,0.561372,0.585635,0,0.305754,0.629834,0,0.825731,0.662983,1,0.01105,0.81768,0,1,0,0,0,0,0
scroll,True,1,100000,Kn,,True,1,100000,Kn,,0.985,0.492,0.371,0.251,0.275,0.151,0.98539,0.853591,1,0.492133,0.825967,0,0.371106,0.585635,0,0.251076,0.629834,0,0.274831,0.662983,0,0.151432,0.81768,0,1,0,0,0,0,0
sculpt,True,3,011100,Cm,"Ap, An",True,4,111100,Cm,"Kn, Ap, An",0.838,0.904,0.897,0.866,0.256,0.042,0.838147,0.853591,0,0.904347,0.825967,1,0.896766,0.585635,1,0.865606,0.629834,1,0.255744,0.662983,0,0.04227,0.81768,0,0,1,1,1,0,0
seal,True,1,000001,Ev,,True,2,000101,Ev,An,0.589,0.35,0.066,0.728,0.269,0.876,0.58853,0.853591,0,0.349961,0.825967,0,0.066176,0.585635,0,0.728302,0.629834,1,0.268746,0.662983,0,0.876484,0.81768,1,0,0,0,0,0,1
seat,True,1,100000,Kn,,True,4,110101,Kn,"Cm, An, Ev",0.94,0.838,0.119,0.638,0.102,0.835,0.939963,0.853591,1,0.838021,0.825967,1,0.118561,0.585635,0,0.637501,0.629834,1,0.102285,0.662983,0,0.834565,0.81768,1,1,0,0,0,0,0
secrete,True,1,100000,Kn,,True,1,100000,Kn,,0.887,0.335,0.132,0.412,0.12,0.154,0.886736,0.853591,1,0.334768,0.825967,0,0.131618,0.585635,0,0.41193,0.629834,0,0.120463,0.662983,0,0.154254,0.81768,0,1,0,0,0,0,0
sectionalize,True,1,000010,Sn,,True,2,000110,Sn,An,0.367,0.65,0.264,0.712,0.985,0.346,0.367312,0.853591,0,0.650475,0.825967,0,0.264249,0.585635,0,0.712128,0.629834,1,0.985495,0.662983,1,0.345733,0.81768,0,0,0,0,0,1,0
secure,True,1,000001,Ev,,True,1,000001,Ev,,0.149,0.055,0.034,0.333,0.265,0.951,0.149171,0.853591,0,0.054597,0.825967,0,0.033865,0.585635,0,0.332856,0.629834,0,0.264683,0.662983,0,0.951433,0.81768,1,0,0,0,0,0,1
sediment,True,1,000100,An,,True,2,001100,An,Ap,0.236,0.534,0.629,0.918,0.174,0.478,0.236456,0.853591,0,0.533713,0.825967,0,0.629035,0.585635,1,0.917794,0.629834,1,0.173789,0.662983,0,0.477778,0.81768,0,0,0,0,1,0,0
see,True,3,110100,Kn,"Cm, An",True,3,110100,Kn,"Cm, An",0.99,0.931,0.335,0.728,0.256,0.475,0.989782,0.853591,1,0.930783,0.825967,1,0.334725,0.585635,0,0.728365,0.629834,1,0.255887,0.662983,0,0.474983,0.81768,0,1,1,0,1,0,0
seek,True,1,100000,Kn,,True,2,101000,Kn,Ap,0.94,0.285,0.863,0.055,0.016,0.033,0.940031,0.853591,1,0.285308,0.825967,0,0.863483,0.585635,1,0.055414,0.629834,0,0.01605,0.662983,0,0.03319,0.81768,0,1,0,0,0,0,0
seem,True,1,100000,Kn,,True,3,110100,Kn,"Cm, An",0.969,0.834,0.065,0.611,0.282,0.621,0.969305,0.853591,1,0.834259,0.825967,1,0.064729,0.585635,0,0.61122,0.629834,0,0.282431,0.662983,0,0.621261,0.81768,0,1,0,0,0,0,0
seep,True,2,100100,Kn,An,True,3,110100,Kn,"Cm, An",0.904,0.742,0.377,0.884,0.172,0.294,0.904431,0.853591,1,0.741818,0.825967,0,0.376665,0.585635,0,0.883561,0.629834,1,0.171933,0.662983,0,0.294199,0.81768,0,1,0,0,1,0,0
segregate,True,1,000100,An,,True,3,000111,An,"Sn, Ev",0.364,0.618,0.348,0.907,0.793,0.711,0.364402,0.853591,0,0.618201,0.825967,0,0.347642,0.585635,0,0.907344,0.629834,1,0.79326,0.662983,1,0.711258,0.81768,0,0,0,0,1,0,0
sell,True,1,001000,Ap,,True,1,001000,Ap,,0.598,0.693,0.681,0.276,0.113,0.505,0.598414,0.853591,0,0.692802,0.825967,0,0.681159,0.585635,1,0.275779,0.629834,0,0.113141,0.662983,0,0.505195,0.81768,0,0,0,1,0,0,0
send,False,0,000000,,,False,0,000000,,,0.149,0.407,0.465,0.103,0.184,0.1,0.149171,0.853591,0,0.406956,0.825967,0,0.465272,0.585635,0,0.102886,0.629834,0,0.183963,0.662983,0,0.100049,0.81768,0,0,0,0,0,0,0
sensitize,True,1,000010,Sn,,True,3,001110,Sn,"Ap, An",0.387,0.344,0.637,0.66,0.778,0.501,0.386646,0.853591,0,0.343554,0.825967,0,0.636896,0.585635,1,0.65963,0.629834,1,0.778101,0.662983,1,0.500973,0.81768,0,0,0,0,0,1,0
sequester,True,1,000100,An,,True,1,000100,An,,0.24,0.151,0.227,0.676,0.168,0.624,0.240181,0.853591,0,0.150563,0.825967,0,0.227042,0.585635,0,0.676001,0.629834,1,0.168101,0.662983,0,0.624177,0.81768,0,0,0,0,1,0,0
serve,True,1,001000,Ap,,True,1,001000,Ap,,0.529,0.64,0.885,0.095,0.514,0.463,0.52919,0.853591,0,0.639859,0.825967,0,0.885176,0.585635,1,0.095181,0.629834,0,0.513902,0.662983,0,0.462849,0.81768,0,0,0,1,0,0,0
set,False,0,000000,,,False,0,000000,,,0.557,0.535,0.265,0.373,0.546,0.488,0.557482,0.853591,0,0.535332,0.825967,0,0.265076,0.585635,0,0.373436,0.629834,0,0.545775,0.662983,0,0.487899,0.81768,0,0,0,0,0,0,0
settle,True,1,000001,Ev,,True,2,000101,Ev,An,0.37,0.321,0.023,0.777,0.52,0.987,0.369825,0.853591,0,0.32116,0.825967,0,0.022628,0.585635,0,0.776546,0.629834,1,0.520219,0.662983,0,0.986957,0.81768,1,0,0,0,0,0,1
shadow,True,2,110000,Kn,Cm,True,3,110100,Kn,"Cm, An",0.969,0.95,0.383,0.565,0.175,0.248,0.968672,0.853591,1,0.949861,0.825967,1,0.383447,0.585635,0,0.564512,0.629834,0,0.174674,0.662983,0,0.24764,0.81768,0,1,1,0,0,0,0
shake,False,0,000000,,,False,0,000000,,,0.44,0.364,0.468,0.271,0.266,0.299,0.440273,0.853591,0,0.364436,0.825967,0,0.467518,0.585635,0,0.271087,0.629834,0,0.266113,0.662983,0,0.29905,0.81768,0,0,0,0,0,0,0
share,False,0,000000,,,True,1,000010,Sn,,0.716,0.648,0.457,0.022,0.592,0.132,0.716326,0.853591,0,0.647655,0.825967,0,0.456678,0.585635,0,0.021853,0.629834,0,0.591664,0.662983,0,0.13207,0.81768,0,0,0,0,0,0,0
sharpen,True,1,001000,Ap,,True,2,001010,Ap,Sn,0.149,0.049,0.832,0.472,0.727,0.12,0.149171,0.853591,0,0.048619,0.825967,0,0.832335,0.585635,1,0.471701,0.629834,0,0.726984,0.662983,1,0.11998,0.81768,0,0,0,1,0,0,0
shatter,True,1,000100,An,,True,1,000100,An,,0.217,0.04,0.049,0.693,0.366,0.301,0.217236,0.853591,0,0.040078,0.825967,0,0.049118,0.585635,0,0.69282,0.629834,1,0.366159,0.662983,0,0.300968,0.81768,0,0,0,0,1,0,0
shave,False,0,000000,,,True,2,100001,Kn,Ev,0.845,0.666,0.264,0.246,0.284,0.718,0.845434,0.853591,0,0.666035,0.825967,0,0.263959,0.585635,0,0.246466,0.629834,0,0.284242,0.662983,0,0.718143,0.81768,0,0,0,0,0,0,0
shear,False,0,000000,,,True,2,101000,Kn,Ap,0.852,0.334,0.552,0.395,0.28,0.454,0.851946,0.853591,0,0.334037,0.825967,0,0.551901,0.585635,0,0.394906,0.629834,0,0.27983,0.662983,0,0.453782,0.81768,0,0,0,0,0,0,0
shed,True,1,001000,Ap,,True,1,001000,Ap,,0.442,0.196,0.931,0.341,0.177,0.35,0.441553,0.853591,0,0.195823,0.825967,0,0.931157,0.585635,1,0.341203,0.629834,0,0.177009,0.662983,0,0.350464,0.81768,0,0,0,1,0,0,0
shield,False,0,000000,,,True,2,000011,Ev,Sn,0.421,0.237,0.075,0.45,0.623,0.766,0.421412,0.853591,0,0.236759,0.825967,0,0.075394,0.585635,0,0.450395,0.629834,0,0.62284,0.662983,0,0.765515,0.81768,0,0,0,0,0,0,0
shift,True,1,001000,Ap,,True,2,001100,Ap,An,0.149,0.455,0.854,0.774,0.369,0.251,0.149171,0.853591,0,0.455073,0.825967,0,0.854098,0.585635,1,0.773952,0.629834,1,0.369127,0.662983,0,0.251022,0.81768,0,0,0,1,0,0,0
shine,True,1,001000,Ap,,True,1,001000,Ap,,0.569,0.617,0.762,0.226,0.443,0.469,0.568841,0.853591,0,0.616745,0.825967,0,0.761759,0.585635,1,0.225605,0.629834,0,0.442907,0.662983,0,0.469192,0.81768,0,0,0,1,0,0,0
ship,True,1,001000,Ap,,True,2,001100,Ap,An,0.41,0.557,0.76,0.557,0.513,0.064,0.410173,0.853591,0,0.556747,0.825967,0,0.760263,0.585635,1,0.557408,0.629834,0,0.512681,0.662983,0,0.063666,0.81768,0,0,0,1,0,0,0
shoot,True,1,000100,An,,True,2,000101,Ev,An,0.568,0.638,0.372,0.646,0.011,0.752,0.568305,0.853591,0,0.637981,0.825967,0,0.372309,0.585635,0,0.646456,0.629834,1,0.01126,0.662983,0,0.752098,0.81768,0,0,0,0,1,0,0
shorten,False,0,000000,,,True,1,010000,Cm,,0.372,0.737,0.286,0.339,0.442,0.3,0.372072,0.853591,0,0.736952,0.825967,0,0.286393,0.585635,0,0.33904,0.629834,0,0.44177,0.662983,0,0.300143,0.81768,0,0,0,0,0,0,0
shove,True,1,001000,Ap,,True,2,001001,Ev,Ap,0.238,0.316,0.625,0.2,0.455,0.767,0.238087,0.853591,0,0.316474,0.825967,0,0.62498,0.585635,1,0.199609,0.629834,0,0.45526,0.662983,0,0.766633,0.81768,0,0,0,1,0,0,0
shovel,True,2,001100,An,Ap,True,2,001100,An,Ap,0.388,0.471,0.779,0.804,0.525,0.064,0.3879,0.853591,0,0.470993,0.825967,0,0.779369,0.585635,1,0.803649,0.629834,1,0.524852,0.662983,0,0.063878,0.81768,0,0,0,1,1,0,0
shrink,True,1,001000,Ap,,True,2,001010,Ap,Sn,0.149,0.07,0.897,0.473,0.652,0.101,0.149171,0.853591,0,0.070304,0.825967,0,0.896951,0.585635,1,0.472997,0.629834,0,0.65191,0.662983,0,0.100758,0.81768,0,0,0,1,0,0,0
shuffle,True,2,000110,An,Sn,True,3,100110,Kn,"An, Sn",0.779,0.564,0.384,0.738,0.723,0.652,0.778696,0.853591,0,0.564125,0.825967,0,0.38375,0.585635,0,0.738422,0.629834,1,0.723249,0.662983,1,0.651837,0.81768,0,0,0,0,1,1,0
shut,True,3,001101,Ev,"Ap, An",True,3,001101,Ev,"Ap, An",0.613,0.667,0.636,0.802,0.313,0.823,0.61335,0.853591,0,0.666679,0.825967,0,0.635927,0.585635,1,0.802429,0.629834,1,0.312527,0.662983,0,0.823214,0.81768,1,0,0,1,1,0,1
side,True,1,100000,Kn,,True,2,100100,Kn,An,0.939,0.643,0.488,0.729,0.417,0.638,0.938951,0.853591,1,0.643474,0.825967,0,0.487906,0.585635,0,0.728532,0.629834,1,0.417245,0.662983,0,0.63836,0.81768,0,1,0,0,0,0,0
sidestep,True,1,000100,An,,True,1,000100,An,,0.269,0.166,0.252,0.642,0.432,0.302,0.269056,0.853591,0,0.166365,0.825967,0,0.251751,0.585635,0,0.641596,0.629834,1,0.431621,0.662983,0,0.302154,0.81768,0,0,0,0,1,0,0
sign,True,1,100000,Kn,,True,4,110110,Kn,"Cm, An, Sn",0.987,0.837,0.366,0.882,0.683,0.126,0.987003,0.853591,1,0.836779,0.825967,1,0.365702,0.585635,0,0.881955,0.629834,1,0.6827,0.662983,1,0.126487,0.81768,0,1,0,0,0,0,0
signal,False,0,000000,,,True,3,110100,Kn,"Cm, An",0.851,0.722,0.441,0.552,0.047,0.182,0.85095,0.853591,0,0.722063,0.825967,0,0.44095,0.585635,0,0.552438,0.629834,0,0.046946,0.662983,0,0.182104,0.81768,0,0,0,0,0,0,0
signify,True,1,010000,Cm,,True,4,110110,Cm,"Kn, An, Sn",0.796,0.95,0.051,0.606,0.629,0.397,0.795702,0.853591,0,0.950266,0.825967,1,0.051407,0.585635,0,0.605727,0.629834,0,0.62906,0.662983,0,0.396688,0.81768,0,0,1,0,0,0,0
silt,True,1,000100,An,,True,1,000100,An,,0.149,0.353,0.12,0.886,0.087,0.611,0.149171,0.853591,0,0.353334,0.825967,0,0.119978,0.585635,0,0.886376,0.629834,1,0.086822,0.662983,0,0.610561,0.81768,0,0,0,0,1,0,0
sin,True,1,000001,Ev,,True,2,100001,Ev,Kn,0.731,0.163,0.359,0.346,0.011,0.901,0.73133,0.853591,0,0.163365,0.825967,0,0.359379,0.585635,0,0.346284,0.629834,0,0.01105,0.662983,0,0.900998,0.81768,1,0,0,0,0,0,1
sing,True,1,100000,Kn,,True,3,101010,Kn,"Ap, Sn",0.934,0.017,0.676,0.096,0.586,0.011,0.933729,0.853591,1,0.016575,0.825967,0,0.675895,0.585635,1,0.095595,0.629834,0,0.586212,0.662983,0,0.01105,0.81768,0,1,0,0,0,0,0
sink,True,1,000100,An,,True,2,001100,An,Ap,0.459,0.399,0.637,0.885,0.424,0.065,0.458837,0.853591,0,0.398681,0.825967,0,0.636641,0.585635,1,0.884907,0.629834,1,0.424374,0.662983,0,0.064513,0.81768,0,0,0,0,1,0,0
siphon,True,2,001100,Ap,An,True,2,001100,Ap,An,0.552,0.644,0.855,0.818,0.264,0.011,0.552096,0.853591,0,0.64361,0.825967,0,0.854995,0.585635,1,0.818103,0.629834,1,0.263617,0.662983,0,0.01105,0.81768,0,0,0,1,1,0,0
sit,True,1,000010,Sn,,True,2,100010,Sn,Kn,0.772,0.235,0.484,0.251,0.785,0.5,0.772189,0.853591,0,0.235195,0.825967,0,0.484205,0.585635,0,0.250646,0.629834,0,0.78457,0.662983,1,0.500349,0.81768,0,0,0,0,0,1,0
situate,True,3,110010,Kn,"Cm, Sn",True,3,110010,Kn,"Cm, Sn",0.874,0.839,0.38,0.152,0.864,0.364,0.874214,0.853591,1,0.839152,0.825967,1,0.379986,0.585635,0,0.15151,0.629834,0,0.863727,0.662983,1,0.364316,0.81768,0,1,1,0,0,1,0
skew,True,1,000100,An,,True,2,100100,An,Kn,0.834,0.643,0.227,0.842,0.417,0.523,0.833734,0.853591,0,0.642644,0.825967,0,0.226937,0.585635,0,0.84167,0.629834,1,0.417211,0.662983,0,0.522881,0.81768,0,0,0,0,1,0,0
skip,True,1,100000,Kn,,True,3,100101,Kn,"An, Ev",0.983,0.51,0.156,0.721,0.163,0.71,0.982664,0.853591,1,0.510182,0.825967,0,0.156121,0.585635,0,0.721498,0.629834,1,0.162719,0.662983,0,0.710337,0.81768,0,1,0,0,0,0,0
slap,True,1,000010,Sn,,True,1,000010,Sn,,0.372,0.409,0.372,0.051,0.77,0.535,0.371576,0.853591,0,0.408879,0.825967,0,0.37217,0.585635,0,0.05052,0.629834,0,0.769877,0.662983,1,0.535022,0.81768,0,0,0,0,0,1,0
slice,True,1,000100,An,,True,2,100100,An,Kn,0.814,0.621,0.254,0.929,0.063,0.313,0.81444,0.853591,0,0.620764,0.825967,0,0.253998,0.585635,0,0.928904,0.629834,1,0.063053,0.662983,0,0.313035,0.81768,0,0,0,0,1,0,0
slide,True,1,001000,Ap,,True,1,001000,Ap,,0.581,0.61,0.779,0.416,0.561,0.105,0.580785,0.853591,0,0.610393,0.825967,0,0.77934,0.585635,1,0.415775,0.629834,0,0.560882,0.662983,0,0.104759,0.81768,0,0,0,1,0,0,0
slip,False,0,000000,,,True,1,010000,Cm,,0.571,0.745,0.377,0.104,0.098,0.33,0.570951,0.853591,0,0.744693,0.825967,0,0.376505,0.585635,0,0.104154,0.629834,0,0.098478,0.662983,0,0.330001,0.81768,0,0,0,0,0,0,0
slither,True,1,000100,An,,True,2,001100,An,Ap,0.698,0.631,0.638,0.816,0.407,0.125,0.698294,0.853591,0,0.630538,0.825967,0,0.637914,0.585635,1,0.81567,0.629834,1,0.40707,0.662983,0,0.125261,0.81768,0,0,0,0,1,0,0
slosh,True,1,000100,An,,True,3,010110,Cm,"An, Sn",0.55,0.759,0.144,0.754,0.643,0.297,0.55008,0.853591,0,0.75949,0.825967,0,0.144141,0.585635,0,0.753752,0.629834,1,0.643073,0.662983,0,0.297182,0.81768,0,0,0,0,1,0,0
slow,False,0,000000,,,True,1,100000,Kn,,0.839,0.547,0.003,0.248,0.185,0.652,0.839006,0.853591,0,0.547469,0.825967,0,0.002762,0.585635,0,0.247703,0.629834,0,0.184633,0.662983,0,0.652317,0.81768,0,0,0,0,0,0,0
smear,True,1,000100,An,,True,4,111100,An,"Kn, Cm, Ap",0.904,0.885,0.506,0.978,0.029,0.332,0.903946,0.853591,1,0.884581,0.825967,1,0.506123,0.585635,0,0.97813,0.629834,1,0.028851,0.662983,0,0.33182,0.81768,0,0,0,0,1,0,0
smile,True,1,000010,Sn,,True,1,000010,Sn,,0.721,0.524,0.228,0.337,0.727,0.124,0.721272,0.853591,0,0.524381,0.825967,0,0.228452,0.585635,0,0.337146,0.629834,0,0.726722,0.662983,1,0.123704,0.81768,0,0,0,0,0,1,0
smoke,True,3,101100,Ap,"Kn, An",True,4,111100,Ap,"Kn, Cm, An",0.983,0.735,0.989,0.738,0.104,0.297,0.983397,0.853591,1,0.735361,0.825967,0,0.988672,0.585635,1,0.738469,0.629834,1,0.104386,0.662983,0,0.297346,0.81768,0,1,0,1,1,0,0
smooth,False,0,000000,,,False,0,000000,,,0.441,0.536,0.385,0.52,0.52,0.064,0.441271,0.853591,0,0.535794,0.825967,0,0.385311,0.585635,0,0.520413,0.629834,0,0.520263,0.662983,0,0.064428,0.81768,0,0,0,0,0,0,0
smoothen,True,1,000010,Sn,,True,1,000010,Sn,,0.211,0.159,0.257,0.232,0.725,0.161,0.210532,0.853591,0,0.158681,0.825967,0,0.257434,0.585635,0,0.231875,0.629834,0,0.724532,0.662983,1,0.160926,0.81768,0,0,0,0,0,1,0
smudge,True,3,110100,Cm,"Kn, An",True,4,111100,Cm,"Kn, Ap, An",0.899,0.95,0.513,0.761,0.271,0.064,0.898623,0.853591,1,0.949695,0.825967,1,0.512866,0.585635,0,0.760739,0.629834,1,0.271273,0.662983,0,0.063958,0.81768,0,1,1,0,1,0,0
snap,True,1,000001,Ev,,True,3,100101,Ev,"Kn, An",0.751,0.538,0.1,0.81,0.011,0.902,0.750988,0.853591,0,0.538421,0.825967,0,0.100018,0.585635,0,0.809663,0.629834,1,0.011117,0.662983,0,0.902199,0.81768,1,0,0,0,0,0,1
soak,True,1,001000,Ap,,True,1,001000,Ap,,0.31,0.061,0.969,0.01,0.398,0.175,0.310149,0.853591,0,0.061001,0.825967,0,0.969056,0.585635,1,0.010348,0.629834,0,0.39839,0.662983,0,0.174968,0.81768,0,0,0,1,0,0,0
soar,False,0,000000,,,True,1,100000,Kn,,0.838,0.536,0.367,0.108,0.011,0.655,0.837786,0.853591,0,0.536351,0.825967,0,0.366875,0.585635,0,0.108322,0.629834,0,0.011222,0.662983,0,0.654647,0.81768,0,0,0,0,0,0,0
socialize,True,1,000010,Sn,,True,1,000010,Sn,,0.469,0.685,0.179,0.057,0.983,0.349,0.469407,0.853591,0,0.685247,0.825967,0,0.179125,0.585635,0,0.057112,0.629834,0,0.983457,0.662983,1,0.349403,0.81768,0,0,0,0,0,1,0
soften,True,1,001000,Ap,,True,2,001010,Ap,Sn,0.259,0.061,0.785,0.342,0.694,0.281,0.25918,0.853591,0,0.061231,0.825967,0,0.784537,0.585635,1,0.342279,0.629834,0,0.694446,0.662983,1,0.280774,0.81768,0,0,0,1,0,0,0
solicit,False,0,000000,,,False,0,000000,,,0.149,0.35,0.177,0.283,0.523,0.284,0.149171,0.853591,0,0.349551,0.825967,0,0.17714,0.585635,0,0.282602,0.629834,0,0.523409,0.662983,0,0.283761,0.81768,0,0,0,0,0,0,0
solidify,True,1,000010,Sn,,True,2,001010,Sn,Ap,0.364,0.124,0.709,0.095,0.813,0.531,0.364083,0.853591,0,0.124235,0.825967,0,0.709413,0.585635,1,0.095168,0.629834,0,0.813438,0.662983,1,0.530746,0.81768,0,0,0,0,0,1,0
sound,True,1,000100,An,,True,1,000100,An,,0.711,0.524,0.064,0.638,0.433,0.637,0.710898,0.853591,0,0.524048,0.825967,0,0.063775,0.585635,0,0.637994,0.629834,1,0.433071,0.662983,0,0.63747,0.81768,0,0,0,0,1,0,0
sow,True,3,010110,An,"Cm, Sn",True,5,111110,An,"Kn, Cm, Ap, Sn",0.833,0.834,0.521,0.886,0.724,0.499,0.832546,0.853591,0,0.833689,0.825967,1,0.520951,0.585635,0,0.886231,0.629834,1,0.723961,0.662983,1,0.499011,0.81768,0,0,1,0,1,1,0
sparge,False,0,000000,,,True,1,100000,Kn,,0.748,0.526,0.061,0.056,0.55,0.495,0.747841,0.853591,0,0.526184,0.825967,0,0.061366,0.585635,0,0.056435,0.629834,0,0.549658,0.662983,0,0.495151,0.81768,0,0,0,0,0,0,0
spark,True,1,000100,An,,True,2,100100,Kn,An,0.788,0.412,0.219,0.728,0.174,0.461,0.787681,0.853591,0,0.411709,0.825967,0,0.218926,0.585635,0,0.728499,0.629834,1,0.174337,0.662983,0,0.461402,0.81768,0,0,0,0,1,0,0
spawn,True,1,000010,Sn,,True,1,000010,Sn,,0.644,0.17,0.343,0.375,0.911,0.174,0.644472,0.853591,0,0.169897,0.825967,0,0.342573,0.585635,0,0.374771,0.629834,0,0.911,0.662983,1,0.173536,0.81768,0,0,0,0,0,1,0
speak,True,1,000010,Sn,,True,3,101010,Kn,"Ap, Sn",0.81,0.638,0.589,0.003,0.738,0.066,0.809687,0.853591,0,0.638342,0.825967,0,0.5895,0.585635,1,0.003047,0.629834,0,0.738413,0.662983,1,0.065849,0.81768,0,0,0,0,0,1,0
spearhead,True,1,100000,Kn,,True,2,100100,Kn,An,0.892,0.641,0.033,0.728,0.324,0.641,0.892235,0.853591,1,0.640659,0.825967,0,0.033204,0.585635,0,0.727597,0.629834,1,0.324459,0.662983,0,0.641079,0.81768,0,1,0,0,0,0,0
specialize,True,1,001000,Ap,,True,2,001010,Ap,Sn,0.251,0.55,0.932,0.261,0.724,0.113,0.250829,0.853591,0,0.550325,0.825967,0,0.932334,0.585635,1,0.261116,0.629834,0,0.723933,0.662983,1,0.113439,0.81768,0,0,0,1,0,0,0
spell,True,1,100000,Kn,,True,1,100000,Kn,,0.932,0.478,0.132,0.3,0.192,0.61,0.932241,0.853591,1,0.477607,0.825967,0,0.132286,0.585635,0,0.299621,0.629834,0,0.19239,0.662983,0,0.609623,0.81768,0,1,0,0,0,0,0
spend,True,1,001000,Ap,,True,1,001000,Ap,,0.597,0.229,0.989,0.017,0.397,0.353,0.597402,0.853591,0,0.229065,0.825967,0,0.98891,0.585635,1,0.017012,0.629834,0,0.396597,0.662983,0,0.35326,0.81768,0,0,0,1,0,0,0
spin,True,1,001000,Ap,,True,2,101000,Ap,Kn,0.749,0.524,0.861,0.484,0.27,0.127,0.749384,0.853591,0,0.524008,0.825967,0,0.860836,0.585635,1,0.484232,0.629834,0,0.270472,0.662983,0,0.127366,0.81768,0,0,0,1,0,0,0
splash,True,1,100000,Kn,,True,2,100100,Kn,An,0.9,0.669,0.242,0.557,0.008,0.128,0.899703,0.853591,1,0.669319,0.825967,0,0.241597,0.585635,0,0.556988,0.629834,0,0.007821,0.662983,0,0.12814,0.81768,0,1,0,0,0,0,0
splice,True,2,000110,Sn,An,True,2,000110,Sn,An,0.149,0.171,0.381,0.76,0.773,0.273,0.149171,0.853591,0,0.170784,0.825967,0,0.381021,0.585635,0,0.759732,0.629834,1,0.772548,0.662983,1,0.273273,0.81768,0,0,0,0,1,1,0
split,True,1,000100,An,,True,2,000110,An,Sn,0.209,0.264,0.034,0.921,0.77,0.212,0.208958,0.853591,0,0.263707,0.825967,0,0.034341,0.585635,0,0.920717,0.629834,1,0.770215,0.662983,1,0.211594,0.81768,0,0,0,0,1,0,0
spoil,True,1,000100,An,,True,3,011100,Cm,"Ap, An",0.442,0.744,0.643,0.738,0.174,0.635,0.441694,0.853591,0,0.744003,0.825967,0,0.642685,0.585635,1,0.738386,0.629834,1,0.173971,0.662983,0,0.635354,0.81768,0,0,0,0,1,0,0
sponsor,True,1,001000,Ap,,True,1,001000,Ap,,0.44,0.666,0.842,0.461,0.281,0.177,0.440148,0.853591,0,0.665912,0.825967,0,0.84203,0.585635,1,0.461121,0.629834,0,0.280893,0.662983,0,0.177095,0.81768,0,0,0,1,0,0,0
sporulate,False,0,000000,,,True,3,011010,Cm,"Ap, Sn",0.573,0.704,0.547,0.236,0.587,0.141,0.572807,0.853591,0,0.703628,0.825967,0,0.546975,0.585635,0,0.235637,0.629834,0,0.587151,0.662983,0,0.140942,0.81768,0,0,0,0,0,0,0
spray,True,1,001000,Ap,,True,1,001000,Ap,,0.286,0.333,0.856,0.05,0.172,0.616,0.286446,0.853591,0,0.333177,0.825967,0,0.856331,0.585635,1,0.049951,0.629834,0,0.171799,0.662983,0,0.61625,0.81768,0,0,0,1,0,0,0
spread,True,1,001000,Ap,,True,1,001000,Ap,,0.408,0.528,0.787,0.353,0.284,0.16,0.408164,0.853591,0,0.528263,0.825967,0,0.787212,0.585635,1,0.353178,0.629834,0,0.284362,0.662983,0,0.159783,0.81768,0,0,0,1,0,0,0
sprinkle,True,1,001000,Ap,,True,2,011000,Cm,Ap,0.575,0.742,0.629,0.121,0.173,0.011,0.575268,0.853591,0,0.741708,0.825967,0,0.6289,0.585635,1,0.120854,0.629834,0,0.173211,0.662983,0,0.01105,0.81768,0,0,0,1,0,0,0
sputter,False,0,000000,,,True,1,010000,Cm,,0.723,0.766,0.384,0.375,0.398,0.011,0.723171,0.853591,0,0.765871,0.825967,0,0.384236,0.585635,0,0.37473,0.629834,0,0.398392,0.662983,0,0.01105,0.81768,0,0,0,0,0,0,0
squander,True,1,001000,Ap,,True,2,001001,Ap,Ev,0.261,0.35,0.934,0.478,0.019,0.73,0.260549,0.853591,0,0.349958,0.825967,0,0.934154,0.585635,1,0.478034,0.629834,0,0.018864,0.662983,0,0.73043,0.81768,0,0,0,1,0,0,0
squash,True,1,000100,An,,True,2,001100,An,Ap,0.627,0.67,0.517,0.733,0.408,0.328,0.626529,0.853591,0,0.670249,0.825967,0,0.516732,0.585635,0,0.732863,0.629834,1,0.407773,0.662983,0,0.327636,0.81768,0,0,0,0,1,0,0
squeeze,True,1,000001,Ev,,True,3,001101,Ev,"Ap, An",0.421,0.641,0.757,0.734,0.191,0.832,0.420503,0.853591,0,0.640929,0.825967,0,0.756768,0.585635,1,0.733893,0.629834,1,0.191093,0.662983,0,0.831611,0.81768,1,0,0,0,0,0,1
squirt,True,1,001000,Ap,,True,2,011000,Cm,Ap,0.598,0.735,0.629,0.529,0.086,0.126,0.598175,0.853591,0,0.735335,0.825967,0,0.629023,0.585635,1,0.528509,0.629834,0,0.086106,0.662983,0,0.126062,0.81768,0,0,0,1,0,0,0
stabilize,True,1,000010,Sn,,True,2,000011,Sn,Ev,0.149,0.017,0.068,0.215,0.909,0.827,0.149171,0.853591,0,0.016575,0.825967,0,0.068077,0.585635,0,0.215383,0.629834,0,0.909453,0.662983,1,0.827257,0.81768,1,0,0,0,0,1,0
stack,True,1,000010,Sn,,True,1,000010,Sn,,0.611,0.196,0.394,0.242,0.92,0.595,0.610884,0.853591,0,0.19639,0.825967,0,0.39364,0.585635,0,0.242169,0.629834,0,0.919968,0.662983,1,0.595459,0.81768,0,0,0,0,0,1,0
stagger,True,1,001000,Ap,,True,2,101000,Ap,Kn,0.766,0.667,0.847,0.127,0.173,0.487,0.765616,0.853591,0,0.66723,0.825967,0,0.84727,0.585635,1,0.127119,0.629834,0,0.172666,0.662983,0,0.48703,0.81768,0,0,0,1,0,0,0
stagnate,True,2,001010,Sn,Ap,True,2,001010,Sn,Ap,0.273,0.061,0.637,0.094,0.682,0.502,0.273233,0.853591,0,0.06133,0.825967,0,0.637208,0.585635,1,0.094152,0.629834,0,0.682422,0.662983,1,0.501978,0.81768,0,0,0,1,0,1,0
stall,False,0,000000,,,False,0,000000,,,0.44,0.222,0.143,0.386,0.399,0.457,0.440285,0.853591,0,0.221633,0.825967,0,0.143036,0.585635,0,0.386414,0.629834,0,0.398601,0.662983,0,0.457107,0.81768,0,0,0,0,0,0,0
stamp,True,1,100000,Kn,,True,3,110100,Kn,"Cm, An",0.968,0.718,0.13,0.728,0.522,0.125,0.968324,0.853591,1,0.717523,0.825967,0,0.130158,0.585635,0,0.727647,0.629834,1,0.521988,0.662983,0,0.124742,0.81768,0,1,0,0,0,0,0
stand,True,1,100000,Kn,,True,3,110001,Kn,"Cm, Ev",0.912,0.756,0.373,0.371,0.533,0.712,0.911711,0.853591,1,0.755639,0.825967,0,0.373427,0.585635,0,0.371363,0.629834,0,0.532603,0.662983,0,0.711766,0.81768,0,1,0,0,0,0,0
standardize,True,1,001000,Ap,,True,2,001010,Ap,Sn,0.149,0.585,0.931,0.325,0.816,0.297,0.149171,0.853591,0,0.584971,0.825967,0,0.931335,0.585635,1,0.324528,0.629834,0,0.815968,0.662983,1,0.296556,0.81768,0,0,0,1,0,0,0
start,True,1,000010,Sn,,True,1,000010,Sn,,0.675,0.155,0.457,0.521,0.8,0.281,0.67535,0.853591,0,0.155078,0.825967,0,0.456716,0.585635,0,0.52098,0.629834,0,0.799902,0.662983,1,0.281218,0.81768,0,0,0,0,0,1,0
starve,True,1,000010,Sn,,True,3,001011,Sn,"Ap, Ev",0.269,0.358,0.658,0.222,0.855,0.715,0.269418,0.853591,0,0.357914,0.825967,0,0.658017,0.585635,1,0.221788,0.629834,0,0.855264,0.662983,1,0.715336,0.81768,0,0,0,0,0,1,0
stay,True,1,001000,Ap,,True,2,001001,Ev,Ap,0.704,0.328,0.668,0.051,0.309,0.7,0.70358,0.853591,0,0.32798,0.825967,0,0.668461,0.585635,1,0.051273,0.629834,0,0.309441,0.662983,0,0.700363,0.81768,0,0,0,1,0,0,0
steal,True,1,001000,Ap,,True,2,101000,Ap,Kn,0.796,0.484,0.882,0.072,0.064,0.567,0.796046,0.853591,0,0.484077,0.825967,0,0.88217,0.585635,1,0.071791,0.629834,0,0.06377,0.662983,0,0.566707,0.81768,0,0,0,1,0,0,0
steer,True,2,001010,Sn,Ap,True,3,001110,Sn,"Ap, An",0.369,0.227,0.647,0.556,0.681,0.622,0.369019,0.853591,0,0.226959,0.825967,0,0.647057,0.585635,1,0.556202,0.629834,0,0.680886,0.662983,1,0.621574,0.81768,0,0,0,1,0,1,0
stick,True,1,001000,Ap,,True,1,001000,Ap,,0.552,0.149,0.873,0.394,0.103,0.489,0.552233,0.853591,0,0.149384,0.825967,0,0.873188,0.585635,1,0.393731,0.629834,0,0.103319,0.662983,0,0.488979,0.81768,0,0,0,1,0,0,0
stiffen,True,1,001000,Ap,,True,1,001000,Ap,,0.149,0.063,0.671,0.34,0.52,0.272,0.149171,0.853591,0,0.063035,0.825967,0,0.671417,0.585635,1,0.339659,0.629834,0,0.520468,0.662983,0,0.271943,0.81768,0,0,0,1,0,0,0
stifle,False,0,000000,,,False,0,000000,,,0.224,0.31,0.373,0.103,0.17,0.538,0.22407,0.853591,0,0.309798,0.825967,0,0.372804,0.585635,0,0.103467,0.629834,0,0.170214,0.662983,0,0.537841,0.81768,0,0,0,0,0,0,0
stimulate,True,1,000010,Sn,,True,2,001010,Sn,Ap,0.314,0.049,0.572,0.008,0.872,0.158,0.313994,0.853591,0,0.049207,0.825967,0,0.571584,0.585635,0,0.00817,0.629834,0,0.872222,0.662983,1,0.157914,0.81768,0,0,0,0,0,1,0
stipulate,True,1,000010,Sn,,True,1,000010,Sn,,0.408,0.507,0.239,0.249,0.744,0.502,0.407745,0.853591,0,0.50724,0.825967,0,0.238754,0.585635,0,0.249056,0.629834,0,0.744323,0.662983,1,0.502027,0.81768,0,0,0,0,0,1,0
stir,True,1,000010,Sn,,True,2,000110,Sn,An,0.309,0.358,0.102,0.802,0.96,0.605,0.308894,0.853591,0,0.357986,0.825967,0,0.10218,0.585635,0,0.802376,0.629834,1,0.959722,0.662983,1,0.604834,0.81768,0,0,0,0,0,1,0
stitch,True,1,100000,Kn,,True,4,111100,Kn,"Cm, Ap, An",0.937,0.716,0.553,0.744,0.268,0.06,0.937226,0.853591,1,0.716062,0.825967,0,0.55323,0.585635,0,0.743853,0.629834,1,0.268049,0.662983,0,0.059665,0.81768,0,1,0,0,0,0,0
stockpile,True,1,001000,Ap,,True,3,001110,Ap,"An, Sn",0.461,0.11,0.98,0.583,0.633,0.593,0.460543,0.853591,0,0.11044,0.825967,0,0.979659,0.585635,1,0.5832,0.629834,0,0.633246,0.662983,0,0.592826,0.81768,0,0,0,1,0,0,0
stomp,True,1,001000,Ap,,True,3,111000,Kn,"Cm, Ap",0.813,0.813,0.627,0.225,0.1,0.363,0.813287,0.853591,0,0.813089,0.825967,0,0.626802,0.585635,1,0.224931,0.629834,0,0.100493,0.662983,0,0.362576,0.81768,0,0,0,1,0,0,0
stoop,True,1,000010,Sn,,True,2,001010,Sn,Ap,0.415,0.342,0.505,0.373,0.682,0.331,0.415147,0.853591,0,0.342233,0.825967,0,0.505015,0.585635,0,0.373363,0.629834,0,0.682262,0.662983,1,0.330831,0.81768,0,0,0,0,0,1,0
stop,False,0,000000,,,True,2,100001,Kn,Ev,0.851,0.551,0.257,0.523,0.27,0.737,0.850986,0.853591,0,0.551455,0.825967,0,0.257416,0.585635,0,0.522855,0.629834,0,0.270019,0.662983,0,0.736683,0.81768,0,0,0,0,0,0,0
store,True,1,001000,Ap,,True,4,111100,Ap,"Kn, Cm, An",0.73,0.791,0.956,0.597,0.46,0.237,0.730197,0.853591,0,0.791136,0.825967,0,0.955579,0.585635,1,0.597361,0.629834,0,0.459625,0.662983,0,0.236842,0.81768,0,0,0,1,0,0,0
straddle,True,1,001000,Ap,,True,4,111100,Kn,"Cm, Ap, An",0.848,0.735,0.736,0.607,0.425,0.502,0.84767,0.853591,0,0.735203,0.825967,0,0.736343,0.585635,1,0.606542,0.629834,0,0.424628,0.662983,0,0.502233,0.81768,0,0,0,1,0,0,0
straighten,True,1,000001,Ev,,True,2,000011,Ev,Sn,0.47,0.236,0.372,0.403,0.574,0.85,0.470212,0.853591,0,0.235715,0.825967,0,0.372127,0.585635,0,0.402733,0.629834,0,0.57392,0.662983,0,0.850099,0.81768,1,0,0,0,0,0,1
stratify,True,1,000010,Sn,,True,3,001110,Sn,"Ap, An",0.561,0.699,0.724,0.753,0.847,0.619,0.560701,0.853591,0,0.698911,0.825967,0,0.723512,0.585635,1,0.753412,0.629834,1,0.847256,0.662983,1,0.61888,0.81768,0,0,0,0,0,1,0
stray,True,1,000100,An,,True,3,110100,Kn,"Cm, An",0.838,0.74,0.136,0.752,0.098,0.618,0.837991,0.853591,0,0.739845,0.825967,0,0.136131,0.585635,0,0.751675,0.629834,1,0.097579,0.662983,0,0.618041,0.81768,0,0,0,0,1,0,0
streamline,True,1,100000,Kn,,True,3,110100,Kn,"Cm, An",0.917,0.766,0.372,0.541,0.533,0.057,0.91696,0.853591,1,0.765988,0.825967,0,0.372448,0.585635,0,0.54091,0.629834,0,0.533129,0.662983,0,0.057281,0.81768,0,1,0,0,0,0,0
strengthen,True,1,001000,Ap,,True,2,001010,Ap,Sn,0.149,0.158,0.82,0.03,0.748,0.384,0.149171,0.853591,0,0.158159,0.825967,0,0.819794,0.585635,1,0.029558,0.629834,0,0.748186,0.662983,1,0.384268,0.81768,0,0,0,1,0,0,0
stretch,True,1,001000,Ap,,True,1,001000,Ap,,0.211,0.577,0.701,0.345,0.295,0.387,0.211207,0.853591,0,0.577393,0.825967,0,0.701051,0.585635,1,0.344571,0.629834,0,0.294512,0.662983,0,0.387425,0.81768,0,0,0,1,0,0,0
strike,True,1,000001,Ev,,True,1,000001,Ev,,0.447,0.219,0.093,0.492,0.203,0.888,0.446644,0.853591,0,0.21899,0.825967,0,0.093349,0.585635,0,0.491851,0.629834,0,0.202784,0.662983,0,0.888219,0.81768,1,0,0,0,0,0,1
strive,True,1,001000,Ap,,True,1,001000,Ap,,0.364,0.04,0.797,0.19,0.493,0.407,0.36379,0.853591,0,0.039662,0.825967,0,0.797021,0.585635,1,0.189669,0.629834,0,0.493311,0.662983,0,0.407421,0.81768,0,0,0,1,0,0,0
struggle,True,4,001111,Ev,"Ap, An, Sn",True,4,001111,Ev,"Ap, An, Sn",0.311,0.535,0.709,0.802,0.826,0.848,0.311328,0.853591,0,0.53527,0.825967,0,0.708673,0.585635,1,0.801541,0.629834,1,0.826131,0.662983,1,0.847682,0.81768,1,0,0,1,1,1,1
stutter,True,1,100000,Kn,,True,1,100000,Kn,,0.892,0.396,0.142,0.341,0.526,0.055,0.892049,0.853591,1,0.395855,0.825967,0,0.141533,0.585635,0,0.34089,0.629834,0,0.525516,0.662983,0,0.055283,0.81768,0,1,0,0,0,0,0
stylize,True,1,000010,Sn,,True,2,001010,Sn,Ap,0.513,0.454,0.561,0.452,0.791,0.257,0.513077,0.853591,0,0.453533,0.825967,0,0.561373,0.585635,0,0.451788,0.629834,0,0.790922,0.662983,1,0.256848,0.81768,0,0,0,0,0,1,0
stymy,True,1,100000,Kn,,True,4,110110,Kn,"Cm, An, Sn",0.899,0.839,0.259,0.728,0.641,0.3,0.898801,0.853591,1,0.838559,0.825967,1,0.259074,0.585635,0,0.727765,0.629834,1,0.640823,0.662983,0,0.299737,0.81768,0,1,0,0,0,0,0
subdue,True,1,000010,Sn,,True,1,000010,Sn,,0.269,0.061,0.234,0.017,0.69,0.655,0.2688,0.853591,0,0.061228,0.825967,0,0.233636,0.585635,0,0.016711,0.629834,0,0.689878,0.662983,1,0.654614,0.81768,0,0,0,0,0,1,0
submerge,True,1,001000,Ap,,True,1,001000,Ap,,0.395,0.628,0.793,0.124,0.396,0.292,0.394635,0.853591,0,0.628238,0.825967,0,0.793009,0.585635,1,0.124214,0.629834,0,0.395592,0.662983,0,0.291972,0.81768,0,0,0,1,0,0,0
submit,True,1,000010,Sn,,True,2,000011,Ev,Sn,0.359,0.382,0.429,0.494,0.689,0.807,0.358831,0.853591,0,0.382112,0.825967,0,0.428511,0.585635,0,0.4943,0.629834,0,0.688616,0.662983,1,0.807434,0.81768,0,0,0,0,0,1,0
subside,False,0,000000,,,True,1,010000,Cm,,0.4,0.704,0.159,0.353,0.084,0.297,0.400407,0.853591,0,0.704408,0.825967,0,0.159327,0.585635,0,0.352538,0.629834,0,0.083901,0.662983,0,0.296827,0.81768,0,0,0,0,0,0,0
substantiate,True,1,000001,Ev,,True,1,000001,Ev,,0.17,0.693,0.183,0.44,0.063,0.855,0.170348,0.853591,0,0.692636,0.825967,0,0.182605,0.585635,0,0.440108,0.629834,0,0.062985,0.662983,0,0.854998,0.81768,1,0,0,0,0,0,1
subsume,False,0,000000,,,True,1,010000,Cm,,0.149,0.791,0.238,0.388,0.431,0.5,0.149171,0.853591,0,0.790928,0.825967,0,0.237888,0.585635,0,0.387668,0.629834,0,0.431186,0.662983,0,0.500286,0.81768,0,0,0,0,0,0,0
subtend,False,0,000000,,,True,1,100000,Kn,,0.767,0.652,0.46,0.062,0.172,0.273,0.766703,0.853591,0,0.651804,0.825967,0,0.459808,0.585635,0,0.061634,0.629834,0,0.171649,0.662983,0,0.273327,0.81768,0,0,0,0,0,0,0
succeed,True,1,001000,Ap,,True,2,001010,Ap,Sn,0.218,0.337,0.987,0.484,0.58,0.302,0.218476,0.853591,0,0.337095,0.825967,0,0.986914,0.585635,1,0.483502,0.629834,0,0.579604,0.662983,0,0.301917,0.81768,0,0,0,1,0,0,0
sue,True,1,000001,Ev,,True,1,000001,Ev,,0.38,0.646,0.466,0.354,0.403,0.936,0.380445,0.853591,0,0.646379,0.825967,0,0.466446,0.585635,0,0.353551,0.629834,0,0.402665,0.662983,0,0.935561,0.81768,1,0,0,0,0,0,1
suffer,True,1,000010,Sn,,True,3,100011,Sn,"Kn, Ev",0.815,0.625,0.341,0.096,0.9,0.807,0.814712,0.853591,0,0.624789,0.825967,0,0.340535,0.585635,0,0.096001,0.629834,0,0.899797,0.662983,1,0.80742,0.81768,0,0,0,0,0,1,0
suffice,False,0,000000,,,True,1,000001,Ev,,0.3,0.228,0.066,0.112,0.505,0.722,0.300178,0.853591,0,0.227806,0.825967,0,0.065622,0.585635,0,0.111866,0.629834,0,0.50522,0.662983,0,0.722473,0.81768,0,0,0,0,0,0,0
superimpose,False,0,000000,,,True,1,100000,Kn,,0.796,0.47,0.278,0.037,0.454,0.348,0.795778,0.853591,0,0.469966,0.825967,0,0.277894,0.585635,0,0.036715,0.629834,0,0.454143,0.662983,0,0.34848,0.81768,0,0,0,0,0,0,0
supersede,True,1,010000,Cm,,True,2,010100,Cm,An,0.264,0.883,0.361,0.646,0.045,0.502,0.264081,0.853591,0,0.882601,0.825967,1,0.361361,0.585635,0,0.646321,0.629834,1,0.045032,0.662983,0,0.501758,0.81768,0,0,1,0,0,0,0
supplant,False,0,000000,,,False,0,000000,,,0.149,0.605,0.443,0.209,0.47,0.421,0.149171,0.853591,0,0.604546,0.825967,0,0.443323,0.585635,0,0.209151,0.629834,0,0.469825,0.662983,0,0.42098,0.81768,0,0,0,0,0,0,0
suppose,True,1,000001,Ev,,True,3,000111,Ev,"An, Sn",0.365,0.491,0.097,0.606,0.748,0.874,0.365495,0.853591,0,0.491086,0.825967,0,0.096959,0.585635,0,0.605654,0.629834,0,0.747564,0.662983,1,0.873684,0.81768,1,0,0,0,0,0,1
suppress,False,0,000000,,,True,2,001001,Ev,Ap,0.226,0.106,0.563,0.139,0.247,0.807,0.225725,0.853591,0,0.106439,0.825967,0,0.562553,0.585635,0,0.139323,0.629834,0,0.246898,0.662983,0,0.807182,0.81768,0,0,0,0,0,0,0
surpass,True,2,010010,Cm,Sn,True,3,011010,Cm,"Ap, Sn",0.373,0.86,0.561,0.05,0.842,0.454,0.372807,0.853591,0,0.859662,0.825967,1,0.561247,0.585635,0,0.050153,0.629834,0,0.842451,0.662983,1,0.453619,0.81768,0,0,1,0,0,1,0
surround,True,1,000010,Sn,,True,1,000010,Sn,,0.282,0.523,0.361,0.011,0.802,0.281,0.281606,0.853591,0,0.523322,0.825967,0,0.360611,0.585635,0,0.011148,0.629834,0,0.801625,0.662983,1,0.280957,0.81768,0,0,0,0,0,1,0
survive,True,1,000010,Sn,,True,3,001011,Sn,"Ap, Ev",0.538,0.502,0.554,0.181,0.892,0.811,0.537501,0.853591,0,0.50176,0.825967,0,0.553857,0.585635,0,0.180647,0.629834,0,0.89181,0.662983,1,0.811317,0.81768,0,0,0,0,0,1,0
suspect,True,2,000101,An,Ev,True,3,100101,An,"Kn, Ev",0.74,0.55,0.033,0.921,0.099,0.877,0.739896,0.853591,0,0.550366,0.825967,0,0.033299,0.585635,0,0.920886,0.629834,1,0.098823,0.662983,0,0.877433,0.81768,1,0,0,0,1,0,1
suspend,False,0,000000,,,False,0,000000,,,0.307,0.017,0.2,0.158,0.507,0.523,0.307218,0.853591,0,0.016575,0.825967,0,0.199622,0.585635,0,0.158439,0.629834,0,0.506739,0.662983,0,0.522774,0.81768,0,0,0,0,0,0,0
sustain,True,1,000010,Sn,,True,3,001011,Ev,"Ap, Sn",0.164,0.262,0.563,0.096,0.773,0.775,0.164329,0.853591,0,0.262065,0.825967,0,0.563034,0.585635,0,0.095823,0.629834,0,0.772998,0.662983,1,0.774976,0.81768,0,0,0,0,0,1,0
sway,True,1,000010,Sn,,True,3,001110,Sn,"Ap, An",0.295,0.063,0.551,0.662,0.778,0.454,0.295244,0.853591,0,0.062514,0.825967,0,0.551285,0.585635,0,0.662061,0.629834,1,0.777783,0.662983,1,0.454023,0.81768,0,0,0,0,0,1,0
sweep,True,1,100000,Kn,,True,3,100110,Kn,"An, Sn",0.935,0.643,0.356,0.621,0.701,0.272,0.934849,0.853591,1,0.643449,0.825967,0,0.356089,0.585635,0,0.620689,0.629834,0,0.70051,0.662983,1,0.271522,0.81768,0,1,0,0,0,0,0
swell,False,0,000000,,,True,1,100000,Kn,,0.837,0.165,0.259,0.272,0.181,0.468,0.837179,0.853591,0,0.164834,0.825967,0,0.259345,0.585635,0,0.272179,0.629834,0,0.181091,0.662983,0,0.467952,0.81768,0,0,0,0,0,0,0
switch,True,1,000100,An,,True,2,001100,An,Ap,0.395,0.07,0.565,0.814,0.521,0.4,0.395448,0.853591,0,0.070037,0.825967,0,0.565166,0.585635,0,0.813762,0.629834,1,0.52119,0.662983,0,0.39962,0.81768,0,0,0,0,1,0,0
swivel,True,1,000100,An,,True,1,000100,An,,0.415,0.522,0.492,0.889,0.548,0.329,0.414743,0.853591,0,0.52241,0.825967,0,0.491758,0.585635,0,0.888849,0.629834,1,0.548113,0.662983,0,0.329242,0.81768,0,0,0,0,1,0,0
symbolize,True,1,010000,Cm,,True,4,110110,Cm,"Kn, An, Sn",0.883,0.961,0.215,0.588,0.618,0.025,0.882774,0.853591,1,0.96133,0.825967,1,0.214599,0.585635,0,0.588177,0.629834,0,0.617663,0.662983,0,0.025162,0.81768,0,0,1,0,0,0,0
symmetrize,True,1,000010,Sn,,True,1,000010,Sn,,0.698,0.63,0.378,0.416,0.847,0.522,0.697708,0.853591,0,0.630216,0.825967,0,0.377515,0.585635,0,0.415617,0.629834,0,0.846578,0.662983,1,0.522383,0.81768,0,0,0,0,0,1,0
synchronize,False,0,000000,,,False,0,000000,,,0.529,0.408,0.02,0.377,0.561,0.406,0.529133,0.853591,0,0.407761,0.825967,0,0.020299,0.585635,0,0.376741,0.629834,0,0.56087,0.662983,0,0.406079,0.81768,0,0,0,0,0,0,0
systematize,True,1,000010,Sn,,True,2,001010,Sn,Ap,0.149,0.336,0.611,0.215,0.958,0.349,0.149171,0.853591,0,0.33597,0.825967,0,0.611205,0.585635,1,0.214945,0.629834,0,0.957541,0.662983,1,0.349317,0.81768,0,0,0,0,0,1,0
tackle,True,1,000001,Ev,,True,2,001001,Ev,Ap,0.41,0.396,0.645,0.333,0.561,0.875,0.409532,0.853591,0,0.39558,0.825967,0,0.645344,0.585635,1,0.332846,0.629834,0,0.561316,0.662983,0,0.874664,0.81768,1,0,0,0,0,0,1
take,True,1,000001,Ev,,True,2,100001,Ev,Kn,0.759,0.407,0.479,0.28,0.497,0.847,0.758514,0.853591,0,0.40728,0.825967,0,0.47902,0.585635,0,0.280424,0.629834,0,0.497002,0.662983,0,0.847476,0.81768,1,0,0,0,0,0,1
talk,True,1,000010,Sn,,True,2,000011,Sn,Ev,0.504,0.424,0.397,0.171,0.747,0.739,0.503799,0.853591,0,0.424252,0.825967,0,0.397267,0.585635,0,0.171158,0.629834,0,0.747459,0.662983,1,0.738934,0.81768,0,0,0,0,0,1,0
tame,False,0,000000,,,True,2,000101,Ev,An,0.38,0.04,0.481,0.554,0.269,0.741,0.380482,0.853591,0,0.040284,0.825967,0,0.480651,0.585635,0,0.553851,0.629834,0,0.269358,0.662983,0,0.74146,0.81768,0,0,0,0,0,0,0
tamper,True,1,000100,An,,True,1,000100,An,,0.149,0.165,0.413,0.843,0.203,0.61,0.149171,0.853591,0,0.165029,0.825967,0,0.413184,0.585635,0,0.843012,0.629834,1,0.202873,0.662983,0,0.609583,0.81768,0,0,0,0,1,0,0
taper,True,1,001000,Ap,,True,1,001000,Ap,,0.228,0.169,0.761,0.274,0.403,0.474,0.227817,0.853591,0,0.169077,0.825967,0,0.761148,0.585635,1,0.27439,0.629834,0,0.402924,0.662983,0,0.473564,0.81768,0,0,0,1,0,0,0
target,True,1,000100,An,,True,1,000100,An,,0.716,0.562,0.383,0.639,0.161,0.072,0.715874,0.853591,0,0.561732,0.825967,0,0.383207,0.585635,0,0.638911,0.629834,1,0.16067,0.662983,0,0.07205,0.81768,0,0,0,0,1,0,0
tear,True,1,100000,Kn,,True,2,100100,Kn,An,0.899,0.645,0.459,0.555,0.256,0.33,0.899396,0.853591,1,0.645445,0.825967,0,0.458755,0.585635,0,0.55476,0.629834,0,0.256364,0.662983,0,0.330344,0.81768,0,1,0,0,0,0,0
tease,False,0,000000,,,True,3,101010,Kn,"Ap, Sn",0.763,0.551,0.523,0.056,0.643,0.06,0.762502,0.853591,0,0.550641,0.825967,0,0.522597,0.585635,0,0.056307,0.629834,0,0.643362,0.662983,0,0.060239,0.81768,0,0,0,0,0,0,0
teleport,False,0,000000,,,True,2,011000,Cm,Ap,0.571,0.723,0.527,0.268,0.266,0.044,0.57106,0.853591,0,0.723489,0.825967,0,0.526682,0.585635,0,0.267837,0.629834,0,0.265775,0.662983,0,0.04424,0.81768,0,0,0,0,0,0,0
tempt,True,1,001000,Ap,,True,1,001000,Ap,,0.422,0.378,0.765,0.252,0.515,0.147,0.421558,0.853591,0,0.378274,0.825967,0,0.765104,0.585635,1,0.252042,0.629834,0,0.514937,0.662983,0,0.147101,0.81768,0,0,0,1,0,0,0
tend,True,1,000010,Sn,,True,3,001011,Sn,"Ap, Ev",0.149,0.155,0.616,0.116,0.96,0.753,0.149171,0.853591,0,0.154952,0.825967,0,0.615784,0.585635,1,0.115698,0.629834,0,0.960006,0.662983,1,0.753059,0.81768,0,0,0,0,0,1,0
terminate,True,1,000001,Ev,,True,4,001111,Ev,"Ap, An, Sn",0.149,0.274,0.586,0.706,0.617,0.869,0.149171,0.853591,0,0.274065,0.825967,0,0.585674,0.585635,1,0.705962,0.629834,1,0.617415,0.662983,0,0.869078,0.81768,1,0,0,0,0,0,1
terrorize,True,1,001000,Ap,,True,2,001001,Ap,Ev,0.288,0.504,0.863,0.055,0.256,0.739,0.288305,0.853591,0,0.504082,0.825967,0,0.862552,0.585635,1,0.055429,0.629834,0,0.255574,0.662983,0,0.738687,0.81768,0,0,0,1,0,0,0
testify,True,1,000001,Ev,,True,1,000001,Ev,,0.608,0.669,0.342,0.27,0.283,0.929,0.608324,0.853591,0,0.668991,0.825967,0,0.342386,0.585635,0,0.270458,0.629834,0,0.282671,0.662983,0,0.928948,0.81768,1,0,0,0,0,0,1
thank,True,1,000100,An,,True,2,000101,Ev,An,0.421,0.534,0.058,0.649,0.098,0.741,0.421305,0.853591,0,0.533853,0.825967,0,0.057524,0.585635,0,0.648978,0.629834,1,0.097722,0.662983,0,0.740847,0.81768,0,0,0,0,1,0,0
thaw,False,0,000000,,,False,0,000000,,,0.718,0.642,0.373,0.359,0.433,0.308,0.718023,0.853591,0,0.642408,0.825967,0,0.372528,0.585635,0,0.359435,0.629834,0,0.433116,0.662983,0,0.308352,0.81768,0,0,0,0,0,0,0
theorize,True,2,010100,An,Cm,True,2,010100,An,Cm,0.409,0.843,0.312,0.856,0.49,0.691,0.408895,0.853591,0,0.842947,0.825967,1,0.312454,0.585635,0,0.856475,0.629834,1,0.489928,0.662983,0,0.691411,0.81768,0,0,1,0,1,0,0
thicken,True,2,001010,Sn,Ap,True,2,001010,Sn,Ap,0.537,0.227,0.667,0.003,0.704,0.271,0.537158,0.853591,0,0.226805,0.825967,0,0.667258,0.585635,1,0.002952,0.629834,0,0.703692,0.662983,1,0.2711,0.81768,0,0,0,1,0,1,0
think,True,1,000001,Ev,,True,3,100011,Ev,"Kn, Sn",0.798,0.364,0.227,0.484,0.674,0.914,0.798019,0.853591,0,0.364437,0.825967,0,0.227499,0.585635,0,0.484156,0.629834,0,0.673969,0.662983,1,0.913511,0.81768,1,0,0,0,0,0,1
threaten,True,1,000001,Ev,,True,2,001001,Ev,Ap,0.219,0.228,0.541,0.223,0.516,0.837,0.218612,0.853591,0,0.227708,0.825967,0,0.541154,0.585635,0,0.223005,0.629834,0,0.515506,0.662983,0,0.836888,0.81768,1,0,0,0,0,0,1
thrive,True,1,000010,Sn,,True,2,001010,Sn,Ap,0.441,0.163,0.846,0.189,0.983,0.568,0.441354,0.853591,0,0.162795,0.825967,0,0.845589,0.585635,1,0.188502,0.629834,0,0.982595,0.662983,1,0.567945,0.81768,0,0,0,0,0,1,0
throttle,False,0,000000,,,True,1,000100,An,,0.213,0.282,0.285,0.628,0.288,0.306,0.212847,0.853591,0,0.281511,0.825967,0,0.285033,0.585635,0,0.628472,0.629834,0,0.287799,0.662983,0,0.305994,0.81768,0,0,0,0,0,0,0
throw,True,1,001000,Ap,,True,1,001000,Ap,,0.44,0.564,0.997,0.339,0.283,0.326,0.440024,0.853591,0,0.564031,0.825967,0,0.997238,0.585635,1,0.338937,0.629834,0,0.283102,0.662983,0,0.326129,0.81768,0,0,0,1,0,0,0
thumb,True,4,111100,Kn,"Cm, Ap, An",True,4,111100,Kn,"Cm, Ap, An",0.902,0.883,0.659,0.811,0.121,0.622,0.90187,0.853591,1,0.883384,0.825967,1,0.658976,0.585635,1,0.811355,0.629834,1,0.12111,0.662983,0,0.622429,0.81768,0,1,1,1,1,0,0
thwart,False,0,000000,,,True,2,001001,Ev,Ap,0.538,0.229,0.524,0.214,0.024,0.777,0.537875,0.853591,0,0.228608,0.825967,0,0.524104,0.585635,0,0.214459,0.629834,0,0.023976,0.662983,0,0.776798,0.81768,0,0,0,0,0,0,0
tick,True,1,100000,Kn,,True,3,110100,Kn,"Cm, An",0.936,0.721,0.401,0.743,0.083,0.064,0.935736,0.853591,1,0.721413,0.825967,0,0.400978,0.585635,0,0.743487,0.629834,1,0.083061,0.662983,0,0.064257,0.81768,0,1,0,0,0,0,0
tie,True,5,111101,Kn,"Cm, Ap, An, Ev",True,5,111101,Kn,"Cm, Ap, An, Ev",0.984,0.881,0.595,0.878,0.104,0.931,0.983812,0.853591,1,0.881294,0.825967,1,0.594693,0.585635,1,0.87822,0.629834,1,0.104424,0.662983,0,0.930659,0.81768,1,1,1,1,1,0,1
tighten,True,1,001000,Ap,,True,1,001000,Ap,,0.288,0.017,0.747,0.095,0.52,0.523,0.288187,0.853591,0,0.016575,0.825967,0,0.747333,0.585635,1,0.094659,0.629834,0,0.519844,0.662983,0,0.523478,0.81768,0,0,0,1,0,0,0
tile,True,1,000010,Sn,,True,2,001010,Sn,Ap,0.571,0.526,0.505,0.395,0.776,0.125,0.571344,0.853591,0,0.526256,0.825967,0,0.504589,0.585635,0,0.395477,0.629834,0,0.776366,0.662983,1,0.125127,0.81768,0,0,0,0,0,1,0
tilt,True,1,000100,An,,True,2,000101,An,Ev,0.718,0.157,0.377,0.818,0.41,0.71,0.717805,0.853591,0,0.157202,0.825967,0,0.376663,0.585635,0,0.818106,0.629834,1,0.409812,0.662983,0,0.709963,0.81768,0,0,0,0,1,0,0
tink,True,1,100000,Kn,,True,3,110100,Kn,"Cm, An",0.969,0.893,0.009,0.644,0.263,0.475,0.969323,0.853591,1,0.893117,0.825967,1,0.008789,0.585635,0,0.643932,0.629834,1,0.262935,0.662983,0,0.474794,0.81768,0,1,0,0,0,0,0
tinker,False,0,000000,,,True,2,100100,Kn,An,0.737,0.56,0.07,0.552,0.267,0.14,0.737183,0.853591,0,0.560132,0.825967,0,0.069963,0.585635,0,0.552416,0.629834,0,0.267444,0.662983,0,0.139605,0.81768,0,0,0,0,0,0,0
tint,True,1,010000,Cm,,True,2,010100,Cm,An,0.573,0.835,0.252,0.728,0.303,0.65,0.572702,0.853591,0,0.835126,0.825967,1,0.252444,0.585635,0,0.728326,0.629834,1,0.303234,0.662983,0,0.649721,0.81768,0,0,1,0,0,0,0
titrate,True,1,000100,An,,True,2,010100,Cm,An,0.443,0.721,0.234,0.638,0.119,0.631,0.442614,0.853591,0,0.721182,0.825967,0,0.234041,0.585635,0,0.637607,0.629834,1,0.118617,0.662983,0,0.631201,0.81768,0,0,0,0,1,0,0
toggle,True,2,100100,Kn,An,True,2,100100,Kn,An,0.863,0.648,0.393,0.82,0.396,0.607,0.862662,0.853591,1,0.648353,0.825967,0,0.392944,0.585635,0,0.820039,0.629834,1,0.396319,0.662983,0,0.606698,0.81768,0,1,0,0,1,0,0
tolerate,True,1,000001,Ev,,True,1,000001,Ev,,0.298,0.063,0.238,0.475,0.446,0.971,0.29816,0.853591,0,0.062506,0.825967,0,0.238127,0.585635,0,0.47476,0.629834,0,0.446098,0.662983,0,0.971067,0.81768,1,0,0,0,0,0,1
toss,True,1,001000,Ap,,True,2,001100,Ap,An,0.723,0.558,0.974,0.637,0.286,0.298,0.722958,0.853591,0,0.558052,0.825967,0,0.973681,0.585635,1,0.637229,0.629834,1,0.285837,0.662983,0,0.298268,0.81768,0,0,0,1,0,0,0
total,True,1,000001,Ev,,True,3,011001,Ev,"Cm, Ap",0.65,0.726,0.513,0.354,0.263,0.871,0.650256,0.853591,0,0.725913,0.825967,0,0.513074,0.585635,0,0.354156,0.629834,0,0.262553,0.662983,0,0.871071,0.81768,1,0,0,0,0,0,1
touch,False,0,000000,,,False,0,000000,,,0.395,0.689,0.466,0.455,0.402,0.121,0.395084,0.853591,0,0.688625,0.825967,0,0.465523,0.585635,0,0.455325,0.629834,0,0.401882,0.662983,0,0.121183,0.81768,0,0,0,0,0,0,0
toughen,True,1,000001,Ev,,True,1,000001,Ev,,0.369,0.529,0.24,0.022,0.436,0.878,0.369397,0.853591,0,0.528782,0.825967,0,0.239501,0.585635,0,0.021823,0.629834,0,0.435633,0.662983,0,0.877972,0.81768,1,0,0,0,0,0,1
tour,True,1,001000,Ap,,True,1,001000,Ap,,0.697,0.325,0.674,0.423,0.503,0.238,0.696933,0.853591,0,0.32545,0.825967,0,0.673736,0.585635,1,0.423202,0.629834,0,0.502814,0.662983,0,0.237521,0.81768,0,0,0,1,0,0,0
track,True,1,100000,Kn,,True,3,111000,Kn,"Cm, Ap",0.976,0.755,0.575,0.062,0.17,0.459,0.976174,0.853591,1,0.754571,0.825967,0,0.574562,0.585635,0,0.06176,0.629834,0,0.16985,0.662983,0,0.458855,0.81768,0,1,0,0,0,0,0
transcend,True,1,001000,Ap,,True,1,001000,Ap,,0.22,0.643,0.874,0.51,0.279,0.125,0.219731,0.853591,0,0.642793,0.825967,0,0.874404,0.585635,1,0.510151,0.629834,0,0.279103,0.662983,0,0.124666,0.81768,0,0,0,1,0,0,0
transect,True,1,000100,An,,True,3,011100,An,"Cm, Ap",0.559,0.795,0.64,0.802,0.172,0.12,0.558725,0.853591,0,0.794516,0.825967,0,0.640258,0.585635,1,0.80152,0.629834,1,0.172263,0.662983,0,0.120345,0.81768,0,0,0,0,1,0,0
transgress,True,1,001000,Ap,,True,1,001000,Ap,,0.424,0.061,0.637,0.348,0.174,0.618,0.423916,0.853591,0,0.061101,0.825967,0,0.637285,0.585635,1,0.34758,0.629834,0,0.174225,0.662983,0,0.618173,0.81768,0,0,0,1,0,0,0
transistorize,True,1,000010,Sn,,True,3,010110,Sn,"Cm, An",0.286,0.737,0.384,0.555,0.778,0.351,0.286257,0.853591,0,0.736515,0.825967,0,0.383715,0.585635,0,0.555303,0.629834,0,0.777773,0.662983,1,0.351168,0.81768,0,0,0,0,0,1,0
transmit,True,1,001000,Ap,,True,1,001000,Ap,,0.169,0.162,0.74,0.003,0.562,0.011,0.168824,0.853591,0,0.162215,0.825967,0,0.740392,0.585635,1,0.002791,0.629834,0,0.561709,0.662983,0,0.01105,0.81768,0,0,0,1,0,0,0
transport,True,1,001000,Ap,,True,2,001010,Ap,Sn,0.192,0.211,0.854,0.274,0.759,0.104,0.191774,0.853591,0,0.21071,0.825967,0,0.853957,0.585635,1,0.273955,0.629834,0,0.75907,0.662983,1,0.103855,0.81768,0,0,0,1,0,0,0
transpose,True,1,001000,Ap,,True,2,001010,Ap,Sn,0.46,0.625,0.798,0.16,0.572,0.55,0.459916,0.853591,0,0.624542,0.825967,0,0.798264,0.585635,1,0.159908,0.629834,0,0.571502,0.662983,0,0.550226,0.81768,0,0,0,1,0,0,0
travel,True,1,001000,Ap,,True,2,001010,Ap,Sn,0.53,0.617,0.856,0.425,0.639,0.011,0.529882,0.853591,0,0.616947,0.825967,0,0.855659,0.585635,1,0.425328,0.629834,0,0.639099,0.662983,0,0.01105,0.81768,0,0,0,1,0,0,0
traverse,True,1,001000,Ap,,True,2,001100,Ap,An,0.583,0.649,0.987,0.577,0.269,0.053,0.582628,0.853591,0,0.64857,0.825967,0,0.986702,0.585635,1,0.577359,0.629834,0,0.269269,0.662983,0,0.052512,0.81768,0,0,0,1,0,0,0
treat,True,1,001000,Ap,,True,2,001001,Ap,Ev,0.234,0.07,0.828,0.04,0.417,0.764,0.234275,0.853591,0,0.070437,0.825967,0,0.828481,0.585635,1,0.039929,0.629834,0,0.417159,0.662983,0,0.763719,0.81768,0,0,0,1,0,0,0
triangulate,True,3,011100,Ap,"Cm, An",True,3,011100,Ap,"Cm, An",0.615,0.896,0.933,0.724,0.12,0.011,0.614821,0.853591,0,0.89632,0.825967,1,0.932653,0.585635,1,0.723686,0.629834,1,0.120158,0.662983,0,0.01105,0.81768,0,0,1,1,1,0,0
trick,True,1,000100,An,,True,2,001100,An,Ap,0.699,0.552,0.639,0.919,0.008,0.151,0.698646,0.853591,0,0.551521,0.825967,0,0.638989,0.585635,1,0.919039,0.629834,1,0.00813,0.662983,0,0.150982,0.81768,0,0,0,0,1,0,0
trigger,True,1,100000,Kn,,True,1,100000,Kn,,0.941,0.534,0.032,0.223,0.018,0.327,0.9408,0.853591,1,0.533756,0.825967,0,0.03221,0.585635,0,0.223235,0.629834,0,0.018298,0.662983,0,0.326604,0.81768,0,1,0,0,0,0,0
trim,True,1,001000,Ap,,True,2,001100,Ap,An,0.396,0.334,0.754,0.647,0.28,0.303,0.395825,0.853591,0,0.334377,0.825967,0,0.753548,0.585635,1,0.647069,0.629834,1,0.279982,0.662983,0,0.303052,0.81768,0,0,0,1,0,0,0
truncate,True,1,001000,Ap,,True,1,001000,Ap,,0.149,0.642,0.79,0.336,0.394,0.474,0.149171,0.853591,0,0.642446,0.825967,0,0.789907,0.585635,1,0.336162,0.629834,0,0.393934,0.662983,0,0.474107,0.81768,0,0,0,1,0,0,0
trust,False,0,000000,,,True,1,000001,Ev,,0.218,0.179,0.249,0.103,0.42,0.748,0.217635,0.853591,0,0.179348,0.825967,0,0.249139,0.585635,0,0.102646,0.629834,0,0.419774,0.662983,0,0.747898,0.81768,0,0,0,0,0,0,0
try,True,1,000001,Ev,,True,2,100001,Ev,Kn,0.759,0.183,0.094,0.232,0.405,0.849,0.759076,0.853591,0,0.182587,0.825967,0,0.09352,0.585635,0,0.232414,0.629834,0,0.404959,0.662983,0,0.848743,0.81768,1,0,0,0,0,0,1
tuck,True,1,100000,Kn,,True,2,100100,Kn,An,0.906,0.666,0.476,0.659,0.537,0.522,0.906409,0.853591,1,0.66597,0.825967,0,0.475869,0.585635,0,0.658896,0.629834,1,0.537177,0.662983,0,0.522499,0.81768,0,1,0,0,0,0,0
tumble,True,1,001000,Ap,,True,1,001000,Ap,,0.581,0.373,0.636,0.254,0.296,0.465,0.580874,0.853591,0,0.372791,0.825967,0,0.636203,0.585635,1,0.253968,0.629834,0,0.296252,0.662983,0,0.4654,0.81768,0,0,0,1,0,0,0
tune,True,1,001000,Ap,,True,1,001000,Ap,,0.55,0.352,0.613,0.477,0.562,0.492,0.549791,0.853591,0,0.352415,0.825967,0,0.612529,0.585635,1,0.47678,0.629834,0,0.562299,0.662983,0,0.492379,0.81768,0,0,0,1,0,0,0
turn,True,2,001100,An,Ap,True,3,001110,An,"Ap, Sn",0.216,0.158,0.636,0.692,0.637,0.273,0.215897,0.853591,0,0.157684,0.825967,0,0.635522,0.585635,1,0.692425,0.629834,1,0.636692,0.662983,0,0.272606,0.81768,0,0,0,1,1,0,0
tweak,True,1,000010,Sn,,True,2,001010,Sn,Ap,0.149,0.28,0.569,0.416,0.8,0.145,0.149171,0.853591,0,0.280119,0.825967,0,0.569406,0.585635,0,0.415744,0.629834,0,0.799562,0.662983,1,0.144625,0.81768,0,0,0,0,0,1,0
twist,True,1,100000,Kn,,True,2,100100,Kn,An,0.927,0.537,0.372,0.683,0.105,0.175,0.926709,0.853591,1,0.536922,0.825967,0,0.371643,0.585635,0,0.683474,0.629834,1,0.104938,0.662983,0,0.174931,0.81768,0,1,0,0,0,0,0
typify,False,0,000000,,,True,1,000010,Sn,,0.391,0.668,0.145,0.494,0.642,0.315,0.390961,0.853591,0,0.6676,0.825967,0,0.14463,0.585635,0,0.493959,0.629834,0,0.642344,0.662983,0,0.31464,0.81768,0,0,0,0,0,0,0
unblock,False,0,000000,,,True,1,000001,Ev,,0.446,0.197,0.059,0.371,0.185,0.729,0.445714,0.853591,0,0.197015,0.825967,0,0.058806,0.585635,0,0.371012,0.629834,0,0.184975,0.662983,0,0.729395,0.81768,0,0,0,0,0,0,0
uncouple,True,1,000010,Sn,,True,2,000110,Sn,An,0.191,0.099,0.06,0.607,0.746,0.488,0.190885,0.853591,0,0.098839,0.825967,0,0.060155,0.585635,0,0.607496,0.629834,0,0.7464,0.662983,1,0.487782,0.81768,0,0,0,0,0,1,0
uncover,True,4,111100,Kn,"Cm, Ap, An",True,4,111100,Kn,"Cm, Ap, An",0.961,0.847,0.795,0.909,0.153,0.1,0.960714,0.853591,1,0.846968,0.825967,1,0.795244,0.585635,1,0.909128,0.629834,1,0.153143,0.662983,0,0.099836,0.81768,0,1,1,1,1,0,0
underdevelop,True,1,000010,Sn,,True,2,001010,Sn,Ap,0.312,0.057,0.672,0.34,0.907,0.592,0.311985,0.853591,0,0.056824,0.825967,0,0.672024,0.585635,1,0.339731,0.629834,0,0.907208,0.662983,1,0.591574,0.81768,0,0,0,0,0,1,0
underestimate,True,1,000010,Sn,,True,1,000010,Sn,,0.505,0.692,0.09,0.124,0.749,0.538,0.505082,0.853591,0,0.692158,0.825967,0,0.090213,0.585635,0,0.123871,0.629834,0,0.74856,0.662983,1,0.537635,0.81768,0,0,0,0,0,1,0
undergird,False,0,000000,,,True,3,100101,Kn,"An, Ev",0.791,0.527,0.006,0.606,0.262,0.739,0.791201,0.853591,0,0.527228,0.825967,0,0.005958,0.585635,0,0.60627,0.629834,0,0.26249,0.662983,0,0.739413,0.81768,0,0,0,0,0,0,0
undergo,True,1,000010,Sn,,True,2,001010,Sn,Ap,0.297,0.062,0.856,0.044,0.959,0.011,0.296726,0.853591,0,0.061926,0.825967,0,0.856234,0.585635,1,0.044211,0.629834,0,0.958733,0.662983,1,0.01105,0.81768,0,0,0,0,0,1,0
underlie,False,0,000000,,,False,0,000000,,,0.65,0.617,0.329,0.039,0.37,0.5,0.650336,0.853591,0,0.617311,0.825967,0,0.329207,0.585635,0,0.039194,0.629834,0,0.369732,0.662983,0,0.500152,0.81768,0,0,0,0,0,0,0
undermine,True,1,001000,Ap,,True,2,001001,Ev,Ap,0.149,0.203,0.728,0.36,0.409,0.773,0.149171,0.853591,0,0.202711,0.825967,0,0.728225,0.585635,1,0.359785,0.629834,0,0.409392,0.662983,0,0.773243,0.81768,0,0,0,1,0,0,0
underperform,True,1,001000,Ap,,True,2,001010,Ap,Sn,0.207,0.538,0.83,0.333,0.618,0.634,0.207029,0.853591,0,0.53807,0.825967,0,0.829759,0.585635,1,0.332811,0.629834,0,0.617555,0.662983,0,0.634042,0.81768,0,0,0,1,0,0,0
underpin,True,1,100000,Kn,,True,1,100000,Kn,,0.924,0.393,0.021,0.096,0.369,0.441,0.924377,0.853591,1,0.393241,0.825967,0,0.020577,0.585635,0,0.095982,0.629834,0,0.368502,0.662983,0,0.440666,0.81768,0,1,0,0,0,0,0
underscore,True,1,100000,Kn,,True,3,110100,Kn,"Cm, An",0.963,0.79,0.003,0.587,0.469,0.154,0.963137,0.853591,1,0.790324,0.825967,0,0.002762,0.585635,0,0.586544,0.629834,0,0.469207,0.662983,0,0.153607,0.81768,0,1,0,0,0,0,0
undertake,True,1,000010,Sn,,True,2,001010,Sn,Ap,0.364,0.041,0.652,0.05,0.848,0.113,0.364161,0.853591,0,0.040855,0.825967,0,0.65187,0.585635,1,0.049828,0.629834,0,0.848153,0.662983,1,0.113402,0.81768,0,0,0,0,0,1,0
undo,False,0,000000,,,False,0,000000,,,0.585,0.363,0.235,0.323,0.213,0.662,0.584663,0.853591,0,0.363488,0.825967,0,0.235458,0.585635,0,0.323172,0.629834,0,0.213273,0.662983,0,0.662034,0.81768,0,0,0,0,0,0,0
undulate,False,0,000000,,,True,1,001000,Ap,,0.217,0.332,0.559,0.273,0.514,0.445,0.216829,0.853591,0,0.331862,0.825967,0,0.559484,0.585635,0,0.273347,0.629834,0,0.513887,0.662983,0,0.445222,0.81768,0,0,0,0,0,0,0
unfold,True,1,000010,Sn,,True,2,100010,Kn,Sn,0.798,0.457,0.158,0.393,0.69,0.452,0.798277,0.853591,0,0.457399,0.825967,0,0.157632,0.585635,0,0.392869,0.629834,0,0.690498,0.662983,1,0.452073,0.81768,0,0,0,0,0,1,0
unite,True,1,000010,Sn,,True,1,000010,Sn,,0.344,0.587,0.003,0.493,0.891,0.541,0.343804,0.853591,0,0.586761,0.825967,0,0.002762,0.585635,0,0.492592,0.629834,0,0.891024,0.662983,1,0.540792,0.81768,0,0,0,0,0,1,0
unitize,True,1,010000,Cm,,True,4,011110,Cm,"Ap, An, Sn",0.248,0.877,0.732,0.607,0.568,0.115,0.248215,0.853591,0,0.877338,0.825967,1,0.732403,0.585635,1,0.606591,0.629834,0,0.568174,0.662983,0,0.115084,0.81768,0,0,1,0,0,0,0
unleash,True,1,001000,Ap,,True,1,001000,Ap,,0.348,0.106,0.853,0.087,0.151,0.195,0.34787,0.853591,0,0.10581,0.825967,0,0.853322,0.585635,1,0.087223,0.629834,0,0.150572,0.662983,0,0.194637,0.81768,0,0,0,1,0,0,0
unload,True,1,001000,Ap,,True,1,001000,Ap,,0.307,0.041,0.651,0.23,0.281,0.634,0.307494,0.853591,0,0.041063,0.825967,0,0.650701,0.585635,1,0.230239,0.629834,0,0.280718,0.662983,0,0.633583,0.81768,0,0,0,1,0,0,0
unlock,False,0,000000,,,False,0,000000,,,0.24,0.017,0.443,0.461,0.256,0.687,0.240082,0.853591,0,0.016575,0.825967,0,0.442981,0.585635,0,0.460859,0.629834,0,0.256032,0.662983,0,0.686548,0.81768,0,0,0,0,0,0,0
unpack,True,1,000010,Sn,,True,1,000010,Sn,,0.441,0.379,0.455,0.516,0.963,0.456,0.44132,0.853591,0,0.378582,0.825967,0,0.454519,0.585635,0,0.516048,0.629834,0,0.962906,0.662983,1,0.455675,0.81768,0,0,0,0,0,1,0
unravel,True,1,000100,An,,True,1,000100,An,,0.356,0.286,0.291,0.814,0.44,0.233,0.356028,0.853591,0,0.286054,0.825967,0,0.291214,0.585635,0,0.814429,0.629834,1,0.440261,0.662983,0,0.233329,0.81768,0,0,0,0,1,0,0
unroll,True,1,000010,Sn,,True,2,100010,Sn,Kn,0.838,0.512,0.062,0.236,0.861,0.598,0.838288,0.853591,0,0.511891,0.825967,0,0.062304,0.585635,0,0.235958,0.629834,0,0.860548,0.662983,1,0.598257,0.81768,0,0,0,0,0,1,0
unveil,True,1,001000,Ap,,True,1,001000,Ap,,0.404,0.274,0.987,0.453,0.025,0.078,0.403738,0.853591,0,0.273857,0.825967,0,0.986682,0.585635,1,0.452628,0.629834,0,0.02545,0.662983,0,0.078177,0.81768,0,0,0,1,0,0,0
unwrap,True,1,100000,Kn,,True,2,100010,Kn,Sn,0.891,0.49,0.058,0.272,0.679,0.449,0.891065,0.853591,1,0.489881,0.825967,0,0.057964,0.585635,0,0.271843,0.629834,0,0.679415,0.662983,1,0.449323,0.81768,0,1,0,0,0,0,0
upgrade,True,2,001010,Sn,Ap,True,2,001010,Sn,Ap,0.31,0.19,0.904,0.072,0.927,0.021,0.309507,0.853591,0,0.190451,0.825967,0,0.904114,0.585635,1,0.071682,0.629834,0,0.926657,0.662983,1,0.021334,0.81768,0,0,0,1,0,1,0
uplift,True,1,000010,Sn,,True,1,000010,Sn,,0.149,0.047,0.333,0.009,0.919,0.368,0.149171,0.853591,0,0.047192,0.825967,0,0.332598,0.585635,0,0.009468,0.629834,0,0.918625,0.662983,1,0.367616,0.81768,0,0,0,0,0,1,0
upload,False,0,000000,,,False,0,000000,,,0.283,0.118,0.101,0.506,0.504,0.337,0.28325,0.853591,0,0.118082,0.825967,0,0.101212,0.585635,0,0.505568,0.629834,0,0.504003,0.662983,0,0.336679,0.81768,0,0,0,0,0,0,0
upset,True,1,000001,Ev,,True,3,000111,Ev,"An, Sn",0.385,0.335,0.022,0.628,0.728,0.848,0.384507,0.853591,0,0.335427,0.825967,0,0.021897,0.585635,0,0.627806,0.629834,0,0.727643,0.662983,1,0.847629,0.81768,1,0,0,0,0,0,1
urge,True,1,001000,Ap,,True,2,001001,Ev,Ap,0.545,0.055,0.614,0.094,0.176,0.774,0.545109,0.853591,0,0.054596,0.825967,0,0.614086,0.585635,1,0.094486,0.629834,0,0.175628,0.662983,0,0.773919,0.81768,0,0,0,1,0,0,0
usher,True,1,100000,Kn,,True,2,110000,Kn,Cm,0.9,0.737,0.383,0.056,0.425,0.501,0.900029,0.853591,1,0.736618,0.825967,0,0.382847,0.585635,0,0.055602,0.629834,0,0.42517,0.662983,0,0.50062,0.81768,0,1,0,0,0,0,0
vaccinate,False,0,000000,,,True,3,001011,Ev,"Ap, Sn",0.402,0.191,0.558,0.043,0.645,0.732,0.402265,0.853591,0,0.191088,0.825967,0,0.558298,0.585635,0,0.043301,0.629834,0,0.644689,0.662983,0,0.731543,0.81768,0,0,0,0,0,0,0
vanish,False,0,000000,,,False,0,000000,,,0.572,0.641,0.415,0.478,0.253,0.327,0.572039,0.853591,0,0.640572,0.825967,0,0.414786,0.585635,0,0.47832,0.629834,0,0.253272,0.662983,0,0.327219,0.81768,0,0,0,0,0,0,0
vaporize,False,0,000000,,,True,2,001100,An,Ap,0.289,0.287,0.531,0.599,0.179,0.532,0.289003,0.853591,0,0.287333,0.825967,0,0.530545,0.585635,0,0.598997,0.629834,0,0.178718,0.662983,0,0.531776,0.81768,0,0,0,0,0,0,0
vary,True,1,010000,Cm,,True,4,011110,Cm,"Ap, An, Sn",0.697,0.928,0.507,0.754,0.672,0.44,0.696628,0.853591,0,0.928429,0.825967,1,0.5067,0.585635,0,0.754348,0.629834,1,0.671851,0.662983,1,0.439885,0.81768,0,0,1,0,0,0,0
vascularize,True,1,000010,Sn,,True,1,000010,Sn,,0.324,0.384,0.283,0.274,0.983,0.462,0.323962,0.853591,0,0.384421,0.825967,0,0.282716,0.585635,0,0.273678,0.629834,0,0.982776,0.662983,1,0.462247,0.81768,0,0,0,0,0,1,0
veer,True,1,010000,Cm,,True,3,011100,Cm,"Ap, An",0.441,0.888,0.752,0.822,0.41,0.293,0.440904,0.853591,0,0.888287,0.825967,1,0.751943,0.585635,1,0.821505,0.629834,1,0.409946,0.662983,0,0.292532,0.81768,0,0,1,0,0,0,0
vegetate,True,1,000100,An,,True,3,001110,An,"Ap, Sn",0.311,0.504,0.705,0.799,0.736,0.489,0.310685,0.853591,0,0.504136,0.825967,0,0.705484,0.585635,1,0.798693,0.629834,1,0.735774,0.662983,1,0.488735,0.81768,0,0,0,0,1,0,0
vent,True,3,001011,Ev,"Ap, Sn",True,3,001011,Ev,"Ap, Sn",0.369,0.386,0.71,0.238,0.847,0.854,0.368845,0.853591,0,0.385964,0.825967,0,0.709526,0.585635,1,0.237998,0.629834,0,0.84653,0.662983,1,0.854338,0.81768,1,0,0,1,0,1,1
ventilate,False,0,000000,,,True,1,000010,Sn,,0.272,0.353,0.489,0.142,0.639,0.522,0.272409,0.853591,0,0.353334,0.825967,0,0.488973,0.585635,0,0.142099,0.629834,0,0.639422,0.662983,0,0.522103,0.81768,0,0,0,0,0,0,0
verbalize,True,1,010000,Cm,,True,4,111010,Cm,"Kn, Ap, Sn",0.786,0.931,0.621,0.093,0.77,0.011,0.785973,0.853591,0,0.930708,0.825967,1,0.620832,0.585635,1,0.092845,0.629834,0,0.770004,0.662983,1,0.01105,0.81768,0,0,1,0,0,0,0
verge,True,1,001000,Ap,,True,1,001000,Ap,,0.569,0.363,0.615,0.507,0.445,0.3,0.568907,0.853591,0,0.36289,0.825967,0,0.614582,0.585635,1,0.50718,0.629834,0,0.445245,0.662983,0,0.299648,0.81768,0,0,0,1,0,0,0
vest,True,1,001000,Ap,,True,1,001000,Ap,,0.559,0.198,0.637,0.37,0.419,0.638,0.558766,0.853591,0,0.198101,0.825967,0,0.637212,0.585635,1,0.369655,0.629834,0,0.418927,0.662983,0,0.637953,0.81768,0,0,0,1,0,0,0
vibrate,True,1,000010,Sn,,True,1,000010,Sn,,0.454,0.582,0.229,0.103,0.777,0.265,0.454173,0.853591,0,0.581967,0.825967,0,0.229235,0.585635,0,0.103156,0.629834,0,0.777386,0.662983,1,0.26519,0.81768,0,0,0,0,0,1,0
violate,True,1,001000,Ap,,True,2,001001,Ev,Ap,0.271,0.112,0.615,0.235,0.288,0.781,0.27092,0.853591,0,0.111685,0.825967,0,0.614802,0.585635,1,0.234529,0.629834,0,0.287503,0.662983,0,0.780799,0.81768,0,0,0,1,0,0,0
visit,True,1,100000,Kn,,True,3,101100,Kn,"Ap, An",0.94,0.661,0.862,0.683,0.018,0.114,0.939539,0.853591,1,0.660563,0.825967,0,0.861778,0.585635,1,0.683178,0.629834,1,0.018187,0.662983,0,0.114256,0.81768,0,1,0,0,0,0,0
void,True,1,000100,An,,True,1,000100,An,,0.625,0.433,0.263,0.76,0.522,0.44,0.625313,0.853591,0,0.433005,0.825967,0,0.262748,0.585635,0,0.760342,0.629834,1,0.522072,0.662983,0,0.44004,0.81768,0,0,0,0,1,0,0
vote,True,1,000001,Ev,,True,3,001101,Ev,"Ap, An",0.598,0.619,0.767,0.564,0.203,0.827,0.598004,0.853591,0,0.61916,0.825967,0,0.766777,0.585635,1,0.564282,0.629834,0,0.202501,0.662983,0,0.827089,0.81768,1,0,0,0,0,0,1
vow,False,0,000000,,,True,1,000001,Ev,,0.58,0.172,0.052,0.106,0.411,0.743,0.580378,0.853591,0,0.171725,0.825967,0,0.052115,0.585635,0,0.106489,0.629834,0,0.411062,0.662983,0,0.742944,0.81768,0,0,0,0,0,0,0
wait,True,1,100000,Kn,,True,3,110100,Kn,"Cm, An",0.939,0.737,0.12,0.657,0.296,0.329,0.938922,0.853591,1,0.737043,0.825967,0,0.120457,0.585635,0,0.657421,0.629834,1,0.296224,0.662983,0,0.32936,0.81768,0,1,0,0,0,0,0
wake,False,0,000000,,,True,1,000001,Ev,,0.265,0.548,0.052,0.375,0.391,0.767,0.264636,0.853591,0,0.548115,0.825967,0,0.051912,0.585635,0,0.374715,0.629834,0,0.390908,0.662983,0,0.766892,0.81768,0,0,0,0,0,0,0
walk,True,1,001000,Ap,,True,1,001000,Ap,,0.379,0.219,0.966,0.159,0.354,0.055,0.378502,0.853591,0,0.219146,0.825967,0,0.96618,0.585635,1,0.159043,0.629834,0,0.353886,0.662983,0,0.055084,0.81768,0,0,0,1,0,0,0
want,False,0,000000,,,True,1,100000,Kn,,0.783,0.667,0.076,0.267,0.472,0.568,0.782778,0.853591,0,0.667101,0.825967,0,0.075692,0.585635,0,0.26742,0.629834,0,0.471718,0.662983,0,0.568434,0.81768,0,0,0,0,0,0,0
warn,True,1,000010,Sn,,True,3,101010,Sn,"Kn, Ap",0.757,0.647,0.685,0.019,0.762,0.589,0.756955,0.853591,0,0.647017,0.825967,0,0.684569,0.585635,1,0.019186,0.629834,0,0.761596,0.662983,1,0.589148,0.81768,0,0,0,0,0,1,0
warp,True,2,000110,An,Sn,True,2,000110,An,Sn,0.359,0.626,0.41,0.845,0.843,0.422,0.359349,0.853591,0,0.626339,0.825967,0,0.410222,0.585635,0,0.844801,0.629834,1,0.842946,0.662983,1,0.422428,0.81768,0,0,0,0,1,1,0
wash,True,1,001000,Ap,,True,2,001100,Ap,An,0.462,0.055,0.932,0.719,0.169,0.446,0.461649,0.853591,0,0.055129,0.825967,0,0.931824,0.585635,1,0.718644,0.629834,1,0.169261,0.662983,0,0.446164,0.81768,0,0,0,1,0,0,0
watch,True,2,101000,Kn,Ap,True,3,101100,Kn,"Ap, An",0.962,0.587,0.904,0.619,0.215,0.094,0.961611,0.853591,1,0.58725,0.825967,0,0.903657,0.585635,1,0.61882,0.629834,0,0.215303,0.662983,0,0.09408,0.81768,0,1,0,1,0,0,0
weaken,True,1,001000,Ap,,True,2,001010,Ap,Sn,0.149,0.148,0.917,0.34,0.642,0.298,0.149171,0.853591,0,0.148167,0.825967,0,0.917312,0.585635,1,0.340198,0.629834,0,0.641555,0.662983,0,0.29825,0.81768,0,0,0,1,0,0,0
wear,True,1,001000,Ap,,True,2,101000,Ap,Kn,0.756,0.389,0.987,0.226,0.268,0.636,0.756089,0.853591,0,0.389061,0.825967,0,0.986933,0.585635,1,0.225922,0.629834,0,0.267769,0.662983,0,0.635565,0.81768,0,0,0,1,0,0,0
weave,True,1,001000,Ap,,True,2,101000,Kn,Ap,0.78,0.534,0.607,0.231,0.424,0.329,0.780074,0.853591,0,0.53415,0.825967,0,0.606582,0.585635,1,0.231225,0.629834,0,0.424224,0.662983,0,0.32949,0.81768,0,0,0,1,0,0,0
weep,True,1,100000,Kn,,True,2,100010,Kn,Sn,0.9,0.638,0.24,0.102,0.8,0.604,0.89968,0.853591,1,0.638205,0.825967,0,0.23999,0.585635,0,0.102487,0.629834,0,0.799923,0.662983,1,0.603695,0.81768,0,1,0,0,0,0,0
welcome,True,1,000001,Ev,,True,1,000001,Ev,,0.408,0.052,0.253,0.39,0.264,0.827,0.408406,0.853591,0,0.05174,0.825967,0,0.253415,0.585635,0,0.390288,0.629834,0,0.263873,0.662983,0,0.827153,0.81768,1,0,0,0,0,0,1
weld,True,1,001000,Ap,,True,1,001000,Ap,,0.258,0.306,0.864,0.214,0.541,0.456,0.258462,0.853591,0,0.306421,0.825967,0,0.863973,0.585635,1,0.214055,0.629834,0,0.540668,0.662983,0,0.455793,0.81768,0,0,0,1,0,0,0
wend,True,1,100000,Kn,,True,3,110001,Kn,"Cm, Ev",0.912,0.756,0.024,0.474,0.012,0.828,0.911678,0.853591,1,0.756461,0.825967,0,0.024022,0.585635,0,0.47426,0.629834,0,0.011513,0.662983,0,0.82815,0.81768,1,1,0,0,0,0,0
whiten,True,1,000001,Ev,,True,1,000001,Ev,,0.268,0.068,0.155,0.096,0.547,0.875,0.267966,0.853591,0,0.067597,0.825967,0,0.15475,0.585635,0,0.096472,0.629834,0,0.54747,0.662983,0,0.87535,0.81768,1,0,0,0,0,0,1
widen,True,2,001010,Ap,Sn,True,2,001010,Ap,Sn,0.149,0.428,0.904,0.319,0.859,0.211,0.149171,0.853591,0,0.428486,0.825967,0,0.90433,0.585635,1,0.319228,0.629834,0,0.858841,0.662983,1,0.211425,0.81768,0,0,0,1,0,1,0
wield,True,1,001000,Ap,,True,1,001000,Ap,,0.696,0.32,0.935,0.058,0.202,0.518,0.695739,0.853591,0,0.319984,0.825967,0,0.934905,0.585635,1,0.057646,0.629834,0,0.202468,0.662983,0,0.518408,0.81768,0,0,0,1,0,0,0
wiggle,True,1,001000,Ap,,True,2,001010,Ap,Sn,0.538,0.537,0.916,0.394,0.677,0.011,0.538035,0.853591,0,0.536796,0.825967,0,0.91584,0.585635,1,0.394331,0.629834,0,0.676948,0.662983,1,0.01105,0.81768,0,0,0,1,0,0,0
will,False,0,000000,,,True,2,101000,Kn,Ap,0.73,0.403,0.519,0.387,0.321,0.645,0.729535,0.853591,0,0.40297,0.825967,0,0.519051,0.585635,0,0.386574,0.629834,0,0.320901,0.662983,0,0.645294,0.81768,0,0,0,0,0,0,0
win,True,1,000001,Ev,,True,4,111001,Ev,"Kn, Cm, Ap",0.73,0.835,0.586,0.095,0.374,0.935,0.730026,0.853591,0,0.835334,0.825967,1,0.585891,0.585635,1,0.095416,0.629834,0,0.373628,0.662983,0,0.93495,0.81768,1,0,0,0,0,0,1
winnow,True,1,000010,Sn,,True,2,000110,Sn,An,0.226,0.144,0.234,0.548,0.848,0.468,0.225766,0.853591,0,0.144389,0.825967,0,0.23358,0.585635,0,0.548494,0.629834,0,0.848398,0.662983,1,0.468026,0.81768,0,0,0,0,0,1,0
wipe,True,1,000100,An,,True,2,100100,An,Kn,0.742,0.378,0.335,0.801,0.445,0.292,0.741834,0.853591,0,0.378091,0.825967,0,0.33453,0.585635,0,0.801032,0.629834,1,0.44507,0.662983,0,0.291834,0.81768,0,0,0,0,1,0,0
wish,False,0,000000,,,False,0,000000,,,0.704,0.384,0.263,0.347,0.43,0.011,0.703562,0.853591,0,0.384341,0.825967,0,0.262684,0.585635,0,0.347422,0.629834,0,0.430062,0.662983,0,0.01105,0.81768,0,0,0,0,0,0,0
withdraw,True,1,000100,An,,True,1,000100,An,,0.559,0.057,0.386,0.651,0.181,0.119,0.558846,0.853591,0,0.056734,0.825967,0,0.386016,0.585635,0,0.651447,0.629834,1,0.18108,0.662983,0,0.118634,0.81768,0,0,0,0,1,0,0
withhold,True,1,001000,Ap,,True,1,001000,Ap,,0.604,0.365,0.854,0.095,0.045,0.514,0.604235,0.853591,0,0.3646,0.825967,0,0.854204,0.585635,1,0.095187,0.629834,0,0.045054,0.662983,0,0.514077,0.81768,0,0,0,1,0,0,0
withstand,True,1,001000,Ap,,True,2,001001,Ap,Ev,0.207,0.549,0.855,0.094,0.401,0.741,0.206797,0.853591,0,0.548872,0.825967,0,0.854522,0.585635,1,0.094421,0.629834,0,0.400996,0.662983,0,0.741079,0.81768,0,0,0,1,0,0,0
witness,False,0,000000,,,True,1,100000,Kn,,0.787,0.245,0.178,0.456,0.18,0.671,0.787368,0.853591,0,0.244512,0.825967,0,0.177769,0.585635,0,0.455778,0.629834,0,0.179546,0.662983,0,0.671195,0.81768,0,0,0,0,0,0,0
wonder,True,1,000100,An,,True,4,111100,An,"Kn, Cm, Ap",0.89,0.704,0.92,0.996,0.117,0.152,0.890312,0.853591,1,0.703916,0.825967,0,0.920268,0.585635,1,0.995694,0.629834,1,0.117176,0.662983,0,0.152223,0.81768,0,0,0,0,1,0,0
work,True,1,001000,Ap,,True,2,001100,Ap,An,0.149,0.55,0.987,0.9,0.255,0.518,0.149171,0.853591,0,0.550226,0.825967,0,0.98716,0.585635,1,0.89976,0.629834,1,0.254827,0.662983,0,0.517865,0.81768,0,0,0,1,0,0,0
worry,True,1,000010,Sn,,True,1,000010,Sn,,0.44,0.327,0.367,0.213,0.804,0.611,0.439743,0.853591,0,0.326713,0.825967,0,0.366872,0.585635,0,0.212776,0.629834,0,0.80376,0.662983,1,0.610699,0.81768,0,0,0,0,0,1,0
worsen,True,1,000010,Sn,,True,2,001010,Sn,Ap,0.18,0.276,0.535,0.334,0.742,0.32,0.179786,0.853591,0,0.276316,0.825967,0,0.534901,0.585635,0,0.333609,0.629834,0,0.74213,0.662983,1,0.320356,0.81768,0,0,0,0,0,1,0
wrap,True,1,000010,Sn,,True,2,100010,Sn,Kn,0.731,0.648,0.341,0.392,0.919,0.503,0.731414,0.853591,0,0.647804,0.825967,0,0.341112,0.585635,0,0.391803,0.629834,0,0.918556,0.662983,1,0.502744,0.81768,0,0,0,0,0,1,0
wring,True,1,000010,Sn,,True,1,000010,Sn,,0.589,0.378,0.356,0.341,0.791,0.13,0.589125,0.853591,0,0.377592,0.825967,0,0.35627,0.585635,0,0.341154,0.629834,0,0.79148,0.662983,1,0.130349,0.81768,0,0,0,0,0,1,0
yield,True,1,001000,Ap,,True,2,001010,Ap,Sn,0.523,0.261,0.856,0.435,0.77,0.221,0.523197,0.853591,0,0.261238,0.825967,0,0.855853,0.585635,1,0.435432,0.629834,0,0.769554,0.662983,1,0.221303,0.81768,0,0,0,1,0,0,0
zoom,False,0,000000,,,True,2,001100,An,Ap,0.624,0.545,0.504,0.599,0.214,0.103,0.623949,0.853591,0,0.545228,0.825967,0,0.504411,0.585635,0,0.598501,0.629834,0,0.213761,0.662983,0,0.103217,0.81768,0,0,0,0,0,0,0
