Verb,Accepted,AcceptedCount,AcceptedPattern,PrimaryDomain,OtherDomains,SoftAccepted,SoftAcceptedCount,SoftPattern,SoftPrimaryDomain,SoftOtherDomains,score_Kn,score_Cm,score_Ap,score_An,score_Sn,score_Ev,cal_score_Kn,thr_Kn,meets_thr_Kn,cal_score_Cm,thr_Cm,meets_thr_Cm,cal_score_Ap,thr_Ap,meets_thr_Ap,cal_score_An,thr_An,meets_thr_An,cal_score_Sn,thr_Sn,meets_thr_Sn,cal_score_Ev,thr_Ev,meets_thr_Ev,accept_Kn,accept_Cm,accept_Ap,accept_An,accept_Sn,accept_Ev
abandon,True,1,000001,Ev,,True,2,001001,Ev,Ap,0.451,0.397,0.519,0.086,0.325,0.795,0.451294,0.835079,0,0.396994,0.651832,0,0.519342,0.554974,0,0.086212,0.667539,0,0.324643,0.670157,0,0.794653,0.759162,1,0,0,0,0,0,1
abbreviate,False,0,000000,,,True,1,000010,Sn,,0.45,0.532,0.242,0.045,0.583,0.082,0.450466,0.835079,0,0.532359,0.651832,0,0.241687,0.554974,0,0.044978,0.667539,0,0.583455,0.670157,0,0.08242,0.759162,0,0,0,0,0,0,0
abet,True,1,010000,Cm,,True,1,010000,Cm,,0.528,0.687,0.188,0.135,0.176,0.365,0.528077,0.835079,0,0.687146,0.651832,1,0.187671,0.554974,0,0.134834,0.667539,0,0.176114,0.670157,0,0.365031,0.759162,0,0,1,0,0,0,0
abide,True,1,001000,Ap,,True,1,001000,Ap,,0.68,0.403,0.828,0.305,0.187,0.612,0.679995,0.835079,0,0.403196,0.651832,0,0.82839,0.554974,1,0.305053,0.667539,0,0.18714,0.670157,0,0.61203,0.759162,0,0,0,1,0,0,0
ablate,True,1,010000,Cm,,True,2,010010,Cm,Sn,0.351,0.696,0.375,0.169,0.581,0.462,0.350533,0.835079,0,0.696049,0.651832,1,0.374644,0.554974,0,0.168826,0.667539,0,0.580977,0.670157,0,0.461713,0.759162,0,0,1,0,0,0,0
abort,True,1,000001,Ev,,True,2,001001,Ev,Ap,0.173,0.133,0.55,0.264,0.513,0.976,0.173073,0.835079,0,0.132586,0.651832,0,0.549935,0.554974,0,0.26386,0.667539,0,0.512842,0.670157,0,0.976143,0.759162,1,0,0,0,0,0,1
abound,True,1,100000,Kn,,True,2,110000,Kn,Cm,0.847,0.68,0.211,0.067,0.301,0.171,0.847022,0.835079,1,0.679844,0.651832,1,0.210589,0.554974,0,0.067467,0.667539,0,0.301465,0.670157,0,0.171152,0.759162,0,1,0,0,0,0,0
absorb,True,1,001000,Ap,,True,1,001000,Ap,,0.374,0.144,0.712,0.261,0.1,0.159,0.373738,0.835079,0,0.143945,0.651832,0,0.71154,0.554974,1,0.260874,0.667539,0,0.099975,0.670157,0,0.158803,0.759162,0,0,0,1,0,0,0
abut,True,1,010000,Cm,,True,1,010000,Cm,,0.349,0.786,0.32,0.065,0.418,0.64,0.348652,0.835079,0,0.785657,0.651832,1,0.320214,0.554974,0,0.064974,0.667539,0,0.418361,0.670157,0,0.640385,0.759162,0,0,1,0,0,0,0
accelerate,True,1,001000,Ap,,True,1,001000,Ap,,0.149,0.369,0.844,0.107,0.409,0.169,0.149117,0.835079,0,0.369204,0.651832,0,0.844413,0.554974,1,0.106912,0.667539,0,0.408761,0.670157,0,0.168821,0.759162,0,0,0,1,0,0,0
accentuate,False,0,000000,,,True,1,010000,Cm,,0.087,0.631,0.214,0.017,0.356,0.101,0.086882,0.835079,0,0.631182,0.651832,0,0.214411,0.554974,0,0.01724,0.667539,0,0.355843,0.670157,0,0.100811,0.759162,0,0,0,0,0,0,0
accommodate,True,1,000010,Sn,,True,2,001010,Sn,Ap,0.003,0.381,0.802,0.411,0.98,0.29,0.002618,0.835079,0,0.381395,0.651832,0,0.802307,0.554974,1,0.411002,0.667539,0,0.979713,0.670157,1,0.290029,0.759162,0,0,0,0,0,1,0
accompany,True,1,000010,Sn,,True,4,111010,Sn,"Kn, Cm, Ap",0.778,0.828,0.519,0.017,0.927,0.159,0.778285,0.835079,0,0.828263,0.651832,1,0.518731,0.554974,0,0.016585,0.667539,0,0.926974,0.670157,1,0.158811,0.759162,0,0,0,0,0,1,0
accomplish,True,1,001000,Ap,,True,2,001010,Ap,Sn,0.512,0.047,0.863,0.012,0.574,0.364,0.512095,0.835079,0,0.046582,0.651832,0,0.862902,0.554974,1,0.011524,0.667539,0,0.573503,0.670157,0,0.364144,0.759162,0,0,0,1,0,0,0
account,True,1,000100,An,,True,4,011101,An,"Cm, Ap, Ev",0.555,0.637,0.501,0.669,0.367,0.669,0.554523,0.835079,0,0.636924,0.651832,0,0.500621,0.554974,0,0.668688,0.667539,1,0.366829,0.670157,0,0.668532,0.759162,0,0,0,0,1,0,0
accrue,True,1,001000,Ap,,True,1,001000,Ap,,0.386,0.241,0.67,0.039,0.111,0.17,0.385585,0.835079,0,0.240869,0.651832,0,0.669918,0.554974,1,0.03923,0.667539,0,0.111154,0.670157,0,0.170198,0.759162,0,0,0,1,0,0,0
accumulate,True,2,101000,Kn,Ap,True,2,101000,Kn,Ap,0.937,0.346,0.887,0.172,0.133,0.166,0.937306,0.835079,1,0.345764,0.651832,0,0.886549,0.554974,1,0.172068,0.667539,0,0.133052,0.670157,0,0.166179,0.759162,0,1,0,1,0,0,0
accustom,True,1,000010,Sn,,True,2,000011,Sn,Ev,0.073,0.3,0.26,0.185,0.739,0.655,0.073109,0.835079,0,0.300164,0.651832,0,0.259848,0.554974,0,0.185437,0.667539,0,0.739313,0.670157,1,0.655368,0.759162,0,0,0,0,0,1,0
achieve,True,1,001000,Ap,,True,2,001010,Ap,Sn,0.347,0.028,0.939,0.009,0.758,0.176,0.34675,0.835079,0,0.027986,0.651832,0,0.939257,0.554974,1,0.009306,0.667539,0,0.757651,0.670157,1,0.175745,0.759162,0,0,0,1,0,0,0
acidify,True,1,001000,Ap,,True,1,001000,Ap,,0.012,0.16,0.56,0.241,0.555,0.515,0.0119,0.835079,0,0.160222,0.651832,0,0.560291,0.554974,1,0.241398,0.667539,0,0.555363,0.670157,0,0.514555,0.759162,0,0,0,1,0,0,0
acknowledge,False,0,000000,,,True,1,010000,Cm,,0.707,0.65,0.068,0.271,0.109,0.165,0.707358,0.835079,0,0.649881,0.651832,0,0.067784,0.554974,0,0.271088,0.667539,0,0.108968,0.670157,0,0.165275,0.759162,0,0,0,0,0,0,0
acquaint,True,1,010000,Cm,,True,2,010010,Cm,Sn,0.314,0.904,0.22,0.18,0.728,0.147,0.314366,0.835079,0,0.903754,0.651832,1,0.220302,0.554974,0,0.180412,0.667539,0,0.728477,0.670157,1,0.146942,0.759162,0,0,1,0,0,0,0
activate,True,1,001000,Ap,,True,1,001000,Ap,,0.233,0.162,0.641,0.068,0.139,0.256,0.233071,0.835079,0,0.161546,0.651832,0,0.640904,0.554974,1,0.067656,0.667539,0,0.138792,0.670157,0,0.255711,0.759162,0,0,0,1,0,0,0
actualize,True,1,000010,Sn,,True,2,001010,Sn,Ap,0.134,0.32,0.551,0.082,0.719,0.206,0.133917,0.835079,0,0.319639,0.651832,0,0.550807,0.554974,0,0.081753,0.667539,0,0.719167,0.670157,1,0.20618,0.759162,0,0,0,0,0,1,0
actuate,True,1,001000,Ap,,True,2,001010,Ap,Sn,0.022,0.069,0.826,0.018,0.729,0.024,0.021607,0.835079,0,0.068793,0.651832,0,0.825997,0.554974,1,0.018219,0.667539,0,0.728917,0.670157,1,0.023604,0.759162,0,0,0,1,0,0,0
address,True,1,100000,Kn,,True,3,111000,Kn,"Cm, Ap",0.988,0.773,0.629,0.034,0.216,0.004,0.988415,0.835079,1,0.772799,0.651832,1,0.629207,0.554974,1,0.034231,0.667539,0,0.216223,0.670157,0,0.003937,0.759162,0,1,0,0,0,0,0
adhere,True,1,001000,Ap,,True,2,001001,Ap,Ev,0.617,0.1,0.781,0.066,0.343,0.739,0.617021,0.835079,0,0.100266,0.651832,0,0.781031,0.554974,1,0.066234,0.667539,0,0.343016,0.670157,0,0.739189,0.759162,0,0,0,1,0,0,0
adjoin,True,1,010000,Cm,,True,2,010010,Cm,Sn,0.385,0.861,0.078,0.129,0.596,0.191,0.385273,0.835079,0,0.861198,0.651832,1,0.078413,0.554974,0,0.128922,0.667539,0,0.596065,0.670157,0,0.190814,0.759162,0,0,1,0,0,0,0
adjudicate,True,1,000001,Ev,,True,3,010101,Ev,"Cm, An",0.19,0.803,0.055,0.622,0.087,0.936,0.189747,0.835079,0,0.802572,0.651832,1,0.055256,0.554974,0,0.621873,0.667539,0,0.087418,0.670157,0,0.9361,0.759162,1,0,0,0,0,0,1
adjust,True,3,001110,An,"Ap, Sn",True,3,001110,An,"Ap, Sn",0.023,0.256,0.652,0.827,0.819,0.577,0.023453,0.835079,0,0.25638,0.651832,0,0.651972,0.554974,1,0.827453,0.667539,1,0.818736,0.670157,1,0.576968,0.759162,0,0,0,1,1,1,0
administrate,True,4,001111,Sn,"Ap, An, Ev",True,4,001111,Sn,"Ap, An, Ev",0.018,0.153,0.57,0.761,0.858,0.846,0.018045,0.835079,0,0.152788,0.651832,0,0.569983,0.554974,1,0.760853,0.667539,1,0.858456,0.670157,1,0.846439,0.759162,1,0,0,1,1,1,1
admire,True,1,100000,Kn,,True,3,111000,Kn,"Cm, Ap",0.946,0.741,0.629,0.243,0.11,0.44,0.946302,0.835079,1,0.740741,0.651832,1,0.629073,0.554974,1,0.242889,0.667539,0,0.109579,0.670157,0,0.440113,0.759162,0,1,0,0,0,0,0
admit,False,0,000000,,,False,0,000000,,,0.707,0.332,0.158,0.27,0.194,0.554,0.70704,0.835079,0,0.332261,0.651832,0,0.158493,0.554974,0,0.270222,0.667539,0,0.194224,0.670157,0,0.553509,0.759162,0,0,0,0,0,0,0
adopt,True,1,000010,Sn,,True,3,001011,Sn,"Ap, Ev",0.687,0.174,0.653,0.012,0.835,0.758,0.686845,0.835079,0,0.173944,0.651832,0,0.653477,0.554974,1,0.011757,0.667539,0,0.835224,0.670157,1,0.758228,0.759162,0,0,0,0,0,1,0
adsorb,False,0,000000,,,False,0,000000,,,0.366,0.405,0.407,0.518,0.284,0.255,0.365968,0.835079,0,0.405283,0.651832,0,0.407359,0.554974,0,0.517766,0.667539,0,0.283851,0.670157,0,0.255232,0.759162,0,0,0,0,0,0,0
advect,True,1,010000,Cm,,True,1,010000,Cm,,0.064,0.759,0.232,0.257,0.47,0.257,0.06377,0.835079,0,0.758545,0.651832,1,0.231635,0.554974,0,0.257108,0.667539,0,0.470009,0.670157,0,0.256923,0.759162,0,0,1,0,0,0,0
advertise,True,1,001000,Ap,,True,2,001010,Ap,Sn,0.205,0.409,0.737,0.086,0.661,0.042,0.205492,0.835079,0,0.408971,0.651832,0,0.736927,0.554974,1,0.086204,0.667539,0,0.660637,0.670157,0,0.042107,0.759162,0,0,0,1,0,0,0
advocate,True,1,010000,Cm,,True,3,010011,Ev,"Cm, Sn",0.473,0.662,0.143,0.209,0.66,0.717,0.47258,0.835079,0,0.662246,0.651832,1,0.14308,0.554974,0,0.208649,0.667539,0,0.66031,0.670157,0,0.716637,0.759162,0,0,1,0,0,0,0
aerate,True,1,001000,Ap,,True,1,001000,Ap,,0.072,0.1,0.613,0.086,0.521,0.359,0.072328,0.835079,0,0.100029,0.651832,0,0.61301,0.554974,1,0.085719,0.667539,0,0.520818,0.670157,0,0.358653,0.759162,0,0,0,1,0,0,0
affect,True,1,010000,Cm,,True,3,011001,Cm,"Ap, Ev",0.642,0.791,0.628,0.292,0.43,0.713,0.641684,0.835079,0,0.790953,0.651832,1,0.628396,0.554974,1,0.291595,0.667539,0,0.429751,0.670157,0,0.712838,0.759162,0,0,1,0,0,0,0
affirm,True,1,000001,Ev,,True,1,000001,Ev,,0.175,0.209,0.139,0.321,0.352,0.898,0.174981,0.835079,0,0.209027,0.651832,0,0.139007,0.554974,0,0.320879,0.667539,0,0.352132,0.670157,0,0.898383,0.759162,1,0,0,0,0,0,1
affix,True,1,010000,Cm,,True,1,010000,Cm,,0.317,0.699,0.228,0.057,0.212,0.125,0.317228,0.835079,0,0.698658,0.651832,1,0.228472,0.554974,0,0.056739,0.667539,0,0.212436,0.670157,0,0.124993,0.759162,0,0,1,0,0,0,0
afford,True,3,001011,Ap,"Sn, Ev",True,4,101011,Ap,"Kn, Sn, Ev",0.714,0.385,0.829,0.122,0.688,0.801,0.71419,0.835079,0,0.385274,0.651832,0,0.829317,0.554974,1,0.121848,0.667539,0,0.688016,0.670157,1,0.800946,0.759162,1,0,0,1,0,1,1
aggravate,True,1,001000,Ap,,True,1,001000,Ap,,0.191,0.33,0.768,0.525,0.409,0.462,0.190807,0.835079,0,0.329902,0.651832,0,0.767892,0.554974,1,0.525385,0.667539,0,0.409086,0.670157,0,0.461589,0.759162,0,0,0,1,0,0,0
aggregate,True,2,010100,An,Cm,True,3,010110,An,"Cm, Sn",0.651,0.776,0.02,0.814,0.575,0.289,0.650702,0.835079,0,0.77554,0.651832,1,0.020132,0.554974,0,0.813683,0.667539,1,0.575321,0.670157,0,0.288912,0.759162,0,0,1,0,1,0,0
agitate,True,1,000010,Sn,,True,1,000010,Sn,,0.386,0.055,0.437,0.41,0.824,0.285,0.385774,0.835079,0,0.054857,0.651832,0,0.437172,0.554974,0,0.409818,0.667539,0,0.824472,0.670157,1,0.285199,0.759162,0,0,0,0,0,1,0
agonize,True,1,000100,An,,True,3,100101,An,"Kn, Ev",0.75,0.171,0.22,0.861,0.219,0.717,0.749544,0.835079,0,0.171013,0.651832,0,0.219967,0.554974,0,0.860826,0.667539,1,0.21934,0.670157,0,0.717477,0.759162,0,0,0,0,1,0,0
agree,True,1,000001,Ev,,True,1,000001,Ev,,0.452,0.348,0.011,0.356,0.399,0.923,0.451982,0.835079,0,0.347824,0.651832,0,0.011269,0.554974,0,0.355564,0.667539,0,0.39892,0.670157,0,0.922997,0.759162,1,0,0,0,0,0,1
aim,False,0,000000,,,True,2,100010,Kn,Sn,0.779,0.381,0.211,0.175,0.665,0.251,0.778728,0.835079,0,0.381403,0.651832,0,0.211248,0.554974,0,0.174813,0.667539,0,0.665037,0.670157,0,0.250699,0.759162,0,0,0,0,0,0,0
align,True,1,000100,An,,True,3,010110,An,"Cm, Sn",0.389,0.74,0.27,0.808,0.621,0.357,0.38915,0.835079,0,0.74019,0.651832,1,0.270177,0.554974,0,0.807563,0.667539,1,0.621326,0.670157,0,0.356861,0.759162,0,0,0,0,1,0,0
alleviate,True,1,000010,Sn,,True,3,001011,Sn,"Ap, Ev",0.11,0.069,0.494,0.393,0.791,0.728,0.10983,0.835079,0,0.069289,0.651832,0,0.493927,0.554974,0,0.393339,0.667539,0,0.791224,0.670157,1,0.728493,0.759162,0,0,0,0,0,1,0
allot,True,1,001000,Ap,,True,1,001000,Ap,,0.363,0.514,0.793,0.177,0.186,0.117,0.363364,0.835079,0,0.513716,0.651832,0,0.793058,0.554974,1,0.177231,0.667539,0,0.186376,0.670157,0,0.11656,0.759162,0,0,0,1,0,0,0
allude,True,1,001000,Ap,,True,2,001010,Ap,Sn,0.505,0.517,0.763,0.135,0.575,0.121,0.504893,0.835079,0,0.516664,0.651832,0,0.7633,0.554974,1,0.135127,0.667539,0,0.574532,0.670157,0,0.121182,0.759162,0,0,0,1,0,0,0
alter,True,2,001010,Sn,Ap,True,3,001110,Sn,"Ap, An",0.012,0.124,0.927,0.572,0.947,0.238,0.011972,0.835079,0,0.123885,0.651832,0,0.926689,0.554974,1,0.572198,0.667539,0,0.947456,0.670157,1,0.237977,0.759162,0,0,0,1,0,1,0
alternate,True,2,010100,An,Cm,True,2,010100,An,Cm,0.332,0.668,0.232,0.688,0.565,0.284,0.33179,0.835079,0,0.667742,0.651832,1,0.231885,0.554974,0,0.688204,0.667539,1,0.564785,0.670157,0,0.283527,0.759162,0,0,1,0,1,0,0
ameliorate,False,0,000000,,,True,1,000010,Sn,,0.022,0.043,0.306,0.034,0.658,0.639,0.021713,0.835079,0,0.043241,0.651832,0,0.305502,0.554974,0,0.034451,0.667539,0,0.657937,0.670157,0,0.638997,0.759162,0,0,0,0,0,0,0
amortize,True,1,001000,Ap,,True,2,001001,Ev,Ap,0.163,0.116,0.661,0.083,0.215,0.702,0.162588,0.835079,0,0.116035,0.651832,0,0.661468,0.554974,1,0.082512,0.667539,0,0.214708,0.670157,0,0.702051,0.759162,0,0,0,1,0,0,0
amplify,True,1,001000,Ap,,True,2,011000,Ap,Cm,0.022,0.647,0.756,0.048,0.226,0.035,0.021653,0.835079,0,0.647438,0.651832,0,0.756244,0.554974,1,0.047899,0.667539,0,0.226435,0.670157,0,0.034735,0.759162,0,0,0,1,0,0,0
analogize,True,1,010000,Cm,,True,3,011010,Cm,"Ap, Sn",0.481,0.98,0.541,0.553,0.759,0.579,0.480976,0.835079,0,0.979603,0.651832,1,0.540657,0.554974,0,0.552903,0.667539,0,0.758706,0.670157,1,0.579374,0.759162,0,0,1,0,0,0,0
anneal,True,1,010000,Cm,,True,1,010000,Cm,,0.608,0.762,0.147,0.331,0.242,0.175,0.608182,0.835079,0,0.76152,0.651832,1,0.146832,0.554974,0,0.330701,0.667539,0,0.241939,0.670157,0,0.175395,0.759162,0,0,1,0,0,0,0
annihilate,True,1,000001,Ev,,True,2,001001,Ev,Ap,0.187,0.332,0.524,0.159,0.343,0.847,0.18671,0.835079,0,0.331901,0.651832,0,0.523515,0.554974,0,0.159043,0.667539,0,0.342612,0.670157,0,0.847123,0.759162,1,0,0,0,0,0,1
annotate,True,1,010000,Cm,,True,2,110000,Kn,Cm,0.819,0.812,0.453,0.017,0.437,0.092,0.818508,0.835079,0,0.811625,0.651832,1,0.452543,0.554974,0,0.017397,0.667539,0,0.437315,0.670157,0,0.091739,0.759162,0,0,1,0,0,0,0
announce,True,1,010000,Cm,,True,1,010000,Cm,,0.66,0.658,0.402,0.512,0.511,0.177,0.66015,0.835079,0,0.658341,0.651832,1,0.401976,0.554974,0,0.511604,0.667539,0,0.510817,0.670157,0,0.177184,0.759162,0,0,1,0,0,0,0
anodize,False,0,000000,,,False,0,000000,,,0.07,0.417,0.464,0.152,0.564,0.309,0.070133,0.835079,0,0.417173,0.651832,0,0.464086,0.554974,0,0.151899,0.667539,0,0.563591,0.670157,0,0.309256,0.759162,0,0,0,0,0,0,0
answer,True,1,010000,Cm,,True,3,011100,Cm,"Ap, An",0.502,0.707,0.639,0.611,0.154,0.576,0.502462,0.835079,0,0.707241,0.651832,1,0.638555,0.554974,1,0.610829,0.667539,0,0.153965,0.670157,0,0.576353,0.759162,0,0,1,0,0,0,0
antagonize,True,1,000100,An,,True,2,000101,An,Ev,0.036,0.29,0.461,0.757,0.416,0.665,0.036198,0.835079,0,0.289823,0.651832,0,0.461282,0.554974,0,0.757225,0.667539,1,0.416458,0.670157,0,0.665014,0.759162,0,0,0,0,1,0,0
apologize,False,0,000000,,,False,0,000000,,,0.311,0.479,0.029,0.362,0.395,0.228,0.31104,0.835079,0,0.479427,0.651832,0,0.028632,0.554974,0,0.36201,0.667539,0,0.395249,0.670157,0,0.228165,0.759162,0,0,0,0,0,0,0
appeal,True,1,000001,Ev,,True,1,000001,Ev,,0.388,0.5,0.205,0.461,0.096,0.953,0.388246,0.835079,0,0.500404,0.651832,0,0.205243,0.554974,0,0.46075,0.667539,0,0.095578,0.670157,0,0.953158,0.759162,1,0,0,0,0,0,1
appear,True,1,100000,Kn,,True,2,110000,Kn,Cm,0.926,0.76,0.295,0.531,0.391,0.117,0.926399,0.835079,1,0.760235,0.651832,1,0.295138,0.554974,0,0.531014,0.667539,0,0.390618,0.670157,0,0.116863,0.759162,0,1,0,0,0,0,0
append,False,0,000000,,,False,0,000000,,,0.374,0.408,0.439,0.08,0.4,0.038,0.373804,0.835079,0,0.407617,0.651832,0,0.43903,0.554974,0,0.080473,0.667539,0,0.400292,0.670157,0,0.037785,0.759162,0,0,0,0,0,0,0
appoint,True,1,001000,Ap,,True,2,001001,Ev,Ap,0.296,0.186,0.714,0.339,0.375,0.741,0.296488,0.835079,0,0.186247,0.651832,0,0.714138,0.554974,1,0.339433,0.667539,0,0.375391,0.670157,0,0.740851,0.759162,0,0,0,1,0,0,0
apportion,True,3,011100,An,"Cm, Ap",True,3,011100,An,"Cm, Ap",0.348,0.681,0.66,0.707,0.226,0.558,0.348053,0.835079,0,0.681275,0.651832,1,0.659801,0.554974,1,0.706896,0.667539,1,0.225842,0.670157,0,0.557966,0.759162,0,0,1,1,1,0,0
appreciate,False,0,000000,,,True,1,010000,Cm,,0.426,0.566,0.146,0.242,0.076,0.257,0.426265,0.835079,0,0.565781,0.651832,0,0.146411,0.554974,0,0.242325,0.667539,0,0.075577,0.670157,0,0.256959,0.759162,0,0,0,0,0,0,0
apprehend,True,1,010000,Cm,,True,1,010000,Cm,,0.259,0.758,0.3,0.37,0.035,0.517,0.258539,0.835079,0,0.757709,0.651832,1,0.299508,0.554974,0,0.370223,0.667539,0,0.035372,0.670157,0,0.516791,0.759162,0,0,1,0,0,0,0
approach,True,1,001000,Ap,,True,2,001010,Sn,Ap,0.385,0.448,0.608,0.51,0.637,0.535,0.384986,0.835079,0,0.447653,0.651832,0,0.608066,0.554974,1,0.509717,0.667539,0,0.636645,0.670157,0,0.535206,0.759162,0,0,0,1,0,0,0
appropriate,True,1,001000,Ap,,True,2,001001,Ev,Ap,0.399,0.502,0.635,0.484,0.081,0.661,0.398885,0.835079,0,0.502233,0.651832,0,0.635487,0.554974,1,0.483614,0.667539,0,0.080655,0.670157,0,0.661187,0.759162,0,0,0,1,0,0,0
approve,True,1,000001,Ev,,True,3,010101,Ev,"Cm, An",0.203,0.652,0.071,0.867,0.343,0.95,0.203072,0.835079,0,0.651882,0.651832,1,0.070614,0.554974,0,0.867375,0.667539,1,0.34277,0.670157,0,0.949599,0.759162,1,0,0,0,0,0,1
arise,True,1,000010,Sn,,True,3,000111,Sn,"An, Ev",0.514,0.16,0.085,0.598,0.786,0.702,0.514397,0.835079,0,0.160267,0.651832,0,0.084851,0.554974,0,0.59844,0.667539,0,0.785878,0.670157,1,0.701955,0.759162,0,0,0,0,0,1,0
arouse,False,0,000000,,,True,1,001000,Ap,,0.297,0.161,0.519,0.332,0.383,0.509,0.297185,0.835079,0,0.160878,0.651832,0,0.518931,0.554974,0,0.331571,0.667539,0,0.383283,0.670157,0,0.509411,0.759162,0,0,0,0,0,0,0
array,True,1,100000,Kn,,True,1,100000,Kn,,0.923,0.381,0.239,0.305,0.472,0.049,0.922755,0.835079,1,0.381357,0.651832,0,0.238523,0.554974,0,0.305058,0.667539,0,0.472322,0.670157,0,0.048515,0.759162,0,1,0,0,0,0,0
arrest,False,0,000000,,,False,0,000000,,,0.367,0.529,0.206,0.3,0.045,0.578,0.367304,0.835079,0,0.529025,0.651832,0,0.206447,0.554974,0,0.299777,0.667539,0,0.045033,0.670157,0,0.578256,0.759162,0,0,0,0,0,0,0
arrive,False,0,000000,,,True,1,100000,Kn,,0.797,0.534,0.131,0.271,0.331,0.404,0.797342,0.835079,0,0.534491,0.651832,0,0.130575,0.554974,0,0.271019,0.667539,0,0.331104,0.670157,0,0.404462,0.759162,0,0,0,0,0,0,0
ascend,False,0,000000,,,True,1,000001,Ev,,0.53,0.088,0.143,0.013,0.354,0.715,0.530353,0.835079,0,0.08787,0.651832,0,0.142592,0.554974,0,0.012613,0.667539,0,0.353849,0.670157,0,0.715177,0.759162,0,0,0,0,0,0,0
ascribe,False,0,000000,,,False,0,000000,,,0.481,0.133,0.323,0.018,0.215,0.289,0.481174,0.835079,0,0.133166,0.651832,0,0.322871,0.554974,0,0.017564,0.667539,0,0.215115,0.670157,0,0.288524,0.759162,0,0,0,0,0,0,0
ask,True,1,000100,An,,True,3,101100,An,"Kn, Ap",0.8,0.322,0.828,0.92,0.424,0.191,0.799922,0.835079,0,0.32232,0.651832,0,0.828385,0.554974,1,0.919756,0.667539,1,0.424142,0.670157,0,0.190774,0.759162,0,0,0,0,1,0,0
aspirate,False,0,000000,,,True,1,001000,Ap,,0.484,0.056,0.523,0.086,0.245,0.284,0.484154,0.835079,0,0.055996,0.651832,0,0.522952,0.554974,0,0.085685,0.667539,0,0.244557,0.670157,0,0.283699,0.759162,0,0,0,0,0,0,0
aspire,True,2,000011,Sn,Ev,True,2,000011,Sn,Ev,0.501,0.114,0.368,0.088,0.793,0.767,0.501477,0.835079,0,0.114066,0.651832,0,0.368037,0.554974,0,0.087732,0.667539,0,0.792733,0.670157,1,0.76674,0.759162,1,0,0,0,0,1,1
assert,True,2,000101,Ev,An,True,2,000101,Ev,An,0.147,0.482,0.455,0.821,0.355,0.833,0.146763,0.835079,0,0.481508,0.651832,0,0.455219,0.554974,0,0.820873,0.667539,1,0.354937,0.670157,0,0.832628,0.759162,1,0,0,0,1,0,1
assimilate,True,1,000010,Sn,,True,2,010010,Sn,Cm,0.012,0.595,0.198,0.082,0.863,0.486,0.012495,0.835079,0,0.595214,0.651832,0,0.198425,0.554974,0,0.082438,0.667539,0,0.8632,0.670157,1,0.485865,0.759162,0,0,0,0,0,1,0
assist,True,1,000010,Sn,,True,1,000010,Sn,,0.221,0.516,0.296,0.009,0.749,0.14,0.221306,0.835079,0,0.516398,0.651832,0,0.29593,0.554974,0,0.008535,0.667539,0,0.749324,0.670157,1,0.139648,0.759162,0,0,0,0,0,1,0
assume,True,1,000010,Sn,,True,4,010111,Sn,"Cm, An, Ev",0.031,0.698,0.249,0.703,0.845,0.718,0.030797,0.835079,0,0.697633,0.651832,1,0.248835,0.554974,0,0.703122,0.667539,1,0.845266,0.670157,1,0.717558,0.759162,0,0,0,0,0,1,0
assure,False,0,000000,,,True,1,000001,Ev,,0.41,0.299,0.17,0.154,0.4,0.704,0.410223,0.835079,0,0.299318,0.651832,0,0.16958,0.554974,0,0.154288,0.667539,0,0.400324,0.670157,0,0.70372,0.759162,0,0,0,0,0,0,0
astonish,True,1,001000,Ap,,True,1,001000,Ap,,0.403,0.426,0.843,0.035,0.41,0.348,0.403494,0.835079,0,0.425615,0.651832,0,0.842981,0.554974,1,0.034546,0.667539,0,0.410019,0.670157,0,0.347526,0.759162,0,0,0,1,0,0,0
atomize,True,1,000010,Sn,,True,1,000010,Sn,,0.148,0.289,0.162,0.259,0.739,0.164,0.148438,0.835079,0,0.288985,0.651832,0,0.162119,0.554974,0,0.258679,0.667539,0,0.738504,0.670157,1,0.164464,0.759162,0,0,0,0,0,1,0
attack,False,0,000000,,,False,0,000000,,,0.463,0.43,0.435,0.523,0.101,0.264,0.462502,0.835079,0,0.430498,0.651832,0,0.435439,0.554974,0,0.522947,0.667539,0,0.101346,0.670157,0,0.264403,0.759162,0,0,0,0,0,0,0
attempt,False,0,000000,,,True,1,010000,Cm,,0.666,0.561,0.074,0.089,0.357,0.235,0.665936,0.835079,0,0.561199,0.651832,0,0.073668,0.554974,0,0.08873,0.667539,0,0.357376,0.670157,0,0.235102,0.759162,0,0,0,0,0,0,0
attend,True,1,100000,Kn,,True,3,111000,Kn,"Cm, Ap",0.925,0.771,0.64,0.084,0.335,0.16,0.924514,0.835079,1,0.770855,0.651832,1,0.639935,0.554974,1,0.084388,0.667539,0,0.335077,0.670157,0,0.160356,0.759162,0,1,0,0,0,0,0
attenuate,False,0,000000,,,False,0,000000,,,0.011,0.1,0.456,0.079,0.274,0.475,0.010697,0.835079,0,0.100336,0.651832,0,0.455921,0.554974,0,0.078802,0.667539,0,0.274136,0.670157,0,0.474737,0.759162,0,0,0,0,0,0,0
attest,True,1,000100,An,,True,2,000101,Ev,An,0.386,0.209,0.439,0.722,0.017,0.742,0.385824,0.835079,0,0.208523,0.651832,0,0.438571,0.554974,0,0.721573,0.667539,1,0.016896,0.670157,0,0.742161,0.759162,0,0,0,0,1,0,0
attract,True,1,000010,Sn,,True,3,011010,Sn,"Cm, Ap",0.541,0.607,0.694,0.272,0.787,0.462,0.541289,0.835079,0,0.607344,0.651832,0,0.693833,0.554974,1,0.271898,0.667539,0,0.787126,0.670157,1,0.462027,0.759162,0,0,0,0,0,1,0
attribute,True,2,011000,Ap,Cm,True,2,011000,Ap,Cm,0.527,0.693,0.694,0.028,0.068,0.285,0.527477,0.835079,0,0.692934,0.651832,1,0.693508,0.554974,1,0.027557,0.667539,0,0.068262,0.670157,0,0.284596,0.759162,0,0,1,1,0,0,0
augment,True,1,000010,Sn,,True,2,001010,Sn,Ap,0.007,0.299,0.576,0.009,0.809,0.097,0.006979,0.835079,0,0.298994,0.651832,0,0.575826,0.554974,1,0.009347,0.667539,0,0.808619,0.670157,1,0.096894,0.759162,0,0,0,0,0,1,0
authorize,False,0,000000,,,True,1,000001,Ev,,0.072,0.289,0.401,0.497,0.334,0.667,0.072451,0.835079,0,0.288791,0.651832,0,0.400807,0.554974,0,0.497102,0.667539,0,0.333988,0.670157,0,0.666686,0.759162,0,0,0,0,0,0,0
autoclave,True,1,000001,Ev,,True,1,000001,Ev,,0.257,0.097,0.326,0.393,0.395,0.891,0.257402,0.835079,0,0.09715,0.651832,0,0.326412,0.554974,0,0.393242,0.667539,0,0.395228,0.670157,0,0.890716,0.759162,1,0,0,0,0,0,1
automate,True,1,001000,Ap,,True,2,001010,Ap,Sn,0.387,0.117,0.811,0.239,0.739,0.335,0.387329,0.835079,0,0.117007,0.651832,0,0.810799,0.554974,1,0.238987,0.667539,0,0.739387,0.670157,1,0.33496,0.759162,0,0,0,1,0,0,0
automatize,True,1,000010,Sn,,True,2,001010,Sn,Ap,0.424,0.188,0.762,0.153,0.9,0.254,0.424422,0.835079,0,0.188124,0.651832,0,0.762248,0.554974,1,0.152938,0.667539,0,0.899521,0.670157,1,0.254414,0.759162,0,0,0,0,0,1,0
avail,False,0,000000,,,True,1,010000,Cm,,0.606,0.583,0.201,0.392,0.073,0.197,0.605645,0.835079,0,0.582565,0.651832,0,0.201284,0.554974,0,0.392153,0.667539,0,0.072503,0.670157,0,0.197262,0.759162,0,0,0,0,0,0,0
average,True,1,000001,Ev,,True,4,010111,Ev,"Cm, An, Sn",0.414,0.793,0.237,0.655,0.573,0.857,0.41402,0.835079,0,0.792917,0.651832,1,0.236644,0.554974,0,0.65514,0.667539,0,0.572938,0.670157,0,0.85749,0.759162,1,0,0,0,0,0,1
avert,True,1,001000,Ap,,True,1,001000,Ap,,0.642,0.32,0.63,0.086,0.177,0.64,0.641716,0.835079,0,0.319606,0.651832,0,0.630389,0.554974,1,0.085868,0.667539,0,0.17657,0.670157,0,0.639559,0.759162,0,0,0,1,0,0,0
await,False,0,000000,,,True,2,101000,Kn,Ap,0.796,0.318,0.554,0.148,0.535,0.518,0.795962,0.835079,0,0.317949,0.651832,0,0.554047,0.554974,0,0.147902,0.667539,0,0.535084,0.670157,0,0.518004,0.759162,0,0,0,0,0,0,0
backscatter,False,0,000000,,,False,0,000000,,,0.578,0.523,0.242,0.059,0.122,0.256,0.578414,0.835079,0,0.522545,0.651832,0,0.242273,0.554974,0,0.05932,0.667539,0,0.121821,0.670157,0,0.255574,0.759162,0,0,0,0,0,0,0
bail,True,1,000001,Ev,,True,1,000001,Ev,,0.258,0.36,0.188,0.285,0.087,0.9,0.257914,0.835079,0,0.360193,0.651832,0,0.188211,0.554974,0,0.285059,0.667539,0,0.087427,0.670157,0,0.899974,0.759162,1,0,0,0,0,0,1
bake,True,1,000100,An,,True,2,001100,An,Ap,0.398,0.034,0.561,0.797,0.378,0.614,0.39773,0.835079,0,0.033922,0.651832,0,0.560975,0.554974,1,0.797346,0.667539,1,0.378442,0.670157,0,0.6145,0.759162,0,0,0,0,1,0,0
balance,True,1,000001,Ev,,True,2,000101,Ev,An,0.415,0.133,0.222,0.762,0.358,0.862,0.414604,0.835079,0,0.13346,0.651832,0,0.222326,0.554974,0,0.7617,0.667539,1,0.35808,0.670157,0,0.862235,0.759162,1,0,0,0,0,0,1
base,False,0,000000,,,True,1,010000,Cm,,0.369,0.632,0.148,0.321,0.529,0.035,0.369491,0.835079,0,0.632288,0.651832,0,0.148357,0.554974,0,0.321251,0.667539,0,0.528854,0.670157,0,0.035396,0.759162,0,0,0,0,0,0,0
bate,False,0,000000,,,False,0,000000,,,0.297,0.099,0.298,0.194,0.5,0.311,0.296534,0.835079,0,0.099063,0.651832,0,0.297818,0.554974,0,0.194486,0.667539,0,0.499926,0.670157,0,0.310963,0.759162,0,0,0,0,0,0,0
bathe,True,1,001000,Ap,,True,1,001000,Ap,,0.484,0.313,0.851,0.074,0.514,0.454,0.483824,0.835079,0,0.313037,0.651832,0,0.850635,0.554974,1,0.073847,0.667539,0,0.514224,0.670157,0,0.453644,0.759162,0,0,0,1,0,0,0
bear,True,1,000100,An,,True,4,110110,An,"Kn, Cm, Sn",0.792,0.681,0.406,0.87,0.579,0.249,0.791851,0.835079,0,0.681012,0.651832,1,0.406405,0.554974,0,0.870164,0.667539,1,0.579214,0.670157,0,0.249452,0.759162,0,0,0,0,1,0,0
beat,False,0,000000,,,True,2,100001,Kn,Ev,0.721,0.254,0.21,0.511,0.261,0.672,0.721295,0.835079,0,0.254176,0.651832,0,0.209759,0.554974,0,0.510514,0.667539,0,0.261129,0.670157,0,0.672439,0.759162,0,0,0,0,0,0,0
beautify,True,2,000011,Sn,Ev,True,3,001011,Sn,"Ap, Ev",0.189,0.381,0.501,0.066,0.818,0.767,0.188888,0.835079,0,0.38108,0.651832,0,0.500746,0.554974,0,0.06579,0.667539,0,0.818384,0.670157,1,0.766961,0.759162,1,0,0,0,0,1,1
become,True,1,001000,Ap,,True,2,001010,Ap,Sn,0.18,0.079,0.92,0.095,0.574,0.604,0.180398,0.835079,0,0.078853,0.651832,0,0.920321,0.554974,1,0.095374,0.667539,0,0.573884,0.670157,0,0.603761,0.759162,0,0,0,1,0,0,0
bed,True,1,000100,An,,True,1,000100,An,,0.65,0.405,0.166,0.671,0.31,0.561,0.65027,0.835079,0,0.40499,0.651832,0,0.165681,0.554974,0,0.671063,0.667539,1,0.310214,0.670157,0,0.561342,0.759162,0,0,0,0,1,0,0
beg,True,1,000010,Sn,,True,3,100110,Sn,"Kn, An",0.732,0.382,0.415,0.708,0.817,0.51,0.732335,0.835079,0,0.382029,0.651832,0,0.414862,0.554974,0,0.707671,0.667539,1,0.817236,0.670157,1,0.510302,0.759162,0,0,0,0,0,1,0
begin,True,1,000010,Sn,,True,4,111010,Kn,"Cm, Ap, Sn",0.782,0.572,0.517,0.22,0.74,0.178,0.78237,0.835079,0,0.572329,0.651832,0,0.516634,0.554974,0,0.219509,0.667539,0,0.739942,0.670157,1,0.177988,0.759162,0,0,0,0,0,1,0
behave,True,1,001000,Ap,,True,1,001000,Ap,,0.488,0.383,0.897,0.272,0.565,0.277,0.488001,0.835079,0,0.383042,0.651832,0,0.89699,0.554974,1,0.271714,0.667539,0,0.56451,0.670157,0,0.277036,0.759162,0,0,0,1,0,0,0
behold,True,1,100000,Kn,,True,3,111000,Kn,"Cm, Ap",0.994,0.67,0.499,0.316,0.178,0.425,0.993918,0.835079,1,0.669807,0.651832,1,0.499222,0.554974,0,0.315553,0.667539,0,0.177646,0.670157,0,0.425497,0.759162,0,1,0,0,0,0,0
behoove,False,0,000000,,,False,0,000000,,,0.708,0.06,0.226,0.017,0.109,0.384,0.708494,0.835079,0,0.060133,0.651832,0,0.225801,0.554974,0,0.016849,0.667539,0,0.109054,0.670157,0,0.384434,0.759162,0,0,0,0,0,0,0
believe,True,1,010000,Cm,,True,1,010000,Cm,,0.505,0.673,0.069,0.035,0.535,0.49,0.505385,0.835079,0,0.672808,0.651832,1,0.069289,0.554974,0,0.035415,0.667539,0,0.534538,0.670157,0,0.490357,0.759162,0,0,1,0,0,0,0
belong,True,1,000001,Ev,,True,4,111001,Ev,"Kn, Cm, Ap",0.758,0.603,0.534,0.114,0.218,0.858,0.758219,0.835079,0,0.602824,0.651832,0,0.534368,0.554974,0,0.113896,0.667539,0,0.218398,0.670157,0,0.858397,0.759162,1,0,0,0,0,0,1
bend,True,1,000100,An,,True,2,010100,An,Cm,0.467,0.764,0.26,0.846,0.176,0.025,0.466524,0.835079,0,0.763648,0.651832,1,0.25953,0.554974,0,0.845844,0.667539,1,0.176241,0.670157,0,0.025478,0.759162,0,0,0,0,1,0,0
benefit,False,0,000000,,,True,2,001001,Ev,Ap,0.315,0.478,0.49,0.009,0.151,0.74,0.315085,0.835079,0,0.478242,0.651832,0,0.490132,0.554974,0,0.008982,0.667539,0,0.150579,0.670157,0,0.74044,0.759162,0,0,0,0,0,0,0
bet,True,1,000001,Ev,,True,3,100101,Kn,"An, Ev",0.834,0.461,0.16,0.686,0.316,0.766,0.834305,0.835079,0,0.461435,0.651832,0,0.1602,0.554974,0,0.686234,0.667539,1,0.316209,0.670157,0,0.765974,0.759162,1,0,0,0,0,0,1
bevel,True,1,001000,Ap,,True,1,001000,Ap,,0.216,0.424,0.579,0.413,0.357,0.347,0.215704,0.835079,0,0.424386,0.651832,0,0.57923,0.554974,1,0.412576,0.667539,0,0.357322,0.670157,0,0.346558,0.759162,0,0,0,1,0,0,0
bias,True,2,000101,An,Ev,True,3,010101,An,"Cm, Ev",0.281,0.647,0.028,0.916,0.15,0.884,0.28057,0.835079,0,0.64737,0.651832,0,0.028308,0.554974,0,0.915997,0.667539,1,0.150052,0.670157,0,0.884295,0.759162,1,0,0,0,1,0,1
bicycle,True,1,000100,An,,True,3,011100,An,"Cm, Ap",0.431,0.698,0.573,0.827,0.336,0.157,0.43053,0.835079,0,0.697602,0.651832,1,0.572652,0.554974,1,0.827225,0.667539,1,0.336171,0.670157,0,0.156625,0.759162,0,0,0,0,1,0,0
bind,True,1,000100,An,,True,1,000100,An,,0.627,0.545,0.256,0.669,0.17,0.516,0.627237,0.835079,0,0.545138,0.651832,0,0.256288,0.554974,0,0.66937,0.667539,1,0.170272,0.670157,0,0.51642,0.759162,0,0,0,0,1,0,0
biodegrade,True,1,000100,An,,True,2,000101,Ev,An,0.023,0.045,0.403,0.668,0.154,0.759,0.023405,0.835079,0,0.045169,0.651832,0,0.402839,0.554974,0,0.668217,0.667539,1,0.154363,0.670157,0,0.759044,0.759162,0,0,0,0,1,0,0
bisect,True,1,000100,An,,True,2,010100,An,Cm,0.482,0.628,0.453,0.981,0.402,0.463,0.482321,0.835079,0,0.627885,0.651832,0,0.452884,0.554974,0,0.981187,0.667539,1,0.401726,0.670157,0,0.463149,0.759162,0,0,0,0,1,0,0
blacklist,False,0,000000,,,True,1,000001,Ev,,0.656,0.178,0.148,0.316,0.041,0.712,0.655662,0.835079,0,0.177662,0.651832,0,0.147984,0.554974,0,0.315536,0.667539,0,0.041466,0.670157,0,0.712407,0.759162,0,0,0,0,0,0,0
blame,False,0,000000,,,False,0,000000,,,0.192,0.232,0.367,0.354,0.148,0.425,0.191756,0.835079,0,0.23199,0.651832,0,0.367329,0.554974,0,0.354323,0.667539,0,0.148062,0.670157,0,0.42544,0.759162,0,0,0,0,0,0,0
blend,True,1,000100,An,,True,3,010110,An,"Cm, Sn",0.196,0.662,0.046,0.73,0.652,0.48,0.195728,0.835079,0,0.661868,0.651832,1,0.046447,0.554974,0,0.729887,0.667539,1,0.651825,0.670157,0,0.479708,0.759162,0,0,0,0,1,0,0
bless,False,0,000000,,,False,0,000000,,,0.651,0.433,0.148,0.315,0.111,0.176,0.650537,0.835079,0,0.43325,0.651832,0,0.148386,0.554974,0,0.314898,0.667539,0,0.111451,0.670157,0,0.176077,0.759162,0,0,0,0,0,0,0
blink,True,1,100000,Kn,,True,1,100000,Kn,,0.965,0.161,0.023,0.321,0.4,0.034,0.964512,0.835079,1,0.160553,0.651832,0,0.023126,0.554974,0,0.320951,0.667539,0,0.400266,0.670157,0,0.034032,0.759162,0,1,0,0,0,0,0
bloat,True,1,000001,Ev,,True,1,000001,Ev,,0.274,0.092,0.018,0.215,0.243,0.777,0.274103,0.835079,0,0.092176,0.651832,0,0.017717,0.554974,0,0.214546,0.667539,0,0.243066,0.670157,0,0.777493,0.759162,1,0,0,0,0,0,1
block,False,0,000000,,,False,0,000000,,,0.601,0.426,0.19,0.391,0.229,0.498,0.601368,0.835079,0,0.425584,0.651832,0,0.189629,0.554974,0,0.391148,0.667539,0,0.22945,0.670157,0,0.498432,0.759162,0,0,0,0,0,0,0
blossom,True,1,000010,Sn,,True,1,000010,Sn,,0.421,0.289,0.161,0.543,0.819,0.171,0.420636,0.835079,0,0.289174,0.651832,0,0.161395,0.554974,0,0.543275,0.667539,0,0.819493,0.670157,1,0.171245,0.759162,0,0,0,0,0,1,0
blow,True,1,001000,Ap,,True,1,001000,Ap,,0.163,0.367,0.897,0.5,0.364,0.442,0.163127,0.835079,0,0.366852,0.651832,0,0.897477,0.554974,1,0.499794,0.667539,0,0.363697,0.670157,0,0.441731,0.759162,0,0,0,1,0,0,0
blur,True,1,000100,An,,True,1,000100,An,,0.45,0.385,0.027,0.914,0.074,0.2,0.450382,0.835079,0,0.385253,0.651832,0,0.02728,0.554974,0,0.914264,0.667539,1,0.074021,0.670157,0,0.199676,0.759162,0,0,0,0,1,0,0
boast,True,1,001000,Ap,,True,2,001001,Ev,Ap,0.386,0.301,0.684,0.315,0.146,0.698,0.385691,0.835079,0,0.300893,0.651832,0,0.683943,0.554974,1,0.315479,0.667539,0,0.146007,0.670157,0,0.698059,0.759162,0,0,0,1,0,0,0
boil,False,0,000000,,,True,3,101100,Kn,"Ap, An",0.764,0.052,0.499,0.637,0.266,0.515,0.763906,0.835079,0,0.051505,0.651832,0,0.498775,0.554974,0,0.63738,0.667539,0,0.265513,0.670157,0,0.514597,0.759162,0,0,0,0,0,0,0
bolster,True,2,000011,Sn,Ev,True,2,000011,Sn,Ev,0.009,0.053,0.014,0.08,0.829,0.82,0.008852,0.835079,0,0.052538,0.651832,0,0.014183,0.554974,0,0.080216,0.667539,0,0.828539,0.670157,1,0.819502,0.759162,1,0,0,0,0,1,1
boost,True,1,000010,Sn,,True,1,000010,Sn,,0.069,0.16,0.013,0.226,0.683,0.536,0.06939,0.835079,0,0.159966,0.651832,0,0.012668,0.554974,0,0.225596,0.667539,0,0.682578,0.670157,1,0.535607,0.759162,0,0,0,0,0,1,0
bore,True,1,001000,Ap,,True,1,001000,Ap,,0.642,0.111,0.827,0.443,0.474,0.466,0.64208,0.835079,0,0.111046,0.651832,0,0.827131,0.554974,1,0.443321,0.667539,0,0.47435,0.670157,0,0.465731,0.759162,0,0,0,1,0,0,0
borrow,True,2,101000,Ap,Kn,True,2,101000,Ap,Kn,0.852,0.216,0.853,0.309,0.182,0.577,0.852292,0.835079,1,0.216291,0.651832,0,0.853496,0.554974,1,0.308646,0.667539,0,0.182272,0.670157,0,0.577113,0.759162,0,1,0,1,0,0,0
bother,False,0,000000,,,False,0,000000,,,0.7,0.046,0.238,0.294,0.376,0.52,0.699816,0.835079,0,0.0463,0.651832,0,0.238464,0.554974,0,0.29417,0.667539,0,0.376422,0.670157,0,0.52044,0.759162,0,0,0,0,0,0,0
bounce,False,0,000000,,,False,0,000000,,,0.316,0.096,0.397,0.067,0.086,0.16,0.316183,0.835079,0,0.095776,0.651832,0,0.397361,0.554974,0,0.067013,0.667539,0,0.086423,0.670157,0,0.160052,0.759162,0,0,0,0,0,0,0
bow,False,0,000000,,,True,1,001000,Ap,,0.416,0.389,0.472,0.287,0.417,0.303,0.415913,0.835079,0,0.388679,0.651832,0,0.472316,0.554974,0,0.287159,0.667539,0,0.416579,0.670157,0,0.302679,0.759162,0,0,0,0,0,0,0
brainstorm,True,1,000010,Sn,,True,3,000111,Sn,"An, Ev",0.066,0.146,0.142,0.63,0.974,0.68,0.065883,0.835079,0,0.145805,0.651832,0,0.142017,0.554974,0,0.630386,0.667539,0,0.974112,0.670157,1,0.679561,0.759162,0,0,0,0,0,1,0
breathe,False,0,000000,,,True,1,001000,Ap,,0.628,0.234,0.526,0.394,0.216,0.271,0.627593,0.835079,0,0.233959,0.651832,0,0.525614,0.554974,0,0.393793,0.667539,0,0.216167,0.670157,0,0.271063,0.759162,0,0,0,0,0,0,0
brighten,True,1,000010,Sn,,True,1,000010,Sn,,0.189,0.189,0.24,0.07,0.852,0.574,0.18861,0.835079,0,0.188907,0.651832,0,0.240115,0.554974,0,0.070257,0.667539,0,0.852489,0.670157,1,0.574021,0.759162,0,0,0,0,0,1,0
bring,True,1,100000,Kn,,True,3,101010,Kn,"Ap, Sn",0.922,0.406,0.625,0.044,0.769,0.5,0.922366,0.835079,1,0.405576,0.651832,0,0.62548,0.554974,1,0.044257,0.667539,0,0.769433,0.670157,1,0.499612,0.759162,0,1,0,0,0,0,0
broadcast,True,1,001000,Ap,,True,1,001000,Ap,,0.311,0.16,0.636,0.198,0.426,0.021,0.311319,0.835079,0,0.159811,0.651832,0,0.636224,0.554974,1,0.197701,0.667539,0,0.425828,0.670157,0,0.021166,0.759162,0,0,0,1,0,0,0
broaden,False,0,000000,,,True,2,001100,An,Ap,0.097,0.304,0.484,0.581,0.388,0.081,0.096791,0.835079,0,0.304432,0.651832,0,0.484182,0.554974,0,0.580731,0.667539,0,0.388271,0.670157,0,0.081272,0.759162,0,0,0,0,0,0,0
brominate,False,0,000000,,,True,1,000100,An,,0.163,0.299,0.017,0.643,0.28,0.565,0.163144,0.835079,0,0.299046,0.651832,0,0.01704,0.554974,0,0.642988,0.667539,0,0.279864,0.670157,0,0.564806,0.759162,0,0,0,0,0,0,0
broom,True,1,000100,An,,True,1,000100,An,,0.279,0.41,0.23,0.875,0.327,0.388,0.279324,0.835079,0,0.410166,0.651832,0,0.230268,0.554974,0,0.875186,0.667539,1,0.326877,0.670157,0,0.387543,0.759162,0,0,0,0,1,0,0
browse,True,1,100000,Kn,,True,3,101100,Kn,"Ap, An",0.95,0.491,0.519,0.865,0.198,0.259,0.950484,0.835079,1,0.490516,0.651832,0,0.518694,0.554974,0,0.864738,0.667539,1,0.197568,0.670157,0,0.258537,0.759162,0,1,0,0,0,0,0
buckle,True,1,000100,An,,True,1,000100,An,,0.582,0.054,0.451,0.682,0.176,0.198,0.582398,0.835079,0,0.053585,0.651832,0,0.450764,0.554974,0,0.682001,0.667539,1,0.17556,0.670157,0,0.197851,0.759162,0,0,0,0,1,0,0
buffer,False,0,000000,,,False,0,000000,,,0.467,0.049,0.071,0.42,0.425,0.462,0.466694,0.835079,0,0.048737,0.651832,0,0.071063,0.554974,0,0.419534,0.667539,0,0.425425,0.670157,0,0.462233,0.759162,0,0,0,0,0,0,0
burgeon,True,1,000100,An,,True,1,000100,An,,0.603,0.141,0.027,0.808,0.403,0.346,0.602757,0.835079,0,0.140934,0.651832,0,0.026782,0.554974,0,0.807547,0.667539,1,0.402822,0.670157,0,0.345619,0.759162,0,0,0,0,1,0,0
burn,True,1,001000,Ap,,True,2,001001,Ev,Ap,0.651,0.35,0.663,0.554,0.041,0.697,0.651147,0.835079,0,0.350124,0.651832,0,0.66264,0.554974,1,0.554205,0.667539,0,0.040553,0.670157,0,0.697269,0.759162,0,0,0,1,0,0,0
burrow,True,1,000100,An,,True,2,001100,An,Ap,0.588,0.306,0.634,0.877,0.519,0.163,0.588361,0.835079,0,0.305597,0.651832,0,0.633748,0.554974,1,0.87666,0.667539,1,0.519248,0.670157,0,0.163179,0.759162,0,0,0,0,1,0,0
burst,False,0,000000,,,True,1,000100,An,,0.458,0.07,0.014,0.662,0.289,0.085,0.458369,0.835079,0,0.070086,0.651832,0,0.01353,0.554974,0,0.661646,0.667539,0,0.288994,0.670157,0,0.084827,0.759162,0,0,0,0,0,0,0
bury,True,1,001000,Ap,,True,2,001100,Ap,An,0.625,0.256,0.941,0.615,0.14,0.258,0.62517,0.835079,0,0.255565,0.651832,0,0.941218,0.554974,1,0.615053,0.667539,0,0.13977,0.670157,0,0.257791,0.759162,0,0,0,1,0,0,0
buy,True,1,001000,Ap,,True,4,111001,Kn,"Cm, Ap, Ev",0.747,0.648,0.642,0.459,0.219,0.683,0.747497,0.835079,0,0.64833,0.651832,0,0.641604,0.554974,1,0.458595,0.667539,0,0.2194,0.670157,0,0.682664,0.759162,0,0,0,1,0,0,0
bypass,True,1,001000,Ap,,True,1,001000,Ap,,0.107,0.088,0.653,0.184,0.272,0.389,0.106685,0.835079,0,0.088056,0.651832,0,0.652794,0.554974,1,0.184097,0.667539,0,0.272377,0.670157,0,0.389479,0.759162,0,0,0,1,0,0,0
cache,True,1,000100,An,,True,1,000100,An,,0.512,0.07,0.205,0.845,0.171,0.405,0.511839,0.835079,0,0.069767,0.651832,0,0.205235,0.554974,0,0.84545,0.667539,1,0.170957,0.670157,0,0.405344,0.759162,0,0,0,0,1,0,0
calibrate,True,1,000001,Ev,,True,2,000101,Ev,An,0.031,0.173,0.363,0.63,0.466,0.799,0.031328,0.835079,0,0.17311,0.651832,0,0.362883,0.554974,0,0.629883,0.667539,0,0.465733,0.670157,0,0.79874,0.759162,1,0,0,0,0,0,1
call,True,1,010000,Cm,,True,3,011001,Cm,"Ap, Ev",0.607,0.776,0.628,0.303,0.202,0.757,0.607312,0.835079,0,0.776025,0.651832,1,0.628451,0.554974,1,0.302943,0.667539,0,0.202084,0.670157,0,0.756736,0.759162,0,0,1,0,0,0,0
camouflage,True,1,010000,Cm,,True,1,010000,Cm,,0.459,0.722,0.205,0.497,0.501,0.288,0.459217,0.835079,0,0.722265,0.651832,1,0.204744,0.554974,0,0.496594,0.667539,0,0.500627,0.670157,0,0.288186,0.759162,0,0,1,0,0,0,0
cancel,True,1,000001,Ev,,True,2,001001,Ev,Ap,0.48,0.424,0.695,0.26,0.087,0.814,0.480412,0.835079,0,0.42416,0.651832,0,0.69505,0.554974,1,0.260357,0.667539,0,0.087481,0.670157,0,0.814244,0.759162,1,0,0,0,0,0,1
cant,False,0,000000,,,True,3,101001,Kn,"Ap, Ev",0.801,0.145,0.505,0.286,0.035,0.74,0.80068,0.835079,0,0.144941,0.651832,0,0.50517,0.554974,0,0.286344,0.667539,0,0.034729,0.670157,0,0.73964,0.759162,0,0,0,0,0,0,0
capitalize,False,0,000000,,,True,1,100000,Kn,,0.817,0.503,0.304,0.047,0.559,0.181,0.817073,0.835079,0,0.502507,0.651832,0,0.303987,0.554974,0,0.046546,0.667539,0,0.55908,0.670157,0,0.181288,0.759162,0,0,0,0,0,0,0
carboxylate,False,0,000000,,,False,0,000000,,,0.363,0.534,0.069,0.393,0.515,0.215,0.363417,0.835079,0,0.533637,0.651832,0,0.069123,0.554974,0,0.392542,0.667539,0,0.515343,0.670157,0,0.214775,0.759162,0,0,0,0,0,0,0
care,True,1,000010,Sn,,True,3,110010,Kn,"Cm, Sn",0.747,0.564,0.348,0.057,0.742,0.239,0.746635,0.835079,0,0.56444,0.651832,0,0.348155,0.554974,0,0.057302,0.667539,0,0.741542,0.670157,1,0.238969,0.759162,0,0,0,0,0,1,0
carry,True,1,001000,Ap,,True,3,111000,Ap,"Kn, Cm",0.832,0.709,0.917,0.035,0.41,0.274,0.831938,0.835079,0,0.708735,0.651832,1,0.916566,0.554974,1,0.034984,0.667539,0,0.409781,0.670157,0,0.274309,0.759162,0,0,0,1,0,0,0
carve,True,1,001000,Ap,,True,2,001100,Ap,An,0.43,0.351,0.883,0.632,0.439,0.044,0.429633,0.835079,0,0.351196,0.651832,0,0.882627,0.554974,1,0.632269,0.667539,0,0.438877,0.670157,0,0.043647,0.759162,0,0,0,1,0,0,0
cast,True,1,000010,Sn,,True,1,000010,Sn,,0.607,0.253,0.258,0.215,0.68,0.598,0.607343,0.835079,0,0.252852,0.651832,0,0.257564,0.554974,0,0.214745,0.667539,0,0.680207,0.670157,1,0.597758,0.759162,0,0,0,0,0,1,0
catalyze,True,1,000100,An,,True,1,000100,An,,0.05,0.381,0.369,0.743,0.528,0.545,0.049906,0.835079,0,0.380855,0.651832,0,0.368753,0.554974,0,0.743121,0.667539,1,0.527731,0.670157,0,0.545097,0.759162,0,0,0,0,1,0,0
catch,False,0,000000,,,True,1,000100,An,,0.477,0.238,0.202,0.664,0.182,0.351,0.476762,0.835079,0,0.237647,0.651832,0,0.201957,0.554974,0,0.664412,0.667539,0,0.181892,0.670157,0,0.351447,0.759162,0,0,0,0,0,0,0
cater,True,3,001110,Sn,"Ap, An",True,3,001110,Sn,"Ap, An",0.425,0.349,0.63,0.846,0.879,0.198,0.425166,0.835079,0,0.34866,0.651832,0,0.630203,0.554974,1,0.846285,0.667539,1,0.878983,0.670157,1,0.198276,0.759162,0,0,0,1,1,1,0
cause,False,0,000000,,,True,1,000001,Ev,,0.572,0.388,0.407,0.395,0.114,0.732,0.572434,0.835079,0,0.388347,0.651832,0,0.406623,0.554974,0,0.394831,0.667539,0,0.114149,0.670157,0,0.731514,0.759162,0,0,0,0,0,0,0
caution,False,0,000000,,,True,2,001001,Ev,Ap,0.334,0.37,0.508,0.345,0.149,0.754,0.334087,0.835079,0,0.370288,0.651832,0,0.507636,0.554974,0,0.345029,0.667539,0,0.149335,0.670157,0,0.754014,0.759162,0,0,0,0,0,0,0
cave,True,1,000100,An,,True,2,010100,An,Cm,0.431,0.679,0.084,0.902,0.368,0.049,0.430881,0.835079,0,0.679073,0.651832,1,0.084455,0.554974,0,0.902358,0.667539,1,0.368276,0.670157,0,0.048544,0.759162,0,0,0,0,1,0,0
cease,True,2,001001,Ap,Ev,True,2,001001,Ap,Ev,0.402,0.158,0.845,0.079,0.251,0.806,0.402459,0.835079,0,0.15803,0.651832,0,0.845295,0.554974,1,0.078645,0.667539,0,0.251326,0.670157,0,0.805809,0.759162,1,0,0,1,0,0,1
cede,False,0,000000,,,True,2,001001,Ev,Ap,0.173,0.178,0.536,0.271,0.548,0.678,0.173076,0.835079,0,0.177975,0.651832,0,0.536452,0.554974,0,0.27084,0.667539,0,0.548178,0.670157,0,0.678177,0.759162,0,0,0,0,0,0,0
celebrate,True,2,101000,Kn,Ap,True,3,111000,Kn,"Cm, Ap",0.841,0.65,0.828,0.112,0.145,0.152,0.84114,0.835079,1,0.650005,0.651832,0,0.827784,0.554974,1,0.111802,0.667539,0,0.145242,0.670157,0,0.151856,0.759162,0,1,0,1,0,0,0
censor,True,1,001000,Ap,,True,3,001101,Ap,"An, Ev",0.285,0.187,0.717,0.593,0.115,0.717,0.284502,0.835079,0,0.18737,0.651832,0,0.717427,0.554974,1,0.593066,0.667539,0,0.114656,0.670157,0,0.716802,0.759162,0,0,0,1,0,0,0
centralize,True,1,000010,Sn,,True,1,000010,Sn,,0.022,0.419,0.192,0.271,0.981,0.46,0.022385,0.835079,0,0.418638,0.651832,0,0.19198,0.554974,0,0.271481,0.667539,0,0.98068,0.670157,1,0.459567,0.759162,0,0,0,0,0,1,0
centrifuge,True,1,000100,An,,True,2,001100,An,Ap,0.012,0.036,0.502,0.669,0.26,0.602,0.011891,0.835079,0,0.036053,0.651832,0,0.501817,0.554974,0,0.669071,0.667539,1,0.259687,0.670157,0,0.601779,0.759162,0,0,0,0,1,0,0
certify,False,0,000000,,,True,1,000001,Ev,,0.09,0.119,0.297,0.529,0.306,0.751,0.089563,0.835079,0,0.118928,0.651832,0,0.296845,0.554974,0,0.528806,0.667539,0,0.305946,0.670157,0,0.750995,0.759162,0,0,0,0,0,0,0
chance,True,2,100001,Kn,Ev,True,2,100001,Kn,Ev,0.848,0.269,0.075,0.525,0.552,0.847,0.847925,0.835079,1,0.268906,0.651832,0,0.074742,0.554974,0,0.52483,0.667539,0,0.551999,0.670157,0,0.846797,0.759162,1,1,0,0,0,0,1
channelize,True,1,001000,Ap,,True,1,001000,Ap,,0.007,0.507,0.703,0.047,0.43,0.04,0.007059,0.835079,0,0.507308,0.651832,0,0.702602,0.554974,1,0.047411,0.667539,0,0.42993,0.670157,0,0.040401,0.759162,0,0,0,1,0,0,0
charge,False,0,000000,,,False,0,000000,,,0.08,0.411,0.435,0.089,0.389,0.613,0.080344,0.835079,0,0.411277,0.651832,0,0.434752,0.554974,0,0.088981,0.667539,0,0.388786,0.670157,0,0.612979,0.759162,0,0,0,0,0,0,0
chase,False,0,000000,,,True,1,100000,Kn,,0.792,0.548,0.395,0.346,0.11,0.164,0.791663,0.835079,0,0.548183,0.651832,0,0.394727,0.554974,0,0.345612,0.667539,0,0.110305,0.670157,0,0.16421,0.759162,0,0,0,0,0,0,0
cheat,True,1,100000,Kn,,True,2,101000,Kn,Ap,0.857,0.05,0.562,0.563,0.227,0.533,0.856662,0.835079,1,0.049745,0.651832,0,0.561648,0.554974,1,0.562671,0.667539,0,0.226525,0.670157,0,0.532774,0.759162,0,1,0,0,0,0,0
chill,True,1,000001,Ev,,True,2,001001,Ev,Ap,0.499,0.43,0.573,0.519,0.217,0.762,0.499175,0.835079,0,0.430297,0.651832,0,0.573123,0.554974,1,0.518982,0.667539,0,0.21679,0.670157,0,0.762076,0.759162,1,0,0,0,0,0,1
chisel,True,1,000100,An,,True,1,000100,An,,0.31,0.118,0.402,0.67,0.303,0.486,0.310037,0.835079,0,0.118185,0.651832,0,0.402261,0.554974,0,0.670266,0.667539,1,0.303307,0.670157,0,0.485848,0.759162,0,0,0,0,1,0,0
chlorinate,False,0,000000,,,True,1,000001,Ev,,0.244,0.178,0.211,0.253,0.223,0.668,0.243603,0.835079,0,0.17774,0.651832,0,0.210655,0.554974,0,0.253034,0.667539,0,0.223213,0.670157,0,0.66775,0.759162,0,0,0,0,0,0,0
choke,False,0,000000,,,True,1,001000,Ap,,0.647,0.388,0.517,0.364,0.081,0.6,0.647216,0.835079,0,0.388209,0.651832,0,0.516574,0.554974,0,0.363956,0.667539,0,0.080941,0.670157,0,0.600461,0.759162,0,0,0,0,0,0,0
churn,True,1,000001,Ev,,True,2,001001,Ev,Ap,0.143,0.118,0.523,0.476,0.224,0.898,0.14315,0.835079,0,0.117533,0.651832,0,0.522776,0.554974,0,0.475661,0.667539,0,0.224474,0.670157,0,0.898497,0.759162,1,0,0,0,0,0,1
circularize,True,2,011000,Ap,Cm,True,2,011000,Ap,Cm,0.513,0.788,0.813,0.081,0.286,0.051,0.51301,0.835079,0,0.787588,0.651832,1,0.812874,0.554974,1,0.081394,0.667539,0,0.285713,0.670157,0,0.050617,0.759162,0,0,1,1,0,0,0
circulate,True,1,001000,Ap,,True,1,001000,Ap,,0.652,0.047,0.935,0.203,0.358,0.054,0.651509,0.835079,0,0.046617,0.651832,0,0.935283,0.554974,1,0.203133,0.667539,0,0.357575,0.670157,0,0.054419,0.759162,0,0,0,1,0,0,0
circumscribe,True,1,001000,Ap,,True,1,001000,Ap,,0.616,0.058,0.822,0.134,0.255,0.352,0.616173,0.835079,0,0.057596,0.651832,0,0.821578,0.554974,1,0.133543,0.667539,0,0.254914,0.670157,0,0.351604,0.759162,0,0,0,1,0,0,0
circumvent,True,1,001000,Ap,,True,1,001000,Ap,,0.107,0.047,0.862,0.121,0.355,0.475,0.10693,0.835079,0,0.047264,0.651832,0,0.861567,0.554974,1,0.120979,0.667539,0,0.354855,0.670157,0,0.47502,0.759162,0,0,0,1,0,0,0
claim,False,0,000000,,,True,1,000001,Ev,,0.662,0.472,0.46,0.529,0.252,0.713,0.661696,0.835079,0,0.472444,0.651832,0,0.460022,0.554974,0,0.528763,0.667539,0,0.2522,0.670157,0,0.713027,0.759162,0,0,0,0,0,0,0
clamp,True,1,000001,Ev,,True,1,000001,Ev,,0.401,0.299,0.021,0.352,0.172,0.862,0.400836,0.835079,0,0.299084,0.651832,0,0.020668,0.554974,0,0.351884,0.667539,0,0.172378,0.670157,0,0.862096,0.759162,1,0,0,0,0,0,1
clap,False,0,000000,,,True,1,100000,Kn,,0.824,0.173,0.355,0.102,0.203,0.17,0.824028,0.835079,0,0.173382,0.651832,0,0.354716,0.554974,0,0.102416,0.667539,0,0.203296,0.670157,0,0.169635,0.759162,0,0,0,0,0,0,0
clash,True,1,000010,Sn,,True,2,010010,Sn,Cm,0.651,0.81,0.014,0.526,0.875,0.545,0.650968,0.835079,0,0.810379,0.651832,1,0.013683,0.554974,0,0.526068,0.667539,0,0.874709,0.670157,1,0.54531,0.759162,0,0,0,0,0,1,0
cleave,False,0,000000,,,False,0,000000,,,0.388,0.204,0.242,0.389,0.094,0.442,0.388451,0.835079,0,0.203898,0.651832,0,0.241707,0.554974,0,0.388832,0.667539,0,0.094443,0.670157,0,0.442361,0.759162,0,0,0,0,0,0,0
click,True,1,100000,Kn,,True,3,101100,Kn,"Ap, An",0.935,0.358,0.613,0.621,0.034,0.175,0.935188,0.835079,1,0.357782,0.651832,0,0.613476,0.554974,1,0.620751,0.667539,0,0.034318,0.670157,0,0.174915,0.759162,0,1,0,0,0,0,0
climb,True,1,001000,Ap,,True,1,001000,Ap,,0.556,0.023,0.643,0.084,0.368,0.444,0.555712,0.835079,0,0.022919,0.651832,0,0.642516,0.554974,1,0.084381,0.667539,0,0.367946,0.670157,0,0.444088,0.759162,0,0,0,1,0,0,0
cling,True,1,000001,Ev,,True,1,000001,Ev,,0.695,0.215,0.048,0.133,0.088,0.857,0.694945,0.835079,0,0.215313,0.651832,0,0.047707,0.554974,0,0.13272,0.667539,0,0.087986,0.670157,0,0.857022,0.759162,1,0,0,0,0,0,1
cloak,False,0,000000,,,True,1,000010,Sn,,0.426,0.39,0.249,0.184,0.581,0.177,0.426203,0.835079,0,0.389841,0.651832,0,0.249497,0.554974,0,0.183696,0.667539,0,0.581227,0.670157,0,0.177295,0.759162,0,0,0,0,0,0,0
clobber,False,0,000000,,,False,0,000000,,,0.553,0.208,0.149,0.23,0.301,0.169,0.552598,0.835079,0,0.208348,0.651832,0,0.148853,0.554974,0,0.230045,0.667539,0,0.301216,0.670157,0,0.169358,0.759162,0,0,0,0,0,0,0
clock,True,4,011101,Ev,"Cm, Ap, An",True,4,011101,Ev,"Cm, Ap, An",0.514,0.699,0.582,0.729,0.327,0.766,0.514459,0.835079,0,0.69935,0.651832,1,0.582079,0.554974,1,0.728774,0.667539,1,0.326536,0.670157,0,0.765552,0.759162,1,0,1,1,1,0,1
clog,True,2,010100,An,Cm,True,2,010100,An,Cm,0.626,0.669,0.019,0.72,0.117,0.499,0.625981,0.835079,0,0.669256,0.651832,1,0.019223,0.554974,0,0.720379,0.667539,1,0.117235,0.670157,0,0.49863,0.759162,0,0,1,0,1,0,0
close,True,1,100000,Kn,,True,4,110101,Kn,"Cm, An, Ev",0.903,0.822,0.125,0.591,0.036,0.774,0.903488,0.835079,1,0.822466,0.651832,1,0.125412,0.554974,0,0.591154,0.667539,0,0.035834,0.670157,0,0.773856,0.759162,1,1,0,0,0,0,0
clump,True,2,010100,Cm,An,True,3,110100,Kn,"Cm, An",0.764,0.703,0.012,0.685,0.487,0.098,0.764,0.835079,0,0.702677,0.651832,1,0.012203,0.554974,0,0.685089,0.667539,1,0.486668,0.670157,0,0.098267,0.759162,0,0,1,0,1,0,0
co-occur,True,1,010000,Cm,,True,3,110010,Kn,"Cm, Sn",0.742,0.695,0.232,0.116,0.574,0.003,0.742325,0.835079,0,0.695289,0.651832,1,0.231918,0.554974,0,0.115851,0.667539,0,0.573783,0.670157,0,0.003132,0.759162,0,0,1,0,0,0,0
coalesce,True,1,000010,Sn,,True,2,010010,Sn,Cm,0.317,0.567,0.099,0.459,0.704,0.302,0.316807,0.835079,0,0.567187,0.651832,0,0.099421,0.554974,0,0.459212,0.667539,0,0.704073,0.670157,1,0.301575,0.759162,0,0,0,0,0,1,0
coarsen,True,1,000001,Ev,,True,2,000101,Ev,An,0.307,0.248,0.052,0.78,0.557,0.9,0.306676,0.835079,0,0.248188,0.651832,0,0.052309,0.554974,0,0.780255,0.667539,1,0.556586,0.670157,0,0.900464,0.759162,1,0,0,0,0,0,1
codify,True,1,000010,Sn,,True,1,000010,Sn,,0.038,0.493,0.205,0.182,0.957,0.557,0.038024,0.835079,0,0.493342,0.651832,0,0.205183,0.554974,0,0.182371,0.667539,0,0.957355,0.670157,1,0.557018,0.759162,0,0,0,0,0,1,0
coexist,True,1,000010,Sn,,True,2,010010,Sn,Cm,0.175,0.643,0.327,0.391,0.957,0.569,0.175382,0.835079,0,0.642685,0.651832,0,0.326639,0.554974,0,0.391197,0.667539,0,0.956807,0.670157,1,0.569287,0.759162,0,0,0,0,0,1,0
cogitate,False,0,000000,,,False,0,000000,,,0.363,0.305,0.158,0.171,0.562,0.124,0.362808,0.835079,0,0.304907,0.651832,0,0.158182,0.554974,0,0.170531,0.667539,0,0.561845,0.670157,0,0.12353,0.759162,0,0,0,0,0,0,0
coincide,True,2,110000,Kn,Cm,True,3,110010,Kn,"Cm, Sn",0.885,0.869,0.189,0.549,0.613,0.084,0.885038,0.835079,1,0.869144,0.651832,1,0.188822,0.554974,0,0.548502,0.667539,0,0.613047,0.670157,0,0.083691,0.759162,0,1,1,0,0,0,0
collapse,True,1,000001,Ev,,True,3,000111,Ev,"An, Sn",0.441,0.234,0.375,0.672,0.664,0.778,0.441291,0.835079,0,0.234248,0.651832,0,0.375251,0.554974,0,0.67186,0.667539,1,0.664254,0.670157,0,0.777599,0.759162,1,0,0,0,0,0,1
collate,True,2,010010,Sn,Cm,True,2,010010,Sn,Cm,0.514,0.737,0.411,0.169,0.791,0.04,0.514143,0.835079,0,0.737339,0.651832,1,0.411287,0.554974,0,0.168522,0.667539,0,0.791426,0.670157,1,0.040234,0.759162,0,0,1,0,0,1,0
collide,True,1,000010,Sn,,True,2,010010,Sn,Cm,0.374,0.643,0.299,0.087,0.76,0.269,0.373902,0.835079,0,0.642994,0.651832,0,0.299127,0.554974,0,0.0872,0.667539,0,0.760491,0.670157,1,0.268634,0.759162,0,0,0,0,0,1,0
collimate,False,0,000000,,,True,1,010000,Cm,,0.126,0.559,0.243,0.475,0.565,0.087,0.125735,0.835079,0,0.558951,0.651832,0,0.242878,0.554974,0,0.474659,0.667539,0,0.564612,0.670157,0,0.08722,0.759162,0,0,0,0,0,0,0
collocate,True,2,010010,Sn,Cm,True,3,011010,Sn,"Cm, Ap",0.179,0.775,0.497,0.081,0.82,0.095,0.178888,0.835079,0,0.775305,0.651832,1,0.497449,0.554974,0,0.08051,0.667539,0,0.820227,0.670157,1,0.094516,0.759162,0,0,1,0,0,1,0
colorize,True,1,010000,Cm,,True,3,011010,Cm,"Ap, Sn",0.277,0.812,0.523,0.315,0.662,0.191,0.276504,0.835079,0,0.81236,0.651832,1,0.523221,0.554974,0,0.31493,0.667539,0,0.662427,0.670157,0,0.191076,0.759162,0,0,1,0,0,0,0
comb,True,1,100000,Kn,,True,2,101000,Kn,Ap,0.919,0.299,0.512,0.537,0.465,0.065,0.919281,0.835079,1,0.298785,0.651832,0,0.512421,0.554974,0,0.537055,0.667539,0,0.464965,0.670157,0,0.065376,0.759162,0,1,0,0,0,0,0
combust,True,1,001000,Ap,,True,2,001010,Sn,Ap,0.483,0.299,0.597,0.394,0.663,0.16,0.483106,0.835079,0,0.2988,0.651832,0,0.597107,0.554974,1,0.394331,0.667539,0,0.662933,0.670157,0,0.159823,0.759162,0,0,0,1,0,0,0
come,True,1,100000,Kn,,True,1,100000,Kn,,0.846,0.535,0.312,0.292,0.307,0.327,0.846211,0.835079,1,0.535384,0.651832,0,0.311901,0.554974,0,0.292476,0.667539,0,0.306822,0.670157,0,0.327002,0.759162,0,1,0,0,0,0,0
commence,True,1,000010,Sn,,True,2,001010,Sn,Ap,0.68,0.387,0.522,0.055,0.693,0.358,0.680256,0.835079,0,0.386522,0.651832,0,0.521687,0.554974,0,0.055356,0.667539,0,0.692746,0.670157,1,0.357732,0.759162,0,0,0,0,0,1,0
commend,True,1,010000,Cm,,True,2,010001,Ev,Cm,0.254,0.656,0.222,0.087,0.096,0.719,0.253538,0.835079,0,0.656053,0.651832,1,0.222305,0.554974,0,0.086764,0.667539,0,0.096128,0.670157,0,0.718824,0.759162,0,0,1,0,0,0,0
comment,True,1,010000,Cm,,True,2,010001,Cm,Ev,0.544,0.905,0.077,0.203,0.272,0.833,0.544002,0.835079,0,0.904702,0.651832,1,0.076942,0.554974,0,0.202505,0.667539,0,0.272024,0.670157,0,0.833283,0.759162,1,0,1,0,0,0,0
commercialize,True,1,001000,Ap,,True,2,001010,Ap,Sn,0.012,0.405,0.966,0.142,0.787,0.277,0.01239,0.835079,0,0.404979,0.651832,0,0.965771,0.554974,1,0.142307,0.667539,0,0.786694,0.670157,1,0.277285,0.759162,0,0,0,1,0,0,0
commit,False,0,000000,,,False,0,000000,,,0.279,0.026,0.401,0.138,0.357,0.56,0.279209,0.835079,0,0.026214,0.651832,0,0.400573,0.554974,0,0.138319,0.667539,0,0.356718,0.670157,0,0.560209,0.759162,0,0,0,0,0,0,0
commute,True,1,010000,Cm,,True,2,011000,Cm,Ap,0.461,0.865,0.719,0.401,0.402,0.27,0.461195,0.835079,0,0.864839,0.651832,1,0.719013,0.554974,1,0.401302,0.667539,0,0.402488,0.670157,0,0.269792,0.759162,0,0,1,0,0,0,0
compartmentalize,True,1,000010,Sn,,True,3,000111,Sn,"An, Ev",0.161,0.161,0.287,0.764,0.906,0.718,0.161155,0.835079,0,0.16069,0.651832,0,0.287356,0.554974,0,0.763655,0.667539,1,0.905721,0.670157,1,0.717994,0.759162,0,0,0,0,0,1,0
compel,True,1,000001,Ev,,True,2,001001,Ev,Ap,0.162,0.108,0.63,0.242,0.286,0.899,0.162494,0.835079,0,0.107889,0.651832,0,0.629645,0.554974,1,0.242282,0.667539,0,0.286473,0.670157,0,0.899456,0.759162,1,0,0,0,0,0,1
compensate,True,1,000010,Sn,,True,2,001010,Sn,Ap,0.033,0.289,0.484,0.056,0.72,0.295,0.032616,0.835079,0,0.288522,0.651832,0,0.483994,0.554974,0,0.056368,0.667539,0,0.719883,0.670157,1,0.294732,0.759162,0,0,0,0,0,1,0
compete,True,1,001000,Ap,,True,5,011111,Ap,"Cm, An, Sn, Ev",0.651,0.786,0.86,0.598,0.758,0.8,0.650649,0.835079,0,0.786176,0.651832,1,0.860353,0.554974,1,0.59792,0.667539,0,0.758151,0.670157,1,0.799727,0.759162,1,0,0,1,0,0,0
complain,True,1,000001,Ev,,True,4,001111,Ev,"Ap, An, Sn",0.389,0.492,0.652,0.573,0.734,0.806,0.388779,0.835079,0,0.492303,0.651832,0,0.651899,0.554974,1,0.573352,0.667539,0,0.73352,0.670157,1,0.805826,0.759162,1,0,0,0,0,0,1
complement,True,1,000010,Sn,,True,1,000010,Sn,,0.19,0.487,0.256,0.092,0.692,0.577,0.189553,0.835079,0,0.48658,0.651832,0,0.255898,0.554974,0,0.091744,0.667539,0,0.692363,0.670157,1,0.57698,0.759162,0,0,0,0,0,1,0
complicate,True,1,010000,Cm,,True,2,011000,Cm,Ap,0.191,0.891,0.621,0.31,0.227,0.486,0.190652,0.835079,0,0.891438,0.651832,1,0.62062,0.554974,1,0.310281,0.667539,0,0.227086,0.670157,0,0.486347,0.759162,0,0,1,0,0,0,0
comprehend,True,1,010000,Cm,,True,2,010001,Cm,Ev,0.467,0.868,0.268,0.392,0.09,0.68,0.467418,0.835079,0,0.867673,0.651832,1,0.268459,0.554974,0,0.39238,0.667539,0,0.089513,0.670157,0,0.679837,0.759162,0,0,1,0,0,0,0
compress,True,1,001000,Ap,,True,2,001010,Ap,Sn,0.173,0.29,0.827,0.207,0.586,0.404,0.172676,0.835079,0,0.290417,0.651832,0,0.827324,0.554974,1,0.207132,0.667539,0,0.585524,0.670157,0,0.404183,0.759162,0,0,0,1,0,0,0
comprise,True,2,010010,Sn,Cm,True,2,010010,Sn,Cm,0.389,0.755,0.142,0.354,0.811,0.457,0.389305,0.835079,0,0.754732,0.651832,1,0.14206,0.554974,0,0.353755,0.667539,0,0.811244,0.670157,1,0.456746,0.759162,0,0,1,0,0,1,0
compromise,True,1,000100,An,,True,3,000111,An,"Sn, Ev",0.023,0.027,0.018,0.886,0.694,0.789,0.022909,0.835079,0,0.02709,0.651832,0,0.017635,0.554974,0,0.885539,0.667539,1,0.694112,0.670157,1,0.789032,0.759162,1,0,0,0,1,0,0
computerize,True,1,000010,Sn,,True,3,011010,Sn,"Cm, Ap",0.039,0.562,0.794,0.208,0.963,0.465,0.038878,0.835079,0,0.561693,0.651832,0,0.794174,0.554974,1,0.207671,0.667539,0,0.963179,0.670157,1,0.464763,0.759162,0,0,0,0,0,1,0
con,True,1,000001,Ev,,True,2,000101,Ev,An,0.366,0.256,0.093,0.67,0.396,0.771,0.366448,0.835079,0,0.256367,0.651832,0,0.093398,0.554974,0,0.669933,0.667539,1,0.396477,0.670157,0,0.770721,0.759162,1,0,0,0,0,0,1
conceal,True,1,001000,Ap,,True,1,001000,Ap,,0.65,0.452,0.776,0.352,0.393,0.161,0.649559,0.835079,0,0.451775,0.651832,0,0.776071,0.554974,1,0.351711,0.667539,0,0.393026,0.670157,0,0.161438,0.759162,0,0,0,1,0,0,0
conceive,True,1,000001,Ev,,True,3,001011,Ev,"Ap, Sn",0.51,0.056,0.632,0.03,0.731,0.804,0.510062,0.835079,0,0.056089,0.651832,0,0.631521,0.554974,1,0.030191,0.667539,0,0.73145,0.670157,1,0.804287,0.759162,1,0,0,0,0,0,1
concentrate,False,0,000000,,,True,2,100100,Kn,An,0.759,0.174,0.177,0.595,0.144,0.256,0.759459,0.835079,0,0.174,0.651832,0,0.177127,0.554974,0,0.595337,0.667539,0,0.144338,0.670157,0,0.256221,0.759162,0,0,0,0,0,0,0
conceptualize,True,1,010000,Cm,,True,2,010010,Cm,Sn,0.164,0.891,0.208,0.476,0.633,0.637,0.163584,0.835079,0,0.890977,0.651832,1,0.208312,0.554974,0,0.476358,0.667539,0,0.63337,0.670157,0,0.636803,0.759162,0,0,1,0,0,0,0
condense,True,1,000001,Ev,,True,2,001001,Ev,Ap,0.104,0.393,0.493,0.532,0.53,0.774,0.104334,0.835079,0,0.392956,0.651832,0,0.492697,0.554974,0,0.532342,0.667539,0,0.52983,0.670157,0,0.773886,0.759162,1,0,0,0,0,0,1
conduce,True,1,000010,Sn,,True,2,001010,Sn,Ap,0.008,0.3,0.635,0.408,0.731,0.268,0.008189,0.835079,0,0.300498,0.651832,0,0.635105,0.554974,1,0.408159,0.667539,0,0.73109,0.670157,1,0.267546,0.759162,0,0,0,0,0,1,0
confer,True,1,000010,Sn,,True,1,000010,Sn,,0.472,0.393,0.099,0.035,0.97,0.48,0.471662,0.835079,0,0.392728,0.651832,0,0.099491,0.554974,0,0.034691,0.667539,0,0.969735,0.670157,1,0.479977,0.759162,0,0,0,0,0,1,0
configure,True,1,000010,Sn,,True,1,000010,Sn,,0.01,0.047,0.444,0.516,0.958,0.31,0.01048,0.835079,0,0.046838,0.651832,0,0.443633,0.554974,0,0.515733,0.667539,0,0.958089,0.670157,1,0.310433,0.759162,0,0,0,0,0,1,0
confine,False,0,000000,,,True,2,001010,Sn,Ap,0.051,0.436,0.517,0.396,0.641,0.538,0.051124,0.835079,0,0.436111,0.651832,0,0.516669,0.554974,0,0.396332,0.667539,0,0.641315,0.670157,0,0.537799,0.759162,0,0,0,0,0,0,0
conform,True,1,000010,Sn,,True,3,001011,Sn,"Ap, Ev",0.052,0.238,0.723,0.495,0.859,0.796,0.052212,0.835079,0,0.237586,0.651832,0,0.722649,0.554974,1,0.495045,0.667539,0,0.85912,0.670157,1,0.795659,0.759162,1,0,0,0,0,1,0
confound,False,0,000000,,,False,0,000000,,,0.175,0.445,0.156,0.525,0.166,0.289,0.175242,0.835079,0,0.445276,0.651832,0,0.155851,0.554974,0,0.525007,0.667539,0,0.165964,0.670157,0,0.288769,0.759162,0,0,0,0,0,0,0
confront,True,1,000100,An,,True,2,000110,An,Sn,0.36,0.268,0.451,0.835,0.597,0.374,0.35954,0.835079,0,0.268356,0.651832,0,0.451248,0.554974,0,0.834932,0.667539,1,0.59678,0.670157,0,0.373639,0.759162,0,0,0,0,1,0,0
confuse,True,2,010100,An,Cm,True,2,010100,An,Cm,0.538,0.908,0.439,0.955,0.152,0.521,0.537954,0.835079,0,0.908413,0.651832,1,0.439111,0.554974,0,0.954684,0.667539,1,0.151733,0.670157,0,0.521441,0.759162,0,0,1,0,1,0,0
congest,False,0,000000,,,True,1,010000,Cm,,0.557,0.627,0.139,0.135,0.438,0.5,0.556589,0.835079,0,0.627245,0.651832,0,0.138802,0.554974,0,0.134713,0.667539,0,0.438188,0.670157,0,0.499501,0.759162,0,0,0,0,0,0,0
congregate,True,1,000010,Sn,,True,2,100010,Sn,Kn,0.817,0.382,0.239,0.04,0.823,0.141,0.816503,0.835079,0,0.381649,0.651832,0,0.239059,0.554974,0,0.039803,0.667539,0,0.823354,0.670157,1,0.140893,0.759162,0,0,0,0,0,1,0
conjoin,True,1,000010,Sn,,True,1,000010,Sn,,0.28,0.39,0.049,0.036,0.746,0.087,0.280264,0.835079,0,0.389674,0.651832,0,0.049454,0.554974,0,0.035738,0.667539,0,0.746423,0.670157,1,0.087358,0.759162,0,0,0,0,0,1,0
conjugate,True,1,001000,Ap,,True,1,001000,Ap,,0.072,0.549,0.565,0.2,0.425,0.426,0.071518,0.835079,0,0.548639,0.651832,0,0.564929,0.554974,1,0.199922,0.667539,0,0.425394,0.670157,0,0.425575,0.759162,0,0,0,1,0,0,0
conjure,True,1,000010,Sn,,True,2,001010,Sn,Ap,0.279,0.161,0.63,0.011,0.846,0.259,0.279041,0.835079,0,0.161024,0.651832,0,0.629854,0.554974,1,0.010641,0.667539,0,0.846282,0.670157,1,0.25905,0.759162,0,0,0,0,0,1,0
connote,True,1,010000,Cm,,True,1,010000,Cm,,0.514,0.892,0.078,0.033,0.433,0.417,0.513598,0.835079,0,0.891949,0.651832,1,0.078435,0.554974,0,0.033425,0.667539,0,0.433002,0.670157,0,0.417247,0.759162,0,0,1,0,0,0,0
conserve,True,2,001001,Ap,Ev,True,2,001001,Ap,Ev,0.148,0.169,0.882,0.087,0.224,0.862,0.148076,0.835079,0,0.168689,0.651832,0,0.881709,0.554974,1,0.086616,0.667539,0,0.224023,0.670157,0,0.862335,0.759162,1,0,0,1,0,0,1
consist,True,1,000010,Sn,,True,1,000010,Sn,,0.425,0.388,0.437,0.409,0.836,0.427,0.424643,0.835079,0,0.388454,0.651832,0,0.437211,0.554974,0,0.409315,0.667539,0,0.835833,0.670157,1,0.426638,0.759162,0,0,0,0,0,1,0
constitute,True,2,010001,Ev,Cm,True,3,010011,Ev,"Cm, Sn",0.541,0.871,0.144,0.354,0.664,0.9,0.541054,0.835079,0,0.870685,0.651832,1,0.143555,0.554974,0,0.354416,0.667539,0,0.663682,0.670157,0,0.900006,0.759162,1,0,1,0,0,0,1
constrain,True,1,000001,Ev,,True,2,000101,Ev,An,0.159,0.088,0.185,0.65,0.34,0.877,0.159216,0.835079,0,0.087756,0.651832,0,0.184756,0.554974,0,0.650399,0.667539,0,0.339844,0.670157,0,0.877445,0.759162,1,0,0,0,0,0,1
constrict,False,0,000000,,,True,1,000100,An,,0.067,0.268,0.445,0.585,0.07,0.237,0.066591,0.835079,0,0.267875,0.651832,0,0.444638,0.554974,0,0.585172,0.667539,0,0.069785,0.670157,0,0.23722,0.759162,0,0,0,0,0,0,0
construe,False,0,000000,,,True,2,000110,An,Sn,0.021,0.502,0.224,0.626,0.615,0.582,0.020859,0.835079,0,0.501852,0.651832,0,0.223796,0.554974,0,0.626075,0.667539,0,0.614696,0.670157,0,0.582495,0.759162,0,0,0,0,0,0,0
consume,True,1,001000,Ap,,True,3,101100,Ap,"Kn, An",0.894,0.174,0.988,0.583,0.062,0.257,0.893735,0.835079,1,0.173849,0.651832,0,0.987708,0.554974,1,0.582647,0.667539,0,0.06212,0.670157,0,0.257182,0.759162,0,0,0,1,0,0,0
contain,True,1,001000,Ap,,True,2,001001,Ap,Ev,0.673,0.482,0.769,0.103,0.469,0.716,0.672815,0.835079,0,0.481813,0.651832,0,0.768983,0.554974,1,0.103329,0.667539,0,0.469232,0.670157,0,0.715832,0.759162,0,0,0,1,0,0,0
containerize,True,1,000010,Sn,,True,1,000010,Sn,,0.036,0.352,0.295,0.09,0.926,0.454,0.036236,0.835079,0,0.35213,0.651832,0,0.294924,0.554974,0,0.089577,0.667539,0,0.926369,0.670157,1,0.454242,0.759162,0,0,0,0,0,1,0
contaminate,True,1,001000,Ap,,True,2,001001,Ap,Ev,0.012,0.098,0.845,0.355,0.111,0.67,0.011712,0.835079,0,0.097758,0.651832,0,0.844817,0.554974,1,0.355425,0.667539,0,0.11074,0.670157,0,0.670427,0.759162,0,0,0,1,0,0,0
contemplate,True,1,000010,Sn,,True,3,100110,Sn,"Kn, An",0.846,0.052,0.192,0.669,0.935,0.465,0.84591,0.835079,1,0.052455,0.651832,0,0.192487,0.554974,0,0.669289,0.667539,1,0.934697,0.670157,1,0.465297,0.759162,0,0,0,0,0,1,0
contend,True,2,000011,Ev,Sn,True,2,000011,Ev,Sn,0.38,0.346,0.463,0.522,0.856,0.899,0.38032,0.835079,0,0.346112,0.651832,0,0.462822,0.554974,0,0.521866,0.667539,0,0.856246,0.670157,1,0.899337,0.759162,1,0,0,0,0,1,1
continue,True,1,001000,Ap,,True,3,111000,Ap,"Kn, Cm",0.757,0.662,0.839,0.32,0.172,0.514,0.757441,0.835079,0,0.661834,0.651832,1,0.839367,0.554974,1,0.320245,0.667539,0,0.171654,0.670157,0,0.514419,0.759162,0,0,0,1,0,0,0
contradict,True,3,010101,Ev,"Cm, An",True,4,011101,Ev,"Cm, Ap, An",0.25,0.74,0.491,0.671,0.3,0.8,0.249554,0.835079,0,0.739978,0.651832,1,0.491464,0.554974,0,0.670912,0.667539,1,0.300452,0.670157,0,0.799602,0.759162,1,0,1,0,1,0,1
contrive,True,1,000001,Ev,,True,1,000001,Ev,,0.076,0.008,0.17,0.259,0.519,0.834,0.076221,0.835079,0,0.007881,0.651832,0,0.1701,0.554974,0,0.259039,0.667539,0,0.519116,0.670157,0,0.833941,0.759162,1,0,0,0,0,0,1
convect,False,0,000000,,,True,1,010000,Cm,,0.032,0.574,0.296,0.508,0.398,0.24,0.032093,0.835079,0,0.574424,0.651832,0,0.295672,0.554974,0,0.508097,0.667539,0,0.398341,0.670157,0,0.239989,0.759162,0,0,0,0,0,0,0
convene,True,1,000010,Sn,,True,1,000010,Sn,,0.236,0.201,0.027,0.173,0.957,0.491,0.235514,0.835079,0,0.201373,0.651832,0,0.026794,0.554974,0,0.172865,0.667539,0,0.956765,0.670157,1,0.490565,0.759162,0,0,0,0,0,1,0
converge,True,1,000100,An,,True,2,000101,Ev,An,0.521,0.29,0.027,0.708,0.325,0.759,0.521057,0.835079,0,0.289673,0.651832,0,0.027109,0.554974,0,0.708029,0.667539,1,0.325157,0.670157,0,0.7588,0.759162,0,0,0,0,1,0,0
convolve,False,0,000000,,,True,2,010010,Cm,Sn,0.119,0.633,0.436,0.114,0.595,0.15,0.118918,0.835079,0,0.632835,0.651832,0,0.435582,0.554974,0,0.114009,0.667539,0,0.594832,0.670157,0,0.149894,0.759162,0,0,0,0,0,0,0
cook,True,1,001000,Ap,,True,4,001111,Ap,"An, Sn, Ev",0.298,0.162,0.926,0.863,0.729,0.718,0.297851,0.835079,0,0.162138,0.651832,0,0.926337,0.554974,1,0.86254,0.667539,1,0.728822,0.670157,1,0.717527,0.759162,0,0,0,1,0,0,0
cooperate,True,1,000010,Sn,,True,2,001010,Sn,Ap,0.105,0.354,0.554,0.151,0.92,0.048,0.105337,0.835079,0,0.353888,0.651832,0,0.553618,0.554974,0,0.1507,0.667539,0,0.919548,0.670157,1,0.047929,0.759162,0,0,0,0,0,1,0
corner,True,1,010000,Cm,,True,1,010000,Cm,,0.554,0.816,0.041,0.523,0.245,0.29,0.554237,0.835079,0,0.815927,0.651832,1,0.040715,0.554974,0,0.523174,0.667539,0,0.244699,0.670157,0,0.289825,0.759162,0,0,1,0,0,0,0
correct,False,0,000000,,,False,0,000000,,,0.635,0.427,0.41,0.119,0.041,0.082,0.634689,0.835079,0,0.426505,0.651832,0,0.409761,0.554974,0,0.118588,0.667539,0,0.041232,0.670157,0,0.081609,0.759162,0,0,0,0,0,0,0
corrode,True,1,000001,Ev,,True,2,001001,Ev,Ap,0.234,0.337,0.563,0.511,0.058,0.859,0.234047,0.835079,0,0.33653,0.651832,0,0.562564,0.554974,1,0.511087,0.667539,0,0.0585,0.670157,0,0.858722,0.759162,1,0,0,0,0,0,1
counteract,True,1,000001,Ev,,True,2,001001,Ev,Ap,0.163,0.125,0.631,0.038,0.52,0.82,0.162829,0.835079,0,0.124795,0.651832,0,0.631098,0.554974,1,0.038117,0.667539,0,0.520131,0.670157,0,0.819796,0.759162,1,0,0,0,0,0,1
counterbalance,True,1,000001,Ev,,True,2,000011,Ev,Sn,0.19,0.071,0.03,0.219,0.732,0.951,0.190113,0.835079,0,0.070608,0.651832,0,0.029874,0.554974,0,0.218591,0.667539,0,0.732104,0.670157,1,0.950756,0.759162,1,0,0,0,0,0,1
cover,True,1,100000,Kn,,True,2,110000,Kn,Cm,0.873,0.703,0.383,0.347,0.242,0.579,0.87277,0.835079,1,0.702507,0.651832,1,0.382643,0.554974,0,0.34709,0.667539,0,0.242478,0.670157,0,0.579483,0.759162,0,1,0,0,0,0,0
crack,True,2,000101,An,Ev,True,2,000101,An,Ev,0.299,0.028,0.059,0.846,0.146,0.834,0.298584,0.835079,0,0.027939,0.651832,0,0.059209,0.554974,0,0.846053,0.667539,1,0.146039,0.670157,0,0.833827,0.759162,1,0,0,0,1,0,1
crawl,True,1,100000,Kn,,True,3,101100,Kn,"Ap, An",0.965,0.161,0.531,0.859,0.058,0.081,0.964558,0.835079,1,0.160789,0.651832,0,0.530712,0.554974,0,0.858524,0.667539,1,0.058081,0.670157,0,0.080649,0.759162,0,1,0,0,0,0,0
creep,True,1,000100,An,,True,2,100100,An,Kn,0.817,0.449,0.212,0.837,0.096,0.092,0.81651,0.835079,0,0.448938,0.651832,0,0.211888,0.554974,0,0.836857,0.667539,1,0.09582,0.670157,0,0.092123,0.759162,0,0,0,0,1,0,0
crowd,True,1,010000,Cm,,True,2,110000,Cm,Kn,0.738,0.776,0.162,0.567,0.425,0.56,0.737511,0.835079,0,0.775716,0.651832,1,0.161802,0.554974,0,0.566703,0.667539,0,0.424877,0.670157,0,0.559709,0.759162,0,0,1,0,0,0,0
crumble,True,1,000001,Ev,,True,3,000111,Ev,"An, Sn",0.266,0.326,0.149,0.627,0.599,0.886,0.265921,0.835079,0,0.326267,0.651832,0,0.149008,0.554974,0,0.626549,0.667539,0,0.598891,0.670157,0,0.885708,0.759162,1,0,0,0,0,0,1
crumple,True,1,000100,An,,True,2,010100,An,Cm,0.315,0.655,0.018,0.859,0.564,0.414,0.314544,0.835079,0,0.655287,0.651832,1,0.017714,0.554974,0,0.859024,0.667539,1,0.564009,0.670157,0,0.414294,0.759162,0,0,0,0,1,0,0
crush,True,1,100000,Kn,,True,1,100000,Kn,,0.96,0.476,0.447,0.282,0.245,0.485,0.959556,0.835079,1,0.475896,0.651832,0,0.446984,0.554974,0,0.281785,0.667539,0,0.244546,0.670157,0,0.484883,0.759162,0,1,0,0,0,0,0
cry,False,0,000000,,,True,1,100000,Kn,,0.767,0.326,0.439,0.421,0.529,0.57,0.766992,0.835079,0,0.326433,0.651832,0,0.438838,0.554974,0,0.421196,0.667539,0,0.529356,0.670157,0,0.570225,0.759162,0,0,0,0,0,0,0
crystallize,False,0,000000,,,True,2,000110,Sn,An,0.051,0.383,0.148,0.581,0.662,0.345,0.051426,0.835079,0,0.383122,0.651832,0,0.148437,0.554974,0,0.580652,0.667539,0,0.661929,0.670157,0,0.345177,0.759162,0,0,0,0,0,0,0
cull,False,0,000000,,,True,1,000001,Ev,,0.507,0.33,0.254,0.528,0.09,0.715,0.506529,0.835079,0,0.33046,0.651832,0,0.254355,0.554974,0,0.528332,0.667539,0,0.089915,0.670157,0,0.715411,0.759162,0,0,0,0,0,0,0
culminate,False,0,000000,,,True,1,010000,Cm,,0.589,0.602,0.055,0.472,0.26,0.457,0.588738,0.835079,0,0.602175,0.651832,0,0.054541,0.554974,0,0.472022,0.667539,0,0.259525,0.670157,0,0.456569,0.759162,0,0,0,0,0,0,0
curtail,False,0,000000,,,False,0,000000,,,0.29,0.216,0.212,0.33,0.498,0.481,0.289807,0.835079,0,0.216453,0.651832,0,0.211849,0.554974,0,0.33035,0.667539,0,0.497529,0.670157,0,0.481433,0.759162,0,0,0,0,0,0,0
cuss,True,1,001000,Ap,,True,1,001000,Ap,,0.44,0.417,0.868,0.232,0.333,0.514,0.439849,0.835079,0,0.416862,0.651832,0,0.868413,0.554974,1,0.231666,0.667539,0,0.33284,0.670157,0,0.51429,0.759162,0,0,0,1,0,0,0
cut,True,1,000100,An,,True,2,001100,An,Ap,0.588,0.373,0.608,0.956,0.095,0.485,0.588273,0.835079,0,0.372739,0.651832,0,0.607689,0.554974,1,0.955815,0.667539,1,0.094996,0.670157,0,0.484726,0.759162,0,0,0,0,1,0,0
damage,True,1,001000,Ap,,True,1,001000,Ap,,0.146,0.409,0.738,0.067,0.075,0.568,0.146107,0.835079,0,0.408525,0.651832,0,0.737993,0.554974,1,0.067096,0.667539,0,0.075448,0.670157,0,0.568433,0.759162,0,0,0,1,0,0,0
damp,True,1,010000,Cm,,True,1,010000,Cm,,0.469,0.764,0.14,0.336,0.556,0.617,0.468551,0.835079,0,0.763752,0.651832,1,0.140411,0.554974,0,0.336008,0.667539,0,0.555824,0.670157,0,0.616678,0.759162,0,0,1,0,0,0,0
dangle,True,1,000100,An,,True,1,000100,An,,0.575,0.089,0.029,0.724,0.112,0.449,0.574933,0.835079,0,0.088971,0.651832,0,0.028633,0.554974,0,0.724278,0.667539,1,0.111733,0.670157,0,0.449162,0.759162,0,0,0,0,1,0,0
dare,True,1,001000,Ap,,True,1,001000,Ap,,0.708,0.04,0.637,0.301,0.199,0.429,0.707877,0.835079,0,0.039947,0.651832,0,0.637245,0.554974,1,0.301301,0.667539,0,0.198782,0.670157,0,0.429289,0.759162,0,0,0,1,0,0,0
darken,True,1,001000,Ap,,True,1,001000,Ap,,0.197,0.219,0.7,0.244,0.42,0.456,0.197207,0.835079,0,0.218855,0.651832,0,0.700464,0.554974,1,0.243948,0.667539,0,0.420289,0.670157,0,0.455818,0.759162,0,0,0,1,0,0,0
de-emphasize,True,1,010000,Cm,,True,1,010000,Cm,,0.142,0.739,0.233,0.356,0.176,0.289,0.141919,0.835079,0,0.739358,0.651832,1,0.232678,0.554974,0,0.355521,0.667539,0,0.175976,0.670157,0,0.288644,0.759162,0,0,1,0,0,0,0
deactivate,True,1,001000,Ap,,True,2,001001,Ev,Ap,0.023,0.042,0.678,0.315,0.108,0.715,0.02278,0.835079,0,0.041582,0.651832,0,0.678165,0.554974,1,0.315122,0.667539,0,0.108438,0.670157,0,0.714656,0.759162,0,0,0,1,0,0,0
deal,True,1,000100,An,,True,1,000100,An,,0.346,0.178,0.062,0.671,0.411,0.425,0.346418,0.835079,0,0.178068,0.651832,0,0.062321,0.554974,0,0.670507,0.667539,1,0.410766,0.670157,0,0.425089,0.759162,0,0,0,0,1,0,0
debunk,True,2,000101,An,Ev,True,2,000101,An,Ev,0.021,0.168,0.013,0.877,0.139,0.849,0.021485,0.835079,0,0.168269,0.651832,0,0.012626,0.554974,0,0.876745,0.667539,1,0.139299,0.670157,0,0.849308,0.759162,1,0,0,0,1,0,1
decarboxylate,False,0,000000,,,False,0,000000,,,0.254,0.203,0.139,0.355,0.334,0.463,0.253591,0.835079,0,0.202913,0.651832,0,0.139089,0.554974,0,0.355411,0.667539,0,0.334313,0.670157,0,0.462631,0.759162,0,0,0,0,0,0,0
deceive,False,0,000000,,,False,0,000000,,,0.256,0.047,0.457,0.185,0.172,0.641,0.25612,0.835079,0,0.046587,0.651832,0,0.456614,0.554974,0,0.184985,0.667539,0,0.172032,0.670157,0,0.641416,0.759162,0,0,0,0,0,0,0
decelerate,True,1,001000,Ap,,True,1,001000,Ap,,0.127,0.087,0.714,0.079,0.075,0.518,0.126923,0.835079,0,0.086733,0.651832,0,0.714019,0.554974,1,0.07901,0.667539,0,0.075232,0.670157,0,0.517847,0.759162,0,0,0,1,0,0,0
decentralize,True,1,000010,Sn,,True,2,000011,Sn,Ev,0.011,0.203,0.1,0.42,0.938,0.679,0.010954,0.835079,0,0.203041,0.651832,0,0.099829,0.554974,0,0.419654,0.667539,0,0.938381,0.670157,1,0.679148,0.759162,0,0,0,0,0,1,0
decimate,True,1,001000,Ap,,True,2,001001,Ap,Ev,0.012,0.153,0.82,0.395,0.236,0.67,0.012245,0.835079,0,0.152706,0.651832,0,0.819733,0.554974,1,0.395025,0.667539,0,0.236265,0.670157,0,0.670236,0.759162,0,0,0,1,0,0,0
decipher,True,1,001000,Ap,,True,2,011000,Ap,Cm,0.316,0.623,0.653,0.42,0.325,0.523,0.315648,0.835079,0,0.623261,0.651832,0,0.65259,0.554974,1,0.419588,0.667539,0,0.325477,0.670157,0,0.523172,0.759162,0,0,0,1,0,0,0
deck,True,1,000010,Sn,,True,5,111011,Kn,"Cm, Ap, Sn, Ev",0.796,0.593,0.508,0.21,0.729,0.715,0.796109,0.835079,0,0.592828,0.651832,0,0.508246,0.554974,0,0.209581,0.667539,0,0.729113,0.670157,1,0.715182,0.759162,0,0,0,0,0,1,0
declare,True,2,010010,Sn,Cm,True,5,111011,Kn,"Cm, Ap, Sn, Ev",0.753,0.699,0.495,0.142,0.727,0.716,0.752684,0.835079,0,0.698544,0.651832,1,0.495015,0.554974,0,0.141757,0.667539,0,0.727293,0.670157,1,0.716404,0.759162,0,0,1,0,0,1,0
decline,True,1,000001,Ev,,True,2,001001,Ev,Ap,0.386,0.047,0.736,0.529,0.398,0.9,0.386309,0.835079,0,0.046734,0.651832,0,0.736216,0.554974,1,0.52946,0.667539,0,0.39801,0.670157,0,0.90032,0.759162,1,0,0,0,0,0,1
decode,True,1,001000,Ap,,True,1,001000,Ap,,0.107,0.199,0.862,0.086,0.406,0.179,0.107277,0.835079,0,0.199401,0.651832,0,0.862353,0.554974,1,0.085815,0.667539,0,0.405814,0.670157,0,0.178602,0.759162,0,0,0,1,0,0,0
decompose,True,2,001100,Ap,An,True,3,001101,Ap,"An, Ev",0.089,0.205,0.898,0.845,0.286,0.646,0.088777,0.835079,0,0.205363,0.651832,0,0.897821,0.554974,1,0.845122,0.667539,1,0.285762,0.670157,0,0.646179,0.759162,0,0,0,1,1,0,0
deconstruct,True,1,001000,Ap,,True,2,001010,Ap,Sn,0.007,0.197,0.839,0.559,0.581,0.386,0.006768,0.835079,0,0.196518,0.651832,0,0.839461,0.554974,1,0.558857,0.667539,0,0.581411,0.670157,0,0.386092,0.759162,0,0,0,1,0,0,0
decorate,True,1,001000,Ap,,True,3,011010,Ap,"Cm, Sn",0.606,0.662,0.98,0.087,0.905,0.158,0.606428,0.835079,0,0.662262,0.651832,1,0.979526,0.554974,1,0.087491,0.667539,0,0.904889,0.670157,1,0.158123,0.759162,0,0,0,1,0,0,0
decouple,False,0,000000,,,True,1,000100,An,,0.05,0.16,0.068,0.623,0.337,0.427,0.050191,0.835079,0,0.160118,0.651832,0,0.067738,0.554974,0,0.623128,0.667539,0,0.336984,0.670157,0,0.426845,0.759162,0,0,0,0,0,0,0
decrease,True,1,001000,Ap,,True,1,001000,Ap,,0.135,0.088,0.828,0.214,0.368,0.275,0.134513,0.835079,0,0.088073,0.651832,0,0.828259,0.554974,1,0.213605,0.667539,0,0.368474,0.670157,0,0.275122,0.759162,0,0,0,1,0,0,0
decrypt,True,1,001000,Ap,,True,1,001000,Ap,,0.083,0.169,0.848,0.322,0.095,0.526,0.083078,0.835079,0,0.169305,0.651832,0,0.84842,0.554974,1,0.321668,0.667539,0,0.094527,0.670157,0,0.52592,0.759162,0,0,0,1,0,0,0
dedicate,True,1,000001,Ev,,True,1,000001,Ev,,0.386,0.352,0.073,0.427,0.104,0.9,0.3864,0.835079,0,0.351799,0.651832,0,0.07278,0.554974,0,0.427012,0.667539,0,0.104152,0.670157,0,0.900351,0.759162,1,0,0,0,0,0,1
deduct,True,1,001000,Ap,,True,1,001000,Ap,,0.089,0.53,0.755,0.225,0.088,0.545,0.088902,0.835079,0,0.529586,0.651832,0,0.754697,0.554974,1,0.224855,0.667539,0,0.087664,0.670157,0,0.545241,0.759162,0,0,0,1,0,0,0
deem,True,1,000001,Ev,,True,2,000101,Ev,An,0.297,0.381,0.07,0.651,0.07,0.991,0.296644,0.835079,0,0.380895,0.651832,0,0.070301,0.554974,0,0.650519,0.667539,0,0.070224,0.670157,0,0.991228,0.759162,1,0,0,0,0,0,1
deepen,True,1,001000,Ap,,True,1,001000,Ap,,0.41,0.359,0.637,0.518,0.1,0.459,0.409616,0.835079,0,0.359051,0.651832,0,0.637058,0.554974,1,0.51838,0.667539,0,0.100304,0.670157,0,0.459341,0.759162,0,0,0,1,0,0,0
default,True,1,000100,An,,True,3,000111,An,"Sn, Ev",0.148,0.043,0.022,0.848,0.753,0.752,0.148448,0.835079,0,0.043471,0.651832,0,0.021527,0.554974,0,0.847949,0.667539,1,0.752782,0.670157,1,0.751819,0.759162,0,0,0,0,1,0,0
defeat,True,2,001001,Ev,Ap,True,2,001001,Ev,Ap,0.599,0.206,0.806,0.261,0.244,0.848,0.599278,0.835079,0,0.205578,0.651832,0,0.806144,0.554974,1,0.261368,0.667539,0,0.244477,0.670157,0,0.847671,0.759162,1,0,0,1,0,0,1
defect,True,1,000100,An,,True,1,000100,An,,0.235,0.389,0.161,0.864,0.095,0.181,0.235209,0.835079,0,0.389093,0.651832,0,0.161137,0.554974,0,0.863996,0.667539,1,0.095152,0.670157,0,0.181139,0.759162,0,0,0,0,1,0,0
defer,True,1,000001,Ev,,True,1,000001,Ev,,0.257,0.317,0.326,0.376,0.198,0.951,0.256993,0.835079,0,0.316951,0.651832,0,0.326493,0.554974,0,0.376367,0.667539,0,0.197646,0.670157,0,0.951387,0.759162,1,0,0,0,0,0,1
deflate,True,1,000001,Ev,,True,2,001001,Ev,Ap,0.003,0.461,0.506,0.551,0.311,0.834,0.002618,0.835079,0,0.460613,0.651832,0,0.505547,0.554974,0,0.550691,0.667539,0,0.310907,0.670157,0,0.833509,0.759162,1,0,0,0,0,0,1
deflect,True,1,000001,Ev,,True,1,000001,Ev,,0.02,0.176,0.173,0.286,0.395,0.891,0.019513,0.835079,0,0.17639,0.651832,0,0.173146,0.554974,0,0.285902,0.667539,0,0.395076,0.670157,0,0.890921,0.759162,1,0,0,0,0,0,1
deform,True,1,001000,Ap,,True,2,001010,Ap,Sn,0.022,0.221,0.777,0.525,0.583,0.104,0.022285,0.835079,0,0.22119,0.651832,0,0.776824,0.554974,1,0.525133,0.667539,0,0.582578,0.670157,0,0.104345,0.759162,0,0,0,1,0,0,0
defy,False,0,000000,,,True,2,001001,Ev,Ap,0.147,0.381,0.519,0.51,0.103,0.758,0.146973,0.835079,0,0.381049,0.651832,0,0.51911,0.554974,0,0.510292,0.667539,0,0.103021,0.670157,0,0.757761,0.759162,0,0,0,0,0,0,0
degenerate,True,2,010001,Ev,Cm,True,4,110101,Ev,"Kn, Cm, An",0.713,0.742,0.059,0.613,0.057,0.779,0.712686,0.835079,0,0.741585,0.651832,1,0.058873,0.554974,0,0.613326,0.667539,0,0.057034,0.670157,0,0.779064,0.759162,1,0,1,0,0,0,1
degrade,True,2,001001,Ev,Ap,True,2,001001,Ev,Ap,0.003,0.057,0.903,0.288,0.327,0.905,0.002618,0.835079,0,0.057358,0.651832,0,0.90254,0.554974,1,0.288083,0.667539,0,0.326642,0.670157,0,0.904701,0.759162,1,0,0,1,0,0,1
deionize,True,1,000001,Ev,,True,1,000001,Ev,,0.073,0.175,0.235,0.103,0.27,0.873,0.072586,0.835079,0,0.17496,0.651832,0,0.235165,0.554974,0,0.102772,0.667539,0,0.270472,0.670157,0,0.872646,0.759162,1,0,0,0,0,0,1
delay,False,0,000000,,,False,0,000000,,,0.55,0.383,0.306,0.476,0.133,0.379,0.549893,0.835079,0,0.382988,0.651832,0,0.306426,0.554974,0,0.476052,0.667539,0,0.132802,0.670157,0,0.3785,0.759162,0,0,0,0,0,0,0
delete,True,1,000001,Ev,,True,2,001001,Ev,Ap,0.09,0.285,0.522,0.392,0.227,0.919,0.089545,0.835079,0,0.285187,0.651832,0,0.522006,0.554974,0,0.391687,0.667539,0,0.227327,0.670157,0,0.91899,0.759162,1,0,0,0,0,0,1
delimit,True,1,000100,An,,True,2,010100,An,Cm,0.643,0.663,0.097,0.779,0.11,0.087,0.642541,0.835079,0,0.662966,0.651832,1,0.09651,0.554974,0,0.778829,0.667539,1,0.109759,0.670157,0,0.087338,0.759162,0,0,0,0,1,0,0
delineate,True,1,000100,An,,True,2,010100,An,Cm,0.408,0.845,0.227,0.982,0.137,0.441,0.408397,0.835079,0,0.844565,0.651832,1,0.22653,0.554974,0,0.982165,0.667539,1,0.13675,0.670157,0,0.441327,0.759162,0,0,0,0,1,0,0
delve,True,2,000101,An,Ev,True,2,000101,An,Ev,0.3,0.13,0.41,0.821,0.097,0.82,0.299762,0.835079,0,0.130258,0.651832,0,0.410187,0.554974,0,0.821327,0.667539,1,0.097378,0.670157,0,0.820492,0.759162,1,0,0,0,1,0,1
demagnetize,False,0,000000,,,True,1,000001,Ev,,0.143,0.255,0.406,0.544,0.086,0.654,0.14286,0.835079,0,0.254576,0.651832,0,0.405861,0.554974,0,0.543892,0.667539,0,0.0862,0.670157,0,0.65441,0.759162,0,0,0,0,0,0,0
demand,True,1,000100,An,,True,3,000111,An,"Sn, Ev",0.234,0.256,0.305,0.876,0.68,0.805,0.233778,0.835079,0,0.255785,0.651832,0,0.305007,0.554974,0,0.876205,0.667539,1,0.680485,0.670157,1,0.804679,0.759162,1,0,0,0,1,0,0
demarcate,True,1,010000,Cm,,True,2,010100,Cm,An,0.257,0.812,0.254,0.643,0.229,0.613,0.256608,0.835079,0,0.81153,0.651832,1,0.25424,0.554974,0,0.643116,0.667539,0,0.229478,0.670157,0,0.612893,0.759162,0,0,1,0,0,0,0
demodulate,False,0,000000,,,True,1,000001,Ev,,0.004,0.109,0.333,0.142,0.367,0.674,0.004101,0.835079,0,0.109207,0.651832,0,0.332705,0.554974,0,0.141614,0.667539,0,0.367135,0.670157,0,0.673905,0.759162,0,0,0,0,0,0,0
demolish,True,1,001000,Ap,,True,1,001000,Ap,,0.011,0.173,0.936,0.047,0.356,0.615,0.010887,0.835079,0,0.172858,0.651832,0,0.93606,0.554974,1,0.046928,0.667539,0,0.356369,0.670157,0,0.615431,0.759162,0,0,0,1,0,0,0
demoralise,True,1,000001,Ev,,True,1,000001,Ev,,0.029,0.045,0.45,0.075,0.35,0.942,0.028536,0.835079,0,0.045019,0.651832,0,0.449816,0.554974,0,0.075262,0.667539,0,0.349538,0.670157,0,0.942213,0.759162,1,0,0,0,0,0,1
demystify,True,2,010001,Ev,Cm,True,2,010001,Ev,Cm,0.039,0.832,0.34,0.563,0.289,0.846,0.039089,0.835079,0,0.831907,0.651832,1,0.339981,0.554974,0,0.562802,0.667539,0,0.289273,0.670157,0,0.845913,0.759162,1,0,1,0,0,0,1
denote,True,3,111000,Cm,"Kn, Ap",True,4,111010,Cm,"Kn, Ap, Sn",0.923,0.974,0.634,0.057,0.595,0.087,0.923471,0.835079,1,0.974187,0.651832,1,0.634078,0.554974,1,0.057472,0.667539,0,0.595424,0.670157,0,0.086621,0.759162,0,1,1,1,0,0,0
depart,False,0,000000,,,True,1,000001,Ev,,0.212,0.382,0.457,0.393,0.255,0.703,0.211504,0.835079,0,0.382327,0.651832,0,0.457491,0.554974,0,0.392591,0.667539,0,0.254907,0.670157,0,0.70259,0.759162,0,0,0,0,0,0,0
depend,True,2,010100,Cm,An,True,2,010100,Cm,An,0.587,0.755,0.142,0.701,0.367,0.473,0.586649,0.835079,0,0.754979,0.651832,1,0.142352,0.554974,0,0.701289,0.667539,1,0.366928,0.670157,0,0.472804,0.759162,0,0,1,0,1,0,0
deplete,True,1,000001,Ev,,True,2,001001,Ev,Ap,0.022,0.066,0.654,0.315,0.03,0.847,0.021928,0.835079,0,0.065775,0.651832,0,0.654225,0.554974,1,0.315266,0.667539,0,0.02992,0.670157,0,0.84668,0.759162,1,0,0,0,0,0,1
deploy,True,2,001010,Ap,Sn,True,2,001010,Ap,Sn,0.075,0.174,0.717,0.154,0.693,0.403,0.074501,0.835079,0,0.174337,0.651832,0,0.71685,0.554974,1,0.153504,0.667539,0,0.692629,0.670157,1,0.403179,0.759162,0,0,0,1,0,1,0
depress,True,1,001000,Ap,,True,2,001001,Ap,Ev,0.415,0.034,0.79,0.185,0.357,0.743,0.414905,0.835079,0,0.034001,0.651832,0,0.790277,0.554974,1,0.185054,0.667539,0,0.357329,0.670157,0,0.743339,0.759162,0,0,0,1,0,0,0
deprive,True,1,000001,Ev,,True,2,001001,Ev,Ap,0.073,0.16,0.636,0.229,0.036,0.893,0.072507,0.835079,0,0.159697,0.651832,0,0.635776,0.554974,1,0.228723,0.667539,0,0.036494,0.670157,0,0.893297,0.759162,1,0,0,0,0,0,1
derate,False,0,000000,,,False,0,000000,,,0.22,0.305,0.267,0.259,0.358,0.484,0.220351,0.835079,0,0.304884,0.651832,0,0.266746,0.554974,0,0.258858,0.667539,0,0.358395,0.670157,0,0.483631,0.759162,0,0,0,0,0,0,0
deregulate,False,0,000000,,,True,1,000010,Sn,,0.005,0.035,0.331,0.104,0.615,0.601,0.004936,0.835079,0,0.035049,0.651832,0,0.331369,0.554974,0,0.103939,0.667539,0,0.61514,0.670157,0,0.601298,0.759162,0,0,0,0,0,0,0
descend,True,1,001000,Ap,,True,1,001000,Ap,,0.374,0.053,0.829,0.184,0.091,0.265,0.373777,0.835079,0,0.053446,0.651832,0,0.828683,0.554974,1,0.184341,0.667539,0,0.091108,0.670157,0,0.265444,0.759162,0,0,0,1,0,0,0
deserve,True,1,000001,Ev,,True,2,001001,Ev,Ap,0.652,0.506,0.652,0.078,0.177,0.975,0.651629,0.835079,0,0.506488,0.651832,0,0.652427,0.554974,1,0.077747,0.667539,0,0.176939,0.670157,0,0.97454,0.759162,1,0,0,0,0,0,1
desiccate,True,1,000001,Ev,,True,2,001001,Ev,Ap,0.029,0.198,0.71,0.167,0.356,0.929,0.028789,0.835079,0,0.198043,0.651832,0,0.709888,0.554974,1,0.167014,0.667539,0,0.356177,0.670157,0,0.929175,0.759162,1,0,0,0,0,0,1
designate,True,1,010000,Cm,,True,3,011010,Cm,"Ap, Sn",0.626,0.767,0.492,0.209,0.605,0.433,0.626457,0.835079,0,0.766543,0.651832,1,0.491918,0.554974,0,0.208785,0.667539,0,0.605386,0.670157,0,0.432739,0.759162,0,0,1,0,0,0,0
desire,True,1,100000,Kn,,True,2,101000,Kn,Ap,0.937,0.052,0.48,0.136,0.251,0.247,0.936801,0.835079,1,0.051691,0.651832,0,0.479922,0.554974,0,0.135685,0.667539,0,0.251494,0.670157,0,0.246702,0.759162,0,1,0,0,0,0,0
destabilize,True,1,000001,Ev,,True,1,000001,Ev,,0.027,0.174,0.333,0.322,0.523,0.919,0.026717,0.835079,0,0.174066,0.651832,0,0.333007,0.554974,0,0.321534,0.667539,0,0.523136,0.670157,0,0.918855,0.759162,1,0,0,0,0,0,1
destine,True,1,000001,Ev,,True,1,000001,Ev,,0.554,0.178,0.101,0.423,0.176,0.972,0.554108,0.835079,0,0.177705,0.651832,0,0.101388,0.554974,0,0.422684,0.667539,0,0.176059,0.670157,0,0.971517,0.759162,1,0,0,0,0,0,1
destroy,True,1,001000,Ap,,True,2,001001,Ap,Ev,0.12,0.245,0.978,0.234,0.415,0.779,0.119726,0.835079,0,0.244777,0.651832,0,0.977525,0.554974,1,0.234255,0.667539,0,0.415414,0.670157,0,0.779097,0.759162,1,0,0,1,0,0,0
detach,True,1,000100,An,,True,1,000100,An,,0.105,0.14,0.125,0.673,0.091,0.533,0.104889,0.835079,0,0.139703,0.651832,0,0.124982,0.554974,0,0.672619,0.667539,1,0.090573,0.670157,0,0.533129,0.759162,0,0,0,0,1,0,0
deter,True,2,000101,Ev,An,True,3,001101,Ev,"Ap, An",0.339,0.537,0.55,0.85,0.203,0.899,0.339437,0.835079,0,0.536591,0.651832,0,0.550021,0.554974,0,0.850293,0.667539,1,0.203481,0.670157,0,0.899026,0.759162,1,0,0,0,1,0,1
deteriorate,True,2,001001,Ev,Ap,True,3,001101,Ev,"Ap, An",0.241,0.413,0.878,0.574,0.241,0.917,0.240608,0.835079,0,0.413049,0.651832,0,0.878388,0.554974,1,0.574324,0.667539,0,0.241047,0.670157,0,0.916829,0.759162,1,0,0,1,0,0,1
detonate,False,0,000000,,,True,2,001100,An,Ap,0.052,0.168,0.498,0.613,0.057,0.568,0.052228,0.835079,0,0.168255,0.651832,0,0.497758,0.554974,0,0.612742,0.667539,0,0.057088,0.670157,0,0.568153,0.759162,0,0,0,0,0,0,0
detract,False,0,000000,,,True,1,000001,Ev,,0.023,0.454,0.46,0.331,0.033,0.697,0.022923,0.835079,0,0.4541,0.651832,0,0.460388,0.554974,0,0.330857,0.667539,0,0.032807,0.670157,0,0.696651,0.759162,0,0,0,0,0,0,0
devastate,True,1,000001,Ev,,True,2,001001,Ev,Ap,0.022,0.071,0.717,0.262,0.279,0.816,0.022014,0.835079,0,0.070783,0.651832,0,0.717047,0.554974,1,0.262191,0.667539,0,0.279236,0.670157,0,0.815941,0.759162,1,0,0,0,0,0,1
deviate,True,1,000100,An,,True,1,000100,An,,0.175,0.258,0.347,0.849,0.511,0.376,0.17501,0.835079,0,0.257759,0.651832,0,0.347227,0.554974,0,0.849093,0.667539,1,0.511478,0.670157,0,0.376467,0.759162,0,0,0,0,1,0,0
devote,True,1,001000,Ap,,True,1,001000,Ap,,0.059,0.098,0.896,0.096,0.543,0.569,0.05902,0.835079,0,0.097861,0.651832,0,0.895553,0.554974,1,0.095774,0.667539,0,0.54347,0.670157,0,0.568904,0.759162,0,0,0,1,0,0,0
diagonalize,True,1,010000,Cm,,True,1,010000,Cm,,0.387,0.79,0.363,0.485,0.355,0.162,0.387261,0.835079,0,0.789618,0.651832,1,0.363368,0.554974,0,0.485064,0.667539,0,0.354739,0.670157,0,0.162214,0.759162,0,0,1,0,0,0,0
die,True,2,001001,Ev,Ap,True,3,101001,Ev,"Kn, Ap",0.814,0.368,0.819,0.081,0.139,0.832,0.814353,0.835079,0,0.368051,0.651832,0,0.818974,0.554974,1,0.080622,0.667539,0,0.138563,0.670157,0,0.832112,0.759162,1,0,0,1,0,0,1
differ,True,1,000100,An,,True,2,010100,An,Cm,0.423,0.905,0.21,0.984,0.452,0.502,0.423083,0.835079,0,0.905175,0.651832,1,0.21049,0.554974,0,0.983726,0.667539,1,0.451799,0.670157,0,0.502395,0.759162,0,0,0,0,1,0,0
diffract,True,1,000100,An,,True,2,010100,An,Cm,0.071,0.776,0.324,0.876,0.148,0.055,0.07128,0.835079,0,0.776189,0.651832,1,0.323642,0.554974,0,0.876342,0.667539,1,0.148059,0.670157,0,0.054525,0.759162,0,0,0,0,1,0,0
diffuse,True,1,000100,An,,True,3,011100,An,"Cm, Ap",0.02,0.631,0.659,0.896,0.399,0.102,0.020037,0.835079,0,0.631027,0.651832,0,0.65925,0.554974,1,0.895578,0.667539,1,0.399342,0.670157,0,0.101704,0.759162,0,0,0,0,1,0,0
dig,True,1,000100,An,,True,4,011101,An,"Cm, Ap, Ev",0.527,0.559,0.711,0.979,0.046,0.698,0.526572,0.835079,0,0.559016,0.651832,0,0.711098,0.554974,1,0.97931,0.667539,1,0.046011,0.670157,0,0.698447,0.759162,0,0,0,0,1,0,0
digest,True,1,000100,An,,True,1,000100,An,,0.28,0.017,0.355,0.845,0.287,0.534,0.280355,0.835079,0,0.016783,0.651832,0,0.35464,0.554974,0,0.845028,0.667539,1,0.286862,0.670157,0,0.534231,0.759162,0,0,0,0,1,0,0
digitize,True,1,001000,Ap,,True,2,011000,Ap,Cm,0.258,0.7,0.885,0.177,0.279,0.172,0.257617,0.835079,0,0.699676,0.651832,1,0.884677,0.554974,1,0.176519,0.667539,0,0.278841,0.670157,0,0.171653,0.759162,0,0,0,1,0,0,0
dilate,True,1,001000,Ap,,True,1,001000,Ap,,0.132,0.031,0.753,0.427,0.145,0.212,0.13198,0.835079,0,0.030889,0.651832,0,0.752565,0.554974,1,0.426925,0.667539,0,0.144583,0.670157,0,0.212477,0.759162,0,0,0,1,0,0,0
dilute,True,1,001000,Ap,,True,1,001000,Ap,,0.103,0.11,0.733,0.511,0.053,0.238,0.103299,0.835079,0,0.11039,0.651832,0,0.733308,0.554974,1,0.511214,0.667539,0,0.053335,0.670157,0,0.23843,0.759162,0,0,0,1,0,0,0
dip,True,1,000100,An,,True,1,000100,An,,0.505,0.081,0.257,0.918,0.037,0.284,0.50534,0.835079,0,0.080878,0.651832,0,0.256507,0.554974,0,0.917904,0.667539,1,0.037097,0.670157,0,0.28395,0.759162,0,0,0,0,1,0,0
disable,True,1,000001,Ev,,True,2,001001,Ev,Ap,0.069,0.022,0.58,0.526,0.176,0.9,0.068602,0.835079,0,0.02156,0.651832,0,0.580356,0.554974,1,0.525754,0.667539,0,0.175758,0.670157,0,0.900333,0.759162,1,0,0,0,0,0,1
disagree,True,1,000001,Ev,,True,3,010101,Ev,"Cm, An",0.385,0.618,0.017,0.642,0.364,0.977,0.385338,0.835079,0,0.617974,0.651832,0,0.017257,0.554974,0,0.642249,0.667539,0,0.363728,0.670157,0,0.976534,0.759162,1,0,0,0,0,0,1
disallow,True,1,000001,Ev,,True,2,001001,Ev,Ap,0.083,0.081,0.501,0.474,0.121,0.951,0.083385,0.835079,0,0.080903,0.651832,0,0.500663,0.554974,0,0.474004,0.667539,0,0.121489,0.670157,0,0.950954,0.759162,1,0,0,0,0,0,1
disambiguate,True,1,010000,Cm,,True,1,010000,Cm,,0.465,0.898,0.124,0.524,0.132,0.482,0.46459,0.835079,0,0.898396,0.651832,1,0.124057,0.554974,0,0.52421,0.667539,0,0.131736,0.670157,0,0.481883,0.759162,0,0,1,0,0,0,0
disappear,True,1,001000,Ap,,True,3,011001,Ev,"Cm, Ap",0.415,0.65,0.635,0.512,0.229,0.671,0.414587,0.835079,0,0.650298,0.651832,0,0.634882,0.554974,1,0.512282,0.667539,0,0.229298,0.670157,0,0.67051,0.759162,0,0,0,1,0,0,0
disappoint,False,0,000000,,,True,2,011000,Cm,Ap,0.415,0.582,0.495,0.425,0.513,0.533,0.414585,0.835079,0,0.581651,0.651832,0,0.494549,0.554974,0,0.425301,0.667539,0,0.513089,0.670157,0,0.532625,0.759162,0,0,0,0,0,0,0
disassemble,True,1,000010,Sn,,True,3,001110,Sn,"Ap, An",0.003,0.055,0.654,0.581,0.793,0.502,0.002618,0.835079,0,0.054835,0.651832,0,0.654404,0.554974,1,0.580803,0.667539,0,0.792946,0.670157,1,0.502246,0.759162,0,0,0,0,0,1,0
disassociate,False,0,000000,,,True,1,000001,Ev,,0.102,0.305,0.086,0.549,0.172,0.697,0.102311,0.835079,0,0.305323,0.651832,0,0.086358,0.554974,0,0.549026,0.667539,0,0.172224,0.670157,0,0.696526,0.759162,0,0,0,0,0,0,0
discard,True,2,001001,Ev,Ap,True,2,001001,Ev,Ap,0.206,0.099,0.934,0.362,0.091,0.972,0.206012,0.835079,0,0.099336,0.651832,0,0.933504,0.554974,1,0.361671,0.667539,0,0.090745,0.670157,0,0.972029,0.759162,1,0,0,1,0,0,1
discern,True,1,000100,An,,True,3,010101,An,"Cm, Ev",0.709,0.868,0.028,0.997,0.006,0.857,0.708823,0.835079,0,0.86806,0.651832,1,0.027804,0.554974,0,0.997382,0.667539,1,0.005836,0.670157,0,0.85733,0.759162,1,0,0,0,1,0,0
discipline,True,1,000001,Ev,,True,2,001001,Ev,Ap,0.22,0.098,0.487,0.525,0.224,0.899,0.220416,0.835079,0,0.097792,0.651832,0,0.487202,0.554974,0,0.525444,0.667539,0,0.223934,0.670157,0,0.899396,0.759162,1,0,0,0,0,0,1
disclose,True,1,001000,Ap,,True,2,011000,Ap,Cm,0.692,0.608,0.837,0.234,0.194,0.048,0.692392,0.835079,0,0.607689,0.651832,0,0.836758,0.554974,1,0.233545,0.667539,0,0.193643,0.670157,0,0.047913,0.759162,0,0,0,1,0,0,0
discolor,True,1,000001,Ev,,True,2,010001,Ev,Cm,0.613,0.771,0.021,0.475,0.06,0.857,0.613373,0.835079,0,0.771113,0.651832,1,0.020659,0.554974,0,0.475281,0.667539,0,0.060394,0.670157,0,0.856551,0.759162,1,0,0,0,0,0,1
disconnect,True,1,000001,Ev,,True,2,000101,Ev,An,0.022,0.173,0.028,0.684,0.091,0.801,0.022302,0.835079,0,0.173413,0.651832,0,0.028434,0.554974,0,0.684174,0.667539,1,0.090922,0.670157,0,0.800942,0.759162,1,0,0,0,0,0,1
discontinue,True,2,000101,An,Ev,True,2,000101,An,Ev,0.221,0.245,0.134,0.821,0.04,0.798,0.221187,0.835079,0,0.245335,0.651832,0,0.134081,0.554974,0,0.821088,0.667539,1,0.040272,0.670157,0,0.797898,0.759162,1,0,0,0,1,0,1
discount,False,0,000000,,,True,1,000100,An,,0.552,0.462,0.264,0.571,0.008,0.407,0.551806,0.835079,0,0.462123,0.651832,0,0.26426,0.554974,0,0.571126,0.667539,0,0.008495,0.670157,0,0.406563,0.759162,0,0,0,0,0,0,0
discourage,True,1,000001,Ev,,True,1,000001,Ev,,0.12,0.027,0.141,0.046,0.514,0.978,0.119603,0.835079,0,0.02739,0.651832,0,0.14063,0.554974,0,0.046074,0.667539,0,0.513903,0.670157,0,0.977782,0.759162,1,0,0,0,0,0,1
disenfranchise,True,1,001000,Ap,,True,2,001001,Ev,Ap,0.088,0.051,0.599,0.344,0.287,0.756,0.088453,0.835079,0,0.051475,0.651832,0,0.598626,0.554974,1,0.343744,0.667539,0,0.286873,0.670157,0,0.755917,0.759162,0,0,0,1,0,0,0
disengage,True,1,000001,Ev,,True,2,000101,Ev,An,0.021,0.069,0.126,0.576,0.151,0.914,0.021077,0.835079,0,0.068571,0.651832,0,0.125513,0.554974,0,0.575847,0.667539,0,0.151272,0.670157,0,0.91404,0.759162,1,0,0,0,0,0,1
disentangle,True,1,000100,An,,True,2,010100,An,Cm,0.145,0.779,0.205,0.977,0.213,0.242,0.145381,0.835079,0,0.779339,0.651832,1,0.204566,0.554974,0,0.977133,0.667539,1,0.213248,0.670157,0,0.242311,0.759162,0,0,0,0,1,0,0
disfigure,True,1,001000,Ap,,True,1,001000,Ap,,0.3,0.226,0.668,0.538,0.15,0.284,0.299513,0.835079,0,0.226333,0.651832,0,0.668009,0.554974,1,0.538385,0.667539,0,0.150281,0.670157,0,0.284316,0.759162,0,0,0,1,0,0,0
disguise,True,1,000010,Sn,,True,2,001010,Sn,Ap,0.632,0.359,0.493,0.414,0.718,0.026,0.631578,0.835079,0,0.358867,0.651832,0,0.493441,0.554974,0,0.414211,0.667539,0,0.717612,0.670157,1,0.02577,0.759162,0,0,0,0,0,1,0
disintegrate,True,1,000100,An,,True,3,001101,An,"Ap, Ev",0.003,0.236,0.635,0.808,0.306,0.661,0.003413,0.835079,0,0.236244,0.651832,0,0.635464,0.554974,1,0.808474,0.667539,1,0.305629,0.670157,0,0.661161,0.759162,0,0,0,0,1,0,0
dislodge,True,1,000100,An,,True,1,000100,An,,0.012,0.099,0.205,0.772,0.203,0.256,0.01191,0.835079,0,0.098809,0.651832,0,0.204515,0.554974,0,0.772192,0.667539,1,0.203345,0.670157,0,0.256236,0.759162,0,0,0,0,1,0,0
dismantle,True,1,001000,Ap,,True,3,001101,Ev,"Ap, An",0.003,0.035,0.704,0.58,0.554,0.74,0.003368,0.835079,0,0.035363,0.651832,0,0.703923,0.554974,1,0.579511,0.667539,0,0.553658,0.670157,0,0.739984,0.759162,0,0,0,1,0,0,0
dismay,False,0,000000,,,True,2,001100,An,Ap,0.464,0.169,0.481,0.664,0.335,0.578,0.463779,0.835079,0,0.168627,0.651832,0,0.480651,0.554974,0,0.663901,0.667539,0,0.335361,0.670157,0,0.57807,0.759162,0,0,0,0,0,0,0
dismiss,True,1,000001,Ev,,True,2,001001,Ev,Ap,0.027,0.099,0.627,0.339,0.465,0.905,0.026801,0.835079,0,0.098961,0.651832,0,0.626977,0.554974,1,0.338991,0.667539,0,0.465273,0.670157,0,0.905227,0.759162,1,0,0,0,0,0,1
disparage,True,1,000001,Ev,,True,3,010101,Ev,"Cm, An",0.011,0.721,0.072,0.664,0.243,0.949,0.010524,0.835079,0,0.721277,0.651832,1,0.071983,0.554974,0,0.66409,0.667539,0,0.24344,0.670157,0,0.949088,0.759162,1,0,0,0,0,0,1
dispatch,True,1,001000,Ap,,True,2,001100,Ap,An,0.189,0.433,0.762,0.598,0.395,0.161,0.189275,0.835079,0,0.43258,0.651832,0,0.761957,0.554974,1,0.598419,0.667539,0,0.395256,0.670157,0,0.160754,0.759162,0,0,0,1,0,0,0
dispel,True,1,001000,Ap,,True,1,001000,Ap,,0.003,0.07,0.606,0.376,0.146,0.613,0.002618,0.835079,0,0.070189,0.651832,0,0.60632,0.554974,1,0.375998,0.667539,0,0.146496,0.670157,0,0.613334,0.759162,0,0,0,1,0,0,0
dispense,True,1,001000,Ap,,True,1,001000,Ap,,0.051,0.072,0.805,0.538,0.407,0.191,0.050752,0.835079,0,0.072111,0.651832,0,0.804621,0.554974,1,0.537516,0.667539,0,0.40665,0.670157,0,0.190674,0.759162,0,0,0,1,0,0,0
disperse,True,1,001000,Ap,,True,2,001100,Ap,An,0.158,0.356,0.657,0.633,0.388,0.042,0.157525,0.835079,0,0.355731,0.651832,0,0.657078,0.554974,1,0.632871,0.667539,0,0.388043,0.670157,0,0.041572,0.759162,0,0,0,1,0,0,0
displace,True,1,001000,Ap,,True,1,001000,Ap,,0.003,0.418,0.829,0.475,0.245,0.05,0.003072,0.835079,0,0.41842,0.651832,0,0.828725,0.554974,1,0.475037,0.667539,0,0.245154,0.670157,0,0.04967,0.759162,0,0,0,1,0,0,0
display,True,1,010000,Cm,,True,5,111110,Cm,"Kn, Ap, An, Sn",0.725,0.765,0.631,0.671,0.609,0.517,0.72462,0.835079,0,0.765063,0.651832,1,0.631118,0.554974,1,0.671347,0.667539,1,0.609099,0.670157,0,0.517039,0.759162,0,0,1,0,0,0,0
dispose,True,1,001000,Ap,,True,2,001001,Ap,Ev,0.083,0.125,0.963,0.375,0.209,0.855,0.083237,0.835079,0,0.124552,0.651832,0,0.963095,0.554974,1,0.375338,0.667539,0,0.209085,0.670157,0,0.854881,0.759162,1,0,0,1,0,0,0
disprove,True,1,000100,An,,True,2,000101,An,Ev,0.187,0.361,0.305,0.939,0.176,0.81,0.18732,0.835079,0,0.361218,0.651832,0,0.30501,0.554974,0,0.938978,0.667539,1,0.176231,0.670157,0,0.80998,0.759162,1,0,0,0,1,0,0
dispute,True,3,010101,An,"Cm, Ev",True,3,010101,An,"Cm, Ev",0.515,0.694,0.089,0.98,0.226,0.962,0.514957,0.835079,0,0.69395,0.651832,1,0.088893,0.554974,0,0.979871,0.667539,1,0.226126,0.670157,0,0.962253,0.759162,1,0,1,0,1,0,1
disrupt,True,1,000010,Sn,,True,2,001010,Sn,Ap,0.012,0.361,0.763,0.185,0.904,0.549,0.011795,0.835079,0,0.360869,0.651832,0,0.763246,0.554974,1,0.185478,0.667539,0,0.904436,0.670157,1,0.549268,0.759162,0,0,0,0,0,1,0
disseminate,True,1,001000,Ap,,True,2,001100,Ap,An,0.018,0.016,0.94,0.585,0.086,0.093,0.017905,0.835079,0,0.01586,0.651832,0,0.940413,0.554974,1,0.585281,0.667539,0,0.086483,0.670157,0,0.093496,0.759162,0,0,0,1,0,0,0
dissipate,True,1,000100,An,,True,2,001100,An,Ap,0.008,0.388,0.63,0.782,0.228,0.461,0.007777,0.835079,0,0.388058,0.651832,0,0.629656,0.554974,1,0.781922,0.667539,1,0.228277,0.670157,0,0.461393,0.759162,0,0,0,0,1,0,0
dissociate,True,1,000100,An,,True,1,000100,An,,0.011,0.255,0.121,0.846,0.355,0.542,0.011175,0.835079,0,0.254811,0.651832,0,0.121205,0.554974,0,0.846172,0.667539,1,0.354691,0.670157,0,0.542039,0.759162,0,0,0,0,1,0,0
dissolve,True,1,000100,An,,True,1,000100,An,,0.094,0.202,0.139,0.914,0.536,0.415,0.094207,0.835079,0,0.201685,0.651832,0,0.13919,0.554974,0,0.914436,0.667539,1,0.535871,0.670157,0,0.414989,0.759162,0,0,0,0,1,0,0
dissuade,True,1,000001,Ev,,True,1,000001,Ev,,0.014,0.046,0.101,0.475,0.177,0.977,0.013632,0.835079,0,0.046318,0.651832,0,0.101202,0.554974,0,0.474598,0.667539,0,0.177078,0.670157,0,0.977457,0.759162,1,0,0,0,0,0,1
distil,True,1,000100,An,,True,2,000101,Ev,An,0.118,0.27,0.299,0.668,0.083,0.679,0.117574,0.835079,0,0.269515,0.651832,0,0.299423,0.554974,0,0.667615,0.667539,1,0.083273,0.670157,0,0.679098,0.759162,0,0,0,0,1,0,0
distill,True,2,001100,Ap,An,True,3,001101,Ap,"An, Ev",0.05,0.072,0.705,0.67,0.053,0.67,0.049902,0.835079,0,0.072212,0.651832,0,0.705048,0.554974,1,0.670266,0.667539,1,0.052874,0.670157,0,0.670433,0.759162,0,0,0,1,1,0,0
distort,True,1,000100,An,,True,3,011100,An,"Cm, Ap",0.073,0.696,0.659,0.861,0.242,0.056,0.072814,0.835079,0,0.69579,0.651832,1,0.65896,0.554974,1,0.861213,0.667539,1,0.242331,0.670157,0,0.056418,0.759162,0,0,0,0,1,0,0
distract,True,1,001000,Ap,,True,1,001000,Ap,,0.233,0.045,0.608,0.371,0.434,0.481,0.232563,0.835079,0,0.045089,0.651832,0,0.608422,0.554974,1,0.370567,0.667539,0,0.434316,0.670157,0,0.481231,0.759162,0,0,0,1,0,0,0
distribute,True,1,001000,Ap,,True,1,001000,Ap,,0.501,0.117,0.985,0.487,0.368,0.092,0.501238,0.835079,0,0.116892,0.651832,0,0.98535,0.554974,1,0.486842,0.667539,0,0.367874,0.670157,0,0.091766,0.759162,0,0,0,1,0,0,0
disturb,False,0,000000,,,True,1,001000,Ap,,0.462,0.356,0.488,0.371,0.526,0.092,0.461941,0.835079,0,0.356136,0.651832,0,0.488156,0.554974,0,0.371325,0.667539,0,0.526106,0.670157,0,0.092429,0.759162,0,0,0,0,0,0,0
dive,False,0,000000,,,False,0,000000,,,0.26,0.147,0.361,0.476,0.079,0.365,0.260161,0.835079,0,0.146635,0.651832,0,0.36104,0.554974,0,0.476288,0.667539,0,0.078847,0.670157,0,0.365141,0.759162,0,0,0,0,0,0,0
diverge,True,1,000100,An,,True,1,000100,An,,0.258,0.518,0.126,0.916,0.146,0.53,0.257774,0.835079,0,0.518102,0.651832,0,0.125853,0.554974,0,0.915811,0.667539,1,0.145928,0.670157,0,0.529604,0.759162,0,0,0,0,1,0,0
diversify,True,3,000111,Sn,"An, Ev",True,3,000111,Sn,"An, Ev",0.238,0.422,0.334,0.684,0.836,0.82,0.237789,0.835079,0,0.421941,0.651832,0,0.334258,0.554974,0,0.68394,0.667539,1,0.835647,0.670157,1,0.81958,0.759162,1,0,0,0,1,1,1
divert,True,1,001000,Ap,,True,1,001000,Ap,,0.13,0.203,0.792,0.475,0.333,0.052,0.129791,0.835079,0,0.202858,0.651832,0,0.791925,0.554974,1,0.475387,0.667539,0,0.333124,0.670157,0,0.05162,0.759162,0,0,0,1,0,0,0
divulge,True,1,001000,Ap,,True,1,001000,Ap,,0.451,0.203,0.752,0.089,0.113,0.054,0.451264,0.835079,0,0.202826,0.651832,0,0.751746,0.554974,1,0.088872,0.667539,0,0.112632,0.670157,0,0.053505,0.759162,0,0,0,1,0,0,0
dodge,False,0,000000,,,True,2,001001,Ev,Ap,0.421,0.365,0.494,0.196,0.198,0.741,0.421178,0.835079,0,0.364769,0.651832,0,0.494427,0.554974,0,0.19567,0.667539,0,0.198097,0.670157,0,0.74087,0.759162,0,0,0,0,0,0,0
domesticate,True,2,001010,Ap,Sn,True,2,001010,Ap,Sn,0.016,0.042,0.859,0.271,0.853,0.323,0.015837,0.835079,0,0.042131,0.651832,0,0.858929,0.554974,1,0.27148,0.667539,0,0.85281,0.670157,1,0.322797,0.759162,0,0,0,1,0,1,0
dominate,True,1,000001,Ev,,True,3,001011,Ev,"Ap, Sn",0.606,0.531,0.696,0.351,0.595,0.771,0.605718,0.835079,0,0.530824,0.651832,0,0.695812,0.554974,1,0.351432,0.667539,0,0.59505,0.670157,0,0.771315,0.759162,1,0,0,0,0,0,1
donate,True,1,001000,Ap,,True,1,001000,Ap,,0.421,0.381,0.987,0.057,0.535,0.087,0.420983,0.835079,0,0.381239,0.651832,0,0.986935,0.554974,1,0.057454,0.667539,0,0.535494,0.670157,0,0.086771,0.759162,0,0,0,1,0,0,0
doubt,False,0,000000,,,True,3,010101,Ev,"Cm, An",0.614,0.631,0.067,0.581,0.193,0.679,0.613867,0.835079,0,0.631032,0.651832,0,0.067464,0.554974,0,0.580541,0.667539,0,0.193091,0.670157,0,0.679191,0.759162,0,0,0,0,0,0,0
downgrade,True,1,000001,Ev,,True,2,000011,Ev,Sn,0.007,0.067,0.295,0.065,0.603,0.842,0.006987,0.835079,0,0.067104,0.651832,0,0.295317,0.554974,0,0.06514,0.667539,0,0.60289,0.670157,0,0.841914,0.759162,1,0,0,0,0,0,1
download,True,1,001000,Ap,,True,1,001000,Ap,,0.373,0.05,0.606,0.11,0.153,0.212,0.372987,0.835079,0,0.049745,0.651832,0,0.605799,0.554974,1,0.110232,0.667539,0,0.153421,0.670157,0,0.21239,0.759162,0,0,0,1,0,0,0
downsize,True,2,001010,Sn,Ap,True,3,001011,Sn,"Ap, Ev",0.02,0.162,0.71,0.321,0.717,0.661,0.020326,0.835079,0,0.161681,0.651832,0,0.70986,0.554974,1,0.320747,0.667539,0,0.717349,0.670157,1,0.66079,0.759162,0,0,0,1,0,1,0
doze,False,0,000000,,,False,0,000000,,,0.452,0.51,0.029,0.522,0.421,0.481,0.451848,0.835079,0,0.50999,0.651832,0,0.028644,0.554974,0,0.522039,0.667539,0,0.421036,0.670157,0,0.481339,0.759162,0,0,0,0,0,0,0
draft,True,1,000001,Ev,,True,2,100001,Ev,Kn,0.815,0.202,0.402,0.142,0.448,0.895,0.814764,0.835079,0,0.201915,0.651832,0,0.401834,0.554974,0,0.141861,0.667539,0,0.44844,0.670157,0,0.895226,0.759162,1,0,0,0,0,0,1
drag,True,1,001000,Ap,,True,3,011100,Ap,"Cm, An",0.574,0.68,0.811,0.684,0.145,0.424,0.573893,0.835079,0,0.680289,0.651832,1,0.810788,0.554974,1,0.684386,0.667539,1,0.145375,0.670157,0,0.424368,0.759162,0,0,0,1,0,0,0
drain,True,1,001000,Ap,,True,3,001101,Ap,"An, Ev",0.24,0.259,0.836,0.664,0.007,0.682,0.239586,0.835079,0,0.259048,0.651832,0,0.83576,0.554974,1,0.663606,0.667539,0,0.007316,0.670157,0,0.682223,0.759162,0,0,0,1,0,0,0
dredge,False,0,000000,,,True,1,000001,Ev,,0.236,0.196,0.418,0.486,0.122,0.661,0.236077,0.835079,0,0.195851,0.651832,0,0.417558,0.554974,0,0.486478,0.667539,0,0.121871,0.670157,0,0.660697,0.759162,0,0,0,0,0,0,0
dress,True,1,000010,Sn,,True,3,011010,Sn,"Cm, Ap",0.546,0.601,0.727,0.321,0.898,0.163,0.545666,0.835079,0,0.601459,0.651832,0,0.727412,0.554974,1,0.320532,0.667539,0,0.898404,0.670157,1,0.163352,0.759162,0,0,0,0,0,1,0
drink,True,1,001000,Ap,,True,2,101000,Kn,Ap,0.774,0.425,0.736,0.264,0.171,0.601,0.774071,0.835079,0,0.425015,0.651832,0,0.736445,0.554974,1,0.264242,0.667539,0,0.171465,0.670157,0,0.601315,0.759162,0,0,0,1,0,0,0
drive,True,1,001000,Ap,,True,2,101000,Ap,Kn,0.722,0.446,0.829,0.374,0.287,0.48,0.721548,0.835079,0,0.445781,0.651832,0,0.82863,0.554974,1,0.374455,0.667539,0,0.287014,0.670157,0,0.479594,0.759162,0,0,0,1,0,0,0
drop,True,1,001000,Ap,,True,2,101000,Kn,Ap,0.759,0.211,0.627,0.458,0.058,0.463,0.759044,0.835079,0,0.21084,0.651832,0,0.626853,0.554974,1,0.4582,0.667539,0,0.057577,0.670157,0,0.462627,0.759162,0,0,0,1,0,0,0
drown,True,1,001000,Ap,,True,1,001000,Ap,,0.509,0.078,0.63,0.087,0.107,0.494,0.508772,0.835079,0,0.077882,0.651832,0,0.630391,0.554974,1,0.087373,0.667539,0,0.106513,0.670157,0,0.494032,0.759162,0,0,0,1,0,0,0
dry,False,0,000000,,,False,0,000000,,,0.589,0.389,0.376,0.363,0.274,0.438,0.588843,0.835079,0,0.388925,0.651832,0,0.375706,0.554974,0,0.362713,0.667539,0,0.274348,0.670157,0,0.438459,0.759162,0,0,0,0,0,0,0
dub,False,0,000000,,,False,0,000000,,,0.196,0.346,0.07,0.309,0.347,0.243,0.196388,0.835079,0,0.346235,0.651832,0,0.069856,0.554974,0,0.309262,0.667539,0,0.346836,0.670157,0,0.24294,0.759162,0,0,0,0,0,0,0
dump,True,3,001101,Ev,"Ap, An",True,3,001101,Ev,"Ap, An",0.513,0.313,0.635,0.831,0.176,0.847,0.513466,0.835079,0,0.313397,0.651832,0,0.634936,0.554974,1,0.83056,0.667539,1,0.176481,0.670157,0,0.847073,0.759162,1,0,0,1,1,0,1
dwell,True,1,100000,Kn,,True,2,101000,Kn,Ap,0.873,0.202,0.529,0.184,0.25,0.485,0.872556,0.835079,1,0.202176,0.651832,0,0.528856,0.554974,0,0.184312,0.667539,0,0.249799,0.670157,0,0.48497,0.759162,0,1,0,0,0,0,0
dye,True,2,010100,An,Cm,True,3,110100,An,"Kn, Cm",0.727,0.706,0.298,0.76,0.229,0.462,0.726645,0.835079,0,0.7055,0.651832,1,0.298056,0.554974,0,0.759945,0.667539,1,0.22925,0.670157,0,0.462136,0.759162,0,0,1,0,1,0,0
earn,True,1,001000,Ap,,True,2,001001,Ap,Ev,0.709,0.187,0.959,0.562,0.075,0.697,0.70876,0.835079,0,0.186751,0.651832,0,0.95892,0.554974,1,0.56154,0.667539,0,0.074981,0.670157,0,0.697283,0.759162,0,0,0,1,0,0,0
ease,False,0,000000,,,False,0,000000,,,0.451,0.234,0.148,0.257,0.288,0.421,0.451143,0.835079,0,0.23355,0.651832,0,0.148347,0.554974,0,0.257039,0.667539,0,0.287869,0.670157,0,0.420822,0.759162,0,0,0,0,0,0,0
eat,True,3,101100,Ap,"Kn, An",True,3,101100,Ap,"Kn, An",0.923,0.161,0.933,0.67,0.037,0.43,0.923132,0.835079,1,0.160599,0.651832,0,0.933167,0.554974,1,0.670193,0.667539,1,0.03748,0.670157,0,0.429924,0.759162,0,1,0,1,1,0,0
eavesdrop,False,0,000000,,,False,0,000000,,,0.624,0.212,0.304,0.089,0.227,0.08,0.62436,0.835079,0,0.212415,0.651832,0,0.303856,0.554974,0,0.088777,0.667539,0,0.227249,0.670157,0,0.079621,0.759162,0,0,0,0,0,0,0
echo,False,0,000000,,,True,1,100000,Kn,,0.725,0.478,0.103,0.291,0.515,0.028,0.724516,0.835079,0,0.478076,0.651832,0,0.103351,0.554974,0,0.29066,0.667539,0,0.515456,0.670157,0,0.027812,0.759162,0,0,0,0,0,0,0
edge,True,3,010101,Ev,"Cm, An",True,4,110101,Ev,"Kn, Cm, An",0.756,0.74,0.099,0.808,0.164,0.826,0.755536,0.835079,0,0.740083,0.651832,1,0.099416,0.554974,0,0.80792,0.667539,1,0.163945,0.670157,0,0.826208,0.759162,1,0,1,0,1,0,1
educate,True,1,001000,Ap,,True,2,001010,Ap,Sn,0.235,0.071,0.814,0.013,0.731,0.368,0.234652,0.835079,0,0.070532,0.651832,0,0.814435,0.554974,1,0.013123,0.667539,0,0.731254,0.670157,1,0.367587,0.759162,0,0,0,1,0,0,0
eject,True,1,000001,Ev,,True,2,001001,Ev,Ap,0.089,0.047,0.63,0.444,0.115,0.899,0.089008,0.835079,0,0.046727,0.651832,0,0.630195,0.554974,1,0.443578,0.667539,0,0.115054,0.670157,0,0.899187,0.759162,1,0,0,0,0,0,1
elapse,True,1,001000,Ap,,True,3,011100,Cm,"Ap, An",0.19,0.65,0.571,0.598,0.426,0.516,0.190178,0.835079,0,0.649505,0.651832,0,0.5714,0.554974,1,0.598176,0.667539,0,0.425554,0.670157,0,0.516346,0.759162,0,0,0,1,0,0,0
elect,True,1,001000,Ap,,True,2,001001,Ap,Ev,0.709,0.405,0.895,0.475,0.347,0.736,0.708764,0.835079,0,0.404986,0.651832,0,0.895137,0.554974,1,0.475075,0.667539,0,0.347108,0.670157,0,0.735853,0.759162,0,0,0,1,0,0,0
elevate,True,1,000001,Ev,,True,2,001001,Ev,Ap,0.132,0.14,0.615,0.082,0.521,0.779,0.132488,0.835079,0,0.139778,0.651832,0,0.615109,0.554974,1,0.081826,0.667539,0,0.520929,0.670157,0,0.778527,0.759162,1,0,0,0,0,0,1
elicit,True,1,000001,Ev,,True,3,001101,Ev,"Ap, An",0.223,0.031,0.509,0.575,0.436,0.857,0.223052,0.835079,0,0.030613,0.651832,0,0.509247,0.554974,0,0.575443,0.667539,0,0.436333,0.670157,0,0.857201,0.759162,1,0,0,0,0,0,1
eliminate,True,3,001101,Ap,"An, Ev",True,3,001101,Ap,"An, Ev",0.027,0.198,0.787,0.681,0.327,0.765,0.027444,0.835079,0,0.198281,0.651832,0,0.786921,0.554974,1,0.680562,0.667539,1,0.327181,0.670157,0,0.765053,0.759162,1,0,0,1,1,0,1
elongate,True,1,001000,Ap,,True,3,001110,Ap,"An, Sn",0.007,0.376,0.787,0.694,0.583,0.063,0.007181,0.835079,0,0.375804,0.651832,0,0.787024,0.554974,1,0.694303,0.667539,1,0.582713,0.670157,0,0.062672,0.759162,0,0,0,1,0,0,0
elucidate,True,2,010100,An,Cm,True,3,010101,An,"Cm, Ev",0.082,0.879,0.415,0.923,0.074,0.647,0.081526,0.835079,0,0.878564,0.651832,1,0.414915,0.554974,0,0.922577,0.667539,1,0.073786,0.670157,0,0.646716,0.759162,0,0,1,0,1,0,0
elude,True,1,001000,Ap,,True,1,001000,Ap,,0.411,0.236,0.88,0.088,0.136,0.459,0.411349,0.835079,0,0.235567,0.651832,0,0.879522,0.554974,1,0.08752,0.667539,0,0.136174,0.670157,0,0.459197,0.759162,0,0,0,1,0,0,0
elute,True,1,010000,Cm,,True,2,011000,Cm,Ap,0.232,0.777,0.53,0.388,0.284,0.461,0.232258,0.835079,0,0.777181,0.651832,1,0.529685,0.554974,0,0.388146,0.667539,0,0.283581,0.670157,0,0.460949,0.759162,0,0,1,0,0,0,0
emanate,False,0,000000,,,True,1,010000,Cm,,0.074,0.584,0.31,0.084,0.281,0.049,0.073897,0.835079,0,0.583556,0.651832,0,0.310491,0.554974,0,0.08355,0.667539,0,0.281494,0.670157,0,0.049015,0.759162,0,0,0,0,0,0,0
embark,False,0,000000,,,True,1,000010,Sn,,0.453,0.136,0.346,0.088,0.574,0.189,0.45266,0.835079,0,0.136231,0.651832,0,0.34637,0.554974,0,0.08793,0.667539,0,0.574279,0.670157,0,0.188613,0.759162,0,0,0,0,0,0,0
embed,False,0,000000,,,True,1,001000,Ap,,0.478,0.376,0.522,0.307,0.343,0.17,0.478133,0.835079,0,0.376231,0.651832,0,0.522456,0.554974,0,0.307339,0.667539,0,0.343447,0.670157,0,0.169946,0.759162,0,0,0,0,0,0,0
embody,True,2,001010,Sn,Ap,True,2,001010,Sn,Ap,0.052,0.383,0.819,0.019,0.843,0.283,0.052254,0.835079,0,0.383114,0.651832,0,0.818766,0.554974,1,0.019457,0.667539,0,0.842825,0.670157,1,0.282941,0.759162,0,0,0,1,0,1,0
embrace,False,0,000000,,,True,1,000010,Sn,,0.314,0.152,0.241,0.272,0.617,0.633,0.313529,0.835079,0,0.152104,0.651832,0,0.241494,0.554974,0,0.271823,0.667539,0,0.616516,0.670157,0,0.632864,0.759162,0,0,0,0,0,0,0
emerge,True,1,000010,Sn,,True,1,000010,Sn,,0.421,0.185,0.417,0.517,0.923,0.442,0.421374,0.835079,0,0.184983,0.651832,0,0.417314,0.554974,0,0.517495,0.667539,0,0.92291,0.670157,1,0.442396,0.759162,0,0,0,0,0,1,0
emit,True,1,001000,Ap,,True,1,001000,Ap,,0.088,0.477,0.882,0.181,0.327,0.104,0.088428,0.835079,0,0.477255,0.651832,0,0.882332,0.554974,1,0.181272,0.667539,0,0.327194,0.670157,0,0.10358,0.759162,0,0,0,1,0,0,0
empathize,False,0,000000,,,True,3,010011,Ev,"Cm, Sn",0.669,0.568,0.438,0.234,0.585,0.656,0.668778,0.835079,0,0.567904,0.651832,0,0.437946,0.554974,0,0.233592,0.667539,0,0.585109,0.670157,0,0.656051,0.759162,0,0,0,0,0,0,0
emphasize,True,1,010000,Cm,,True,1,010000,Cm,,0.323,0.849,0.36,0.242,0.355,0.242,0.322746,0.835079,0,0.848804,0.651832,1,0.359889,0.554974,0,0.242465,0.667539,0,0.355067,0.670157,0,0.24168,0.759162,0,0,1,0,0,0,0
empower,True,2,001010,Ap,Sn,True,2,001010,Ap,Sn,0.004,0.172,0.836,0.056,0.794,0.515,0.00419,0.835079,0,0.172069,0.651832,0,0.836124,0.554974,1,0.056356,0.667539,0,0.794132,0.670157,1,0.515458,0.759162,0,0,0,1,0,1,0
emulate,True,1,001000,Ap,,True,4,111010,Ap,"Kn, Cm, Sn",0.742,0.631,0.98,0.011,0.88,0.042,0.74221,0.835079,0,0.631164,0.651832,0,0.979515,0.554974,1,0.011093,0.667539,0,0.879649,0.670157,1,0.041638,0.759162,0,0,0,1,0,0,0
enable,True,1,001000,Ap,,True,1,001000,Ap,,0.077,0.022,0.641,0.087,0.528,0.613,0.077395,0.835079,0,0.022054,0.651832,0,0.641216,0.554974,1,0.086825,0.667539,0,0.528461,0.670157,0,0.613381,0.759162,0,0,0,1,0,0,0
enact,True,1,001000,Ap,,True,2,001010,Ap,Sn,0.067,0.021,0.884,0.007,0.775,0.103,0.067295,0.835079,0,0.021146,0.651832,0,0.88356,0.554974,1,0.007204,0.667539,0,0.77499,0.670157,1,0.102644,0.759162,0,0,0,1,0,0,0
encapsulate,True,1,000010,Sn,,True,1,000010,Sn,,0.025,0.16,0.346,0.016,0.956,0.322,0.025257,0.835079,0,0.159675,0.651832,0,0.345613,0.554974,0,0.016192,0.667539,0,0.955726,0.670157,1,0.322053,0.759162,0,0,0,0,0,1,0
encase,True,1,000001,Ev,,True,3,001011,Ev,"Ap, Sn",0.26,0.202,0.541,0.011,0.592,0.763,0.260342,0.835079,0,0.202171,0.651832,0,0.541295,0.554974,0,0.011118,0.667539,0,0.591676,0.670157,0,0.763377,0.759162,1,0,0,0,0,0,1
encircle,True,1,001000,Ap,,True,2,011000,Ap,Cm,0.667,0.575,0.576,0.163,0.201,0.237,0.667133,0.835079,0,0.575119,0.651832,0,0.575688,0.554974,1,0.163025,0.667539,0,0.200701,0.670157,0,0.236674,0.759162,0,0,0,1,0,0,0
enclose,False,0,000000,,,False,0,000000,,,0.583,0.303,0.205,0.032,0.342,0.485,0.583484,0.835079,0,0.302957,0.651832,0,0.20468,0.554974,0,0.03198,0.667539,0,0.341749,0.670157,0,0.485472,0.759162,0,0,0,0,0,0,0
encode,True,1,001000,Ap,,True,2,001010,Ap,Sn,0.253,0.098,0.944,0.003,0.647,0.028,0.252915,0.835079,0,0.098424,0.651832,0,0.943864,0.554974,1,0.002618,0.667539,0,0.646909,0.670157,0,0.027945,0.759162,0,0,0,1,0,0,0
encompass,True,1,000010,Sn,,True,3,010011,Sn,"Cm, Ev",0.134,0.661,0.092,0.206,0.924,0.678,0.133917,0.835079,0,0.66129,0.651832,1,0.091935,0.554974,0,0.206207,0.667539,0,0.923777,0.670157,1,0.678328,0.759162,0,0,0,0,0,1,0
encounter,True,1,000010,Sn,,True,3,110010,Sn,"Kn, Cm",0.718,0.694,0.099,0.525,0.888,0.133,0.7182,0.835079,0,0.693535,0.651832,1,0.098797,0.554974,0,0.524903,0.667539,0,0.888268,0.670157,1,0.13318,0.759162,0,0,0,0,0,1,0
encourage,True,1,000010,Sn,,True,2,000011,Sn,Ev,0.083,0.026,0.395,0.005,0.933,0.708,0.082757,0.835079,0,0.026255,0.651832,0,0.394887,0.554974,0,0.005351,0.667539,0,0.93321,0.670157,1,0.707983,0.759162,0,0,0,0,0,1,0
encrypt,True,1,000001,Ev,,True,2,001001,Ev,Ap,0.148,0.176,0.582,0.143,0.283,0.856,0.147642,0.835079,0,0.176151,0.651832,0,0.581569,0.554974,1,0.142644,0.667539,0,0.283003,0.670157,0,0.855527,0.759162,1,0,0,0,0,0,1
encumber,False,0,000000,,,False,0,000000,,,0.19,0.233,0.207,0.423,0.338,0.488,0.190478,0.835079,0,0.233483,0.651832,0,0.206718,0.554974,0,0.423174,0.667539,0,0.338241,0.670157,0,0.487747,0.759162,0,0,0,0,0,0,0
end,True,1,010000,Cm,,True,2,010100,Cm,An,0.637,0.814,0.374,0.574,0.096,0.475,0.637001,0.835079,0,0.813857,0.651832,1,0.374432,0.554974,0,0.573763,0.667539,0,0.095883,0.670157,0,0.47515,0.759162,0,0,1,0,0,0,0
endanger,True,1,010000,Cm,,True,2,011000,Cm,Ap,0.149,0.764,0.53,0.465,0.163,0.364,0.148758,0.835079,0,0.764439,0.651832,1,0.529502,0.554974,0,0.464734,0.667539,0,0.163202,0.670157,0,0.364378,0.759162,0,0,1,0,0,0,0
endow,True,1,001000,Ap,,True,2,011000,Ap,Cm,0.147,0.7,0.804,0.303,0.28,0.615,0.147492,0.835079,0,0.699952,0.651832,1,0.804488,0.554974,1,0.30273,0.667539,0,0.279799,0.670157,0,0.614788,0.759162,0,0,0,1,0,0,0
endure,True,2,001001,Ap,Ev,True,4,101011,Ap,"Kn, Sn, Ev",0.74,0.215,0.814,0.198,0.661,0.811,0.74036,0.835079,0,0.214998,0.651832,0,0.814053,0.554974,1,0.198172,0.667539,0,0.660986,0.670157,0,0.810685,0.759162,1,0,0,1,0,0,1
energize,False,0,000000,,,False,0,000000,,,0.064,0.051,0.304,0.526,0.511,0.474,0.063937,0.835079,0,0.051209,0.651832,0,0.304374,0.554974,0,0.525601,0.667539,0,0.511488,0.670157,0,0.473812,0.759162,0,0,0,0,0,0,0
engage,True,1,001000,Ap,,True,2,001010,Ap,Sn,0.257,0.231,0.607,0.09,0.573,0.259,0.257045,0.835079,0,0.230943,0.651832,0,0.606996,0.554974,1,0.089687,0.667539,0,0.572863,0.670157,0,0.258848,0.759162,0,0,0,1,0,0,0
engender,False,0,000000,,,True,1,000010,Sn,,0.03,0.153,0.391,0.101,0.66,0.241,0.030237,0.835079,0,0.152931,0.651832,0,0.390525,0.554974,0,0.101277,0.667539,0,0.659731,0.670157,0,0.241454,0.759162,0,0,0,0,0,0,0
enjoin,True,1,000010,Sn,,True,1,000010,Sn,,0.421,0.245,0.019,0.022,0.717,0.24,0.420675,0.835079,0,0.24549,0.651832,0,0.019448,0.554974,0,0.022206,0.667539,0,0.717181,0.670157,1,0.240142,0.759162,0,0,0,0,0,1,0
enjoy,True,1,100000,Kn,,True,2,101000,Kn,Ap,0.988,0.203,0.813,0.223,0.004,0.165,0.987678,0.835079,1,0.202961,0.651832,0,0.812683,0.554974,1,0.222737,0.667539,0,0.003783,0.670157,0,0.164893,0.759162,0,1,0,0,0,0,0
enlarge,True,2,011000,Cm,Ap,True,3,011100,Cm,"Ap, An",0.175,0.722,0.716,0.567,0.235,0.159,0.174695,0.835079,0,0.722247,0.651832,1,0.716158,0.554974,1,0.567459,0.667539,0,0.234632,0.670157,0,0.15852,0.759162,0,0,1,1,0,0,0
enlighten,False,0,000000,,,False,0,000000,,,0.496,0.387,0.162,0.043,0.177,0.404,0.495784,0.835079,0,0.387398,0.651832,0,0.162013,0.554974,0,0.04288,0.667539,0,0.177444,0.670157,0,0.40376,0.759162,0,0,0,0,0,0,0
enlist,False,0,000000,,,True,1,000001,Ev,,0.584,0.16,0.401,0.035,0.405,0.728,0.583756,0.835079,0,0.160027,0.651832,0,0.40098,0.554974,0,0.034967,0.667539,0,0.405234,0.670157,0,0.728463,0.759162,0,0,0,0,0,0,0
enrich,True,1,001000,Ap,,True,2,001010,Ap,Sn,0.04,0.046,0.811,0.04,0.65,0.365,0.03958,0.835079,0,0.045765,0.651832,0,0.811417,0.554974,1,0.040331,0.667539,0,0.649913,0.670157,0,0.364714,0.759162,0,0,0,1,0,0,0
enroll,True,1,001000,Ap,,True,1,001000,Ap,,0.296,0.047,0.608,0.082,0.356,0.449,0.296083,0.835079,0,0.047486,0.651832,0,0.608384,0.554974,1,0.082341,0.667539,0,0.355864,0.670157,0,0.448889,0.759162,0,0,0,1,0,0,0
ensue,False,0,000000,,,False,0,000000,,,0.421,0.548,0.175,0.086,0.365,0.568,0.420784,0.835079,0,0.548115,0.651832,0,0.174886,0.554974,0,0.086433,0.667539,0,0.364504,0.670157,0,0.568198,0.759162,0,0,0,0,0,0,0
entail,True,1,010000,Cm,,True,1,010000,Cm,,0.525,0.739,0.231,0.311,0.163,0.544,0.525024,0.835079,0,0.739282,0.651832,1,0.231286,0.554974,0,0.311109,0.667539,0,0.163474,0.670157,0,0.544186,0.759162,0,0,1,0,0,0,0
entangle,False,0,000000,,,True,1,010000,Cm,,0.466,0.62,0.133,0.347,0.528,0.092,0.466463,0.835079,0,0.620368,0.651832,0,0.133168,0.554974,0,0.347084,0.667539,0,0.527837,0.670157,0,0.09193,0.759162,0,0,0,0,0,0,0
enter,False,0,000000,,,False,0,000000,,,0.483,0.425,0.143,0.485,0.333,0.462,0.483472,0.835079,0,0.425473,0.651832,0,0.143042,0.554974,0,0.485167,0.667539,0,0.333199,0.670157,0,0.46227,0.759162,0,0,0,0,0,0,0
entertain,True,1,001000,Ap,,True,2,001010,Ap,Sn,0.572,0.492,0.937,0.055,0.859,0.189,0.572161,0.835079,0,0.492105,0.651832,0,0.937384,0.554974,1,0.055268,0.667539,0,0.858911,0.670157,1,0.1892,0.759162,0,0,0,1,0,0,0
enthrall,False,0,000000,,,True,1,000001,Ev,,0.323,0.098,0.047,0.04,0.171,0.719,0.32263,0.835079,0,0.09803,0.651832,0,0.046515,0.554974,0,0.040349,0.667539,0,0.171474,0.670157,0,0.71873,0.759162,0,0,0,0,0,0,0
entice,False,0,000000,,,False,0,000000,,,0.19,0.047,0.212,0.085,0.407,0.545,0.189741,0.835079,0,0.046524,0.651832,0,0.211974,0.554974,0,0.084731,0.667539,0,0.40675,0.670157,0,0.544712,0.759162,0,0,0,0,0,0,0
entitle,True,1,100000,Kn,,True,1,100000,Kn,,0.884,0.044,0.123,0.06,0.102,0.414,0.883651,0.835079,1,0.044072,0.651832,0,0.123015,0.554974,0,0.059851,0.667539,0,0.101634,0.670157,0,0.414307,0.759162,0,1,0,0,0,0,0
entrap,False,0,000000,,,False,0,000000,,,0.299,0.157,0.325,0.245,0.202,0.199,0.299254,0.835079,0,0.157361,0.651832,0,0.324951,0.554974,0,0.245289,0.667539,0,0.202276,0.670157,0,0.198806,0.759162,0,0,0,0,0,0,0
entrench,True,1,000001,Ev,,True,1,000001,Ev,,0.012,0.023,0.159,0.262,0.356,0.816,0.011907,0.835079,0,0.023128,0.651832,0,0.159498,0.554974,0,0.261737,0.667539,0,0.356049,0.670157,0,0.81567,0.759162,1,0,0,0,0,0,1
entrust,True,1,000001,Ev,,True,1,000001,Ev,,0.118,0.098,0.148,0.178,0.133,0.828,0.117723,0.835079,0,0.097611,0.651832,0,0.147569,0.554974,0,0.177618,0.667539,0,0.133193,0.670157,0,0.82822,0.759162,1,0,0,0,0,0,1
enunciate,False,0,000000,,,False,0,000000,,,0.145,0.273,0.335,0.016,0.376,0.068,0.144894,0.835079,0,0.273088,0.651832,0,0.334954,0.554974,0,0.016054,0.667539,0,0.375836,0.670157,0,0.067843,0.759162,0,0,0,0,0,0,0
envelop,False,0,000000,,,False,0,000000,,,0.163,0.202,0.337,0.045,0.339,0.353,0.163377,0.835079,0,0.20184,0.651832,0,0.337022,0.554974,0,0.044539,0.667539,0,0.338874,0.670157,0,0.352527,0.759162,0,0,0,0,0,0,0
envisage,True,1,000010,Sn,,True,2,010010,Sn,Cm,0.3,0.608,0.139,0.376,0.915,0.205,0.299638,0.835079,0,0.608213,0.651832,0,0.139492,0.554974,0,0.375929,0.667539,0,0.914816,0.670157,1,0.204617,0.759162,0,0,0,0,0,1,0
envision,True,1,000010,Sn,,True,1,000010,Sn,,0.203,0.202,0.126,0.136,0.964,0.067,0.203499,0.835079,0,0.201711,0.651832,0,0.126219,0.554974,0,0.135851,0.667539,0,0.963563,0.670157,1,0.067363,0.759162,0,0,0,0,0,1,0
epitomize,True,1,010000,Cm,,True,1,010000,Cm,,0.661,0.85,0.284,0.533,0.526,0.64,0.660949,0.835079,0,0.849982,0.651832,1,0.283961,0.554974,0,0.53335,0.667539,0,0.526347,0.670157,0,0.640194,0.759162,0,0,1,0,0,0,0
equalize,True,1,000010,Sn,,True,1,000010,Sn,,0.007,0.426,0.201,0.183,0.788,0.544,0.007056,0.835079,0,0.426244,0.651832,0,0.200936,0.554974,0,0.183378,0.667539,0,0.78759,0.670157,1,0.543897,0.759162,0,0,0,0,0,1,0
equate,True,1,010000,Cm,,True,4,011101,Cm,"Ap, An, Ev",0.203,0.953,0.521,0.601,0.455,0.883,0.203226,0.835079,0,0.953141,0.651832,1,0.520515,0.554974,0,0.60102,0.667539,0,0.454685,0.670157,0,0.882819,0.759162,1,0,1,0,0,0,0
equilibrate,True,1,000100,An,,True,3,000111,An,"Sn, Ev",0.064,0.099,0.059,0.857,0.792,0.715,0.064001,0.835079,0,0.099344,0.651832,0,0.059253,0.554974,0,0.856548,0.667539,1,0.791936,0.670157,1,0.714733,0.759162,0,0,0,0,1,0,0
equip,True,1,000010,Sn,,True,2,001010,Sn,Ap,0.022,0.08,0.608,0.012,0.899,0.618,0.022181,0.835079,0,0.079623,0.651832,0,0.607972,0.554974,1,0.011502,0.667539,0,0.898955,0.670157,1,0.61756,0.759162,0,0,0,0,0,1,0
eradicate,True,1,000001,Ev,,True,2,001001,Ev,Ap,0.134,0.027,0.631,0.263,0.227,0.824,0.13446,0.835079,0,0.027079,0.651832,0,0.630677,0.554974,1,0.26266,0.667539,0,0.227258,0.670157,0,0.823817,0.759162,1,0,0,0,0,0,1
erase,False,0,000000,,,True,1,001000,Ap,,0.628,0.14,0.539,0.195,0.152,0.26,0.628238,0.835079,0,0.139804,0.651832,0,0.539408,0.554974,0,0.195043,0.667539,0,0.151678,0.670157,0,0.260404,0.759162,0,0,0,0,0,0,0
erect,True,1,001000,Ap,,True,1,001000,Ap,,0.649,0.14,0.652,0.206,0.276,0.101,0.649479,0.835079,0,0.140012,0.651832,0,0.652351,0.554974,1,0.205736,0.667539,0,0.27635,0.670157,0,0.101457,0.759162,0,0,0,1,0,0,0
erode,True,1,001000,Ap,,True,2,001100,Ap,An,0.015,0.223,0.763,0.569,0.104,0.418,0.015084,0.835079,0,0.222529,0.651832,0,0.762907,0.554974,1,0.568551,0.667539,0,0.104262,0.670157,0,0.418394,0.759162,0,0,0,1,0,0,0
escalate,True,1,000010,Sn,,True,3,001011,Ev,"Ap, Sn",0.013,0.132,0.533,0.243,0.688,0.759,0.012757,0.835079,0,0.131626,0.651832,0,0.532652,0.554974,0,0.243054,0.667539,0,0.687583,0.670157,1,0.758829,0.759162,0,0,0,0,0,1,0
escape,False,0,000000,,,True,1,000001,Ev,,0.207,0.208,0.295,0.343,0.223,0.68,0.207162,0.835079,0,0.207874,0.651832,0,0.295168,0.554974,0,0.34328,0.667539,0,0.222898,0.670157,0,0.67978,0.759162,0,0,0,0,0,0,0
etch,True,1,001000,Ap,,True,2,011000,Ap,Cm,0.608,0.581,0.736,0.474,0.243,0.142,0.607547,0.835079,0,0.581319,0.651832,0,0.735767,0.554974,1,0.474198,0.667539,0,0.24333,0.670157,0,0.142224,0.759162,0,0,0,1,0,0,0
evacuate,True,2,001001,Ev,Ap,True,2,001001,Ev,Ap,0.074,0.425,0.78,0.131,0.513,0.795,0.074396,0.835079,0,0.424867,0.651832,0,0.779919,0.554974,1,0.130513,0.667539,0,0.513481,0.670157,0,0.794998,0.759162,1,0,0,1,0,0,1
evade,True,1,001000,Ap,,True,2,011000,Ap,Cm,0.421,0.571,0.653,0.14,0.152,0.448,0.420715,0.835079,0,0.571443,0.651832,0,0.65284,0.554974,1,0.139967,0.667539,0,0.152292,0.670157,0,0.448061,0.759162,0,0,0,1,0,0,0
evaporate,True,1,001000,Ap,,True,3,011001,Ev,"Cm, Ap",0.102,0.586,0.637,0.529,0.196,0.75,0.101527,0.835079,0,0.585817,0.651832,0,0.636892,0.554974,1,0.529258,0.667539,0,0.195508,0.670157,0,0.749828,0.759162,0,0,0,1,0,0,0
evoke,True,1,001000,Ap,,True,2,001010,Ap,Sn,0.627,0.474,0.642,0.084,0.602,0.085,0.626518,0.835079,0,0.4739,0.651832,0,0.642215,0.554974,1,0.084209,0.667539,0,0.60232,0.670157,0,0.085208,0.759162,0,0,0,1,0,0,0
evolve,True,1,000010,Sn,,True,3,001110,Sn,"Ap, An",0.154,0.14,0.652,0.707,0.863,0.167,0.154012,0.835079,0,0.140252,0.651832,0,0.652439,0.554974,1,0.707348,0.667539,1,0.862721,0.670157,1,0.166933,0.759162,0,0,0,0,0,1,0
exacerbate,True,1,001000,Ap,,True,1,001000,Ap,,0.023,0.07,0.642,0.091,0.334,0.479,0.022929,0.835079,0,0.069834,0.651832,0,0.641768,0.554974,1,0.091082,0.667539,0,0.334295,0.670157,0,0.479306,0.759162,0,0,0,1,0,0,0
exaggerate,True,1,010000,Cm,,True,1,010000,Cm,,0.191,0.866,0.24,0.42,0.398,0.491,0.191428,0.835079,0,0.866042,0.651832,1,0.239695,0.554974,0,0.420142,0.667539,0,0.397726,0.670157,0,0.490913,0.759162,0,0,1,0,0,0,0
excavate,True,1,001000,Ap,,True,2,001100,Ap,An,0.308,0.331,0.975,0.613,0.177,0.164,0.307637,0.835079,0,0.330879,0.651832,0,0.974557,0.554974,1,0.612763,0.667539,0,0.176944,0.670157,0,0.164264,0.759162,0,0,0,1,0,0,0
exceed,False,0,000000,,,False,0,000000,,,0.554,0.383,0.255,0.184,0.402,0.082,0.55354,0.835079,0,0.382933,0.651832,0,0.254743,0.554974,0,0.183665,0.667539,0,0.402073,0.670157,0,0.082062,0.759162,0,0,0,0,0,0,0
excel,True,3,011100,Ap,"Cm, An",True,4,011110,Ap,"Cm, An, Sn",0.589,0.69,0.711,0.671,0.594,0.112,0.58894,0.835079,0,0.689554,0.651832,1,0.710968,0.554974,1,0.67134,0.667539,1,0.594328,0.670157,0,0.111728,0.759162,0,0,1,1,1,0,0
excise,True,1,001000,Ap,,True,1,001000,Ap,,0.034,0.043,0.738,0.315,0.059,0.533,0.033819,0.835079,0,0.04343,0.651832,0,0.737757,0.554974,1,0.315488,0.667539,0,0.058774,0.670157,0,0.532831,0.759162,0,0,0,1,0,0,0
excite,False,0,000000,,,True,1,001000,Ap,,0.514,0.136,0.519,0.33,0.261,0.199,0.513951,0.835079,0,0.135619,0.651832,0,0.518846,0.554974,0,0.330169,0.667539,0,0.26128,0.670157,0,0.199254,0.759162,0,0,0,0,0,0,0
exclude,True,1,010000,Cm,,True,3,011001,Ev,"Cm, Ap",0.365,0.661,0.552,0.537,0.1,0.759,0.365045,0.835079,0,0.660833,0.651832,1,0.55157,0.554974,0,0.536921,0.667539,0,0.099819,0.670157,0,0.75894,0.759162,0,0,1,0,0,0,0
exert,True,1,001000,Ap,,True,1,001000,Ap,,0.006,0.089,0.979,0.321,0.177,0.178,0.006007,0.835079,0,0.088966,0.651832,0,0.979168,0.554974,1,0.320601,0.667539,0,0.177052,0.670157,0,0.177858,0.759162,0,0,0,1,0,0,0
exfoliate,True,1,001000,Ap,,True,1,001000,Ap,,0.419,0.045,0.609,0.288,0.397,0.301,0.418903,0.835079,0,0.044708,0.651832,0,0.609011,0.554974,1,0.288065,0.667539,0,0.39674,0.670157,0,0.301385,0.759162,0,0,0,1,0,0,0
exhaust,True,1,001000,Ap,,True,1,001000,Ap,,0.19,0.529,0.556,0.524,0.053,0.318,0.189619,0.835079,0,0.528989,0.651832,0,0.555827,0.554974,1,0.524145,0.667539,0,0.052744,0.670157,0,0.318146,0.759162,0,0,0,1,0,0,0
exist,True,1,100000,Kn,,True,4,110110,Kn,"Cm, An, Sn",0.884,0.759,0.085,0.572,0.675,0.462,0.884423,0.835079,1,0.758711,0.651832,1,0.084975,0.554974,0,0.571705,0.667539,0,0.675112,0.670157,1,0.462295,0.759162,0,1,0,0,0,0,0
expect,True,1,000010,Sn,,True,2,001010,Sn,Ap,0.234,0.212,0.659,0.394,0.925,0.491,0.233816,0.835079,0,0.212402,0.651832,0,0.659339,0.554974,1,0.394074,0.667539,0,0.925451,0.670157,1,0.490711,0.759162,0,0,0,0,0,1,0
expedite,True,1,001000,Ap,,True,1,001000,Ap,,0.051,0.243,0.599,0.205,0.428,0.521,0.051297,0.835079,0,0.242559,0.651832,0,0.599122,0.554974,1,0.204765,0.667539,0,0.428369,0.670157,0,0.521357,0.759162,0,0,0,1,0,0,0
expel,True,2,001001,Ev,Ap,True,2,001001,Ev,Ap,0.035,0.088,0.725,0.37,0.154,0.76,0.035234,0.835079,0,0.088163,0.651832,0,0.724619,0.554974,1,0.369654,0.667539,0,0.154172,0.670157,0,0.760087,0.759162,1,0,0,1,0,0,1
expend,True,1,001000,Ap,,True,1,001000,Ap,,0.202,0.144,0.979,0.134,0.057,0.23,0.20238,0.835079,0,0.144434,0.651832,0,0.979329,0.554974,1,0.134081,0.667539,0,0.057068,0.670157,0,0.229878,0.759162,0,0,0,1,0,0,0
expire,True,1,001000,Ap,,True,2,001100,Ap,An,0.463,0.214,0.792,0.615,0.022,0.528,0.462849,0.835079,0,0.214261,0.651832,0,0.792311,0.554974,1,0.614518,0.667539,0,0.021703,0.670157,0,0.527526,0.759162,0,0,0,1,0,0,0
explicate,True,1,001000,Ap,,True,3,011100,Ap,"Cm, An",0.277,0.899,0.98,0.808,0.039,0.177,0.277271,0.835079,0,0.899088,0.651832,1,0.979512,0.554974,1,0.808164,0.667539,1,0.039322,0.670157,0,0.177497,0.759162,0,0,0,1,0,0,0
explode,True,1,000100,An,,True,2,001100,An,Ap,0.083,0.2,0.629,0.86,0.418,0.462,0.083145,0.835079,0,0.199752,0.651832,0,0.629101,0.554974,1,0.859781,0.667539,1,0.417684,0.670157,0,0.46169,0.759162,0,0,0,0,1,0,0
exploit,True,2,001100,Ap,An,True,2,001100,Ap,An,0.202,0.256,0.878,0.875,0.09,0.515,0.201739,0.835079,0,0.255572,0.651832,0,0.877549,0.554974,1,0.875021,0.667539,1,0.089588,0.670157,0,0.514564,0.759162,0,0,0,1,1,0,0
externalize,True,1,000010,Sn,,True,1,000010,Sn,,0.005,0.099,0.436,0.036,0.939,0.288,0.005347,0.835079,0,0.099009,0.651832,0,0.435605,0.554974,0,0.035569,0.667539,0,0.938767,0.670157,1,0.288337,0.759162,0,0,0,0,0,1,0
extrude,True,1,001000,Ap,,True,2,001100,Ap,An,0.3,0.208,0.935,0.712,0.284,0.022,0.300136,0.835079,0,0.208101,0.651832,0,0.934769,0.554974,1,0.711968,0.667539,1,0.283712,0.670157,0,0.021727,0.759162,0,0,0,1,0,0,0
fabricate,True,1,000010,Sn,,True,2,001010,Sn,Ap,0.029,0.132,0.856,0.087,0.924,0.171,0.028911,0.835079,0,0.131829,0.651832,0,0.855813,0.554974,1,0.086588,0.667539,0,0.924194,0.670157,1,0.170689,0.759162,0,0,0,0,0,1,0
face,False,0,000000,,,False,0,000000,,,0.514,0.534,0.232,0.562,0.464,0.269,0.513501,0.835079,0,0.534117,0.651832,0,0.231657,0.554974,0,0.561918,0.667539,0,0.46439,0.670157,0,0.269359,0.759162,0,0,0,0,0,0,0
factorize,True,1,010000,Cm,,True,3,011100,Cm,"Ap, An",0.015,0.901,0.829,0.748,0.197,0.174,0.015344,0.835079,0,0.901486,0.651832,1,0.828569,0.554974,1,0.748331,0.667539,1,0.1966,0.670157,0,0.173502,0.759162,0,0,1,0,0,0,0
fade,False,0,000000,,,True,3,010101,Ev,"Cm, An",0.624,0.608,0.089,0.621,0.302,0.73,0.624079,0.835079,0,0.608061,0.651832,0,0.088518,0.554974,0,0.621451,0.667539,0,0.301542,0.670157,0,0.730416,0.759162,0,0,0,0,0,0,0
fail,False,0,000000,,,True,2,100001,Kn,Ev,0.734,0.22,0.292,0.362,0.459,0.715,0.73357,0.835079,0,0.220245,0.651832,0,0.292096,0.554974,0,0.361517,0.667539,0,0.458699,0.670157,0,0.714826,0.759162,0,0,0,0,0,0,0
fall,True,1,001000,Ap,,True,2,001100,Ap,An,0.316,0.225,0.676,0.648,0.556,0.463,0.315543,0.835079,0,0.225468,0.651832,0,0.676169,0.554974,1,0.648275,0.667539,0,0.55628,0.670157,0,0.462711,0.759162,0,0,0,1,0,0,0
falsify,False,0,000000,,,True,2,000101,Ev,An,0.172,0.255,0.239,0.573,0.343,0.74,0.172345,0.835079,0,0.254504,0.651832,0,0.239364,0.554974,0,0.572776,0.667539,0,0.343115,0.670157,0,0.739566,0.759162,0,0,0,0,0,0,0
familiarize,True,3,011010,Sn,"Cm, Ap",True,4,111010,Kn,"Cm, Ap, Sn",0.797,0.708,0.626,0.021,0.716,0.164,0.797451,0.835079,0,0.707767,0.651832,1,0.625889,0.554974,1,0.021053,0.667539,0,0.715861,0.670157,1,0.164017,0.759162,0,0,1,1,0,1,0
fasten,True,1,000001,Ev,,True,1,000001,Ev,,0.623,0.16,0.076,0.081,0.071,0.86,0.62273,0.835079,0,0.160255,0.651832,0,0.076385,0.554974,0,0.080671,0.667539,0,0.071098,0.670157,0,0.85965,0.759162,1,0,0,0,0,0,1
fatten,True,1,000001,Ev,,True,2,001001,Ev,Ap,0.236,0.083,0.536,0.342,0.074,0.8,0.236125,0.835079,0,0.083418,0.651832,0,0.535991,0.554974,0,0.342076,0.667539,0,0.074393,0.670157,0,0.799682,0.759162,1,0,0,0,0,0,1
fault,False,0,000000,,,True,1,000100,An,,0.347,0.162,0.028,0.623,0.023,0.257,0.3467,0.835079,0,0.161821,0.651832,0,0.027909,0.554974,0,0.622534,0.667539,0,0.023381,0.670157,0,0.25706,0.759162,0,0,0,0,0,0,0
favour,True,1,010000,Cm,,True,2,010001,Ev,Cm,0.697,0.663,0.212,0.242,0.075,0.684,0.697005,0.835079,0,0.662946,0.651832,1,0.21181,0.554974,0,0.242087,0.667539,0,0.074938,0.670157,0,0.684471,0.759162,0,0,1,0,0,0,0
fear,False,0,000000,,,False,0,000000,,,0.538,0.375,0.075,0.42,0.41,0.501,0.538041,0.835079,0,0.375388,0.651832,0,0.074808,0.554974,0,0.419599,0.667539,0,0.409798,0.670157,0,0.501484,0.759162,0,0,0,0,0,0,0
feather,False,0,000000,,,True,1,000100,An,,0.554,0.501,0.097,0.589,0.17,0.255,0.5538,0.835079,0,0.500727,0.651832,0,0.097052,0.554974,0,0.588762,0.667539,0,0.169734,0.670157,0,0.255104,0.759162,0,0,0,0,0,0,0
feature,True,1,010000,Cm,,True,1,010000,Cm,,0.452,0.721,0.174,0.388,0.2,0.288,0.451815,0.835079,0,0.720655,0.651832,1,0.174282,0.554974,0,0.388166,0.667539,0,0.199809,0.670157,0,0.288263,0.759162,0,0,1,0,0,0,0
fee,False,0,000000,,,False,0,000000,,,0.325,0.165,0.248,0.261,0.225,0.229,0.324535,0.835079,0,0.165366,0.651832,0,0.248122,0.554974,0,0.260547,0.667539,0,0.225297,0.670157,0,0.229238,0.759162,0,0,0,0,0,0,0
feel,True,1,100000,Kn,,True,3,110001,Kn,"Cm, Ev",0.881,0.766,0.148,0.182,0.347,0.801,0.880672,0.835079,1,0.766359,0.651832,1,0.147895,0.554974,0,0.181886,0.667539,0,0.346902,0.670157,0,0.800996,0.759162,1,1,0,0,0,0,0
ferret,True,1,000100,An,,True,2,010100,An,Cm,0.538,0.736,0.255,0.913,0.34,0.495,0.538238,0.835079,0,0.735616,0.651832,1,0.25491,0.554974,0,0.912535,0.667539,1,0.340168,0.670157,0,0.49536,0.759162,0,0,0,0,1,0,0
fertilize,True,1,000010,Sn,,True,3,001011,Sn,"Ap, Ev",0.05,0.228,0.561,0.375,0.844,0.732,0.049847,0.835079,0,0.228016,0.651832,0,0.561254,0.554974,1,0.374903,0.667539,0,0.843576,0.670157,1,0.731602,0.759162,0,0,0,0,0,1,0
fetch,True,1,100000,Kn,,True,3,101100,Kn,"Ap, An",0.84,0.07,0.556,0.575,0.209,0.499,0.839539,0.835079,1,0.070211,0.651832,0,0.555718,0.554974,1,0.574912,0.667539,0,0.208707,0.670157,0,0.499183,0.759162,0,1,0,0,0,0,0
fight,True,1,000001,Ev,,True,6,111111,Ev,"Kn, Cm, Ap, An, Sn",0.756,0.682,0.523,0.708,0.728,0.872,0.755622,0.835079,0,0.681883,0.651832,1,0.522783,0.554974,0,0.707647,0.667539,1,0.727949,0.670157,1,0.872066,0.759162,1,0,0,0,0,0,1
fill,True,1,001000,Ap,,True,1,001000,Ap,,0.388,0.361,0.77,0.131,0.302,0.111,0.387616,0.835079,0,0.360631,0.651832,0,0.770438,0.554974,1,0.131409,0.667539,0,0.302481,0.670157,0,0.111128,0.759162,0,0,0,1,0,0,0
film,True,1,001000,Ap,,True,2,001010,Ap,Sn,0.349,0.359,0.653,0.37,0.636,0.28,0.349025,0.835079,0,0.358662,0.651832,0,0.652515,0.554974,1,0.369668,0.667539,0,0.636223,0.670157,0,0.279506,0.759162,0,0,0,1,0,0,0
filter,False,0,000000,,,True,1,000001,Ev,,0.557,0.525,0.364,0.561,0.164,0.758,0.557298,0.835079,0,0.524688,0.651832,0,0.363674,0.554974,0,0.561051,0.667539,0,0.164054,0.670157,0,0.757571,0.759162,0,0,0,0,0,0,0
finalize,True,1,000001,Ev,,True,2,001001,Ev,Ap,0.012,0.461,0.498,0.526,0.498,0.831,0.011837,0.835079,0,0.461467,0.651832,0,0.497763,0.554974,0,0.525788,0.667539,0,0.497825,0.670157,0,0.830833,0.759162,1,0,0,0,0,0,1
finish,True,4,111001,Kn,"Cm, Ap, Ev",True,4,111001,Kn,"Cm, Ap, Ev",0.841,0.83,0.644,0.111,0.122,0.78,0.840711,0.835079,1,0.8298,0.651832,1,0.644077,0.554974,1,0.110638,0.667539,0,0.121899,0.670157,0,0.779999,0.759162,1,1,1,1,0,0,1
fix,True,1,000010,Sn,,True,1,000010,Sn,,0.1,0.288,0.017,0.209,0.848,0.301,0.099933,0.835079,0,0.288497,0.651832,0,0.016891,0.554974,0,0.208712,0.667539,0,0.847625,0.670157,1,0.300556,0.759162,0,0,0,0,0,1,0
fixate,False,0,000000,,,True,1,000100,An,,0.441,0.006,0.075,0.572,0.416,0.576,0.440869,0.835079,0,0.005592,0.651832,0,0.075142,0.554974,0,0.572471,0.667539,0,0.416348,0.670157,0,0.576238,0.759162,0,0,0,0,0,0,0
fizzle,True,1,000100,An,,True,1,000100,An,,0.252,0.383,0.075,0.7,0.152,0.462,0.252064,0.835079,0,0.383164,0.651832,0,0.074749,0.554974,0,0.699659,0.667539,1,0.151541,0.670157,0,0.462176,0.759162,0,0,0,0,1,0,0
flank,True,1,000100,An,,True,2,010100,An,Cm,0.558,0.561,0.101,0.793,0.24,0.478,0.557764,0.835079,0,0.560917,0.651832,0,0.100569,0.554974,0,0.793395,0.667539,1,0.239807,0.670157,0,0.478348,0.759162,0,0,0,0,1,0,0
flash,True,1,000010,Sn,,True,3,010110,Sn,"Cm, An",0.41,0.719,0.026,0.698,0.837,0.241,0.410274,0.835079,0,0.718536,0.651832,1,0.026313,0.554974,0,0.697989,0.667539,1,0.837009,0.670157,1,0.240704,0.759162,0,0,0,0,0,1,0
flatten,True,1,001000,Ap,,True,1,001000,Ap,,0.311,0.236,0.685,0.533,0.567,0.162,0.310633,0.835079,0,0.235764,0.651832,0,0.685408,0.554974,1,0.533476,0.667539,0,0.566566,0.670157,0,0.162133,0.759162,0,0,0,1,0,0,0
flatter,True,1,001000,Ap,,True,1,001000,Ap,,0.051,0.042,0.633,0.134,0.534,0.283,0.051017,0.835079,0,0.042179,0.651832,0,0.632709,0.554974,1,0.133829,0.667539,0,0.534402,0.670157,0,0.282995,0.759162,0,0,0,1,0,0,0
fledge,False,0,000000,,,False,0,000000,,,0.552,0.173,0.056,0.259,0.306,0.283,0.551749,0.835079,0,0.172919,0.651832,0,0.056119,0.554974,0,0.259043,0.667539,0,0.306445,0.670157,0,0.283291,0.759162,0,0,0,0,0,0,0
flee,True,1,000001,Ev,,True,2,010001,Ev,Cm,0.539,0.709,0.44,0.391,0.515,0.827,0.539466,0.835079,0,0.708742,0.651832,1,0.439521,0.554974,0,0.390558,0.667539,0,0.514947,0.670157,0,0.826981,0.759162,1,0,0,0,0,0,1
flex,True,2,010100,Cm,An,True,3,010110,Cm,"An, Sn",0.05,0.803,0.21,0.794,0.665,0.315,0.050246,0.835079,0,0.80303,0.651832,1,0.210411,0.554974,0,0.793628,0.667539,1,0.66456,0.670157,0,0.314531,0.759162,0,0,1,0,1,0,0
flicker,False,0,000000,,,True,3,100110,Kn,"An, Sn",0.722,0.099,0.026,0.626,0.585,0.255,0.722149,0.835079,0,0.099463,0.651832,0,0.026182,0.554974,0,0.625809,0.667539,0,0.585077,0.670157,0,0.254692,0.759162,0,0,0,0,0,0,0
flip,True,1,001000,Ap,,True,2,001100,Ap,An,0.689,0.18,0.63,0.613,0.112,0.491,0.688842,0.835079,0,0.17979,0.651832,0,0.629684,0.554974,1,0.613092,0.667539,0,0.111557,0.670157,0,0.491301,0.759162,0,0,0,1,0,0,0
float,False,0,000000,,,True,1,000100,An,,0.4,0.498,0.198,0.585,0.207,0.383,0.399741,0.835079,0,0.498476,0.651832,0,0.198097,0.554974,0,0.585341,0.667539,0,0.207,0.670157,0,0.382529,0.759162,0,0,0,0,0,0,0
flocculate,False,0,000000,,,True,1,000100,An,,0.136,0.408,0.126,0.622,0.355,0.181,0.136006,0.835079,0,0.408492,0.651832,0,0.125855,0.554974,0,0.62184,0.667539,0,0.355439,0.670157,0,0.180909,0.759162,0,0,0,0,0,0,0
flourish,True,1,000010,Sn,,True,2,001010,Sn,Ap,0.338,0.219,0.636,0.375,0.728,0.158,0.338328,0.835079,0,0.218823,0.651832,0,0.635881,0.554974,1,0.374647,0.667539,0,0.728382,0.670157,1,0.157742,0.759162,0,0,0,0,0,1,0
flow,False,0,000000,,,True,2,010100,An,Cm,0.64,0.567,0.205,0.581,0.332,0.206,0.640086,0.835079,0,0.567027,0.651832,0,0.204809,0.554974,0,0.581287,0.667539,0,0.332461,0.670157,0,0.20572,0.759162,0,0,0,0,0,0,0
fluctuate,True,1,000100,An,,True,2,010100,An,Cm,0.142,0.633,0.327,0.876,0.301,0.164,0.14225,0.835079,0,0.633188,0.651832,0,0.326946,0.554974,0,0.876116,0.667539,1,0.301499,0.670157,0,0.164076,0.759162,0,0,0,0,1,0,0
flutter,False,0,000000,,,True,1,001000,Ap,,0.407,0.381,0.502,0.315,0.544,0.034,0.407023,0.835079,0,0.380986,0.651832,0,0.5015,0.554974,0,0.31457,0.667539,0,0.543753,0.670157,0,0.034296,0.759162,0,0,0,0,0,0,0
fly,True,1,001000,Ap,,True,1,001000,Ap,,0.678,0.346,0.862,0.121,0.356,0.235,0.677817,0.835079,0,0.345911,0.651832,0,0.861921,0.554974,1,0.121322,0.667539,0,0.355835,0.670157,0,0.234722,0.759162,0,0,0,1,0,0,0
fold,True,1,000100,An,,True,2,000110,An,Sn,0.661,0.073,0.437,0.813,0.573,0.198,0.661474,0.835079,0,0.072904,0.651832,0,0.436542,0.554974,0,0.813315,0.667539,1,0.572694,0.670157,0,0.198046,0.759162,0,0,0,0,1,0,0
forbid,True,1,000001,Ev,,True,1,000001,Ev,,0.576,0.2,0.241,0.309,0.327,0.891,0.576056,0.835079,0,0.199695,0.651832,0,0.240642,0.554974,0,0.308691,0.667539,0,0.327179,0.670157,0,0.891017,0.759162,1,0,0,0,0,0,1
force,True,1,000001,Ev,,True,1,000001,Ev,,0.058,0.5,0.279,0.54,0.28,0.828,0.057595,0.835079,0,0.500029,0.651832,0,0.279232,0.554974,0,0.539711,0.667539,0,0.27987,0.670157,0,0.828084,0.759162,1,0,0,0,0,0,1
forego,True,1,000100,An,,True,2,000101,An,Ev,0.459,0.413,0.119,0.693,0.473,0.67,0.459075,0.835079,0,0.412831,0.651832,0,0.118913,0.554974,0,0.692572,0.667539,1,0.472824,0.670157,0,0.669506,0.759162,0,0,0,0,1,0,0
foreground,True,1,000100,An,,True,3,010110,An,"Cm, Sn",0.43,0.604,0.003,0.874,0.738,0.475,0.430464,0.835079,0,0.604412,0.651832,0,0.002618,0.554974,0,0.874381,0.667539,1,0.738483,0.670157,1,0.475056,0.759162,0,0,0,0,1,0,0
foresee,True,1,000010,Sn,,True,3,100110,Sn,"Kn, An",0.779,0.463,0.068,0.678,0.969,0.602,0.779234,0.835079,0,0.463064,0.651832,0,0.067806,0.554974,0,0.678366,0.667539,1,0.968839,0.670157,1,0.601974,0.759162,0,0,0,0,0,1,0
foreshorten,True,1,000100,An,,True,2,000101,An,Ev,0.583,0.485,0.009,0.912,0.522,0.673,0.582586,0.835079,0,0.484541,0.651832,0,0.009303,0.554974,0,0.911932,0.667539,1,0.521984,0.670157,0,0.672653,0.759162,0,0,0,0,1,0,0
forge,True,1,000001,Ev,,True,3,001011,Ev,"Ap, Sn",0.213,0.226,0.632,0.526,0.673,0.825,0.212546,0.835079,0,0.226389,0.651832,0,0.632286,0.554974,1,0.526102,0.667539,0,0.673479,0.670157,1,0.824529,0.759162,1,0,0,0,0,0,1
forget,False,0,000000,,,True,1,100000,Kn,,0.826,0.159,0.03,0.047,0.318,0.044,0.826085,0.835079,0,0.15915,0.651832,0,0.029785,0.554974,0,0.047029,0.667539,0,0.317966,0.670157,0,0.044327,0.759162,0,0,0,0,0,0,0
forgo,True,1,001000,Ap,,True,1,001000,Ap,,0.316,0.383,0.627,0.444,0.074,0.609,0.315819,0.835079,0,0.383357,0.651832,0,0.626731,0.554974,1,0.443668,0.667539,0,0.07353,0.670157,0,0.608825,0.759162,0,0,0,1,0,0,0
form,True,1,001000,Ap,,True,2,001010,Ap,Sn,0.347,0.418,0.756,0.158,0.622,0.198,0.346708,0.835079,0,0.418312,0.651832,0,0.756409,0.554974,1,0.158053,0.667539,0,0.621521,0.670157,0,0.198136,0.759162,0,0,0,1,0,0,0
formalize,True,2,010010,Sn,Cm,True,2,010010,Sn,Cm,0.189,0.869,0.376,0.375,0.901,0.254,0.189025,0.835079,0,0.869041,0.651832,1,0.376306,0.554974,0,0.375425,0.667539,0,0.900845,0.670157,1,0.254293,0.759162,0,0,1,0,0,1,0
fractionate,True,1,001000,Ap,,True,2,001100,Ap,An,0.301,0.384,0.685,0.61,0.153,0.04,0.300725,0.835079,0,0.383931,0.651832,0,0.684931,0.554974,1,0.609515,0.667539,0,0.153391,0.670157,0,0.039605,0.759162,0,0,0,1,0,0,0
free,False,0,000000,,,False,0,000000,,,0.148,0.187,0.256,0.172,0.096,0.181,0.148095,0.835079,0,0.186557,0.651832,0,0.255516,0.554974,0,0.172051,0.667539,0,0.096005,0.670157,0,0.181447,0.759162,0,0,0,0,0,0,0
freeze,True,1,000100,An,,True,2,010100,An,Cm,0.655,0.721,0.177,0.874,0.219,0.602,0.654681,0.835079,0,0.720865,0.651832,1,0.177072,0.554974,0,0.874481,0.667539,1,0.218613,0.670157,0,0.601747,0.759162,0,0,0,0,1,0,0
frown,True,1,100000,Kn,,True,1,100000,Kn,,0.885,0.376,0.395,0.391,0.395,0.465,0.885016,0.835079,1,0.376146,0.651832,0,0.39536,0.554974,0,0.391439,0.667539,0,0.395275,0.670157,0,0.464931,0.759162,0,1,0,0,0,0,0
frustrate,True,1,000001,Ev,,True,1,000001,Ev,,0.22,0.097,0.436,0.293,0.384,0.834,0.220265,0.835079,0,0.097266,0.651832,0,0.436074,0.554974,0,0.293106,0.667539,0,0.384401,0.670157,0,0.833681,0.759162,1,0,0,0,0,0,1
fulfil,True,1,001000,Ap,,True,1,001000,Ap,,0.43,0.186,0.627,0.087,0.354,0.453,0.429745,0.835079,0,0.186447,0.651832,0,0.626659,0.554974,1,0.087162,0.667539,0,0.353724,0.670157,0,0.45301,0.759162,0,0,0,1,0,0,0
fulfill,True,1,001000,Ap,,True,1,001000,Ap,,0.443,0.18,0.898,0.089,0.357,0.248,0.443327,0.835079,0,0.18005,0.651832,0,0.897688,0.554974,1,0.088954,0.667539,0,0.35725,0.670157,0,0.247971,0.759162,0,0,0,1,0,0,0
furnish,True,2,001010,Sn,Ap,True,3,011010,Sn,"Cm, Ap",0.299,0.561,0.781,0.035,0.79,0.577,0.29915,0.835079,0,0.560508,0.651832,0,0.7813,0.554974,1,0.034713,0.667539,0,0.789743,0.670157,1,0.577032,0.759162,0,0,0,1,0,1,0
galvanize,True,1,000001,Ev,,True,1,000001,Ev,,0.132,0.538,0.423,0.087,0.23,0.774,0.132093,0.835079,0,0.537904,0.651832,0,0.423237,0.554974,0,0.086964,0.667539,0,0.230148,0.670157,0,0.773772,0.759162,1,0,0,0,0,0,1
gape,True,1,000100,An,,True,2,010100,An,Cm,0.511,0.663,0.018,0.759,0.176,0.329,0.510675,0.835079,0,0.663278,0.651832,1,0.018259,0.554974,0,0.759441,0.667539,1,0.175944,0.670157,0,0.328735,0.759162,0,0,0,0,1,0,0
gate,True,1,000100,An,,True,2,000101,Ev,An,0.308,0.347,0.167,0.737,0.089,0.758,0.307503,0.835079,0,0.34703,0.651832,0,0.167275,0.554974,0,0.736622,0.667539,1,0.088507,0.670157,0,0.757905,0.759162,0,0,0,0,1,0,0
gauge,True,3,011100,An,"Cm, Ap",True,3,011100,An,"Cm, Ap",0.655,0.665,0.571,0.669,0.103,0.559,0.655439,0.835079,0,0.664593,0.651832,1,0.571147,0.554974,1,0.669132,0.667539,1,0.103136,0.670157,0,0.558685,0.759162,0,0,1,1,1,0,0
gaze,True,1,100000,Kn,,True,2,100100,Kn,An,0.994,0.277,0.336,0.57,0.121,0.103,0.993707,0.835079,1,0.276789,0.651832,0,0.336221,0.554974,0,0.569532,0.667539,0,0.121015,0.670157,0,0.103169,0.759162,0,1,0,0,0,0,0
get,True,2,100001,Ev,Kn,True,2,100001,Ev,Kn,0.877,0.384,0.436,0.121,0.431,0.895,0.877416,0.835079,1,0.384286,0.651832,0,0.435637,0.554974,0,0.120812,0.667539,0,0.430652,0.670157,0,0.895089,0.759162,1,1,0,0,0,0,1
giggle,False,0,000000,,,False,0,000000,,,0.527,0.221,0.327,0.344,0.396,0.036,0.52695,0.835079,0,0.221194,0.651832,0,0.326761,0.554974,0,0.343727,0.667539,0,0.396153,0.670157,0,0.035955,0.759162,0,0,0,0,0,0,0
glaze,True,1,001000,Ap,,True,2,011000,Cm,Ap,0.626,0.648,0.634,0.446,0.353,0.275,0.626187,0.835079,0,0.647578,0.651832,0,0.633748,0.554974,1,0.446284,0.667539,0,0.352531,0.670157,0,0.275227,0.759162,0,0,0,1,0,0,0
glean,False,0,000000,,,False,0,000000,,,0.145,0.537,0.198,0.156,0.566,0.513,0.144859,0.835079,0,0.537234,0.651832,0,0.19824,0.554974,0,0.156224,0.667539,0,0.566491,0.670157,0,0.513148,0.759162,0,0,0,0,0,0,0
glide,False,0,000000,,,True,1,001000,Ap,,0.318,0.407,0.501,0.27,0.352,0.286,0.318219,0.835079,0,0.406849,0.651832,0,0.501389,0.554974,0,0.269971,0.667539,0,0.35227,0.670157,0,0.285968,0.759162,0,0,0,0,0,0,0
globalize,True,1,000010,Sn,,True,2,010010,Sn,Cm,0.15,0.696,0.237,0.011,0.975,0.424,0.149531,0.835079,0,0.69602,0.651832,1,0.236686,0.554974,0,0.01125,0.667539,0,0.975117,0.670157,1,0.424488,0.759162,0,0,0,0,0,1,0
gloss,True,1,010000,Cm,,True,3,011010,Cm,"Ap, Sn",0.643,0.88,0.71,0.17,0.599,0.171,0.64303,0.835079,0,0.879508,0.651832,1,0.710428,0.554974,1,0.170442,0.667539,0,0.598739,0.670157,0,0.171314,0.759162,0,0,1,0,0,0,0
glow,True,1,000100,An,,True,3,110100,Kn,"Cm, An",0.801,0.641,0.194,0.701,0.358,0.193,0.800767,0.835079,0,0.640864,0.651832,0,0.193957,0.554974,0,0.70096,0.667539,1,0.358345,0.670157,0,0.193044,0.759162,0,0,0,0,1,0,0
go,True,1,001000,Ap,,True,2,011000,Ap,Cm,0.652,0.657,0.792,0.385,0.145,0.498,0.651788,0.835079,0,0.656742,0.651832,1,0.79219,0.554974,1,0.384764,0.667539,0,0.144513,0.670157,0,0.497724,0.759162,0,0,0,1,0,0,0
govern,True,1,000010,Sn,,True,2,001010,Sn,Ap,0.556,0.215,0.707,0.309,0.912,0.639,0.556161,0.835079,0,0.215351,0.651832,0,0.706543,0.554974,1,0.308595,0.667539,0,0.912034,0.670157,1,0.638771,0.759162,0,0,0,0,0,1,0
grab,True,1,100000,Kn,,True,3,101100,Kn,"Ap, An",0.936,0.434,0.516,0.709,0.082,0.579,0.935796,0.835079,1,0.433646,0.651832,0,0.516435,0.554974,0,0.709207,0.667539,1,0.081974,0.670157,0,0.578688,0.759162,0,1,0,0,0,0,0
grant,True,1,001000,Ap,,True,1,001000,Ap,,0.469,0.539,0.587,0.14,0.426,0.239,0.468533,0.835079,0,0.538593,0.651832,0,0.586928,0.554974,1,0.139753,0.667539,0,0.425989,0.670157,0,0.239174,0.759162,0,0,0,1,0,0,0
granulate,True,1,000010,Sn,,True,1,000010,Sn,,0.17,0.203,0.295,0.261,0.729,0.238,0.170262,0.835079,0,0.20297,0.651832,0,0.294798,0.554974,0,0.261237,0.667539,0,0.728951,0.670157,1,0.238275,0.759162,0,0,0,0,0,1,0
grapple,True,2,000011,Ev,Sn,True,2,000011,Ev,Sn,0.344,0.488,0.17,0.52,0.725,0.774,0.34418,0.835079,0,0.487619,0.651832,0,0.170243,0.554974,0,0.520178,0.667539,0,0.724812,0.670157,1,0.774373,0.759162,1,0,0,0,0,1,1
grasp,True,1,100000,Kn,,True,3,101100,Kn,"Ap, An",0.845,0.237,0.56,0.598,0.073,0.383,0.845417,0.835079,1,0.236858,0.651832,0,0.560213,0.554974,1,0.598473,0.667539,0,0.07299,0.670157,0,0.382746,0.759162,0,1,0,0,0,0,0
grate,True,1,000100,An,,True,2,000101,An,Ev,0.624,0.323,0.148,0.918,0.28,0.715,0.623688,0.835079,0,0.323468,0.651832,0,0.147553,0.554974,0,0.917741,0.667539,1,0.279888,0.670157,0,0.714585,0.759162,0,0,0,0,1,0,0
gravitate,True,1,000001,Ev,,True,2,010001,Ev,Cm,0.409,0.669,0.128,0.158,0.418,0.78,0.408605,0.835079,0,0.669138,0.651832,1,0.127609,0.554974,0,0.158305,0.667539,0,0.417986,0.670157,0,0.7796,0.759162,1,0,0,0,0,0,1
graze,True,1,100000,Kn,,True,2,101000,Kn,Ap,0.958,0.054,0.803,0.538,0.09,0.14,0.958336,0.835079,1,0.053958,0.651832,0,0.802944,0.554974,1,0.537666,0.667539,0,0.08975,0.670157,0,0.139833,0.759162,0,1,0,0,0,0,0
grind,True,1,000100,An,,True,4,101101,An,"Kn, Ap, Ev",0.714,0.179,0.5,0.851,0.224,0.742,0.714256,0.835079,0,0.17918,0.651832,0,0.500365,0.554974,0,0.850504,0.667539,1,0.224196,0.670157,0,0.741959,0.759162,0,0,0,0,1,0,0
groove,True,1,000100,An,,True,1,000100,An,,0.549,0.289,0.055,0.836,0.028,0.388,0.548918,0.835079,0,0.288818,0.651832,0,0.054531,0.554974,0,0.835726,0.667539,1,0.027923,0.670157,0,0.387598,0.759162,0,0,0,0,1,0,0
grout,True,1,000100,An,,True,2,000101,An,Ev,0.515,0.348,0.027,0.805,0.338,0.715,0.514865,0.835079,0,0.347982,0.651832,0,0.027002,0.554974,0,0.804786,0.667539,1,0.338415,0.670157,0,0.714872,0.759162,0,0,0,0,1,0,0
grow,True,1,001000,Ap,,True,2,001010,Ap,Sn,0.33,0.175,0.972,0.561,0.656,0.416,0.329654,0.835079,0,0.174582,0.651832,0,0.97236,0.554974,1,0.561465,0.667539,0,0.655727,0.670157,0,0.416264,0.759162,0,0,0,1,0,0,0
guarantee,False,0,000000,,,True,1,000001,Ev,,0.538,0.169,0.047,0.416,0.345,0.743,0.537756,0.835079,0,0.169062,0.651832,0,0.047177,0.554974,0,0.416155,0.667539,0,0.345298,0.670157,0,0.742904,0.759162,0,0,0,0,0,0,0
guard,True,1,000001,Ev,,True,1,000001,Ev,,0.525,0.433,0.256,0.223,0.358,0.912,0.524555,0.835079,0,0.43326,0.651832,0,0.25597,0.554974,0,0.222682,0.667539,0,0.358047,0.670157,0,0.912231,0.759162,1,0,0,0,0,0,1
guess,True,3,110100,An,"Kn, Cm",True,3,110100,An,"Kn, Cm",0.922,0.794,0.074,0.927,0.425,0.462,0.921594,0.835079,1,0.793502,0.651832,1,0.073958,0.554974,0,0.926908,0.667539,1,0.425095,0.670157,0,0.461827,0.759162,0,1,1,0,1,0,0
hallucinate,True,1,000100,An,,True,1,000100,An,,0.555,0.347,0.22,0.712,0.066,0.199,0.555053,0.835079,0,0.347494,0.651832,0,0.219964,0.554974,0,0.711525,0.667539,1,0.066326,0.670157,0,0.199482,0.759162,0,0,0,0,1,0,0
halt,False,0,000000,,,True,2,100100,Kn,An,0.736,0.11,0.206,0.613,0.176,0.455,0.735747,0.835079,0,0.109632,0.651832,0,0.205813,0.554974,0,0.613314,0.667539,0,0.17633,0.670157,0,0.454523,0.759162,0,0,0,0,0,0,0
halve,False,0,000000,,,False,0,000000,,,0.182,0.381,0.28,0.513,0.095,0.57,0.181683,0.835079,0,0.381448,0.651832,0,0.280083,0.554974,0,0.512944,0.667539,0,0.095375,0.670157,0,0.570235,0.759162,0,0,0,0,0,0,0
hamper,True,3,000111,Ev,"An, Sn",True,3,000111,Ev,"An, Sn",0.387,0.135,0.239,0.776,0.733,0.799,0.386955,0.835079,0,0.135014,0.651832,0,0.238997,0.554974,0,0.77585,0.667539,1,0.733423,0.670157,1,0.798781,0.759162,1,0,0,0,1,1,1
handcraft,True,1,001000,Ap,,True,3,001110,Ap,"An, Sn",0.164,0.518,0.926,0.627,0.785,0.061,0.164194,0.835079,0,0.518113,0.651832,0,0.925526,0.554974,1,0.627468,0.667539,0,0.78536,0.670157,1,0.060753,0.759162,0,0,0,1,0,0,0
handicap,False,0,000000,,,True,1,000001,Ev,,0.608,0.539,0.363,0.375,0.172,0.718,0.60836,0.835079,0,0.53915,0.651832,0,0.363032,0.554974,0,0.37453,0.667539,0,0.172449,0.670157,0,0.717687,0.759162,0,0,0,0,0,0,0
hang,True,1,000001,Ev,,True,1,000001,Ev,,0.627,0.176,0.266,0.332,0.04,0.83,0.626628,0.835079,0,0.176314,0.651832,0,0.266206,0.554974,0,0.331743,0.667539,0,0.040189,0.670157,0,0.829574,0.759162,1,0,0,0,0,0,1
happen,True,1,010000,Cm,,True,2,011000,Cm,Ap,0.472,0.75,0.534,0.27,0.268,0.19,0.471749,0.835079,0,0.750221,0.651832,1,0.533742,0.554974,0,0.269993,0.667539,0,0.267655,0.670157,0,0.190371,0.759162,0,0,1,0,0,0,0
harbor,False,0,000000,,,False,0,000000,,,0.386,0.234,0.194,0.066,0.342,0.162,0.385822,0.835079,0,0.233918,0.651832,0,0.193952,0.554974,0,0.066075,0.667539,0,0.341693,0.670157,0,0.162416,0.759162,0,0,0,0,0,0,0
harden,True,1,000001,Ev,,True,1,000001,Ev,,0.559,0.319,0.014,0.421,0.149,0.812,0.559246,0.835079,0,0.318587,0.651832,0,0.013754,0.554974,0,0.421393,0.667539,0,0.14932,0.670157,0,0.812163,0.759162,1,0,0,0,0,0,1
hark,False,0,000000,,,True,1,100000,Kn,,0.795,0.486,0.162,0.14,0.075,0.113,0.795107,0.835079,0,0.485739,0.651832,0,0.161807,0.554974,0,0.139863,0.667539,0,0.075341,0.670157,0,0.113484,0.759162,0,0,0,0,0,0,0
harm,False,0,000000,,,True,1,000001,Ev,,0.482,0.15,0.457,0.089,0.049,0.733,0.481526,0.835079,0,0.150418,0.651832,0,0.456599,0.554974,0,0.088824,0.667539,0,0.048585,0.670157,0,0.733324,0.759162,0,0,0,0,0,0,0
harmonise,True,1,000010,Sn,,True,1,000010,Sn,,0.173,0.111,0.076,0.088,0.842,0.255,0.172886,0.835079,0,0.110607,0.651832,0,0.075614,0.554974,0,0.088353,0.667539,0,0.841912,0.670157,1,0.255396,0.759162,0,0,0,0,0,1,0
harness,True,1,000100,An,,True,2,001100,An,Ap,0.375,0.202,0.494,0.671,0.325,0.191,0.374949,0.835079,0,0.201571,0.651832,0,0.494047,0.554974,0,0.67119,0.667539,1,0.324804,0.670157,0,0.190645,0.759162,0,0,0,0,1,0,0
harvest,True,1,000100,An,,True,2,001100,An,Ap,0.642,0.045,0.863,0.93,0.079,0.29,0.642276,0.835079,0,0.044904,0.651832,0,0.862724,0.554974,1,0.929868,0.667539,1,0.079477,0.670157,0,0.289806,0.759162,0,0,0,0,1,0,0
hate,True,1,000001,Ev,,True,2,000101,Ev,An,0.436,0.302,0.165,0.615,0.311,0.898,0.435507,0.835079,0,0.301798,0.651832,0,0.165376,0.554974,0,0.614789,0.667539,0,0.311325,0.670157,0,0.898357,0.759162,1,0,0,0,0,0,1
haunt,True,1,100000,Kn,,True,2,110000,Kn,Cm,0.993,0.652,0.256,0.465,0.037,0.022,0.992914,0.835079,1,0.652106,0.651832,1,0.25568,0.554974,0,0.465345,0.667539,0,0.036851,0.670157,0,0.021596,0.759162,0,1,0,0,0,0,0
heal,True,1,000001,Ev,,True,2,001001,Ev,Ap,0.674,0.046,0.498,0.026,0.55,0.776,0.674328,0.835079,0,0.045693,0.651832,0,0.498303,0.554974,0,0.026234,0.667539,0,0.550179,0.670157,0,0.775993,0.759162,1,0,0,0,0,0,1
hear,True,1,100000,Kn,,True,1,100000,Kn,,0.905,0.499,0.007,0.087,0.441,0.505,0.904948,0.835079,1,0.498799,0.651832,0,0.007244,0.554974,0,0.087173,0.667539,0,0.440812,0.670157,0,0.504957,0.759162,0,1,0,0,0,0,0
heave,False,0,000000,,,False,0,000000,,,0.585,0.116,0.346,0.083,0.171,0.462,0.585495,0.835079,0,0.116335,0.651832,0,0.345684,0.554974,0,0.08321,0.667539,0,0.17063,0.670157,0,0.462192,0.759162,0,0,0,0,0,0,0
heed,True,2,100001,Kn,Ev,True,2,100001,Kn,Ev,0.905,0.361,0.121,0.105,0.132,0.874,0.905371,0.835079,1,0.361088,0.651832,0,0.120766,0.554974,0,0.104803,0.667539,0,0.131764,0.670157,0,0.873739,0.759162,1,1,0,0,0,0,1
heighten,True,1,000010,Sn,,True,1,000010,Sn,,0.089,0.079,0.435,0.195,0.719,0.462,0.089128,0.835079,0,0.078823,0.651832,0,0.434954,0.554974,0,0.194501,0.667539,0,0.71935,0.670157,1,0.461728,0.759162,0,0,0,0,0,1,0
help,False,0,000000,,,True,1,010000,Cm,,0.505,0.596,0.403,0.146,0.278,0.55,0.504622,0.835079,0,0.596433,0.651832,0,0.402552,0.554974,0,0.145552,0.667539,0,0.278447,0.670157,0,0.549826,0.759162,0,0,0,0,0,0,0
hesitate,True,1,100000,Kn,,True,3,100101,Kn,"An, Ev",0.859,0.208,0.128,0.647,0.326,0.764,0.85852,0.835079,1,0.207803,0.651832,0,0.12755,0.554974,0,0.646923,0.667539,0,0.325745,0.670157,0,0.764088,0.759162,1,1,0,0,0,0,0
hide,True,1,100000,Kn,,True,4,111100,Kn,"Cm, Ap, An",0.883,0.571,0.479,0.602,0.234,0.426,0.882944,0.835079,1,0.571207,0.651832,0,0.479445,0.554974,0,0.602281,0.667539,0,0.233715,0.670157,0,0.426138,0.759162,0,1,0,0,0,0,0
highlight,True,3,110100,Cm,"Kn, An",True,3,110100,Cm,"Kn, An",0.947,0.954,0.02,0.672,0.098,0.228,0.94655,0.835079,1,0.953991,0.651832,1,0.019564,0.554974,0,0.671563,0.667539,1,0.098157,0.670157,0,0.228154,0.759162,0,1,1,0,1,0,0
hinder,True,1,000001,Ev,,True,1,000001,Ev,,0.276,0.154,0.341,0.134,0.104,0.86,0.276045,0.835079,0,0.154397,0.651832,0,0.341014,0.554974,0,0.133525,0.667539,0,0.104026,0.670157,0,0.859718,0.759162,1,0,0,0,0,0,1
hit,True,1,100000,Kn,,True,1,100000,Kn,,0.894,0.497,0.438,0.385,0.003,0.276,0.89445,0.835079,1,0.497327,0.651832,0,0.437911,0.554974,0,0.384634,0.667539,0,0.002618,0.670157,0,0.276203,0.759162,0,1,0,0,0,0,0
hoist,False,0,000000,,,False,0,000000,,,0.303,0.044,0.206,0.093,0.253,0.601,0.302529,0.835079,0,0.044162,0.651832,0,0.205831,0.554974,0,0.092922,0.667539,0,0.253239,0.670157,0,0.601366,0.759162,0,0,0,0,0,0,0
hold,False,0,000000,,,True,1,000001,Ev,,0.695,0.223,0.439,0.356,0.286,0.671,0.694665,0.835079,0,0.222506,0.651832,0,0.438846,0.554974,0,0.355565,0.667539,0,0.286091,0.670157,0,0.671343,0.759162,0,0,0,0,0,0,0
homogenize,True,3,010110,Cm,"An, Sn",True,3,010110,Cm,"An, Sn",0.074,0.766,0.141,0.696,0.739,0.117,0.074328,0.835079,0,0.765638,0.651832,1,0.140803,0.554974,0,0.696352,0.667539,1,0.738643,0.670157,1,0.116966,0.759162,0,0,1,0,1,1,0
hone,False,0,000000,,,False,0,000000,,,0.191,0.071,0.231,0.507,0.213,0.6,0.190919,0.835079,0,0.070636,0.651832,0,0.230907,0.554974,0,0.506679,0.667539,0,0.21287,0.670157,0,0.599759,0.759162,0,0,0,0,0,0,0
hop,True,1,000100,An,,True,1,000100,An,,0.538,0.256,0.033,0.811,0.035,0.238,0.537733,0.835079,0,0.256003,0.651832,0,0.033237,0.554974,0,0.81118,0.667539,1,0.035007,0.670157,0,0.238248,0.759162,0,0,0,0,1,0,0
hope,True,1,000010,Sn,,True,1,000010,Sn,,0.662,0.235,0.044,0.022,0.853,0.576,0.661693,0.835079,0,0.235008,0.651832,0,0.043772,0.554974,0,0.021535,0.667539,0,0.853237,0.670157,1,0.576256,0.759162,0,0,0,0,0,1,0
humanize,True,1,000010,Sn,,True,3,011010,Sn,"Cm, Ap",0.064,0.562,0.562,0.013,0.852,0.623,0.063667,0.835079,0,0.562068,0.651832,0,0.562438,0.554974,1,0.012819,0.667539,0,0.852262,0.670157,1,0.622573,0.759162,0,0,0,0,0,1,0
humidify,True,1,000001,Ev,,True,2,000011,Ev,Sn,0.022,0.3,0.297,0.189,0.786,0.899,0.022137,0.835079,0,0.299753,0.651832,0,0.297004,0.554974,0,0.189214,0.667539,0,0.786129,0.670157,1,0.899058,0.759162,1,0,0,0,0,0,1
hurt,True,1,000001,Ev,,True,3,110001,Ev,"Kn, Cm",0.737,0.662,0.241,0.363,0.089,0.844,0.737008,0.835079,0,0.661885,0.651832,1,0.241208,0.554974,0,0.362883,0.667539,0,0.089144,0.670157,0,0.843999,0.759162,1,0,0,0,0,0,1
hybridize,True,1,000010,Sn,,True,2,010010,Sn,Cm,0.039,0.633,0.187,0.355,0.956,0.365,0.039114,0.835079,0,0.633175,0.651832,0,0.18657,0.554974,0,0.354792,0.667539,0,0.955631,0.670157,1,0.364915,0.759162,0,0,0,0,0,1,0
hydrate,False,0,000000,,,True,1,000001,Ev,,0.09,0.097,0.051,0.431,0.278,0.759,0.090209,0.835079,0,0.097293,0.651832,0,0.051355,0.554974,0,0.430827,0.667539,0,0.277765,0.670157,0,0.759107,0.759162,0,0,0,0,0,0,0
hydrogenate,False,0,000000,,,True,1,000100,An,,0.262,0.482,0.028,0.635,0.286,0.425,0.262466,0.835079,0,0.482433,0.651832,0,0.027774,0.554974,0,0.635026,0.667539,0,0.286222,0.670157,0,0.424655,0.759162,0,0,0,0,0,0,0
hydrolyze,False,0,000000,,,True,1,000001,Ev,,0.072,0.097,0.192,0.264,0.536,0.715,0.071851,0.835079,0,0.097303,0.651832,0,0.191973,0.554974,0,0.264239,0.667539,0,0.536405,0.670157,0,0.715425,0.759162,0,0,0,0,0,0,0
idealize,True,1,000010,Sn,,True,1,000010,Sn,,0.036,0.388,0.255,0.016,0.931,0.234,0.035739,0.835079,0,0.387952,0.651832,0,0.2547,0.554974,0,0.015798,0.667539,0,0.930894,0.670157,1,0.23354,0.759162,0,0,0,0,0,1,0
ideate,True,1,000010,Sn,,True,1,000010,Sn,,0.232,0.512,0.016,0.185,0.906,0.45,0.232489,0.835079,0,0.512136,0.651832,0,0.015758,0.554974,0,0.184617,0.667539,0,0.905639,0.670157,1,0.449789,0.759162,0,0,0,0,0,1,0
ignite,False,0,000000,,,False,0,000000,,,0.41,0.206,0.348,0.207,0.274,0.17,0.409642,0.835079,0,0.206485,0.651832,0,0.34754,0.554974,0,0.206975,0.667539,0,0.274009,0.670157,0,0.169641,0.759162,0,0,0,0,0,0,0
ignore,False,0,000000,,,True,2,001001,Ev,Ap,0.467,0.256,0.502,0.104,0.344,0.742,0.467092,0.835079,0,0.255901,0.651832,0,0.501756,0.554974,0,0.103973,0.667539,0,0.343514,0.670157,0,0.741677,0.759162,0,0,0,0,0,0,0
illuminate,True,1,000010,Sn,,True,2,001010,Sn,Ap,0.263,0.381,0.608,0.242,0.787,0.134,0.262983,0.835079,0,0.380774,0.651832,0,0.60765,0.554974,1,0.241852,0.667539,0,0.78678,0.670157,1,0.133981,0.759162,0,0,0,0,0,1,0
imbibe,False,0,000000,,,True,2,100001,Kn,Ev,0.794,0.05,0.143,0.046,0.05,0.752,0.793996,0.835079,0,0.049643,0.651832,0,0.142843,0.554974,0,0.045571,0.667539,0,0.049799,0.670157,0,0.75174,0.759162,0,0,0,0,0,0,0
imbue,False,0,000000,,,False,0,000000,,,0.135,0.098,0.102,0.028,0.372,0.462,0.135456,0.835079,0,0.098027,0.651832,0,0.101801,0.554974,0,0.028313,0.667539,0,0.37216,0.670157,0,0.462393,0.759162,0,0,0,0,0,0,0
immerse,True,1,000010,Sn,,True,2,001010,Sn,Ap,0.035,0.109,0.621,0.011,0.722,0.29,0.034823,0.835079,0,0.109145,0.651832,0,0.621222,0.554974,1,0.01124,0.667539,0,0.721988,0.670157,1,0.2898,0.759162,0,0,0,0,0,1,0
immobilize,True,1,000001,Ev,,True,2,001001,Ev,Ap,0.007,0.032,0.63,0.047,0.364,0.866,0.007459,0.835079,0,0.032175,0.651832,0,0.629578,0.554974,1,0.046969,0.667539,0,0.364411,0.670157,0,0.865944,0.759162,1,0,0,0,0,0,1
immunize,True,1,000001,Ev,,True,3,001011,Ev,"Ap, Sn",0.143,0.048,0.598,0.012,0.58,0.794,0.143236,0.835079,0,0.047593,0.651832,0,0.59758,0.554974,1,0.012228,0.667539,0,0.58001,0.670157,0,0.793887,0.759162,1,0,0,0,0,0,1
impair,True,1,001000,Ap,,True,1,001000,Ap,,0.035,0.249,0.562,0.036,0.096,0.276,0.035032,0.835079,0,0.249469,0.651832,0,0.562039,0.554974,1,0.036099,0.667539,0,0.096248,0.670157,0,0.275904,0.759162,0,0,0,1,0,0,0
impart,True,1,001000,Ap,,True,1,001000,Ap,,0.088,0.307,0.895,0.01,0.14,0.277,0.087704,0.835079,0,0.30705,0.651832,0,0.895145,0.554974,1,0.009767,0.667539,0,0.139999,0.670157,0,0.277263,0.759162,0,0,0,1,0,0,0
impede,False,0,000000,,,True,1,000001,Ev,,0.064,0.043,0.311,0.058,0.086,0.704,0.063835,0.835079,0,0.042753,0.651832,0,0.311281,0.554974,0,0.058445,0.667539,0,0.085752,0.670157,0,0.703951,0.759162,0,0,0,0,0,0,0
impend,True,1,001000,Ap,,True,1,001000,Ap,,0.071,0.099,0.642,0.023,0.228,0.054,0.071347,0.835079,0,0.098937,0.651832,0,0.642326,0.554974,1,0.022939,0.667539,0,0.228396,0.670157,0,0.053875,0.759162,0,0,0,1,0,0,0
impinge,True,1,000001,Ev,,True,1,000001,Ev,,0.416,0.388,0.197,0.056,0.086,0.811,0.415991,0.835079,0,0.387728,0.651832,0,0.196514,0.554974,0,0.05557,0.667539,0,0.08621,0.670157,0,0.811089,0.759162,1,0,0,0,0,0,1
implicate,False,0,000000,,,True,2,010001,Ev,Cm,0.163,0.646,0.094,0.354,0.003,0.727,0.162919,0.835079,0,0.646384,0.651832,0,0.094387,0.554974,0,0.354412,0.667539,0,0.002618,0.670157,0,0.726914,0.759162,0,0,0,0,0,0,0
imply,True,3,010101,Ev,"Cm, An",True,3,010101,Ev,"Cm, An",0.146,0.857,0.278,0.782,0.202,0.859,0.145692,0.835079,0,0.857455,0.651832,1,0.278101,0.554974,0,0.782165,0.667539,1,0.20243,0.670157,0,0.858561,0.759162,1,0,1,0,1,0,1
impose,True,1,000001,Ev,,True,3,001011,Ev,"Ap, Sn",0.071,0.092,0.621,0.012,0.616,0.8,0.070839,0.835079,0,0.092042,0.651832,0,0.620575,0.554974,1,0.012456,0.667539,0,0.615894,0.670157,0,0.79993,0.759162,1,0,0,0,0,0,1
impregnate,False,0,000000,,,True,1,000001,Ev,,0.257,0.053,0.161,0.085,0.188,0.739,0.257293,0.835079,0,0.052554,0.651832,0,0.161398,0.554974,0,0.08487,0.667539,0,0.187926,0.670157,0,0.738594,0.759162,0,0,0,0,0,0,0
impress,True,1,001000,Ap,,True,2,001010,Ap,Sn,0.574,0.417,0.861,0.044,0.615,0.624,0.573569,0.835079,0,0.416679,0.651832,0,0.861444,0.554974,1,0.043676,0.667539,0,0.615495,0.670157,0,0.623673,0.759162,0,0,0,1,0,0,0
improvise,True,2,001010,Sn,Ap,True,2,001010,Sn,Ap,0.232,0.149,0.951,0.091,0.979,0.067,0.231862,0.835079,0,0.148886,0.651832,0,0.951259,0.554974,1,0.090681,0.667539,0,0.979145,0.670157,1,0.067416,0.759162,0,0,0,1,0,1,0
impute,False,0,000000,,,False,0,000000,,,0.073,0.39,0.404,0.08,0.115,0.515,0.073346,0.835079,0,0.389681,0.651832,0,0.404047,0.554974,0,0.079995,0.667539,0,0.114668,0.670157,0,0.514693,0.759162,0,0,0,0,0,0,0
inactivate,True,1,001000,Ap,,True,2,001001,Ev,Ap,0.03,0.043,0.579,0.183,0.088,0.75,0.03026,0.835079,0,0.043155,0.651832,0,0.579156,0.554974,1,0.183381,0.667539,0,0.08819,0.670157,0,0.749729,0.759162,0,0,0,1,0,0,0
inaugurate,False,0,000000,,,True,1,000010,Sn,,0.297,0.168,0.1,0.035,0.595,0.191,0.296964,0.835079,0,0.167798,0.651832,0,0.099525,0.554974,0,0.034948,0.667539,0,0.595421,0.670157,0,0.191136,0.759162,0,0,0,0,0,0,0
incise,True,1,001000,Ap,,True,1,001000,Ap,,0.25,0.359,0.597,0.003,0.357,0.032,0.250403,0.835079,0,0.359141,0.651832,0,0.597469,0.554974,1,0.002618,0.667539,0,0.356542,0.670157,0,0.031911,0.759162,0,0,0,1,0,0,0
increase,True,1,001000,Ap,,True,1,001000,Ap,,0.172,0.047,0.88,0.041,0.556,0.158,0.171911,0.835079,0,0.04692,0.651832,0,0.879812,0.554974,1,0.041236,0.667539,0,0.555563,0.670157,0,0.1579,0.759162,0,0,0,1,0,0,0
incubate,False,0,000000,,,True,1,001000,Ap,,0.29,0.174,0.518,0.394,0.424,0.177,0.290335,0.835079,0,0.174083,0.651832,0,0.517817,0.554974,0,0.393874,0.667539,0,0.424161,0.670157,0,0.176622,0.759162,0,0,0,0,0,0,0
inculcate,False,0,000000,,,False,0,000000,,,0.068,0.042,0.435,0.01,0.473,0.427,0.068194,0.835079,0,0.042135,0.651832,0,0.435372,0.554974,0,0.00996,0.667539,0,0.472854,0.670157,0,0.426824,0.759162,0,0,0,0,0,0,0
incur,False,0,000000,,,False,0,000000,,,0.234,0.355,0.316,0.035,0.235,0.184,0.23385,0.835079,0,0.354544,0.651832,0,0.315881,0.554974,0,0.034772,0.667539,0,0.235343,0.670157,0,0.184284,0.759162,0,0,0,0,0,0,0
indict,False,0,000000,,,False,0,000000,,,0.235,0.055,0.128,0.012,0.085,0.503,0.235168,0.835079,0,0.054615,0.651832,0,0.128378,0.554974,0,0.011963,0.667539,0,0.085004,0.670157,0,0.502517,0.759162,0,0,0,0,0,0,0
induce,True,1,000010,Sn,,True,3,001011,Sn,"Ap, Ev",0.121,0.048,0.654,0.136,0.817,0.702,0.120707,0.835079,0,0.047842,0.651832,0,0.654156,0.554974,1,0.136127,0.667539,0,0.816592,0.670157,1,0.70247,0.759162,0,0,0,0,0,1,0
industrialize,True,1,001000,Ap,,True,2,001010,Ap,Sn,0.023,0.436,0.85,0.04,0.758,0.441,0.023311,0.835079,0,0.435639,0.651832,0,0.850133,0.554974,1,0.039777,0.667539,0,0.758305,0.670157,1,0.440706,0.759162,0,0,0,1,0,0,0
infect,False,0,000000,,,True,1,001000,Ap,,0.19,0.028,0.499,0.017,0.242,0.405,0.189744,0.835079,0,0.027503,0.651832,0,0.499309,0.554974,0,0.016954,0.667539,0,0.241997,0.670157,0,0.404502,0.759162,0,0,0,0,0,0,0
inflame,False,0,000000,,,False,0,000000,,,0.074,0.098,0.238,0.426,0.29,0.6,0.073516,0.835079,0,0.09818,0.651832,0,0.238111,0.554974,0,0.425791,0.667539,0,0.289633,0.670157,0,0.600435,0.759162,0,0,0,0,0,0,0
inflate,True,1,000010,Sn,,True,2,001010,Sn,Ap,0.012,0.099,0.561,0.417,0.729,0.406,0.0116,0.835079,0,0.099398,0.651832,0,0.560551,0.554974,1,0.416568,0.667539,0,0.728712,0.670157,1,0.406216,0.759162,0,0,0,0,0,1,0
infringe,True,2,100001,Kn,Ev,True,2,100001,Kn,Ev,0.845,0.509,0.401,0.367,0.036,0.83,0.845002,0.835079,1,0.509473,0.651832,0,0.401275,0.554974,0,0.36687,0.667539,0,0.035749,0.670157,0,0.829627,0.759162,1,1,0,0,0,0,1
infuse,False,0,000000,,,True,2,001100,An,Ap,0.072,0.178,0.499,0.583,0.417,0.396,0.071756,0.835079,0,0.17832,0.651832,0,0.499122,0.554974,0,0.583424,0.667539,0,0.417388,0.670157,0,0.396351,0.759162,0,0,0,0,0,0,0
ingest,True,1,001000,Ap,,True,1,001000,Ap,,0.555,0.023,0.574,0.321,0.041,0.166,0.555451,0.835079,0,0.023484,0.651832,0,0.573513,0.554974,1,0.320915,0.667539,0,0.040826,0.670157,0,0.166396,0.759162,0,0,0,1,0,0,0
ingrain,False,0,000000,,,False,0,000000,,,0.268,0.16,0.147,0.029,0.077,0.25,0.267621,0.835079,0,0.159847,0.651832,0,0.146977,0.554974,0,0.028571,0.667539,0,0.076744,0.670157,0,0.249744,0.759162,0,0,0,0,0,0,0
inhabit,True,1,001000,Ap,,True,1,001000,Ap,,0.459,0.527,0.74,0.019,0.543,0.418,0.459185,0.835079,0,0.526661,0.651832,0,0.740396,0.554974,1,0.018932,0.667539,0,0.542677,0.670157,0,0.417892,0.759162,0,0,0,1,0,0,0
inherit,True,1,001000,Ap,,True,3,101010,Ap,"Kn, Sn",0.78,0.258,0.984,0.289,0.699,0.485,0.779946,0.835079,0,0.257581,0.651832,0,0.983814,0.554974,1,0.289434,0.667539,0,0.698939,0.670157,1,0.484635,0.759162,0,0,0,1,0,0,0
inhibit,True,1,000001,Ev,,True,2,001001,Ev,Ap,0.409,0.063,0.562,0.196,0.164,0.822,0.409184,0.835079,0,0.063103,0.651832,0,0.562231,0.554974,1,0.195847,0.667539,0,0.164229,0.670157,0,0.821758,0.759162,1,0,0,0,0,0,1
initialize,True,1,000010,Sn,,True,1,000010,Sn,,0.299,0.216,0.076,0.152,0.82,0.385,0.298824,0.835079,0,0.215538,0.651832,0,0.076331,0.554974,0,0.151832,0.667539,0,0.820476,0.670157,1,0.385121,0.759162,0,0,0,0,0,1,0
inject,True,1,001000,Ap,,True,1,001000,Ap,,0.007,0.03,0.63,0.321,0.48,0.455,0.007288,0.835079,0,0.029754,0.651832,0,0.629591,0.554974,1,0.320637,0.667539,0,0.479803,0.670157,0,0.454894,0.759162,0,0,0,1,0,0,0
injure,True,1,001000,Ap,,True,1,001000,Ap,,0.301,0.353,0.911,0.013,0.176,0.566,0.300884,0.835079,0,0.352795,0.651832,0,0.910652,0.554974,1,0.013491,0.667539,0,0.175824,0.670157,0,0.566015,0.759162,0,0,0,1,0,0,0
innovate,True,3,001011,Sn,"Ap, Ev",True,3,001011,Sn,"Ap, Ev",0.037,0.116,0.876,0.321,0.891,0.759,0.037459,0.835079,0,0.11634,0.651832,0,0.876471,0.554974,1,0.320685,0.667539,0,0.89065,0.670157,1,0.759278,0.759162,1,0,0,1,0,1,1
inoculate,True,1,000010,Sn,,True,2,001010,Sn,Ap,0.163,0.029,0.608,0.011,0.736,0.185,0.163283,0.835079,0,0.028779,0.651832,0,0.608467,0.554974,1,0.010675,0.667539,0,0.736428,0.670157,1,0.1853,0.759162,0,0,0,0,0,1,0
input,True,1,000100,An,,True,1,000100,An,,0.191,0.463,0.14,0.795,0.141,0.06,0.190822,0.835079,0,0.46279,0.651832,0,0.139614,0.554974,0,0.79549,0.667539,1,0.14133,0.670157,0,0.060212,0.759162,0,0,0,0,1,0,0
inscribe,False,0,000000,,,False,0,000000,,,0.472,0.044,0.401,0.035,0.536,0.082,0.471684,0.835079,0,0.043835,0.651832,0,0.401343,0.554974,0,0.035498,0.667539,0,0.535547,0.670157,0,0.08224,0.759162,0,0,0,0,0,0,0
insert,True,1,000100,An,,True,1,000100,An,,0.492,0.279,0.087,0.683,0.426,0.171,0.492381,0.835079,0,0.279217,0.651832,0,0.086651,0.554974,0,0.683254,0.667539,1,0.425946,0.670157,0,0.171245,0.759162,0,0,0,0,1,0,0
insist,True,1,000001,Ev,,True,1,000001,Ev,,0.587,0.066,0.142,0.278,0.286,0.823,0.586501,0.835079,0,0.066156,0.651832,0,0.141765,0.554974,0,0.278118,0.667539,0,0.285823,0.670157,0,0.823462,0.759162,1,0,0,0,0,0,1
inspire,True,1,000010,Sn,,True,3,001011,Sn,"Ap, Ev",0.128,0.278,0.599,0.185,0.956,0.762,0.128083,0.835079,0,0.277798,0.651832,0,0.599369,0.554974,1,0.184917,0.667539,0,0.955764,0.670157,1,0.762103,0.759162,1,0,0,0,0,1,0
install,True,1,001000,Ap,,True,2,001001,Ev,Ap,0.31,0.055,0.63,0.087,0.353,0.741,0.310126,0.835079,0,0.05487,0.651832,0,0.629965,0.554974,1,0.086905,0.667539,0,0.352875,0.670157,0,0.74065,0.759162,0,0,0,1,0,0,0
instantiate,True,1,000010,Sn,,True,1,000010,Sn,,0.386,0.252,0.237,0.04,0.925,0.263,0.386076,0.835079,0,0.251808,0.651832,0,0.237007,0.554974,0,0.040486,0.667539,0,0.925348,0.670157,1,0.263257,0.759162,0,0,0,0,0,1,0
instigate,True,1,000010,Sn,,True,2,000011,Sn,Ev,0.012,0.041,0.204,0.121,0.88,0.671,0.01234,0.835079,0,0.040995,0.651832,0,0.203616,0.554974,0,0.120506,0.667539,0,0.879834,0.670157,1,0.67079,0.759162,0,0,0,0,0,1,0
instill,True,1,000010,Sn,,True,3,001011,Sn,"Ap, Ev",0.019,0.017,0.516,0.006,0.816,0.715,0.018881,0.835079,0,0.016972,0.651832,0,0.515626,0.554974,0,0.005725,0.667539,0,0.816175,0.670157,1,0.714557,0.759162,0,0,0,0,0,1,0
institutionalize,True,1,000010,Sn,,True,2,000011,Sn,Ev,0.01,0.173,0.21,0.082,0.932,0.68,0.009897,0.835079,0,0.173159,0.651832,0,0.209543,0.554974,0,0.082071,0.667539,0,0.931623,0.670157,1,0.679649,0.759162,0,0,0,0,0,1,0
insulate,True,1,000001,Ev,,True,3,001011,Ev,"Ap, Sn",0.105,0.453,0.524,0.086,0.65,0.799,0.105366,0.835079,0,0.452504,0.651832,0,0.523558,0.554974,0,0.086249,0.667539,0,0.65015,0.670157,0,0.798958,0.759162,1,0,0,0,0,0,1
insure,True,1,000001,Ev,,True,3,001011,Ev,"Ap, Sn",0.163,0.099,0.797,0.038,0.625,0.859,0.162841,0.835079,0,0.099314,0.651832,0,0.796574,0.554974,1,0.038178,0.667539,0,0.62525,0.670157,0,0.859094,0.759162,1,0,0,0,0,0,1
intend,True,1,000010,Sn,,True,1,000010,Sn,,0.538,0.195,0.21,0.081,0.721,0.191,0.538147,0.835079,0,0.195064,0.651832,0,0.210063,0.554974,0,0.080566,0.667539,0,0.721109,0.670157,1,0.190591,0.759162,0,0,0,0,0,1,0
intensify,False,0,000000,,,False,0,000000,,,0.052,0.278,0.348,0.034,0.356,0.24,0.05182,0.835079,0,0.277992,0.651832,0,0.347669,0.554974,0,0.034368,0.667539,0,0.355901,0.670157,0,0.240454,0.759162,0,0,0,0,0,0,0
intercalate,True,1,000010,Sn,,True,1,000010,Sn,,0.014,0.51,0.401,0.085,0.68,0.299,0.014463,0.835079,0,0.510144,0.651832,0,0.401464,0.554974,0,0.085191,0.667539,0,0.679581,0.670157,1,0.298778,0.759162,0,0,0,0,0,1,0
intercept,True,1,001000,Ap,,True,2,001010,Ap,Sn,0.587,0.386,0.843,0.065,0.596,0.138,0.586534,0.835079,0,0.385737,0.651832,0,0.843063,0.554974,1,0.06512,0.667539,0,0.596365,0.670157,0,0.137712,0.759162,0,0,0,1,0,0,0
interchange,True,1,000010,Sn,,True,3,011010,Sn,"Cm, Ap",0.09,0.717,0.54,0.51,0.938,0.232,0.090128,0.835079,0,0.716903,0.651832,1,0.540245,0.554974,0,0.510366,0.667539,0,0.937758,0.670157,1,0.231576,0.759162,0,0,0,0,0,1,0
intercommunicate,True,1,000010,Sn,,True,1,000010,Sn,,0.251,0.493,0.147,0.008,0.837,0.024,0.251458,0.835079,0,0.492787,0.651832,0,0.147346,0.554974,0,0.008411,0.667539,0,0.837016,0.670157,1,0.024344,0.759162,0,0,0,0,0,1,0
interconnect,True,1,010000,Cm,,True,1,010000,Cm,,0.102,0.726,0.126,0.391,0.367,0.229,0.102336,0.835079,0,0.725783,0.651832,1,0.125751,0.554974,0,0.391278,0.667539,0,0.366905,0.670157,0,0.228958,0.759162,0,0,1,0,0,0,0
interfere,True,1,000010,Sn,,True,2,001010,Sn,Ap,0.299,0.382,0.552,0.283,0.749,0.301,0.298965,0.835079,0,0.381942,0.651832,0,0.552233,0.554974,0,0.283074,0.667539,0,0.749351,0.670157,1,0.301299,0.759162,0,0,0,0,0,1,0
interject,True,1,010000,Cm,,True,2,010010,Cm,Sn,0.284,0.756,0.079,0.133,0.66,0.239,0.28378,0.835079,0,0.755665,0.651832,1,0.079128,0.554974,0,0.133074,0.667539,0,0.659815,0.670157,0,0.238904,0.759162,0,0,1,0,0,0,0
interlace,True,1,010000,Cm,,True,1,010000,Cm,,0.07,0.786,0.394,0.037,0.218,0.057,0.070372,0.835079,0,0.785817,0.651832,1,0.393915,0.554974,0,0.037055,0.667539,0,0.217739,0.670157,0,0.057296,0.759162,0,0,1,0,0,0,0
interleave,False,0,000000,,,False,0,000000,,,0.555,0.474,0.345,0.032,0.388,0.019,0.555009,0.835079,0,0.474142,0.651832,0,0.3455,0.554974,0,0.032464,0.667539,0,0.388074,0.670157,0,0.019156,0.759162,0,0,0,0,0,0,0
interlink,True,1,010000,Cm,,True,1,010000,Cm,,0.206,0.692,0.003,0.043,0.285,0.214,0.206377,0.835079,0,0.691945,0.651832,1,0.002618,0.554974,0,0.043187,0.667539,0,0.284766,0.670157,0,0.213692,0.759162,0,0,1,0,0,0,0
interlock,False,0,000000,,,True,1,000001,Ev,,0.431,0.204,0.016,0.2,0.144,0.679,0.430707,0.835079,0,0.204419,0.651832,0,0.015592,0.554974,0,0.199925,0.667539,0,0.144348,0.670157,0,0.679327,0.759162,0,0,0,0,0,0,0
intermingle,True,2,010010,Cm,Sn,True,2,010010,Cm,Sn,0.538,0.803,0.139,0.04,0.763,0.048,0.538337,0.835079,0,0.803487,0.651832,1,0.139325,0.554974,0,0.040118,0.667539,0,0.762763,0.670157,1,0.048366,0.759162,0,0,1,0,0,1,0
internalize,True,1,000010,Sn,,True,2,000011,Ev,Sn,0.25,0.054,0.459,0.064,0.71,0.729,0.249992,0.835079,0,0.053764,0.651832,0,0.458696,0.554974,0,0.063548,0.667539,0,0.710013,0.670157,1,0.729189,0.759162,0,0,0,0,0,1,0
interpenetrate,False,0,000000,,,True,1,010000,Cm,,0.143,0.577,0.148,0.258,0.167,0.23,0.142996,0.835079,0,0.577493,0.651832,0,0.147637,0.554974,0,0.257676,0.667539,0,0.167184,0.670157,0,0.230093,0.759162,0,0,0,0,0,0,0
interpose,True,1,010000,Cm,,True,2,011000,Cm,Ap,0.374,0.738,0.522,0.076,0.544,0.082,0.373722,0.835079,0,0.738305,0.651832,1,0.522026,0.554974,0,0.07634,0.667539,0,0.543658,0.670157,0,0.082181,0.759162,0,0,1,0,0,0,0
interrogate,True,2,000101,Ev,An,True,2,000101,Ev,An,0.086,0.305,0.239,0.852,0.176,0.857,0.08554,0.835079,0,0.304965,0.651832,0,0.238723,0.554974,0,0.852279,0.667539,1,0.175912,0.670157,0,0.856591,0.759162,1,0,0,0,1,0,1
intersect,True,3,110010,Kn,"Cm, Sn",True,3,110010,Kn,"Cm, Sn",0.874,0.851,0.237,0.462,0.721,0.047,0.8735,0.835079,1,0.850712,0.651832,1,0.237406,0.554974,0,0.46207,0.667539,0,0.72095,0.670157,1,0.047347,0.759162,0,1,1,0,0,1,0
intersperse,True,1,010000,Cm,,True,1,010000,Cm,,0.325,0.807,0.147,0.212,0.47,0.023,0.324801,0.835079,0,0.807357,0.651832,1,0.146889,0.554974,0,0.212091,0.667539,0,0.46977,0.670157,0,0.023148,0.759162,0,0,1,0,0,0,0
interstratify,True,1,010000,Cm,,True,2,011000,Cm,Ap,0.124,0.866,0.541,0.279,0.289,0.207,0.124459,0.835079,0,0.866499,0.651832,1,0.541057,0.554974,0,0.279462,0.667539,0,0.289425,0.670157,0,0.206514,0.759162,0,0,1,0,0,0,0
intertwine,False,0,000000,,,True,1,010000,Cm,,0.235,0.593,0.028,0.036,0.52,0.086,0.234638,0.835079,0,0.592604,0.651832,0,0.027792,0.554974,0,0.035695,0.667539,0,0.519592,0.670157,0,0.085766,0.759162,0,0,0,0,0,0,0
interweave,True,1,000010,Sn,,True,1,000010,Sn,,0.037,0.382,0.126,0.016,0.81,0.168,0.037469,0.835079,0,0.382485,0.651832,0,0.125533,0.554974,0,0.015749,0.667539,0,0.810207,0.670157,1,0.167744,0.759162,0,0,0,0,0,1,0
intimidate,True,1,000001,Ev,,True,1,000001,Ev,,0.03,0.043,0.296,0.105,0.536,0.858,0.030353,0.835079,0,0.043265,0.651832,0,0.295609,0.554974,0,0.104856,0.667539,0,0.53607,0.670157,0,0.857975,0.759162,1,0,0,0,0,0,1
introduce,True,1,000010,Sn,,True,2,010010,Sn,Cm,0.413,0.813,0.254,0.121,0.956,0.365,0.412682,0.835079,0,0.813419,0.651832,1,0.254228,0.554974,0,0.121024,0.667539,0,0.955751,0.670157,1,0.364734,0.759162,0,0,0,0,0,1,0
inundate,False,0,000000,,,True,1,001000,Ap,,0.088,0.067,0.482,0.029,0.227,0.357,0.088059,0.835079,0,0.067365,0.651832,0,0.482309,0.554974,0,0.029487,0.667539,0,0.226873,0.670157,0,0.356603,0.759162,0,0,0,0,0,0,0
invade,False,0,000000,,,False,0,000000,,,0.545,0.501,0.437,0.044,0.302,0.346,0.544737,0.835079,0,0.501216,0.651832,0,0.437115,0.554974,0,0.044383,0.667539,0,0.302207,0.670157,0,0.346055,0.759162,0,0,0,0,0,0,0
invalidate,True,1,000001,Ev,,True,2,000011,Ev,Sn,0.08,0.021,0.238,0.395,0.694,0.929,0.080107,0.835079,0,0.020958,0.651832,0,0.238344,0.554974,0,0.395256,0.667539,0,0.693858,0.670157,1,0.929164,0.759162,1,0,0,0,0,0,1
invert,True,1,001000,Ap,,True,1,001000,Ap,,0.371,0.381,0.929,0.535,0.084,0.2,0.371414,0.835079,0,0.380772,0.651832,0,0.929083,0.554974,1,0.534763,0.667539,0,0.083849,0.670157,0,0.199826,0.759162,0,0,0,1,0,0,0
invest,True,1,001000,Ap,,True,2,001010,Ap,Sn,0.515,0.301,0.935,0.149,0.66,0.285,0.514643,0.835079,0,0.30137,0.651832,0,0.935329,0.554974,1,0.148959,0.667539,0,0.659917,0.670157,0,0.28464,0.759162,0,0,0,1,0,0,0
invite,False,0,000000,,,True,1,010000,Cm,,0.452,0.632,0.053,0.487,0.041,0.082,0.452479,0.835079,0,0.632202,0.651832,0,0.052665,0.554974,0,0.486776,0.667539,0,0.040605,0.670157,0,0.082038,0.759162,0,0,0,0,0,0,0
invoke,False,0,000000,,,False,0,000000,,,0.198,0.116,0.376,0.038,0.112,0.257,0.197531,0.835079,0,0.115575,0.651832,0,0.376099,0.554974,0,0.038193,0.667539,0,0.111832,0.670157,0,0.256942,0.759162,0,0,0,0,0,0,0
involve,True,3,011010,Cm,"Ap, Sn",True,3,011010,Cm,"Ap, Sn",0.543,0.707,0.644,0.072,0.705,0.515,0.543182,0.835079,0,0.707036,0.651832,1,0.644194,0.554974,1,0.071943,0.667539,0,0.705015,0.670157,1,0.514888,0.759162,0,0,1,1,0,1,0
ionize,False,0,000000,,,True,1,000010,Sn,,0.042,0.172,0.415,0.036,0.571,0.518,0.041653,0.835079,0,0.172114,0.651832,0,0.415251,0.554974,0,0.036411,0.667539,0,0.570896,0.670157,0,0.517649,0.759162,0,0,0,0,0,0,0
irrigate,True,1,001000,Ap,,True,2,001001,Ap,Ev,0.02,0.08,0.817,0.063,0.301,0.697,0.020454,0.835079,0,0.079868,0.651832,0,0.81673,0.554974,1,0.062898,0.667539,0,0.301039,0.670157,0,0.696593,0.759162,0,0,0,1,0,0,0
issue,True,1,000100,An,,True,1,000100,An,,0.299,0.301,0.049,0.886,0.241,0.434,0.299111,0.835079,0,0.301246,0.651832,0,0.049401,0.554974,0,0.886367,0.667539,1,0.24087,0.670157,0,0.43405,0.759162,0,0,0,0,1,0,0
italicize,True,1,100000,Kn,,True,3,110010,Kn,"Cm, Sn",0.966,0.603,0.459,0.013,0.627,0.027,0.965974,0.835079,1,0.60302,0.651832,0,0.459229,0.554974,0,0.012874,0.667539,0,0.627191,0.670157,0,0.027104,0.759162,0,1,0,0,0,0,0
iterate,True,1,100000,Kn,,True,2,101000,Kn,Ap,0.992,0.217,0.682,0.076,0.018,0.035,0.99243,0.835079,1,0.216661,0.651832,0,0.682179,0.554974,1,0.076457,0.667539,0,0.018434,0.670157,0,0.035058,0.759162,0,1,0,0,0,0,0
jeopardize,True,1,000001,Ev,,True,2,001001,Ev,Ap,0.017,0.209,0.562,0.499,0.083,0.95,0.016566,0.835079,0,0.208786,0.651832,0,0.562396,0.554974,1,0.498895,0.667539,0,0.082619,0.670157,0,0.950356,0.759162,1,0,0,0,0,0,1
jump,False,0,000000,,,False,0,000000,,,0.316,0.381,0.201,0.332,0.177,0.427,0.315727,0.835079,0,0.38128,0.651832,0,0.201241,0.554974,0,0.332093,0.667539,0,0.176605,0.670157,0,0.427342,0.759162,0,0,0,0,0,0,0
juxtapose,True,1,000001,Ev,,True,2,000101,Ev,An,0.346,0.518,0.01,0.582,0.324,0.869,0.34582,0.835079,0,0.517608,0.651832,0,0.009595,0.554974,0,0.582104,0.667539,0,0.323931,0.670157,0,0.868862,0.759162,1,0,0,0,0,0,1
keep,True,1,000001,Ev,,True,2,001001,Ev,Ap,0.6,0.12,0.817,0.012,0.087,0.9,0.59999,0.835079,0,0.120414,0.651832,0,0.816765,0.554974,1,0.011744,0.667539,0,0.086899,0.670157,0,0.89962,0.759162,1,0,0,0,0,0,1
kick,True,2,011000,Cm,Ap,True,3,011100,Cm,"Ap, An",0.414,0.667,0.631,0.653,0.084,0.617,0.414017,0.835079,0,0.666929,0.651832,1,0.630681,0.554974,1,0.653134,0.667539,0,0.083833,0.670157,0,0.616868,0.759162,0,0,1,1,0,0,0
kill,True,1,000001,Ev,,True,3,101001,Ev,"Kn, Ap",0.736,0.299,0.771,0.291,0.038,0.844,0.735521,0.835079,0,0.299298,0.651832,0,0.77145,0.554974,1,0.290589,0.667539,0,0.037818,0.670157,0,0.843644,0.759162,1,0,0,0,0,0,1
kink,True,1,000100,An,,True,1,000100,An,,0.525,0.466,0.189,0.915,0.038,0.285,0.525245,0.835079,0,0.465744,0.651832,0,0.189183,0.554974,0,0.915432,0.667539,1,0.038011,0.670157,0,0.285151,0.759162,0,0,0,0,1,0,0
knead,True,1,000100,An,,True,2,100100,An,Kn,0.746,0.051,0.162,0.958,0.075,0.498,0.746491,0.835079,0,0.050662,0.651832,0,0.16212,0.554974,0,0.957634,0.667539,1,0.075348,0.670157,0,0.498265,0.759162,0,0,0,0,1,0,0
knit,True,2,101000,Kn,Ap,True,2,101000,Kn,Ap,0.935,0.498,0.895,0.519,0.426,0.064,0.934525,0.835079,1,0.49816,0.651832,0,0.894997,0.554974,1,0.519009,0.667539,0,0.426264,0.670157,0,0.064205,0.759162,0,1,0,1,0,0,0
knock,False,0,000000,,,True,2,100100,Kn,An,0.724,0.423,0.206,0.615,0.168,0.516,0.723996,0.835079,0,0.423061,0.651832,0,0.206163,0.554974,0,0.615135,0.667539,0,0.167902,0.670157,0,0.51585,0.759162,0,0,0,0,0,0,0
lag,True,1,010000,Cm,,True,1,010000,Cm,,0.363,0.694,0.015,0.395,0.199,0.5,0.36334,0.835079,0,0.694071,0.651832,1,0.014528,0.554974,0,0.394895,0.667539,0,0.198767,0.670157,0,0.499553,0.759162,0,0,1,0,0,0,0
laminate,False,0,000000,,,False,0,000000,,,0.374,0.409,0.146,0.356,0.152,0.601,0.374112,0.835079,0,0.409036,0.651832,0,0.146327,0.554974,0,0.355939,0.667539,0,0.152211,0.670157,0,0.60069,0.759162,0,0,0,0,0,0,0
latch,False,0,000000,,,True,1,000100,An,,0.348,0.005,0.299,0.615,0.079,0.552,0.347675,0.835079,0,0.004504,0.651832,0,0.298871,0.554974,0,0.615482,0.667539,0,0.078951,0.670157,0,0.551765,0.759162,0,0,0,0,0,0,0
laud,True,1,000001,Ev,,True,2,010001,Ev,Cm,0.59,0.619,0.043,0.185,0.042,0.775,0.589842,0.835079,0,0.619059,0.651832,0,0.043366,0.554974,0,0.185447,0.667539,0,0.041561,0.670157,0,0.77454,0.759162,1,0,0,0,0,0,1
launch,False,0,000000,,,True,1,000100,An,,0.074,0.051,0.075,0.573,0.299,0.453,0.074024,0.835079,0,0.050715,0.651832,0,0.075138,0.554974,0,0.5734,0.667539,0,0.298595,0.670157,0,0.453253,0.759162,0,0,0,0,0,0,0
lay,True,2,101000,Kn,Ap,True,2,101000,Kn,Ap,0.871,0.236,0.817,0.395,0.26,0.056,0.871312,0.835079,1,0.235617,0.651832,0,0.817103,0.554974,1,0.395151,0.667539,0,0.259686,0.670157,0,0.056423,0.759162,0,1,0,1,0,0,0
leach,False,0,000000,,,True,1,000001,Ev,,0.707,0.269,0.432,0.555,0.072,0.679,0.707041,0.835079,0,0.268511,0.651832,0,0.431596,0.554974,0,0.554928,0.667539,0,0.072128,0.670157,0,0.679314,0.759162,0,0,0,0,0,0,0
lead,True,1,000100,An,,True,1,000100,An,,0.541,0.486,0.453,0.844,0.15,0.093,0.54085,0.835079,0,0.485647,0.651832,0,0.453171,0.554974,0,0.844392,0.667539,1,0.149655,0.670157,0,0.093429,0.759162,0,0,0,0,1,0,0
learn,True,1,001000,Ap,,True,2,101000,Ap,Kn,0.76,0.21,0.924,0.083,0.268,0.158,0.759811,0.835079,0,0.209634,0.651832,0,0.924301,0.554974,1,0.082905,0.667539,0,0.267756,0.670157,0,0.15822,0.759162,0,0,0,1,0,0,0
lease,True,1,001000,Ap,,True,3,011001,Ap,"Cm, Ev",0.43,0.595,0.736,0.307,0.226,0.679,0.430065,0.835079,0,0.594928,0.651832,0,0.736314,0.554974,1,0.306706,0.667539,0,0.226419,0.670157,0,0.678819,0.759162,0,0,0,1,0,0,0
leave,True,1,000001,Ev,,True,4,011101,Ev,"Cm, Ap, An",0.297,0.568,0.531,0.662,0.239,0.963,0.296673,0.835079,0,0.568035,0.651832,0,0.530999,0.554974,0,0.662473,0.667539,0,0.238996,0.670157,0,0.963286,0.759162,1,0,0,0,0,0,1
legitimize,True,1,000001,Ev,,True,1,000001,Ev,,0.049,0.173,0.014,0.564,0.354,0.941,0.049125,0.835079,0,0.17342,0.651832,0,0.013809,0.554974,0,0.563646,0.667539,0,0.353732,0.670157,0,0.941496,0.759162,1,0,0,0,0,0,1
lend,True,1,001000,Ap,,True,1,001000,Ap,,0.411,0.238,0.811,0.236,0.433,0.502,0.410619,0.835079,0,0.237551,0.651832,0,0.810888,0.554974,1,0.236247,0.667539,0,0.432945,0.670157,0,0.501888,0.759162,0,0,0,1,0,0,0
lengthen,True,1,001000,Ap,,True,1,001000,Ap,,0.426,0.38,0.636,0.161,0.513,0.043,0.426471,0.835079,0,0.37998,0.651832,0,0.636065,0.554974,1,0.160659,0.667539,0,0.512808,0.670157,0,0.042579,0.759162,0,0,0,1,0,0,0
lessen,False,0,000000,,,True,1,001000,Ap,,0.165,0.141,0.484,0.086,0.434,0.171,0.164656,0.835079,0,0.141294,0.651832,0,0.483581,0.554974,0,0.08641,0.667539,0,0.434316,0.670157,0,0.171143,0.759162,0,0,0,0,0,0,0
let,True,1,001000,Ap,,True,1,001000,Ap,,0.7,0.129,0.763,0.084,0.254,0.086,0.699613,0.835079,0,0.129046,0.651832,0,0.763212,0.554974,1,0.083663,0.667539,0,0.254146,0.670157,0,0.085883,0.759162,0,0,0,1,0,0,0
liberate,False,0,000000,,,False,0,000000,,,0.233,0.086,0.457,0.011,0.091,0.547,0.233445,0.835079,0,0.086499,0.651832,0,0.457267,0.554974,0,0.011447,0.667539,0,0.091417,0.670157,0,0.546995,0.759162,0,0,0,0,0,0,0
lie,False,0,000000,,,True,1,000100,An,,0.584,0.261,0.305,0.583,0.472,0.462,0.583886,0.835079,0,0.260732,0.651832,0,0.30509,0.554974,0,0.583141,0.667539,0,0.472449,0.670157,0,0.461636,0.759162,0,0,0,0,0,0,0
lift,True,1,001000,Ap,,True,1,001000,Ap,,0.252,0.169,0.844,0.125,0.389,0.481,0.252259,0.835079,0,0.169238,0.651832,0,0.843717,0.554974,1,0.124699,0.667539,0,0.388916,0.670157,0,0.480515,0.759162,0,0,0,1,0,0,0
ligate,False,0,000000,,,False,0,000000,,,0.286,0.116,0.157,0.542,0.365,0.2,0.285837,0.835079,0,0.116123,0.651832,0,0.15742,0.554974,0,0.541783,0.667539,0,0.364976,0.670157,0,0.199913,0.759162,0,0,0,0,0,0,0
liken,True,1,100000,Kn,,True,3,110001,Kn,"Cm, Ev",0.913,0.813,0.298,0.154,0.367,0.792,0.912587,0.835079,1,0.812818,0.651832,1,0.298235,0.554974,0,0.154129,0.667539,0,0.366513,0.670157,0,0.79191,0.759162,1,1,0,0,0,0,0
linearize,True,2,010010,Sn,Cm,True,2,010010,Sn,Cm,0.026,0.656,0.446,0.274,0.692,0.049,0.026136,0.835079,0,0.656022,0.651832,1,0.445573,0.554974,0,0.273785,0.667539,0,0.691882,0.670157,1,0.049382,0.759162,0,0,1,0,0,1,0
liquefy,True,1,001000,Ap,,True,1,001000,Ap,,0.085,0.206,0.631,0.301,0.425,0.517,0.085459,0.835079,0,0.205813,0.651832,0,0.631144,0.554974,1,0.301132,0.667539,0,0.42479,0.670157,0,0.51713,0.759162,0,0,0,1,0,0,0
liquidize,True,1,000001,Ev,,True,1,000001,Ev,,0.023,0.288,0.443,0.47,0.534,0.784,0.022558,0.835079,0,0.288081,0.651832,0,0.442672,0.554974,0,0.470375,0.667539,0,0.534158,0.670157,0,0.783792,0.759162,1,0,0,0,0,0,1
listen,False,0,000000,,,True,1,100000,Kn,,0.81,0.146,0.151,0.172,0.153,0.489,0.810251,0.835079,0,0.145549,0.651832,0,0.151251,0.554974,0,0.171944,0.667539,0,0.153463,0.670157,0,0.489298,0.759162,0,0,0,0,0,0,0
live,True,1,100000,Kn,,True,3,101010,Kn,"Ap, Sn",0.908,0.289,0.628,0.136,0.58,0.273,0.907541,0.835079,1,0.288697,0.651832,0,0.628424,0.554974,1,0.136073,0.667539,0,0.579508,0.670157,0,0.272509,0.759162,0,1,0,0,0,0,0
load,False,0,000000,,,True,1,000001,Ev,,0.465,0.049,0.298,0.291,0.273,0.751,0.464889,0.835079,0,0.048517,0.651832,0,0.297637,0.554974,0,0.291234,0.667539,0,0.272542,0.670157,0,0.750754,0.759162,0,0,0,0,0,0,0
localize,True,1,010000,Cm,,True,3,011010,Cm,"Ap, Sn",0.414,0.789,0.61,0.003,0.717,0.416,0.414153,0.835079,0,0.788812,0.651832,1,0.609838,0.554974,1,0.002618,0.667539,0,0.717477,0.670157,1,0.416203,0.759162,0,0,1,0,0,0,0
lock,True,1,000001,Ev,,True,2,000101,Ev,An,0.573,0.097,0.141,0.664,0.021,0.893,0.573125,0.835079,0,0.097346,0.651832,0,0.141239,0.554974,0,0.664043,0.667539,0,0.021232,0.670157,0,0.893384,0.759162,1,0,0,0,0,0,1
locomote,True,1,000100,An,,True,2,010100,An,Cm,0.316,0.585,0.239,0.827,0.517,0.11,0.315901,0.835079,0,0.584689,0.651832,0,0.238525,0.554974,0,0.827116,0.667539,1,0.517139,0.670157,0,0.110334,0.759162,0,0,0,0,1,0,0
look,True,3,110100,Kn,"Cm, An",True,3,110100,Kn,"Cm, An",0.996,0.726,0.238,0.979,0.03,0.357,0.996205,0.835079,1,0.726444,0.651832,1,0.238027,0.554974,0,0.978859,0.667539,1,0.030092,0.670157,0,0.357313,0.759162,0,1,1,0,1,0,0
loosen,True,1,001000,Ap,,True,1,001000,Ap,,0.124,0.068,0.717,0.553,0.273,0.235,0.123533,0.835079,0,0.067908,0.651832,0,0.717128,0.554974,1,0.552962,0.667539,0,0.272761,0.670157,0,0.235457,0.759162,0,0,0,1,0,0,0
lose,True,4,111001,Ev,"Kn, Cm, Ap",True,4,111001,Ev,"Kn, Cm, Ap",0.861,0.776,0.884,0.476,0.243,0.915,0.861038,0.835079,1,0.775894,0.651832,1,0.883898,0.554974,1,0.475626,0.667539,0,0.24312,0.670157,0,0.914888,0.759162,1,1,1,1,0,0,1
love,True,1,100000,Kn,,True,1,100000,Kn,,0.873,0.445,0.23,0.259,0.346,0.517,0.873106,0.835079,1,0.445171,0.651832,0,0.230424,0.554974,0,0.258728,0.667539,0,0.345708,0.670157,0,0.516861,0.759162,0,1,0,0,0,0,0
lubricate,False,0,000000,,,False,0,000000,,,0.091,0.3,0.43,0.269,0.363,0.615,0.090885,0.835079,0,0.299864,0.651832,0,0.430189,0.554974,0,0.26878,0.667539,0,0.362844,0.670157,0,0.614586,0.759162,0,0,0,0,0,0,0
lure,True,1,100000,Kn,,True,1,100000,Kn,,0.88,0.484,0.159,0.391,0.122,0.277,0.879551,0.835079,1,0.484144,0.651832,0,0.159252,0.554974,0,0.39059,0.667539,0,0.121735,0.670157,0,0.277134,0.759162,0,1,0,0,0,0,0
lustrate,False,0,000000,,,True,1,000001,Ev,,0.558,0.115,0.124,0.316,0.004,0.679,0.55843,0.835079,0,0.114969,0.651832,0,0.124404,0.554974,0,0.315531,0.667539,0,0.004332,0.670157,0,0.679309,0.759162,0,0,0,0,0,0,0
magnetize,True,1,000001,Ev,,True,2,001001,Ev,Ap,0.326,0.302,0.661,0.36,0.251,0.795,0.326009,0.835079,0,0.302219,0.651832,0,0.660832,0.554974,1,0.360487,0.667539,0,0.251455,0.670157,0,0.795113,0.759162,1,0,0,0,0,0,1
magnify,True,1,001000,Ap,,True,2,011000,Ap,Cm,0.301,0.651,0.668,0.388,0.141,0.398,0.301058,0.835079,0,0.650781,0.651832,0,0.668174,0.554974,1,0.387651,0.667539,0,0.140615,0.670157,0,0.397785,0.759162,0,0,0,1,0,0,0
mandate,False,0,000000,,,True,1,000010,Sn,,0.19,0.072,0.075,0.394,0.583,0.613,0.189715,0.835079,0,0.072316,0.651832,0,0.074518,0.554974,0,0.393662,0.667539,0,0.583105,0.670157,0,0.613068,0.759162,0,0,0,0,0,0,0
manifest,False,0,000000,,,True,1,010000,Cm,,0.107,0.561,0.436,0.416,0.476,0.026,0.107432,0.835079,0,0.561289,0.651832,0,0.43629,0.554974,0,0.415962,0.667539,0,0.475623,0.670157,0,0.026483,0.759162,0,0,0,0,0,0,0
manufacture,True,1,001000,Ap,,True,2,001010,Ap,Sn,0.237,0.535,0.861,0.42,0.681,0.453,0.236883,0.835079,0,0.534652,0.651832,0,0.860889,0.554974,1,0.420338,0.667539,0,0.681122,0.670157,1,0.45342,0.759162,0,0,0,1,0,0,0
map,True,2,110000,Kn,Cm,True,3,111000,Kn,"Cm, Ap",0.937,0.916,0.554,0.309,0.082,0.042,0.936792,0.835079,1,0.916287,0.651832,1,0.553883,0.554974,0,0.308678,0.667539,0,0.08191,0.670157,0,0.042005,0.759162,0,1,1,0,0,0,0
marginalize,True,1,010000,Cm,,True,2,010010,Cm,Sn,0.034,0.877,0.301,0.23,0.582,0.55,0.034141,0.835079,0,0.877415,0.651832,1,0.300541,0.554974,0,0.230221,0.667539,0,0.582334,0.670157,0,0.550481,0.759162,0,0,1,0,0,0,0
marry,True,3,100011,Ev,"Kn, Sn",True,3,100011,Ev,"Kn, Sn",0.853,0.252,0.436,0.206,0.744,0.892,0.852683,0.835079,1,0.251654,0.651832,0,0.436447,0.554974,0,0.206478,0.667539,0,0.744074,0.670157,1,0.891843,0.759162,1,1,0,0,0,1,1
marvel,True,1,000001,Ev,,True,3,010101,Ev,"Cm, An",0.158,0.574,0.236,0.671,0.283,0.779,0.158238,0.835079,0,0.573729,0.651832,0,0.235824,0.554974,0,0.670778,0.667539,1,0.283429,0.670157,0,0.778617,0.759162,1,0,0,0,0,0,1
mat,True,1,000100,An,,True,2,100100,Kn,An,0.763,0.517,0.127,0.694,0.26,0.348,0.763182,0.835079,0,0.517115,0.651832,0,0.127246,0.554974,0,0.693774,0.667539,1,0.259536,0.670157,0,0.347674,0.759162,0,0,0,0,1,0,0
mate,False,0,000000,,,True,2,100001,Kn,Ev,0.724,0.527,0.1,0.512,0.204,0.679,0.72364,0.835079,0,0.526784,0.651832,0,0.100166,0.554974,0,0.512328,0.667539,0,0.203966,0.670157,0,0.678589,0.759162,0,0,0,0,0,0,0
materialize,True,1,000010,Sn,,True,2,001010,Sn,Ap,0.145,0.358,0.769,0.087,0.924,0.289,0.145042,0.835079,0,0.357797,0.651832,0,0.769119,0.554974,1,0.086806,0.667539,0,0.924317,0.670157,1,0.288978,0.759162,0,0,0,0,0,1,0
matter,True,1,010000,Cm,,True,2,010010,Cm,Sn,0.557,0.737,0.306,0.425,0.653,0.546,0.5574,0.835079,0,0.737484,0.651832,1,0.305916,0.554974,0,0.424769,0.667539,0,0.653007,0.670157,0,0.546467,0.759162,0,0,1,0,0,0,0
mean,True,4,110101,Kn,"Cm, An, Ev",True,4,110101,Kn,"Cm, An, Ev",0.909,0.808,0.445,0.671,0.225,0.869,0.908518,0.835079,1,0.807577,0.651832,1,0.444582,0.554974,0,0.670883,0.667539,1,0.224599,0.670157,0,0.869085,0.759162,1,1,1,0,1,0,1
mechanize,True,1,001000,Ap,,True,2,001010,Ap,Sn,0.035,0.203,0.83,0.099,0.746,0.462,0.03489,0.835079,0,0.20296,0.651832,0,0.829783,0.554974,1,0.098729,0.667539,0,0.746438,0.670157,1,0.462437,0.759162,0,0,0,1,0,0,0
melt,True,1,000100,An,,True,1,000100,An,,0.425,0.486,0.394,0.988,0.511,0.492,0.425333,0.835079,0,0.485648,0.651832,0,0.393765,0.554974,0,0.988291,0.667539,1,0.51123,0.670157,0,0.4919,0.759162,0,0,0,0,1,0,0
mend,True,1,000001,Ev,,True,1,000001,Ev,,0.628,0.382,0.077,0.048,0.426,0.857,0.62762,0.835079,0,0.382249,0.651832,0,0.077167,0.554974,0,0.048008,0.667539,0,0.425913,0.670157,0,0.856982,0.759162,1,0,0,0,0,0,1
mention,True,2,110000,Kn,Cm,True,2,110000,Kn,Cm,0.995,0.954,0.009,0.011,0.095,0.103,0.994751,0.835079,1,0.954498,0.651832,1,0.009052,0.554974,0,0.011261,0.667539,0,0.0953,0.670157,0,0.103393,0.759162,0,1,1,0,0,0,0
mentor,True,1,000010,Sn,,True,2,001010,Sn,Ap,0.149,0.337,0.552,0.314,0.973,0.502,0.148756,0.835079,0,0.336776,0.651832,0,0.552344,0.554974,0,0.314185,0.667539,0,0.972503,0.670157,1,0.502178,0.759162,0,0,0,0,0,1,0
merge,True,1,000010,Sn,,True,1,000010,Sn,,0.163,0.306,0.147,0.409,0.934,0.352,0.162982,0.835079,0,0.305759,0.651832,0,0.14719,0.554974,0,0.40914,0.667539,0,0.933628,0.670157,1,0.352188,0.759162,0,0,0,0,0,1,0
metabolize,True,1,000001,Ev,,True,3,001101,Ev,"Ap, An",0.051,0.081,0.645,0.667,0.375,0.799,0.051401,0.835079,0,0.080778,0.651832,0,0.644922,0.554974,1,0.667141,0.667539,0,0.375085,0.670157,0,0.798859,0.759162,1,0,0,0,0,0,1
migrate,True,1,000010,Sn,,True,3,001011,Sn,"Ap, Ev",0.191,0.43,0.634,0.103,0.752,0.74,0.19099,0.835079,0,0.429713,0.651832,0,0.634096,0.554974,1,0.10296,0.667539,0,0.752443,0.670157,1,0.740046,0.759162,0,0,0,0,0,1,0
mimic,True,1,100000,Kn,,True,3,101010,Kn,"Ap, Sn",0.908,0.419,0.734,0.087,0.733,0.166,0.907643,0.835079,1,0.418769,0.651832,0,0.734003,0.554974,1,0.087149,0.667539,0,0.732708,0.670157,1,0.165764,0.759162,0,1,0,0,0,0,0
mingle,True,1,000010,Sn,,True,2,010010,Sn,Cm,0.643,0.689,0.306,0.185,0.783,0.179,0.643467,0.835079,0,0.689201,0.651832,1,0.306156,0.554974,0,0.184835,0.667539,0,0.782725,0.670157,1,0.179493,0.759162,0,0,0,0,0,1,0
miniaturize,True,1,000010,Sn,,True,1,000010,Sn,,0.022,0.217,0.414,0.443,0.817,0.441,0.022103,0.835079,0,0.216877,0.651832,0,0.414214,0.554974,0,0.442656,0.667539,0,0.817212,0.670157,1,0.441474,0.759162,0,0,0,0,0,1,0
misalign,True,1,000100,An,,True,1,000100,An,,0.467,0.383,0.013,0.845,0.283,0.481,0.467196,0.835079,0,0.383251,0.651832,0,0.012689,0.554974,0,0.845203,0.667539,1,0.28286,0.670157,0,0.481404,0.759162,0,0,0,0,1,0,0
misidentify,True,1,010000,Cm,,True,1,010000,Cm,,0.686,0.709,0.05,0.491,0.149,0.046,0.686156,0.835079,0,0.709445,0.651832,1,0.049675,0.554974,0,0.491041,0.667539,0,0.149293,0.670157,0,0.045898,0.759162,0,0,1,0,0,0,0
misjudge,True,1,000001,Ev,,True,2,010001,Ev,Cm,0.39,0.626,0.024,0.32,0.101,0.943,0.389867,0.835079,0,0.625951,0.651832,0,0.024132,0.554974,0,0.320057,0.667539,0,0.101187,0.670157,0,0.942694,0.759162,1,0,0,0,0,0,1
mislead,False,0,000000,,,True,1,000001,Ev,,0.11,0.435,0.16,0.253,0.164,0.668,0.109598,0.835079,0,0.435364,0.651832,0,0.160458,0.554974,0,0.253478,0.667539,0,0.164392,0.670157,0,0.668083,0.759162,0,0,0,0,0,0,0
misrepresent,True,1,010000,Cm,,True,1,010000,Cm,,0.19,0.85,0.243,0.094,0.34,0.314,0.190034,0.835079,0,0.850085,0.651832,1,0.242658,0.554974,0,0.09366,0.667539,0,0.340362,0.670157,0,0.313526,0.759162,0,0,1,0,0,0,0
miss,True,2,110000,Kn,Cm,True,2,110000,Kn,Cm,0.877,0.864,0.166,0.284,0.073,0.425,0.877105,0.835079,1,0.864002,0.651832,1,0.165859,0.554974,0,0.283993,0.667539,0,0.07331,0.670157,0,0.424727,0.759162,0,1,1,0,0,0,0
mitigate,True,1,000001,Ev,,True,3,001011,Ev,"Ap, Sn",0.033,0.043,0.608,0.132,0.583,0.86,0.03275,0.835079,0,0.043018,0.651832,0,0.608294,0.554974,1,0.131788,0.667539,0,0.583247,0.670157,0,0.859918,0.759162,1,0,0,0,0,0,1
mix,True,1,000100,An,,True,3,010110,An,"Cm, Sn",0.146,0.703,0.053,0.855,0.792,0.442,0.145754,0.835079,0,0.703477,0.651832,1,0.053449,0.554974,0,0.855109,0.667539,1,0.791643,0.670157,1,0.4424,0.759162,0,0,0,0,1,0,0
mobilize,True,1,000010,Sn,,True,1,000010,Sn,,0.188,0.171,0.081,0.257,0.913,0.603,0.188439,0.835079,0,0.171081,0.651832,0,0.080723,0.554974,0,0.257306,0.667539,0,0.912515,0.670157,1,0.603426,0.759162,0,0,0,0,0,1,0
modulate,True,1,000010,Sn,,True,2,001010,Sn,Ap,0.037,0.152,0.794,0.086,0.902,0.191,0.036702,0.835079,0,0.152487,0.651832,0,0.794003,0.554974,1,0.086083,0.667539,0,0.902116,0.670157,1,0.191092,0.759162,0,0,0,0,0,1,0
moisten,False,0,000000,,,True,1,000001,Ev,,0.406,0.152,0.233,0.306,0.474,0.741,0.406085,0.835079,0,0.151907,0.651832,0,0.232745,0.554974,0,0.306016,0.667539,0,0.473755,0.670157,0,0.740885,0.759162,0,0,0,0,0,0,0
mold,True,1,000100,An,,True,1,000100,An,,0.528,0.175,0.127,0.868,0.41,0.371,0.52834,0.835079,0,0.17469,0.651832,0,0.126906,0.554974,0,0.867783,0.667539,1,0.409651,0.670157,0,0.370893,0.759162,0,0,0,0,1,0,0
monetize,True,1,000001,Ev,,True,3,001011,Ev,"Ap, Sn",0.147,0.202,0.513,0.533,0.61,0.872,0.147152,0.835079,0,0.201927,0.651832,0,0.512717,0.554974,0,0.532778,0.667539,0,0.609904,0.670157,0,0.871882,0.759162,1,0,0,0,0,0,1
morph,True,2,000110,An,Sn,True,2,000110,An,Sn,0.328,0.341,0.444,0.876,0.823,0.086,0.327533,0.835079,0,0.340772,0.651832,0,0.444492,0.554974,0,0.876295,0.667539,1,0.822579,0.670157,1,0.086197,0.759162,0,0,0,0,1,1,0
motorize,True,2,001010,Sn,Ap,True,2,001010,Sn,Ap,0.127,0.175,0.753,0.196,0.808,0.251,0.127152,0.835079,0,0.175325,0.651832,0,0.752854,0.554974,1,0.196448,0.667539,0,0.80846,0.670157,1,0.250645,0.759162,0,0,0,1,0,1,0
mould,True,1,000100,An,,True,2,000110,An,Sn,0.3,0.281,0.239,0.861,0.598,0.588,0.299953,0.835079,0,0.280943,0.651832,0,0.23877,0.554974,0,0.860934,0.667539,1,0.598318,0.670157,0,0.588031,0.759162,0,0,0,0,1,0,0
move,True,1,010000,Cm,,True,3,011010,Cm,"Ap, Sn",0.628,0.776,0.688,0.143,0.583,0.463,0.628322,0.835079,0,0.776402,0.651832,1,0.687587,0.554974,1,0.1434,0.667539,0,0.583064,0.670157,0,0.462524,0.759162,0,0,1,0,0,0,0
mutate,True,1,001000,Ap,,True,2,001100,Ap,An,0.531,0.174,0.819,0.746,0.368,0.082,0.530669,0.835079,0,0.174386,0.651832,0,0.818734,0.554974,1,0.746384,0.667539,1,0.367761,0.670157,0,0.08221,0.759162,0,0,0,1,0,0,0
nail,True,3,110100,Kn,"Cm, An",True,3,110100,Kn,"Cm, An",0.922,0.687,0.237,0.897,0.036,0.552,0.921709,0.835079,1,0.686696,0.651832,1,0.236991,0.554974,0,0.896613,0.667539,1,0.036205,0.670157,0,0.552144,0.759162,0,1,1,0,1,0,0
narrate,True,1,000010,Sn,,True,2,100010,Sn,Kn,0.734,0.372,0.205,0.325,0.933,0.388,0.733966,0.835079,0,0.371777,0.651832,0,0.204731,0.554974,0,0.32529,0.667539,0,0.933181,0.670157,1,0.388044,0.759162,0,0,0,0,0,1,0
navigate,True,1,100000,Kn,,True,3,111000,Kn,"Cm, Ap",0.94,0.865,0.706,0.377,0.4,0.257,0.940334,0.835079,1,0.865135,0.651832,1,0.705855,0.554974,1,0.376951,0.667539,0,0.400042,0.670157,0,0.257037,0.759162,0,1,0,0,0,0,0
necessitate,True,1,000001,Ev,,True,1,000001,Ev,,0.346,0.069,0.222,0.31,0.425,0.775,0.345868,0.835079,0,0.068719,0.651832,0,0.221542,0.554974,0,0.310315,0.667539,0,0.424547,0.670157,0,0.77525,0.759162,1,0,0,0,0,0,1
need,False,0,000000,,,True,1,000010,Sn,,0.662,0.352,0.282,0.353,0.617,0.486,0.661552,0.835079,0,0.35203,0.651832,0,0.282013,0.554974,0,0.353093,0.667539,0,0.617061,0.670157,0,0.486262,0.759162,0,0,0,0,0,0,0
negate,True,1,000001,Ev,,True,2,010001,Ev,Cm,0.186,0.64,0.075,0.474,0.138,0.845,0.186286,0.835079,0,0.640274,0.651832,0,0.074828,0.554974,0,0.47428,0.667539,0,0.137553,0.670157,0,0.84455,0.759162,1,0,0,0,0,0,1
neglect,False,0,000000,,,False,0,000000,,,0.628,0.177,0.237,0.264,0.306,0.458,0.628063,0.835079,0,0.17726,0.651832,0,0.236809,0.554974,0,0.263946,0.667539,0,0.305678,0.670157,0,0.45806,0.759162,0,0,0,0,0,0,0
neutralize,True,1,000001,Ev,,True,1,000001,Ev,,0.005,0.145,0.389,0.067,0.549,0.873,0.005118,0.835079,0,0.145396,0.651832,0,0.38892,0.554974,0,0.06725,0.667539,0,0.548598,0.670157,0,0.872565,0.759162,1,0,0,0,0,0,1
nominate,True,2,000101,Ev,An,True,3,001101,Ev,"Ap, An",0.451,0.386,0.52,0.849,0.397,0.893,0.451199,0.835079,0,0.385598,0.651832,0,0.519592,0.554974,0,0.849273,0.667539,1,0.396931,0.670157,0,0.893425,0.759162,1,0,0,0,1,0,1
normalize,True,1,010000,Cm,,True,3,011010,Cm,"Ap, Sn",0.052,0.678,0.501,0.524,0.661,0.484,0.051776,0.835079,0,0.677588,0.651832,1,0.501293,0.554974,0,0.524399,0.667539,0,0.661456,0.670157,0,0.48434,0.759162,0,0,1,0,0,0,0
notate,True,1,100000,Kn,,True,3,110010,Kn,"Cm, Sn",0.851,0.675,0.401,0.017,0.653,0.054,0.851146,0.835079,1,0.674836,0.651832,1,0.401442,0.554974,0,0.016555,0.667539,0,0.653326,0.670157,0,0.053873,0.759162,0,1,0,0,0,0,0
note,True,1,100000,Kn,,True,2,110000,Kn,Cm,0.947,0.656,0.028,0.27,0.068,0.258,0.947438,0.835079,1,0.655801,0.651832,1,0.027592,0.554974,0,0.269772,0.667539,0,0.067907,0.670157,0,0.258472,0.759162,0,1,0,0,0,0,0
notice,True,1,100000,Kn,,True,3,110100,Kn,"Cm, An",0.932,0.646,0.066,0.667,0.087,0.349,0.931927,0.835079,1,0.645846,0.651832,0,0.06599,0.554974,0,0.666639,0.667539,0,0.08747,0.670157,0,0.349164,0.759162,0,1,0,0,0,0,0
notify,True,1,001000,Ap,,True,1,001000,Ap,,0.557,0.284,0.575,0.086,0.165,0.259,0.556862,0.835079,0,0.284424,0.651832,0,0.57464,0.554974,1,0.085986,0.667539,0,0.165401,0.670157,0,0.259383,0.759162,0,0,0,1,0,0,0
nucleate,True,1,000001,Ev,,True,1,000001,Ev,,0.234,0.045,0.44,0.421,0.299,0.899,0.233962,0.835079,0,0.045486,0.651832,0,0.439501,0.554974,0,0.42074,0.667539,0,0.298824,0.670157,0,0.899034,0.759162,1,0,0,0,0,0,1
nudge,True,1,000001,Ev,,True,3,000111,Ev,"An, Sn",0.606,0.097,0.007,0.623,0.693,0.862,0.605589,0.835079,0,0.097154,0.651832,0,0.006803,0.554974,0,0.622902,0.667539,0,0.693267,0.670157,1,0.862245,0.759162,1,0,0,0,0,0,1
nullify,True,1,000001,Ev,,True,2,001001,Ev,Ap,0.314,0.259,0.534,0.085,0.379,0.899,0.314342,0.835079,0,0.258686,0.651832,0,0.533602,0.554974,0,0.085166,0.667539,0,0.379473,0.670157,0,0.89853,0.759162,1,0,0,0,0,0,1
nurture,True,1,000010,Sn,,True,4,001111,Sn,"Ap, An, Ev",0.317,0.043,0.523,0.622,0.848,0.702,0.316587,0.835079,0,0.043359,0.651832,0,0.523069,0.554974,0,0.621604,0.667539,0,0.847935,0.670157,1,0.70209,0.759162,0,0,0,0,0,1,0
obey,True,1,001000,Ap,,True,2,101000,Ap,Kn,0.791,0.481,0.828,0.079,0.178,0.49,0.791203,0.835079,0,0.480531,0.651832,0,0.827778,0.554974,1,0.07876,0.667539,0,0.178001,0.670157,0,0.490382,0.759162,0,0,0,1,0,0,0
obfuscate,True,1,001000,Ap,,True,1,001000,Ap,,0.143,0.517,0.752,0.102,0.476,0.067,0.143405,0.835079,0,0.517371,0.651832,0,0.751977,0.554974,1,0.102272,0.667539,0,0.476073,0.670157,0,0.067105,0.759162,0,0,0,1,0,0,0
object,True,3,011100,Cm,"Ap, An",True,3,011100,Cm,"Ap, An",0.623,0.825,0.694,0.789,0.364,0.086,0.623229,0.835079,0,0.824676,0.651832,1,0.6939,0.554974,1,0.789202,0.667539,1,0.363663,0.670157,0,0.086218,0.759162,0,0,1,1,1,0,0
oblige,False,0,000000,,,True,1,000010,Sn,,0.227,0.099,0.455,0.099,0.574,0.453,0.226787,0.835079,0,0.099335,0.651832,0,0.454931,0.554974,0,0.098544,0.667539,0,0.573645,0.670157,0,0.453329,0.759162,0,0,0,0,0,0,0
obstruct,True,1,001000,Ap,,True,1,001000,Ap,,0.07,0.433,0.714,0.141,0.223,0.516,0.069732,0.835079,0,0.432988,0.651832,0,0.714478,0.554974,1,0.141494,0.667539,0,0.223251,0.670157,0,0.516246,0.759162,0,0,0,1,0,0,0
obviate,True,1,001000,Ap,,True,1,001000,Ap,,0.191,0.373,0.596,0.04,0.241,0.531,0.191138,0.835079,0,0.372725,0.651832,0,0.596339,0.554974,1,0.04012,0.667539,0,0.241124,0.670157,0,0.531468,0.759162,0,0,0,1,0,0,0
occlude,False,0,000000,,,False,0,000000,,,0.347,0.406,0.157,0.306,0.096,0.401,0.347215,0.835079,0,0.405711,0.651832,0,0.157353,0.554974,0,0.305969,0.667539,0,0.095992,0.670157,0,0.401245,0.759162,0,0,0,0,0,0,0
occupy,True,2,011000,Ap,Cm,True,3,011010,Ap,"Cm, Sn",0.342,0.722,0.781,0.186,0.571,0.462,0.341518,0.835079,0,0.722025,0.651832,1,0.780568,0.554974,1,0.185607,0.667539,0,0.571084,0.670157,0,0.461618,0.759162,0,0,1,1,0,0,0
occur,True,2,011000,Ap,Cm,True,3,111000,Kn,"Cm, Ap",0.777,0.704,0.705,0.316,0.313,0.003,0.776622,0.835079,0,0.704104,0.651832,1,0.705134,0.554974,1,0.316453,0.667539,0,0.312982,0.670157,0,0.002618,0.759162,0,0,1,1,0,0,0
offer,False,0,000000,,,True,1,010000,Cm,,0.48,0.568,0.043,0.272,0.289,0.463,0.479946,0.835079,0,0.567725,0.651832,0,0.042738,0.554974,0,0.272442,0.667539,0,0.288611,0.670157,0,0.462508,0.759162,0,0,0,0,0,0,0
offload,False,0,000000,,,False,0,000000,,,0.004,0.098,0.238,0.152,0.382,0.461,0.004288,0.835079,0,0.097727,0.651832,0,0.237964,0.554974,0,0.152385,0.667539,0,0.382444,0.670157,0,0.461387,0.759162,0,0,0,0,0,0,0
offset,False,0,000000,,,False,0,000000,,,0.708,0.327,0.141,0.467,0.039,0.022,0.707902,0.835079,0,0.326987,0.651832,0,0.141341,0.554974,0,0.466643,0.667539,0,0.039162,0.670157,0,0.021957,0.759162,0,0,0,0,0,0,0
omit,True,1,010000,Cm,,True,1,010000,Cm,,0.652,0.696,0.232,0.036,0.227,0.117,0.651631,0.835079,0,0.696233,0.651832,1,0.231805,0.554974,0,0.035503,0.667539,0,0.227476,0.670157,0,0.117326,0.759162,0,0,1,0,0,0,0
open,True,1,000100,An,,True,1,000100,An,,0.522,0.288,0.433,0.795,0.228,0.353,0.522452,0.835079,0,0.288102,0.651832,0,0.43276,0.554974,0,0.795224,0.667539,1,0.228135,0.670157,0,0.352655,0.759162,0,0,0,0,1,0,0
oppose,True,1,010000,Cm,,True,4,111001,Cm,"Kn, Ap, Ev",0.742,0.755,0.495,0.236,0.285,0.737,0.742392,0.835079,0,0.755222,0.651832,1,0.495178,0.554974,0,0.236326,0.667539,0,0.284794,0.670157,0,0.736748,0.759162,0,0,1,0,0,0,0
opsonize,True,1,000010,Sn,,True,1,000010,Sn,,0.09,0.502,0.028,0.356,0.732,0.37,0.090187,0.835079,0,0.502363,0.651832,0,0.027976,0.554974,0,0.356016,0.667539,0,0.732438,0.670157,1,0.369998,0.759162,0,0,0,0,0,1,0
opt,True,1,000001,Ev,,True,3,000111,Ev,"An, Sn",0.102,0.028,0.201,0.78,0.731,0.856,0.102326,0.835079,0,0.028298,0.651832,0,0.200848,0.554974,0,0.780215,0.667539,1,0.731183,0.670157,1,0.856451,0.759162,1,0,0,0,0,0,1
orchestrate,True,1,000010,Sn,,True,2,000110,Sn,An,0.027,0.43,0.125,0.876,0.962,0.169,0.027189,0.835079,0,0.42965,0.651832,0,0.124595,0.554974,0,0.875656,0.667539,1,0.962048,0.670157,1,0.16946,0.759162,0,0,0,0,0,1,0
orient,True,1,010000,Cm,,True,2,110000,Cm,Kn,0.743,0.855,0.231,0.368,0.558,0.25,0.743208,0.835079,0,0.855104,0.651832,1,0.231178,0.554974,0,0.368426,0.667539,0,0.558159,0.670157,0,0.250051,0.759162,0,0,1,0,0,0,0
orientate,False,0,000000,,,True,1,000010,Sn,,0.466,0.416,0.271,0.527,0.616,0.303,0.466025,0.835079,0,0.416475,0.651832,0,0.270597,0.554974,0,0.527238,0.667539,0,0.616241,0.670157,0,0.303422,0.759162,0,0,0,0,0,0,0
oscillate,True,1,000100,An,,True,2,010100,An,Cm,0.337,0.608,0.377,0.875,0.282,0.228,0.336705,0.835079,0,0.608294,0.651832,0,0.376708,0.554974,0,0.875429,0.667539,1,0.282358,0.670157,0,0.228365,0.759162,0,0,0,0,1,0,0
outlaw,False,0,000000,,,False,0,000000,,,0.708,0.523,0.076,0.312,0.126,0.241,0.708364,0.835079,0,0.523334,0.651832,0,0.075773,0.554974,0,0.311964,0.667539,0,0.125573,0.670157,0,0.241456,0.759162,0,0,0,0,0,0,0
outnumber,True,1,100000,Kn,,True,1,100000,Kn,,0.958,0.453,0.027,0.263,0.035,0.419,0.958248,0.835079,1,0.453345,0.651832,0,0.0271,0.554974,0,0.262626,0.667539,0,0.034933,0.670157,0,0.418765,0.759162,0,1,0,0,0,0,0
outpace,True,1,000100,An,,True,1,000100,An,,0.073,0.245,0.016,0.707,0.17,0.171,0.073078,0.835079,0,0.245352,0.651832,0,0.015956,0.554974,0,0.707111,0.667539,1,0.170328,0.670157,0,0.171224,0.759162,0,0,0,0,1,0,0
outperform,True,1,000010,Sn,,True,4,011011,Sn,"Cm, Ap, Ev",0.373,0.595,0.654,0.308,0.719,0.672,0.372986,0.835079,0,0.595469,0.651832,0,0.654031,0.554974,1,0.308451,0.667539,0,0.718521,0.670157,1,0.671664,0.759162,0,0,0,0,0,1,0
outsource,True,1,000010,Sn,,True,2,001010,Sn,Ap,0.013,0.342,0.77,0.32,0.841,0.491,0.012906,0.835079,0,0.342385,0.651832,0,0.770083,0.554974,1,0.319679,0.667539,0,0.840638,0.670157,1,0.490576,0.759162,0,0,0,0,0,1,0
outstrip,True,1,000100,An,,True,2,010100,An,Cm,0.399,0.572,0.102,0.772,0.121,0.441,0.399091,0.835079,0,0.572344,0.651832,0,0.102002,0.554974,0,0.772119,0.667539,1,0.121493,0.670157,0,0.440784,0.759162,0,0,0,0,1,0,0
outweigh,True,1,000001,Ev,,True,3,010101,Ev,"Cm, An",0.546,0.652,0.346,0.669,0.176,0.823,0.546357,0.835079,0,0.651558,0.651832,0,0.346304,0.554974,0,0.66868,0.667539,1,0.176457,0.670157,0,0.82281,0.759162,1,0,0,0,0,0,1
overarch,False,0,000000,,,True,1,100000,Kn,,0.739,0.535,0.011,0.384,0.227,0.505,0.73898,0.835079,0,0.534839,0.651832,0,0.010849,0.554974,0,0.384382,0.667539,0,0.226512,0.670157,0,0.505209,0.759162,0,0,0,0,0,0,0
overcome,True,1,001000,Ap,,True,2,001010,Ap,Sn,0.425,0.097,0.803,0.244,0.632,0.563,0.424817,0.835079,0,0.097042,0.651832,0,0.802794,0.554974,1,0.244188,0.667539,0,0.632276,0.670157,0,0.562764,0.759162,0,0,0,1,0,0,0
overcompensate,True,1,000001,Ev,,True,1,000001,Ev,,0.025,0.297,0.15,0.209,0.34,0.779,0.025477,0.835079,0,0.296577,0.651832,0,0.149857,0.554974,0,0.20916,0.667539,0,0.340129,0.670157,0,0.779193,0.759162,1,0,0,0,0,0,1
overemphasize,True,1,010000,Cm,,True,1,010000,Cm,,0.546,0.889,0.176,0.511,0.118,0.257,0.546116,0.835079,0,0.889071,0.651832,1,0.175839,0.554974,0,0.51138,0.667539,0,0.117578,0.670157,0,0.256973,0.759162,0,0,1,0,0,0,0
overestimate,False,0,000000,,,True,2,000011,Ev,Sn,0.189,0.518,0.066,0.259,0.595,0.746,0.189023,0.835079,0,0.518086,0.651832,0,0.065624,0.554974,0,0.258546,0.667539,0,0.595182,0.670157,0,0.746367,0.759162,0,0,0,0,0,0,0
overexpose,True,2,011000,Cm,Ap,True,2,011000,Cm,Ap,0.582,0.739,0.692,0.351,0.14,0.102,0.582003,0.835079,0,0.738946,0.651832,1,0.692236,0.554974,1,0.351471,0.667539,0,0.139963,0.670157,0,0.101798,0.759162,0,0,1,1,0,0,0
overflow,True,1,000100,An,,True,1,000100,An,,0.342,0.419,0.207,0.748,0.14,0.035,0.342278,0.835079,0,0.418603,0.651832,0,0.207351,0.554974,0,0.74759,0.667539,1,0.140192,0.670157,0,0.034615,0.759162,0,0,0,0,1,0,0
overhear,True,1,100000,Kn,,True,1,100000,Kn,,0.856,0.31,0.005,0.389,0.096,0.084,0.856418,0.835079,1,0.309827,0.651832,0,0.004736,0.554974,0,0.389108,0.667539,0,0.095874,0.670157,0,0.083862,0.759162,0,1,0,0,0,0,0
overlap,True,2,010100,Cm,An,True,4,110110,Cm,"Kn, An, Sn",0.763,0.87,0.142,0.859,0.583,0.094,0.762839,0.835079,0,0.869664,0.651832,1,0.142303,0.554974,0,0.859084,0.667539,1,0.582647,0.670157,0,0.09381,0.759162,0,0,1,0,1,0,0
overlay,True,1,010000,Cm,,True,1,010000,Cm,,0.628,0.705,0.099,0.284,0.154,0.026,0.627844,0.835079,0,0.704993,0.651832,1,0.098911,0.554974,0,0.284289,0.667539,0,0.154113,0.670157,0,0.025751,0.759162,0,0,1,0,0,0,0
overlie,True,1,100000,Kn,,True,1,100000,Kn,,0.959,0.501,0.029,0.36,0.145,0.432,0.95884,0.835079,1,0.501356,0.651832,0,0.02905,0.554974,0,0.360497,0.667539,0,0.144814,0.670157,0,0.432045,0.759162,0,1,0,0,0,0,0
overload,False,0,000000,,,False,0,000000,,,0.103,0.186,0.218,0.407,0.133,0.583,0.10327,0.835079,0,0.186283,0.651832,0,0.21849,0.554974,0,0.407317,0.667539,0,0.133488,0.670157,0,0.582941,0.759162,0,0,0,0,0,0,0
overlook,False,0,000000,,,True,2,100100,Kn,An,0.817,0.38,0.029,0.657,0.39,0.046,0.816929,0.835079,0,0.379605,0.651832,0,0.028875,0.554974,0,0.657117,0.667539,0,0.390014,0.670157,0,0.046094,0.759162,0,0,0,0,0,0,0
overproduce,False,0,000000,,,True,2,010100,An,Cm,0.132,0.57,0.307,0.574,0.379,0.559,0.132376,0.835079,0,0.569768,0.651832,0,0.30683,0.554974,0,0.573684,0.667539,0,0.379232,0.670157,0,0.55868,0.759162,0,0,0,0,0,0,0
override,True,1,001000,Ap,,True,2,001010,Sn,Ap,0.494,0.176,0.563,0.236,0.576,0.254,0.493932,0.835079,0,0.17621,0.651832,0,0.562866,0.554974,1,0.236439,0.667539,0,0.575877,0.670157,0,0.254145,0.759162,0,0,0,1,0,0,0
overrun,False,0,000000,,,True,1,010000,Cm,,0.323,0.647,0.205,0.52,0.181,0.04,0.32331,0.835079,0,0.646825,0.651832,0,0.205108,0.554974,0,0.520005,0.667539,0,0.180955,0.670157,0,0.039862,0.759162,0,0,0,0,0,0,0
oversee,True,3,000111,Ev,"An, Sn",True,4,001111,Ev,"Ap, An, Sn",0.573,0.411,0.521,0.672,0.75,0.8,0.573137,0.835079,0,0.410583,0.651832,0,0.520964,0.554974,0,0.67191,0.667539,1,0.74985,0.670157,1,0.799756,0.759162,1,0,0,0,1,1,1
overshadow,True,1,010000,Cm,,True,2,010100,Cm,An,0.523,0.865,0.214,0.595,0.182,0.407,0.522964,0.835079,0,0.864915,0.651832,1,0.214471,0.554974,0,0.594984,0.667539,0,0.182402,0.670157,0,0.407317,0.759162,0,0,1,0,0,0,0
overshoot,True,1,000100,An,,True,2,010100,An,Cm,0.3,0.631,0.018,0.902,0.003,0.274,0.300218,0.835079,0,0.630519,0.651832,0,0.017612,0.554974,0,0.901897,0.667539,1,0.002618,0.670157,0,0.274126,0.759162,0,0,0,0,1,0,0
overstate,True,2,010001,Cm,Ev,True,2,010001,Cm,Ev,0.54,0.905,0.016,0.394,0.216,0.859,0.540465,0.835079,0,0.905287,0.651832,1,0.015957,0.554974,0,0.394114,0.667539,0,0.216008,0.670157,0,0.858842,0.759162,1,0,1,0,0,0,1
overstrain,True,1,000100,An,,True,1,000100,An,,0.264,0.326,0.326,0.801,0.056,0.283,0.264263,0.835079,0,0.325927,0.651832,0,0.325576,0.554974,0,0.801398,0.667539,1,0.056433,0.670157,0,0.283089,0.759162,0,0,0,0,1,0,0
overstress,False,0,000000,,,True,2,000101,Ev,An,0.632,0.304,0.049,0.624,0.163,0.66,0.63167,0.835079,0,0.304225,0.651832,0,0.04869,0.554974,0,0.624418,0.667539,0,0.162966,0.670157,0,0.659732,0.759162,0,0,0,0,0,0,0
overtake,True,1,001000,Ap,,True,3,111000,Kn,"Cm, Ap",0.809,0.643,0.587,0.284,0.137,0.17,0.809102,0.835079,0,0.642788,0.651832,0,0.586508,0.554974,1,0.284297,0.667539,0,0.136583,0.670157,0,0.170107,0.759162,0,0,0,1,0,0,0
overturn,False,0,000000,,,True,1,001000,Ap,,0.707,0.46,0.546,0.512,0.029,0.417,0.707385,0.835079,0,0.459942,0.651832,0,0.546463,0.554974,0,0.511593,0.667539,0,0.028992,0.670157,0,0.417277,0.759162,0,0,0,0,0,0,0
overwhelm,False,0,000000,,,True,1,000001,Ev,,0.616,0.361,0.116,0.271,0.219,0.718,0.616,0.835079,0,0.361005,0.651832,0,0.116468,0.554974,0,0.27084,0.667539,0,0.218833,0.670157,0,0.718325,0.759162,0,0,0,0,0,0,0
overwrite,True,1,001000,Ap,,True,2,101000,Kn,Ap,0.763,0.217,0.654,0.088,0.53,0.093,0.762971,0.835079,0,0.217085,0.651832,0,0.654149,0.554974,1,0.088237,0.667539,0,0.529722,0.670157,0,0.092754,0.759162,0,0,0,1,0,0,0
owe,True,1,001000,Ap,,True,1,001000,Ap,,0.608,0.232,0.574,0.085,0.114,0.602,0.607868,0.835079,0,0.232016,0.651832,0,0.57393,0.554974,1,0.084736,0.667539,0,0.113741,0.670157,0,0.601617,0.759162,0,0,0,1,0,0,0
own,True,1,100000,Kn,,True,3,101001,Kn,"Ap, Ev",0.991,0.39,0.792,0.491,0.163,0.828,0.990955,0.835079,1,0.38981,0.651832,0,0.792403,0.554974,1,0.491357,0.667539,0,0.162586,0.670157,0,0.827952,0.759162,1,1,0,0,0,0,0
oxidize,True,2,001100,Ap,An,True,3,011100,Ap,"Cm, An",0.124,0.583,0.736,0.721,0.175,0.622,0.124035,0.835079,0,0.58271,0.651832,0,0.736285,0.554974,1,0.721339,0.667539,1,0.175436,0.670157,0,0.622299,0.759162,0,0,0,1,1,0,0
pack,True,1,000010,Sn,,True,2,100010,Kn,Sn,0.762,0.358,0.449,0.472,0.682,0.383,0.761926,0.835079,0,0.358256,0.651832,0,0.449272,0.554974,0,0.471747,0.667539,0,0.681554,0.670157,1,0.383291,0.759162,0,0,0,0,0,1,0
parallelize,True,1,010000,Cm,,True,1,010000,Cm,,0.164,0.688,0.463,0.526,0.473,0.089,0.163531,0.835079,0,0.687538,0.651832,1,0.462572,0.554974,0,0.526154,0.667539,0,0.47287,0.670157,0,0.088723,0.759162,0,0,1,0,0,0,0
paralyse,True,1,001000,Ap,,True,1,001000,Ap,,0.105,0.203,0.81,0.389,0.383,0.507,0.105366,0.835079,0,0.202946,0.651832,0,0.810301,0.554974,1,0.388893,0.667539,0,0.38264,0.670157,0,0.506738,0.759162,0,0,0,1,0,0,0
pare,False,0,000000,,,False,0,000000,,,0.231,0.324,0.189,0.56,0.512,0.405,0.231024,0.835079,0,0.32424,0.651832,0,0.189028,0.554974,0,0.560232,0.667539,0,0.512331,0.670157,0,0.405457,0.759162,0,0,0,0,0,0,0
parse,True,1,000100,An,,True,3,011100,An,"Cm, Ap",0.066,0.649,0.529,0.684,0.515,0.27,0.065793,0.835079,0,0.6487,0.651832,0,0.529056,0.554974,0,0.683688,0.667539,1,0.515009,0.670157,0,0.270372,0.759162,0,0,0,0,1,0,0
pass,True,1,001000,Ap,,True,1,001000,Ap,,0.537,0.207,0.789,0.272,0.176,0.491,0.537179,0.835079,0,0.20714,0.651832,0,0.789163,0.554974,1,0.271545,0.667539,0,0.176112,0.670157,0,0.490852,0.759162,0,0,0,1,0,0,0
paste,True,1,100000,Kn,,True,2,100010,Kn,Sn,0.945,0.254,0.286,0.242,0.603,0.035,0.944776,0.835079,1,0.254049,0.651832,0,0.285806,0.554974,0,0.241826,0.667539,0,0.602883,0.670157,0,0.034934,0.759162,0,1,0,0,0,0,0
patch,True,1,000010,Sn,,True,1,000010,Sn,,0.163,0.254,0.415,0.08,0.692,0.29,0.163432,0.835079,0,0.254474,0.651832,0,0.41475,0.554974,0,0.08039,0.667539,0,0.692413,0.670157,1,0.289641,0.759162,0,0,0,0,0,1,0
pause,True,1,000100,An,,True,2,100100,Kn,An,0.791,0.216,0.143,0.758,0.167,0.235,0.791121,0.835079,0,0.215534,0.651832,0,0.142754,0.554974,0,0.757681,0.667539,1,0.166599,0.670157,0,0.234956,0.759162,0,0,0,0,1,0,0
pave,True,1,001000,Ap,,True,1,001000,Ap,,0.452,0.353,0.659,0.375,0.133,0.387,0.452312,0.835079,0,0.352575,0.651832,0,0.659309,0.554974,1,0.375087,0.667539,0,0.132868,0.670157,0,0.387262,0.759162,0,0,0,1,0,0,0
pay,True,1,001000,Ap,,True,1,001000,Ap,,0.65,0.435,0.7,0.475,0.23,0.543,0.650362,0.835079,0,0.434513,0.651832,0,0.699659,0.554974,1,0.475327,0.667539,0,0.229523,0.670157,0,0.542668,0.759162,0,0,0,1,0,0,0
peek,True,2,100100,Kn,An,True,2,100100,Kn,An,0.99,0.13,0.067,0.98,0.045,0.092,0.990188,0.835079,1,0.129865,0.651832,0,0.067253,0.554974,0,0.980203,0.667539,1,0.044889,0.670157,0,0.091972,0.759162,0,1,0,0,1,0,0
peel,True,1,000100,An,,True,1,000100,An,,0.467,0.057,0.373,0.695,0.109,0.368,0.467327,0.835079,0,0.056841,0.651832,0,0.372812,0.554974,0,0.695089,0.667539,1,0.108654,0.670157,0,0.36761,0.759162,0,0,0,0,1,0,0
peer,False,0,000000,,,False,0,000000,,,0.161,0.301,0.174,0.553,0.286,0.519,0.161137,0.835079,0,0.300548,0.651832,0,0.173737,0.554974,0,0.553155,0.667539,0,0.286228,0.670157,0,0.518958,0.759162,0,0,0,0,0,0,0
penalize,True,1,000001,Ev,,True,1,000001,Ev,,0.036,0.069,0.309,0.017,0.25,0.956,0.036064,0.835079,0,0.068992,0.651832,0,0.308511,0.554974,0,0.016678,0.667539,0,0.249841,0.670157,0,0.955995,0.759162,1,0,0,0,0,0,1
penetrate,True,1,001000,Ap,,True,1,001000,Ap,,0.342,0.215,0.713,0.333,0.136,0.204,0.3418,0.835079,0,0.215065,0.651832,0,0.713099,0.554974,1,0.33329,0.667539,0,0.136291,0.670157,0,0.204498,0.759162,0,0,0,1,0,0,0
perceive,True,3,110100,Kn,"Cm, An",True,3,110100,Kn,"Cm, An",0.858,0.854,0.158,0.709,0.225,0.551,0.858428,0.835079,1,0.853762,0.651832,1,0.157755,0.554974,0,0.708709,0.667539,1,0.224979,0.670157,0,0.550935,0.759162,0,1,1,0,1,0,0
percolate,True,1,000100,An,,True,1,000100,An,,0.317,0.382,0.139,0.88,0.287,0.285,0.316578,0.835079,0,0.381664,0.651832,0,0.139117,0.554974,0,0.879994,0.667539,1,0.28747,0.670157,0,0.2846,0.759162,0,0,0,0,1,0,0
perforate,True,1,001000,Ap,,True,1,001000,Ap,,0.059,0.092,0.634,0.331,0.228,0.461,0.059304,0.835079,0,0.091701,0.651832,0,0.634108,0.554974,1,0.330848,0.667539,0,0.228343,0.670157,0,0.461459,0.759162,0,0,0,1,0,0,0
perish,True,1,000001,Ev,,True,2,001001,Ev,Ap,0.425,0.304,0.683,0.077,0.04,0.8,0.425002,0.835079,0,0.303974,0.651832,0,0.682696,0.554974,1,0.077222,0.667539,0,0.039733,0.670157,0,0.799553,0.759162,1,0,0,0,0,0,1
permeate,True,1,000001,Ev,,True,1,000001,Ev,,0.051,0.215,0.403,0.476,0.09,0.78,0.050715,0.835079,0,0.214743,0.651832,0,0.402612,0.554974,0,0.475556,0.667539,0,0.090438,0.670157,0,0.780067,0.759162,1,0,0,0,0,0,1
permit,True,1,001000,Ap,,True,3,111000,Kn,"Cm, Ap",0.757,0.574,0.572,0.234,0.049,0.352,0.756918,0.835079,0,0.573733,0.651832,0,0.572002,0.554974,1,0.233817,0.667539,0,0.048612,0.670157,0,0.351767,0.759162,0,0,0,1,0,0,0
permute,True,1,001000,Ap,,True,3,011100,Ap,"Cm, An",0.569,0.596,0.762,0.693,0.401,0.135,0.569314,0.835079,0,0.596131,0.651832,0,0.762044,0.554974,1,0.693198,0.667539,1,0.401035,0.670157,0,0.134536,0.759162,0,0,0,1,0,0,0
perpetuate,True,1,001000,Ap,,True,1,001000,Ap,,0.336,0.027,0.77,0.041,0.167,0.365,0.336421,0.835079,0,0.026657,0.651832,0,0.769958,0.554974,1,0.040622,0.667539,0,0.166867,0.670157,0,0.365409,0.759162,0,0,0,1,0,0,0
persevere,True,1,000001,Ev,,True,2,001001,Ev,Ap,0.478,0.052,0.681,0.132,0.424,0.86,0.478217,0.835079,0,0.051978,0.651832,0,0.681192,0.554974,1,0.132283,0.667539,0,0.424471,0.670157,0,0.860163,0.759162,1,0,0,0,0,0,1
persist,True,1,000010,Sn,,True,3,001011,Ev,"Ap, Sn",0.366,0.051,0.627,0.42,0.695,0.715,0.365694,0.835079,0,0.051095,0.651832,0,0.627251,0.554974,1,0.420046,0.667539,0,0.695123,0.670157,1,0.7149,0.759162,0,0,0,0,0,1,0
persuade,True,1,000001,Ev,,True,2,000011,Ev,Sn,0.116,0.048,0.189,0.126,0.819,0.944,0.116395,0.835079,0,0.047688,0.651832,0,0.189069,0.554974,0,0.126289,0.667539,0,0.819135,0.670157,1,0.944084,0.759162,1,0,0,0,0,0,1
pertain,True,2,010001,Ev,Cm,True,2,010001,Ev,Cm,0.297,0.89,0.407,0.377,0.141,0.927,0.296869,0.835079,0,0.890119,0.651832,1,0.406881,0.554974,0,0.376747,0.667539,0,0.141328,0.670157,0,0.926674,0.759162,1,0,1,0,0,0,1
perturb,True,1,000100,An,,True,1,000100,An,,0.101,0.509,0.237,0.707,0.437,0.24,0.100881,0.835079,0,0.5088,0.651832,0,0.237139,0.554974,0,0.706839,0.667539,1,0.437214,0.670157,0,0.240001,0.759162,0,0,0,0,1,0,0
phase,True,1,000100,An,,True,2,010100,An,Cm,0.559,0.674,0.461,0.918,0.177,0.259,0.559413,0.835079,0,0.674094,0.651832,1,0.460899,0.554974,0,0.917834,0.667539,1,0.177293,0.670157,0,0.259008,0.759162,0,0,0,0,1,0,0
photograph,True,2,011000,Cm,Ap,True,4,111100,Kn,"Cm, Ap, An",0.816,0.736,0.729,0.626,0.177,0.265,0.815872,0.835079,0,0.736092,0.651832,1,0.728541,0.554974,1,0.625663,0.667539,0,0.177026,0.670157,0,0.265262,0.759162,0,0,1,1,0,0,0
pick,True,5,111101,Kn,"Cm, Ap, An, Ev",True,5,111101,Kn,"Cm, Ap, An, Ev",0.995,0.775,0.635,0.762,0.134,0.952,0.994642,0.835079,1,0.77523,0.651832,1,0.634983,0.554974,1,0.761735,0.667539,1,0.134101,0.670157,0,0.951735,0.759162,1,1,1,1,1,0,1
pile,True,1,000100,An,,True,3,110100,An,"Kn, Cm",0.72,0.575,0.3,0.731,0.432,0.475,0.719663,0.835079,0,0.575064,0.651832,0,0.300111,0.554974,0,0.731437,0.667539,1,0.431674,0.670157,0,0.475436,0.759162,0,0,0,0,1,0,0
pinch,True,1,000100,An,,True,2,000101,An,Ev,0.586,0.518,0.199,0.931,0.08,0.67,0.58599,0.835079,0,0.517548,0.651832,0,0.199018,0.554974,0,0.930908,0.667539,1,0.080216,0.670157,0,0.67025,0.759162,0,0,0,0,1,0,0
ping,False,0,000000,,,True,1,100000,Kn,,0.772,0.516,0.061,0.079,0.278,0.083,0.771696,0.835079,0,0.51592,0.651832,0,0.061247,0.554974,0,0.07888,0.667539,0,0.278106,0.670157,0,0.082767,0.759162,0,0,0,0,0,0,0
pinpoint,True,1,100000,Kn,,True,3,110100,Kn,"Cm, An",0.925,0.751,0.195,0.63,0.003,0.114,0.925028,0.835079,1,0.750658,0.651832,1,0.195289,0.554974,0,0.629968,0.667539,0,0.002618,0.670157,0,0.114485,0.759162,0,1,0,0,0,0,0
plagiarize,True,1,100000,Kn,,True,2,101000,Kn,Ap,0.956,0.518,0.632,0.41,0.224,0.24,0.956431,0.835079,1,0.518186,0.651832,0,0.632478,0.554974,1,0.410347,0.667539,0,0.223614,0.670157,0,0.239602,0.759162,0,1,0,0,0,0,0
plasticize,True,2,001010,Sn,Ap,True,2,001010,Sn,Ap,0.005,0.454,0.817,0.27,0.852,0.067,0.005214,0.835079,0,0.454449,0.651832,0,0.817487,0.554974,1,0.270057,0.667539,0,0.852168,0.670157,1,0.067259,0.759162,0,0,0,1,0,1,0
play,True,1,001000,Ap,,True,3,111000,Ap,"Kn, Cm",0.835,0.649,0.927,0.09,0.474,0.061,0.834564,0.835079,0,0.649274,0.651832,0,0.926842,0.554974,1,0.090201,0.667539,0,0.473742,0.670157,0,0.060904,0.759162,0,0,0,1,0,0,0
please,False,0,000000,,,True,1,001000,Ap,,0.682,0.38,0.499,0.243,0.242,0.544,0.682489,0.835079,0,0.380105,0.651832,0,0.498926,0.554974,0,0.242972,0.667539,0,0.241938,0.670157,0,0.544038,0.759162,0,0,0,0,0,0,0
plicate,False,0,000000,,,False,0,000000,,,0.42,0.191,0.101,0.475,0.41,0.164,0.420485,0.835079,0,0.190818,0.651832,0,0.101205,0.554974,0,0.474975,0.667539,0,0.410241,0.670157,0,0.163552,0.759162,0,0,0,0,0,0,0
plow,True,1,000100,An,,True,3,011100,An,"Cm, Ap",0.22,0.647,0.761,0.88,0.519,0.09,0.220071,0.835079,0,0.647147,0.651832,0,0.761146,0.554974,1,0.879554,0.667539,1,0.519323,0.670157,0,0.089899,0.759162,0,0,0,0,1,0,0
pluck,True,1,000100,An,,True,3,101100,An,"Kn, Ap",0.741,0.097,0.643,0.746,0.039,0.092,0.740912,0.835079,0,0.096965,0.651832,0,0.64345,0.554974,1,0.746294,0.667539,1,0.039054,0.670157,0,0.092331,0.759162,0,0,0,0,1,0,0
plug,True,1,000100,An,,True,2,010100,An,Cm,0.159,0.793,0.142,0.97,0.088,0.25,0.159267,0.835079,0,0.793209,0.651832,1,0.141777,0.554974,0,0.969901,0.667539,1,0.08787,0.670157,0,0.250483,0.759162,0,0,0,0,1,0,0
plumb,True,1,000100,An,,True,2,000101,An,Ev,0.183,0.236,0.034,0.913,0.163,0.715,0.182861,0.835079,0,0.235721,0.651832,0,0.033547,0.554974,0,0.912987,0.667539,1,0.163296,0.670157,0,0.714971,0.759162,0,0,0,0,1,0,0
plunge,True,1,000100,An,,True,1,000100,An,,0.161,0.03,0.334,0.821,0.305,0.449,0.161195,0.835079,0,0.029882,0.651832,0,0.334289,0.554974,0,0.820646,0.667539,1,0.305401,0.670157,0,0.448792,0.759162,0,0,0,0,1,0,0
ply,False,0,000000,,,False,0,000000,,,0.09,0.259,0.047,0.421,0.272,0.255,0.08993,0.835079,0,0.258726,0.651832,0,0.047274,0.554974,0,0.420672,0.667539,0,0.272092,0.670157,0,0.255274,0.759162,0,0,0,0,0,0,0
poke,True,1,000100,An,,True,2,100100,Kn,An,0.721,0.389,0.401,0.682,0.281,0.16,0.721209,0.835079,0,0.388998,0.651832,0,0.401063,0.554974,0,0.682136,0.667539,1,0.280655,0.670157,0,0.159691,0.759162,0,0,0,0,1,0,0
polarize,True,1,010000,Cm,,True,2,011000,Cm,Ap,0.101,0.786,0.632,0.416,0.218,0.532,0.101342,0.835079,0,0.786162,0.651832,1,0.631596,0.554974,1,0.416347,0.667539,0,0.217588,0.670157,0,0.532091,0.759162,0,0,1,0,0,0,0
pollute,True,1,001000,Ap,,True,1,001000,Ap,,0.059,0.256,0.797,0.513,0.054,0.324,0.059266,0.835079,0,0.256326,0.651832,0,0.797258,0.554974,1,0.513389,0.667539,0,0.054147,0.670157,0,0.323813,0.759162,0,0,0,1,0,0,0
polymerize,True,1,001000,Ap,,True,2,001010,Ap,Sn,0.165,0.446,0.802,0.19,0.722,0.094,0.164861,0.835079,0,0.446473,0.651832,0,0.802119,0.554974,1,0.189664,0.667539,0,0.722357,0.670157,1,0.094229,0.759162,0,0,0,1,0,0,0
ponder,True,1,000001,Ev,,True,1,000001,Ev,,0.572,0.326,0.241,0.427,0.34,0.918,0.571962,0.835079,0,0.326146,0.651832,0,0.240877,0.554974,0,0.42656,0.667539,0,0.340295,0.670157,0,0.9177,0.759162,1,0,0,0,0,0,1
pop,True,1,000010,Sn,,True,2,000110,Sn,An,0.513,0.044,0.059,0.634,0.702,0.128,0.513222,0.835079,0,0.044021,0.651832,0,0.058921,0.554974,0,0.633654,0.667539,0,0.70151,0.670157,1,0.127965,0.759162,0,0,0,0,0,1,0
popularize,True,1,000010,Sn,,True,2,001010,Sn,Ap,0.315,0.255,0.754,0.036,0.85,0.367,0.315205,0.835079,0,0.25515,0.651832,0,0.753983,0.554974,1,0.035811,0.667539,0,0.850039,0.670157,1,0.367342,0.759162,0,0,0,0,0,1,0
populate,True,1,000010,Sn,,True,2,001010,Sn,Ap,0.604,0.162,0.561,0.011,0.929,0.041,0.604441,0.835079,0,0.162003,0.651832,0,0.560575,0.554974,1,0.011088,0.667539,0,0.928824,0.670157,1,0.04128,0.759162,0,0,0,0,0,1,0
pore,False,0,000000,,,True,1,100000,Kn,,0.817,0.534,0.116,0.442,0.177,0.237,0.817224,0.835079,0,0.534257,0.651832,0,0.115661,0.554974,0,0.442492,0.667539,0,0.177331,0.670157,0,0.237179,0.759162,0,0,0,0,0,0,0
port,False,0,000000,,,False,0,000000,,,0.164,0.422,0.124,0.128,0.365,0.582,0.163909,0.835079,0,0.421579,0.651832,0,0.123519,0.554974,0,0.12833,0.667539,0,0.365033,0.670157,0,0.582158,0.759162,0,0,0,0,0,0,0
pose,True,3,001110,Sn,"Ap, An",True,3,001110,Sn,"Ap, An",0.585,0.194,0.609,0.672,0.719,0.29,0.585259,0.835079,0,0.193962,0.651832,0,0.609217,0.554974,1,0.671676,0.667539,1,0.719431,0.670157,1,0.290002,0.759162,0,0,0,1,1,1,0
posit,True,1,000010,Sn,,True,1,000010,Sn,,0.387,0.447,0.312,0.203,0.797,0.577,0.387355,0.835079,0,0.446633,0.651832,0,0.311597,0.554974,0,0.202587,0.667539,0,0.796987,0.670157,1,0.577463,0.759162,0,0,0,0,0,1,0
position,True,2,010100,Cm,An,True,2,010100,Cm,An,0.673,0.764,0.295,0.761,0.399,0.498,0.673273,0.835079,0,0.764494,0.651832,1,0.29547,0.554974,0,0.760927,0.667539,1,0.398661,0.670157,0,0.497701,0.759162,0,0,1,0,1,0,0
possess,True,2,101000,Kn,Ap,True,2,101000,Kn,Ap,0.993,0.226,0.989,0.063,0.091,0.547,0.993099,0.835079,1,0.225671,0.651832,0,0.988735,0.554974,1,0.063008,0.667539,0,0.091298,0.670157,0,0.547116,0.759162,0,1,0,1,0,0,0
post,True,1,000010,Sn,,True,3,001110,Sn,"Ap, An",0.369,0.29,0.521,0.574,0.722,0.574,0.369033,0.835079,0,0.290404,0.651832,0,0.520548,0.554974,0,0.574171,0.667539,0,0.721825,0.670157,1,0.573583,0.759162,0,0,0,0,0,1,0
postpone,True,1,000001,Ev,,True,3,001011,Ev,"Ap, Sn",0.204,0.055,0.692,0.237,0.788,0.9,0.20373,0.835079,0,0.055471,0.651832,0,0.691569,0.554974,1,0.237016,0.667539,0,0.787799,0.670157,1,0.900049,0.759162,1,0,0,0,0,0,1
postulate,True,2,000101,An,Ev,True,3,000111,An,"Sn, Ev",0.387,0.299,0.139,0.876,0.582,0.864,0.386777,0.835079,0,0.298509,0.651832,0,0.1393,0.554974,0,0.876065,0.667539,1,0.581811,0.670157,0,0.863591,0.759162,1,0,0,0,1,0,1
potentiate,True,1,001000,Ap,,True,1,001000,Ap,,0.236,0.04,0.69,0.195,0.404,0.522,0.236356,0.835079,0,0.040393,0.651832,0,0.689544,0.554974,1,0.194625,0.667539,0,0.404245,0.670157,0,0.521946,0.759162,0,0,0,1,0,0,0
pour,True,1,001000,Ap,,True,2,011000,Ap,Cm,0.204,0.617,0.764,0.407,0.344,0.173,0.203668,0.835079,0,0.616896,0.651832,0,0.764116,0.554974,1,0.407295,0.667539,0,0.343954,0.670157,0,0.172702,0.759162,0,0,0,1,0,0,0
praise,False,0,000000,,,True,1,000001,Ev,,0.649,0.395,0.367,0.087,0.06,0.68,0.649265,0.835079,0,0.394907,0.651832,0,0.367108,0.554974,0,0.087411,0.667539,0,0.060063,0.670157,0,0.679839,0.759162,0,0,0,0,0,0,0
preach,True,1,000001,Ev,,True,1,000001,Ev,,0.523,0.099,0.403,0.093,0.164,0.86,0.523042,0.835079,0,0.099343,0.651832,0,0.402636,0.554974,0,0.093325,0.667539,0,0.164223,0.670157,0,0.859532,0.759162,1,0,0,0,0,0,1
precede,True,1,000001,Ev,,True,5,110111,Ev,"Kn, Cm, An, Sn",0.785,0.765,0.435,0.613,0.742,0.828,0.784968,0.835079,0,0.765221,0.651832,1,0.435212,0.554974,0,0.613181,0.667539,0,0.742402,0.670157,1,0.827616,0.759162,1,0,0,0,0,0,1
precipitate,True,1,000100,An,,True,4,010111,An,"Cm, Sn, Ev",0.133,0.615,0.144,0.922,0.586,0.749,0.133213,0.835079,0,0.615382,0.651832,0,0.143627,0.554974,0,0.922002,0.667539,1,0.586361,0.670157,0,0.749347,0.759162,0,0,0,0,1,0,0
preclude,True,1,000001,Ev,,True,1,000001,Ev,,0.186,0.145,0.239,0.419,0.52,0.905,0.185985,0.835079,0,0.145025,0.651832,0,0.239276,0.554974,0,0.418954,0.667539,0,0.519591,0.670157,0,0.905142,0.759162,1,0,0,0,0,0,1
predetermine,True,1,000001,Ev,,True,2,000101,Ev,An,0.426,0.123,0.04,0.844,0.519,0.915,0.425826,0.835079,0,0.123218,0.651832,0,0.039741,0.554974,0,0.844119,0.667539,1,0.519192,0.670157,0,0.915073,0.759162,1,0,0,0,0,0,1
predispose,True,4,001111,Ev,"Ap, An, Sn",True,4,001111,Ev,"Ap, An, Sn",0.108,0.057,0.68,0.672,0.787,0.799,0.107706,0.835079,0,0.057492,0.651832,0,0.679705,0.554974,1,0.672316,0.667539,1,0.787094,0.670157,1,0.798704,0.759162,1,0,0,1,1,1,1
predominate,False,0,000000,,,True,2,000101,Ev,An,0.574,0.517,0.23,0.631,0.395,0.748,0.573995,0.835079,0,0.517208,0.651832,0,0.23016,0.554974,0,0.630528,0.667539,0,0.394675,0.670157,0,0.747544,0.759162,0,0,0,0,0,0,0
prefabricate,True,1,000010,Sn,,True,2,001010,Sn,Ap,0.004,0.187,0.821,0.242,0.98,0.289,0.003851,0.835079,0,0.186969,0.651832,0,0.820678,0.554974,1,0.242193,0.667539,0,0.980203,0.670157,1,0.289284,0.759162,0,0,0,0,0,1,0
prefer,True,1,010000,Cm,,True,3,011001,Ev,"Cm, Ap",0.688,0.669,0.55,0.314,0.523,0.74,0.687629,0.835079,0,0.669451,0.651832,1,0.550353,0.554974,0,0.314428,0.667539,0,0.523396,0.670157,0,0.739799,0.759162,0,0,1,0,0,0,0
preform,True,2,001010,Sn,Ap,True,2,001010,Sn,Ap,0.259,0.19,0.921,0.208,0.969,0.176,0.259165,0.835079,0,0.189811,0.651832,0,0.921314,0.554974,1,0.207946,0.667539,0,0.968792,0.670157,1,0.17554,0.759162,0,0,0,1,0,1,0
preheat,True,3,000111,An,"Sn, Ev",True,4,001111,An,"Ap, Sn, Ev",0.326,0.129,0.498,0.906,0.767,0.9,0.325711,0.835079,0,0.129385,0.651832,0,0.497645,0.554974,0,0.905641,0.667539,1,0.76716,0.670157,1,0.899858,0.759162,1,0,0,0,1,1,1
preoccupy,True,2,000101,An,Ev,True,3,100101,An,"Kn, Ev",0.831,0.213,0.022,0.85,0.339,0.831,0.830782,0.835079,0,0.212932,0.651832,0,0.022323,0.554974,0,0.849787,0.667539,1,0.338761,0.670157,0,0.830701,0.759162,1,0,0,0,1,0,1
present,True,2,010100,Cm,An,True,3,110100,Kn,"Cm, An",0.796,0.739,0.362,0.723,0.362,0.102,0.795713,0.835079,0,0.7395,0.651832,1,0.361654,0.554974,0,0.722883,0.667539,1,0.362387,0.670157,0,0.102048,0.759162,0,0,1,0,1,0,0
pressure,True,1,000001,Ev,,True,2,000101,Ev,An,0.193,0.352,0.241,0.627,0.224,0.833,0.193277,0.835079,0,0.35239,0.651832,0,0.241021,0.554974,0,0.627298,0.667539,0,0.223635,0.670157,0,0.833251,0.759162,1,0,0,0,0,0,1
pressurize,True,1,000001,Ev,,True,4,001111,Ev,"Ap, An, Sn",0.007,0.053,0.5,0.683,0.608,0.78,0.007182,0.835079,0,0.053098,0.651832,0,0.499893,0.554974,0,0.682739,0.667539,1,0.607856,0.670157,0,0.780005,0.759162,1,0,0,0,0,0,1
presume,True,1,000001,Ev,,True,4,010111,Ev,"Cm, An, Sn",0.036,0.769,0.345,0.669,0.786,0.867,0.035998,0.835079,0,0.768736,0.651832,1,0.345241,0.554974,0,0.669029,0.667539,1,0.785604,0.670157,1,0.867218,0.759162,1,0,0,0,0,0,1
presuppose,True,2,000011,Ev,Sn,True,2,000011,Ev,Sn,0.164,0.332,0.132,0.431,0.847,0.9,0.164452,0.835079,0,0.332384,0.651832,0,0.132214,0.554974,0,0.430908,0.667539,0,0.846615,0.670157,1,0.900039,0.759162,1,0,0,0,0,1,1
prevail,True,1,000001,Ev,,True,2,001001,Ev,Ap,0.554,0.203,0.522,0.087,0.243,0.895,0.554413,0.835079,0,0.202866,0.651832,0,0.521858,0.554974,0,0.086764,0.667539,0,0.242935,0.670157,0,0.894782,0.759162,1,0,0,0,0,0,1
prevent,True,1,000001,Ev,,True,2,001001,Ev,Ap,0.299,0.046,0.505,0.201,0.368,0.95,0.298515,0.835079,0,0.046403,0.651832,0,0.50471,0.554974,0,0.201307,0.667539,0,0.368027,0.670157,0,0.950277,0.759162,1,0,0,0,0,0,1
print,True,1,000100,An,,True,4,111100,An,"Kn, Cm, Ap",0.762,0.567,0.757,0.901,0.166,0.152,0.762129,0.835079,0,0.566902,0.651832,0,0.756518,0.554974,1,0.900912,0.667539,1,0.165586,0.670157,0,0.151981,0.759162,0,0,0,0,1,0,0
prise,True,2,000101,Ev,An,True,2,000101,Ev,An,0.552,0.501,0.023,0.821,0.317,0.842,0.55237,0.835079,0,0.500555,0.651832,0,0.022863,0.554974,0,0.820913,0.667539,1,0.31666,0.670157,0,0.842138,0.759162,1,0,0,0,1,0,1
proceed,True,1,001000,Ap,,True,1,001000,Ap,,0.574,0.388,0.896,0.537,0.545,0.44,0.574268,0.835079,0,0.388073,0.651832,0,0.895898,0.554974,1,0.537093,0.667539,0,0.545168,0.670157,0,0.440365,0.759162,0,0,0,1,0,0,0
prod,False,0,000000,,,True,2,010100,Cm,An,0.056,0.635,0.393,0.63,0.229,0.547,0.056013,0.835079,0,0.63538,0.651832,0,0.393233,0.554974,0,0.629696,0.667539,0,0.229001,0.670157,0,0.54678,0.759162,0,0,0,0,0,0,0
profess,False,0,000000,,,True,1,000001,Ev,,0.187,0.175,0.443,0.318,0.405,0.683,0.186798,0.835079,0,0.174713,0.651832,0,0.4431,0.554974,0,0.317923,0.667539,0,0.404919,0.670157,0,0.682511,0.759162,0,0,0,0,0,0,0
prohibit,True,1,000001,Ev,,True,1,000001,Ev,,0.65,0.201,0.343,0.284,0.225,0.899,0.650275,0.835079,0,0.200859,0.651832,0,0.343088,0.554974,0,0.283548,0.667539,0,0.22501,0.670157,0,0.898522,0.759162,1,0,0,0,0,0,1
proliferate,True,1,001000,Ap,,True,1,001000,Ap,,0.461,0.069,0.584,0.095,0.529,0.463,0.460656,0.835079,0,0.069481,0.651832,0,0.583957,0.554974,1,0.094501,0.667539,0,0.529327,0.670157,0,0.463062,0.759162,0,0,0,1,0,0,0
prolong,True,1,001000,Ap,,True,1,001000,Ap,,0.233,0.531,0.629,0.265,0.354,0.462,0.233392,0.835079,0,0.531217,0.651832,0,0.629208,0.554974,1,0.264952,0.667539,0,0.354233,0.670157,0,0.461642,0.759162,0,0,0,1,0,0,0
promise,False,0,000000,,,True,1,100000,Kn,,0.793,0.109,0.128,0.258,0.349,0.439,0.792867,0.835079,0,0.109408,0.651832,0,0.128059,0.554974,0,0.258143,0.667539,0,0.348802,0.670157,0,0.4388,0.759162,0,0,0,0,0,0,0
promote,True,1,001000,Ap,,True,3,001011,Ap,"Sn, Ev",0.022,0.098,0.877,0.022,0.742,0.657,0.022161,0.835079,0,0.097847,0.651832,0,0.877259,0.554974,1,0.022057,0.667539,0,0.742116,0.670157,1,0.657022,0.759162,0,0,0,1,0,0,0
prompt,True,1,000010,Sn,,True,3,000111,Sn,"An, Ev",0.581,0.053,0.055,0.671,0.767,0.666,0.581184,0.835079,0,0.053414,0.651832,0,0.054615,0.554974,0,0.670878,0.667539,1,0.767456,0.670157,1,0.665609,0.759162,0,0,0,0,0,1,0
pronounce,False,0,000000,,,False,0,000000,,,0.47,0.405,0.243,0.039,0.3,0.504,0.470017,0.835079,0,0.404918,0.651832,0,0.242703,0.554974,0,0.039226,0.667539,0,0.299951,0.670157,0,0.50383,0.759162,0,0,0,0,0,0,0
propagate,True,1,001000,Ap,,True,1,001000,Ap,,0.023,0.203,0.628,0.299,0.439,0.035,0.023424,0.835079,0,0.203365,0.651832,0,0.628355,0.554974,1,0.29863,0.667539,0,0.438607,0.670157,0,0.03509,0.759162,0,0,0,1,0,0,0
propel,True,1,001000,Ap,,True,1,001000,Ap,,0.006,0.15,0.686,0.105,0.433,0.289,0.006356,0.835079,0,0.150072,0.651832,0,0.68639,0.554974,1,0.105464,0.667539,0,0.433284,0.670157,0,0.288614,0.759162,0,0,0,1,0,0,0
prosper,True,2,001001,Ev,Ap,True,2,001001,Ev,Ap,0.438,0.38,0.738,0.04,0.41,0.778,0.43779,0.835079,0,0.379869,0.651832,0,0.737776,0.554974,1,0.040488,0.667539,0,0.409535,0.670157,0,0.77767,0.759162,1,0,0,1,0,0,1
protest,True,2,011000,Ap,Cm,True,3,011100,Ap,"Cm, An",0.447,0.682,0.693,0.643,0.472,0.517,0.44712,0.835079,0,0.682347,0.651832,1,0.693062,0.554974,1,0.643496,0.667539,0,0.471868,0.670157,0,0.516853,0.759162,0,0,1,1,0,0,0
protrude,True,1,000100,An,,True,1,000100,An,,0.385,0.453,0.46,0.871,0.099,0.049,0.385324,0.835079,0,0.453059,0.651832,0,0.45991,0.554974,0,0.871145,0.667539,1,0.099477,0.670157,0,0.049259,0.759162,0,0,0,0,1,0,0
provoke,True,1,000001,Ev,,True,3,001011,Ev,"Ap, Sn",0.168,0.379,0.705,0.389,0.606,0.8,0.168373,0.835079,0,0.379268,0.651832,0,0.70547,0.554974,1,0.389169,0.667539,0,0.606227,0.670157,0,0.799724,0.759162,1,0,0,0,0,0,1
prune,True,1,001000,Ap,,True,2,001100,Ap,An,0.373,0.099,0.792,0.613,0.185,0.604,0.372609,0.835079,0,0.099018,0.651832,0,0.792015,0.554974,1,0.613368,0.667539,0,0.184627,0.670157,0,0.604432,0.759162,0,0,0,1,0,0,0
pry,True,1,001000,Ap,,True,1,001000,Ap,,0.164,0.1,0.88,0.415,0.195,0.351,0.164424,0.835079,0,0.10034,0.651832,0,0.87986,0.554974,1,0.414741,0.667539,0,0.195022,0.670157,0,0.351133,0.759162,0,0,0,1,0,0,0
publicize,True,1,001000,Ap,,True,1,001000,Ap,,0.233,0.077,0.94,0.128,0.552,0.02,0.233206,0.835079,0,0.077253,0.651832,0,0.939785,0.554974,1,0.127846,0.667539,0,0.551869,0.670157,0,0.020366,0.759162,0,0,0,1,0,0,0
publish,True,1,000100,An,,True,2,001100,An,Ap,0.303,0.044,0.763,0.836,0.55,0.177,0.303494,0.835079,0,0.043624,0.651832,0,0.762646,0.554974,1,0.835846,0.667539,1,0.55038,0.670157,0,0.176517,0.759162,0,0,0,0,1,0,0
pull,True,1,100000,Kn,,True,2,101000,Kn,Ap,0.886,0.382,0.821,0.425,0.176,0.366,0.885541,0.835079,1,0.381757,0.651832,0,0.820848,0.554974,1,0.424891,0.667539,0,0.17573,0.670157,0,0.366039,0.759162,0,1,0,0,0,0,0
pulsate,False,0,000000,,,False,0,000000,,,0.557,0.175,0.323,0.37,0.409,0.042,0.556568,0.835079,0,0.174988,0.651832,0,0.323187,0.554974,0,0.370181,0.667539,0,0.409087,0.670157,0,0.041792,0.759162,0,0,0,0,0,0,0
pulverize,True,1,001000,Ap,,True,1,001000,Ap,,0.022,0.053,0.726,0.421,0.438,0.622,0.022219,0.835079,0,0.053052,0.651832,0,0.72562,0.554974,1,0.421426,0.667539,0,0.437576,0.670157,0,0.62178,0.759162,0,0,0,1,0,0,0
pump,True,1,000100,An,,True,1,000100,An,,0.062,0.268,0.365,0.698,0.369,0.346,0.062052,0.835079,0,0.268319,0.651832,0,0.365111,0.554974,0,0.697915,0.667539,1,0.368775,0.670157,0,0.346039,0.759162,0,0,0,0,1,0,0
punch,True,2,001100,An,Ap,True,3,001101,Ev,"Ap, An",0.39,0.404,0.645,0.67,0.285,0.718,0.389922,0.835079,0,0.403666,0.651832,0,0.64489,0.554974,1,0.670228,0.667539,1,0.284982,0.670157,0,0.717593,0.759162,0,0,0,1,1,0,0
purchase,True,1,001000,Ap,,True,3,111000,Ap,"Kn, Cm",0.762,0.663,0.77,0.445,0.125,0.318,0.762469,0.835079,0,0.662904,0.651832,1,0.770257,0.554974,1,0.444911,0.667539,0,0.12471,0.670157,0,0.317842,0.759162,0,0,0,1,0,0,0
purge,True,1,000001,Ev,,True,2,001001,Ev,Ap,0.024,0.039,0.493,0.267,0.177,0.83,0.023814,0.835079,0,0.039394,0.651832,0,0.493189,0.554974,0,0.266503,0.667539,0,0.176628,0.670157,0,0.829816,0.759162,1,0,0,0,0,0,1
purify,True,1,000001,Ev,,True,2,001001,Ev,Ap,0.017,0.022,0.54,0.332,0.261,0.801,0.017385,0.835079,0,0.021608,0.651832,0,0.539966,0.554974,0,0.33199,0.667539,0,0.261073,0.670157,0,0.800974,0.759162,1,0,0,0,0,0,1
pursue,True,1,001000,Ap,,True,1,001000,Ap,,0.674,0.176,0.762,0.096,0.216,0.24,0.673672,0.835079,0,0.175686,0.651832,0,0.762242,0.554974,1,0.095681,0.667539,0,0.215508,0.670157,0,0.239785,0.759162,0,0,0,1,0,0,0
push,True,1,001000,Ap,,True,1,001000,Ap,,0.145,0.177,0.623,0.565,0.334,0.153,0.144503,0.835079,0,0.176852,0.651832,0,0.622936,0.554974,1,0.565321,0.667539,0,0.333822,0.670157,0,0.152891,0.759162,0,0,0,1,0,0,0
put,True,1,001000,Ap,,True,3,011100,Ap,"Cm, An",0.385,0.603,0.638,0.602,0.42,0.461,0.385412,0.835079,0,0.603074,0.651832,0,0.638163,0.554974,1,0.601997,0.667539,0,0.419621,0.670157,0,0.461046,0.759162,0,0,0,1,0,0,0
quadruple,False,0,000000,,,True,1,010000,Cm,,0.584,0.561,0.401,0.107,0.009,0.103,0.583884,0.835079,0,0.56094,0.651832,0,0.40137,0.554974,0,0.106711,0.667539,0,0.008646,0.670157,0,0.103022,0.759162,0,0,0,0,0,0,0
qualify,True,1,000001,Ev,,True,3,010101,Ev,"Cm, An",0.555,0.685,0.393,0.683,0.153,0.907,0.555241,0.835079,0,0.685105,0.651832,1,0.392691,0.554974,0,0.683485,0.667539,1,0.152679,0.670157,0,0.906827,0.759162,1,0,0,0,0,0,1
quantify,True,2,010001,Cm,Ev,True,3,010101,Cm,"An, Ev",0.447,0.933,0.383,0.614,0.201,0.909,0.446922,0.835079,0,0.932848,0.651832,1,0.382609,0.554974,0,0.614059,0.667539,0,0.201363,0.670157,0,0.908572,0.759162,1,0,1,0,0,0,1
quantize,True,1,010000,Cm,,True,2,010100,Cm,An,0.238,0.777,0.126,0.636,0.246,0.638,0.238201,0.835079,0,0.776843,0.651832,1,0.125634,0.554974,0,0.63552,0.667539,0,0.246122,0.670157,0,0.637979,0.759162,0,0,1,0,0,0,0
quarantine,True,1,000001,Ev,,True,1,000001,Ev,,0.059,0.161,0.189,0.207,0.278,0.919,0.059153,0.835079,0,0.160898,0.651832,0,0.188873,0.554974,0,0.20748,0.667539,0,0.277962,0.670157,0,0.919495,0.759162,1,0,0,0,0,0,1
quench,True,2,000101,An,Ev,True,2,000101,An,Ev,0.386,0.187,0.041,0.918,0.088,0.874,0.386319,0.835079,0,0.187473,0.651832,0,0.040658,0.554974,0,0.917828,0.667539,1,0.088355,0.670157,0,0.873752,0.759162,1,0,0,0,1,0,1
quit,True,1,000001,Ev,,True,2,001001,Ev,Ap,0.425,0.254,0.589,0.419,0.424,0.915,0.424976,0.835079,0,0.25426,0.651832,0,0.589004,0.554974,1,0.419127,0.667539,0,0.424101,0.670157,0,0.91515,0.759162,1,0,0,0,0,0,1
radiate,False,0,000000,,,True,1,001000,Ap,,0.107,0.405,0.522,0.46,0.21,0.523,0.106861,0.835079,0,0.405133,0.651832,0,0.521834,0.554974,0,0.460165,0.667539,0,0.209508,0.670157,0,0.523068,0.759162,0,0,0,0,0,0,0
raise,True,1,000010,Sn,,True,3,001011,Sn,"Ap, Ev",0.325,0.043,0.738,0.307,0.847,0.717,0.325013,0.835079,0,0.043461,0.651832,0,0.737568,0.554974,1,0.307372,0.667539,0,0.8468,0.670157,1,0.717072,0.759162,0,0,0,0,0,1,0
ramp,False,0,000000,,,True,1,001000,Ap,,0.159,0.301,0.522,0.55,0.145,0.515,0.158749,0.835079,0,0.301339,0.651832,0,0.521538,0.554974,0,0.550055,0.667539,0,0.145327,0.670157,0,0.515224,0.759162,0,0,0,0,0,0,0
randomize,True,1,000010,Sn,,True,2,001010,Sn,Ap,0.529,0.176,0.552,0.393,0.786,0.475,0.52882,0.835079,0,0.176392,0.651832,0,0.551749,0.554974,0,0.393123,0.667539,0,0.786055,0.670157,1,0.475362,0.759162,0,0,0,0,0,1,0
rasterize,True,2,011000,Cm,Ap,True,2,011000,Cm,Ap,0.19,0.66,0.638,0.087,0.417,0.035,0.19031,0.835079,0,0.660225,0.651832,1,0.638193,0.554974,1,0.087057,0.667539,0,0.417074,0.670157,0,0.034683,0.759162,0,0,1,1,0,0,0
rationalize,True,4,011101,Cm,"Ap, An, Ev",True,4,011101,Cm,"Ap, An, Ev",0.005,0.871,0.608,0.672,0.261,0.851,0.005499,0.835079,0,0.870997,0.651832,1,0.607752,0.554974,1,0.672185,0.667539,1,0.260676,0.670157,0,0.850797,0.759162,1,0,1,1,1,0,1
ravel,True,1,010000,Cm,,True,2,110000,Kn,Cm,0.822,0.713,0.158,0.477,0.211,0.49,0.822047,0.835079,0,0.713238,0.651832,1,0.158011,0.554974,0,0.476667,0.667539,0,0.211268,0.670157,0,0.489841,0.759162,0,0,1,0,0,0,0
re-create,True,1,000010,Sn,,True,2,001010,Sn,Ap,0.415,0.029,0.683,0.012,0.933,0.421,0.415092,0.835079,0,0.028651,0.651832,0,0.682993,0.554974,1,0.011836,0.667539,0,0.932812,0.670157,1,0.421342,0.759162,0,0,0,0,0,1,0
re-examine,True,2,000101,Ev,An,True,2,000101,Ev,An,0.543,0.16,0.086,0.886,0.397,0.921,0.54284,0.835079,0,0.160344,0.651832,0,0.086168,0.554974,0,0.886351,0.667539,1,0.396517,0.670157,0,0.921187,0.759162,1,0,0,0,1,0,1
re-introduce,True,1,000010,Sn,,True,1,000010,Sn,,0.136,0.235,0.048,0.017,0.957,0.536,0.135782,0.835079,0,0.235379,0.651832,0,0.048115,0.554974,0,0.017458,0.667539,0,0.956538,0.670157,1,0.53624,0.759162,0,0,0,0,0,1,0
reach,True,1,000100,An,,True,1,000100,An,,0.687,0.117,0.074,0.669,0.084,0.394,0.686956,0.835079,0,0.11687,0.651832,0,0.073712,0.554974,0,0.66898,0.667539,1,0.084256,0.670157,0,0.393845,0.759162,0,0,0,0,1,0,0
react,True,4,011011,Sn,"Cm, Ap, Ev",True,4,011011,Sn,"Cm, Ap, Ev",0.464,0.715,0.561,0.33,0.853,0.843,0.464306,0.835079,0,0.715178,0.651832,1,0.56095,0.554974,1,0.330405,0.667539,0,0.852586,0.670157,1,0.843395,0.759162,1,0,1,1,0,1,1
reactivate,False,0,000000,,,True,2,001001,Ev,Ap,0.134,0.038,0.507,0.009,0.176,0.752,0.13391,0.835079,0,0.038101,0.651832,0,0.507468,0.554974,0,0.009375,0.667539,0,0.175562,0.670157,0,0.751619,0.759162,0,0,0,0,0,0,0
readjust,False,0,000000,,,True,2,001100,An,Ap,0.19,0.052,0.477,0.576,0.491,0.6,0.190236,0.835079,0,0.052152,0.651832,0,0.476732,0.554974,0,0.575883,0.667539,0,0.491077,0.670157,0,0.60016,0.759162,0,0,0,0,0,0,0
realign,True,1,000010,Sn,,True,3,000111,Sn,"An, Ev",0.194,0.299,0.07,0.807,0.89,0.679,0.193957,0.835079,0,0.299456,0.651832,0,0.070001,0.554974,0,0.80664,0.667539,1,0.889553,0.670157,1,0.679205,0.759162,0,0,0,0,0,1,0
realize,False,0,000000,,,False,0,000000,,,0.649,0.3,0.124,0.233,0.252,0.179,0.649304,0.835079,0,0.300446,0.651832,0,0.123849,0.554974,0,0.232578,0.667539,0,0.251564,0.670157,0,0.178972,0.759162,0,0,0,0,0,0,0
reallocate,True,1,001000,Ap,,True,1,001000,Ap,,0.036,0.205,0.812,0.143,0.393,0.48,0.035949,0.835079,0,0.204898,0.651832,0,0.812186,0.554974,1,0.143447,0.667539,0,0.393299,0.670157,0,0.479735,0.759162,0,0,0,1,0,0,0
ream,True,1,000001,Ev,,True,2,000011,Ev,Sn,0.282,0.29,0.029,0.264,0.774,0.914,0.282258,0.835079,0,0.289743,0.651832,0,0.028567,0.554974,0,0.263837,0.667539,0,0.773709,0.670157,1,0.913888,0.759162,1,0,0,0,0,0,1
reap,True,1,000001,Ev,,True,3,001101,Ev,"Ap, An",0.661,0.191,0.61,0.759,0.089,0.85,0.661289,0.835079,0,0.190857,0.651832,0,0.609759,0.554974,1,0.758539,0.667539,1,0.089454,0.670157,0,0.850139,0.759162,1,0,0,0,0,0,1
reappear,False,0,000000,,,True,1,100000,Kn,,0.831,0.388,0.206,0.079,0.21,0.397,0.831269,0.835079,0,0.387874,0.651832,0,0.205716,0.554974,0,0.079294,0.667539,0,0.209823,0.670157,0,0.396912,0.759162,0,0,0,0,0,0,0
rear,False,0,000000,,,True,1,000100,An,,0.189,0.383,0.305,0.641,0.355,0.366,0.189096,0.835079,0,0.383478,0.651832,0,0.304745,0.554974,0,0.641422,0.667539,0,0.355321,0.670157,0,0.366227,0.759162,0,0,0,0,0,0,0
reassemble,True,1,000010,Sn,,True,1,000010,Sn,,0.07,0.04,0.375,0.067,0.924,0.641,0.070223,0.835079,0,0.039832,0.651832,0,0.374679,0.554974,0,0.066649,0.667539,0,0.924185,0.670157,1,0.640533,0.759162,0,0,0,0,0,1,0
reassert,True,1,000001,Ev,,True,2,000011,Ev,Sn,0.052,0.161,0.397,0.078,0.576,0.801,0.051989,0.835079,0,0.16136,0.651832,0,0.397132,0.554974,0,0.077533,0.667539,0,0.575706,0.670157,0,0.800991,0.759162,1,0,0,0,0,0,1
reassure,True,1,000010,Sn,,True,2,000011,Sn,Ev,0.146,0.077,0.1,0.083,0.957,0.8,0.145936,0.835079,0,0.07666,0.651832,0,0.099609,0.554974,0,0.083189,0.667539,0,0.956725,0.670157,1,0.800094,0.759162,1,0,0,0,0,1,0
rebound,False,0,000000,,,False,0,000000,,,0.462,0.29,0.226,0.013,0.242,0.576,0.462374,0.835079,0,0.290154,0.651832,0,0.226235,0.554974,0,0.012917,0.667539,0,0.241672,0.670157,0,0.575555,0.759162,0,0,0,0,0,0,0
rebuild,True,1,000010,Sn,,True,3,001011,Sn,"Ap, Ev",0.107,0.097,0.776,0.007,0.947,0.661,0.107118,0.835079,0,0.097079,0.651832,0,0.775851,0.554974,1,0.007391,0.667539,0,0.947029,0.670157,1,0.66092,0.759162,0,0,0,0,0,1,0
recalculate,True,1,000001,Ev,,True,2,001001,Ev,Ap,0.098,0.154,0.502,0.168,0.335,0.759,0.097956,0.835079,0,0.154204,0.651832,0,0.501593,0.554974,0,0.167973,0.667539,0,0.335228,0.670157,0,0.759475,0.759162,1,0,0,0,0,0,1
recapitulate,False,0,000000,,,False,0,000000,,,0.642,0.358,0.211,0.011,0.431,0.462,0.642409,0.835079,0,0.357565,0.651832,0,0.211341,0.554974,0,0.010559,0.667539,0,0.431342,0.670157,0,0.461967,0.759162,0,0,0,0,0,0,0
recapture,True,1,001000,Ap,,True,2,101000,Kn,Ap,0.722,0.03,0.562,0.003,0.132,0.285,0.72224,0.835079,0,0.029969,0.651832,0,0.561957,0.554974,1,0.002618,0.667539,0,0.132433,0.670157,0,0.284786,0.759162,0,0,0,1,0,0,0
recast,True,1,000001,Ev,,True,2,000011,Ev,Sn,0.124,0.289,0.21,0.44,0.653,0.801,0.123846,0.835079,0,0.288893,0.651832,0,0.210361,0.554974,0,0.440457,0.667539,0,0.652952,0.670157,0,0.800926,0.759162,1,0,0,0,0,0,1
recede,False,0,000000,,,True,1,000001,Ev,,0.479,0.161,0.256,0.086,0.152,0.693,0.479477,0.835079,0,0.160687,0.651832,0,0.255874,0.554974,0,0.08635,0.667539,0,0.152143,0.670157,0,0.693264,0.759162,0,0,0,0,0,0,0
receive,True,1,001000,Ap,,True,2,101000,Ap,Kn,0.811,0.489,0.919,0.081,0.341,0.019,0.810765,0.835079,0,0.488802,0.651832,0,0.918937,0.554974,1,0.08147,0.667539,0,0.341183,0.670157,0,0.019086,0.759162,0,0,0,1,0,0,0
recharge,True,1,000001,Ev,,True,1,000001,Ev,,0.066,0.109,0.305,0.087,0.278,0.833,0.066279,0.835079,0,0.109406,0.651832,0,0.304924,0.554974,0,0.08736,0.667539,0,0.277894,0.670157,0,0.833225,0.759162,1,0,0,0,0,0,1
reciprocate,True,1,001000,Ap,,True,1,001000,Ap,,0.673,0.493,0.605,0.036,0.085,0.16,0.67337,0.835079,0,0.492695,0.651832,0,0.605233,0.554974,1,0.035949,0.667539,0,0.08458,0.670157,0,0.159908,0.759162,0,0,0,1,0,0,0
reckon,True,1,000001,Ev,,True,2,000011,Ev,Sn,0.431,0.302,0.028,0.528,0.795,0.9,0.430564,0.835079,0,0.302483,0.651832,0,0.028388,0.554974,0,0.527672,0.667539,0,0.795428,0.670157,1,0.899623,0.759162,1,0,0,0,0,0,1
reclaim,True,1,000001,Ev,,True,2,001001,Ev,Ap,0.282,0.161,0.738,0.029,0.072,0.834,0.282475,0.835079,0,0.161408,0.651832,0,0.738175,0.554974,1,0.028672,0.667539,0,0.072145,0.670157,0,0.834097,0.759162,1,0,0,0,0,0,1
reclassify,True,1,000001,Ev,,True,1,000001,Ev,,0.333,0.523,0.298,0.258,0.557,0.96,0.332711,0.835079,0,0.522609,0.651832,0,0.298401,0.554974,0,0.258168,0.667539,0,0.557069,0.670157,0,0.960212,0.759162,1,0,0,0,0,0,1
recode,False,0,000000,,,False,0,000000,,,0.116,0.196,0.396,0.232,0.235,0.535,0.116023,0.835079,0,0.195824,0.651832,0,0.395646,0.554974,0,0.231953,0.667539,0,0.23452,0.670157,0,0.534812,0.759162,0,0,0,0,0,0,0
recollect,True,1,100000,Kn,,True,2,110000,Kn,Cm,0.993,0.754,0.015,0.112,0.153,0.17,0.992981,0.835079,1,0.753901,0.651832,1,0.015003,0.554974,0,0.112368,0.667539,0,0.152952,0.670157,0,0.169606,0.759162,0,1,0,0,0,0,0
recombine,True,2,001010,Sn,Ap,True,2,001010,Sn,Ap,0.09,0.033,0.789,0.032,0.806,0.557,0.090439,0.835079,0,0.032829,0.651832,0,0.788728,0.554974,1,0.031743,0.667539,0,0.805771,0.670157,1,0.556987,0.759162,0,0,0,1,0,1,0
recondition,True,1,000001,Ev,,True,3,001011,Ev,"Ap, Sn",0.025,0.098,0.533,0.003,0.584,0.873,0.025074,0.835079,0,0.097806,0.651832,0,0.533467,0.554974,0,0.002618,0.667539,0,0.584326,0.670157,0,0.872956,0.759162,1,0,0,0,0,0,1
reconsider,True,1,000001,Ev,,True,3,110001,Ev,"Kn, Cm",0.737,0.594,0.167,0.214,0.115,0.925,0.737346,0.835079,0,0.594488,0.651832,0,0.166996,0.554974,0,0.213918,0.667539,0,0.114716,0.670157,0,0.924695,0.759162,1,0,0,0,0,0,1
reconstitute,True,1,000001,Ev,,True,1,000001,Ev,,0.132,0.054,0.46,0.013,0.361,0.894,0.132046,0.835079,0,0.053834,0.651832,0,0.460046,0.554974,0,0.012903,0.667539,0,0.361312,0.670157,0,0.893855,0.759162,1,0,0,0,0,0,1
recopy,True,2,001010,Sn,Ap,True,2,001010,Sn,Ap,0.105,0.081,0.718,0.027,0.741,0.519,0.105476,0.835079,0,0.080927,0.651832,0,0.717735,0.554974,1,0.026616,0.667539,0,0.740662,0.670157,1,0.518644,0.759162,0,0,0,1,0,1,0
recount,True,1,000001,Ev,,True,2,100001,Ev,Kn,0.726,0.357,0.123,0.537,0.176,0.863,0.725956,0.835079,0,0.356539,0.651832,0,0.122551,0.554974,0,0.537111,0.667539,0,0.175889,0.670157,0,0.863426,0.759162,1,0,0,0,0,0,1
recover,True,1,000001,Ev,,True,1,000001,Ev,,0.41,0.237,0.402,0.056,0.4,0.899,0.409947,0.835079,0,0.237488,0.651832,0,0.402295,0.554974,0,0.05596,0.667539,0,0.399625,0.670157,0,0.898688,0.759162,1,0,0,0,0,0,1
recreate,True,1,000010,Sn,,True,2,001010,Sn,Ap,0.46,0.076,0.803,0.011,0.968,0.24,0.459527,0.835079,0,0.076407,0.651832,0,0.803261,0.554974,1,0.01061,0.667539,0,0.96806,0.670157,1,0.240172,0.759162,0,0,0,0,0,1,0
recruit,True,1,001000,Ap,,True,1,001000,Ap,,0.294,0.188,0.593,0.066,0.234,0.614,0.293604,0.835079,0,0.187864,0.651832,0,0.59263,0.554974,1,0.066245,0.667539,0,0.233602,0.670157,0,0.614409,0.759162,0,0,0,1,0,0,0
rectify,True,1,000001,Ev,,True,1,000001,Ev,,0.237,0.452,0.206,0.103,0.399,0.856,0.237063,0.835079,0,0.452166,0.651832,0,0.20595,0.554974,0,0.10347,0.667539,0,0.398623,0.670157,0,0.856024,0.759162,1,0,0,0,0,0,1
recur,True,1,100000,Kn,,True,1,100000,Kn,,0.872,0.206,0.254,0.026,0.289,0.329,0.872372,0.835079,1,0.206346,0.651832,0,0.253971,0.554974,0,0.025768,0.667539,0,0.289115,0.670157,0,0.328846,0.759162,0,1,0,0,0,0,0
recycle,True,1,001000,Ap,,True,2,001001,Ap,Ev,0.105,0.099,0.947,0.108,0.22,0.78,0.105001,0.835079,0,0.098875,0.651832,0,0.947108,0.554974,1,0.107981,0.667539,0,0.219891,0.670157,0,0.779602,0.759162,1,0,0,1,0,0,0
redefine,True,1,000010,Sn,,True,2,000011,Sn,Ev,0.144,0.38,0.438,0.08,0.787,0.691,0.143761,0.835079,0,0.379799,0.651832,0,0.438464,0.554974,0,0.08042,0.667539,0,0.786543,0.670157,1,0.691228,0.759162,0,0,0,0,0,1,0
redeposit,False,0,000000,,,True,1,100000,Kn,,0.744,0.382,0.228,0.318,0.127,0.161,0.743699,0.835079,0,0.382286,0.651832,0,0.227559,0.554974,0,0.318332,0.667539,0,0.127384,0.670157,0,0.161124,0.759162,0,0,0,0,0,0,0
redesign,True,1,000010,Sn,,True,4,001111,Sn,"Ap, An, Ev",0.011,0.055,0.63,0.761,0.997,0.78,0.011331,0.835079,0,0.054975,0.651832,0,0.629865,0.554974,1,0.760612,0.667539,1,0.997222,0.670157,1,0.779516,0.759162,1,0,0,0,0,1,0
redevelop,True,1,000010,Sn,,True,1,000010,Sn,,0.257,0.29,0.381,0.028,0.925,0.172,0.256881,0.835079,0,0.289697,0.651832,0,0.380708,0.554974,0,0.027613,0.667539,0,0.925484,0.670157,1,0.172437,0.759162,0,0,0,0,0,1,0
redirect,False,0,000000,,,False,0,000000,,,0.214,0.256,0.382,0.486,0.332,0.481,0.214484,0.835079,0,0.256195,0.651832,0,0.382366,0.554974,0,0.485675,0.667539,0,0.331704,0.670157,0,0.480902,0.759162,0,0,0,0,0,0,0
rediscover,False,0,000000,,,True,1,100000,Kn,,0.791,0.204,0.049,0.075,0.223,0.513,0.790892,0.835079,0,0.20369,0.651832,0,0.048925,0.554974,0,0.075158,0.667539,0,0.223392,0.670157,0,0.513096,0.759162,0,0,0,0,0,0,0
redistribute,True,1,001000,Ap,,True,1,001000,Ap,,0.038,0.047,0.882,0.016,0.375,0.043,0.03809,0.835079,0,0.046807,0.651832,0,0.882067,0.554974,1,0.016051,0.667539,0,0.37481,0.670157,0,0.043428,0.759162,0,0,0,1,0,0,0
redo,False,0,000000,,,True,1,000001,Ev,,0.431,0.351,0.212,0.281,0.351,0.716,0.430677,0.835079,0,0.351234,0.651832,0,0.211552,0.554974,0,0.281348,0.667539,0,0.351123,0.670157,0,0.715735,0.759162,0,0,0,0,0,0,0
reduce,True,1,001000,Ap,,True,1,001000,Ap,,0.039,0.112,0.93,0.361,0.436,0.29,0.039061,0.835079,0,0.112188,0.651832,0,0.929533,0.554974,1,0.360728,0.667539,0,0.436235,0.670157,0,0.289713,0.759162,0,0,0,1,0,0,0
reestablish,True,1,000001,Ev,,True,2,000011,Ev,Sn,0.088,0.01,0.074,0.008,0.731,0.8,0.087979,0.835079,0,0.009747,0.651832,0,0.073724,0.554974,0,0.00832,0.667539,0,0.731153,0.670157,1,0.799841,0.759162,1,0,0,0,0,0,1
reevaluate,True,1,000001,Ev,,True,1,000001,Ev,,0.431,0.235,0.17,0.474,0.408,0.985,0.430948,0.835079,0,0.234854,0.651832,0,0.16968,0.554974,0,0.474326,0.667539,0,0.408342,0.670157,0,0.984762,0.759162,1,0,0,0,0,0,1
reexamine,True,1,000001,Ev,,True,1,000001,Ev,,0.557,0.202,0.147,0.476,0.176,0.882,0.556568,0.835079,0,0.202402,0.651832,0,0.147442,0.554974,0,0.476224,0.667539,0,0.176145,0.670157,0,0.88231,0.759162,1,0,0,0,0,0,1
refine,True,1,000001,Ev,,True,2,000101,Ev,An,0.007,0.173,0.272,0.687,0.514,0.844,0.007227,0.835079,0,0.173169,0.651832,0,0.27163,0.554974,0,0.68692,0.667539,1,0.51384,0.670157,0,0.844487,0.759162,1,0,0,0,0,0,1
reflect,True,1,001000,Ap,,True,1,001000,Ap,,0.469,0.502,0.762,0.034,0.447,0.257,0.469343,0.835079,0,0.501668,0.651832,0,0.762414,0.554974,1,0.034405,0.667539,0,0.446927,0.670157,0,0.257366,0.759162,0,0,0,1,0,0,0
refocus,False,0,000000,,,False,0,000000,,,0.599,0.031,0.018,0.257,0.243,0.485,0.598621,0.835079,0,0.030917,0.651832,0,0.017976,0.554974,0,0.256898,0.667539,0,0.242593,0.670157,0,0.485054,0.759162,0,0,0,0,0,0,0
reformulate,True,1,000010,Sn,,True,2,001010,Sn,Ap,0.012,0.187,0.763,0.084,0.991,0.248,0.012056,0.835079,0,0.187493,0.651832,0,0.763024,0.554974,1,0.084006,0.667539,0,0.990561,0.670157,1,0.247863,0.759162,0,0,0,0,0,1,0
refract,False,0,000000,,,True,1,001000,Ap,,0.164,0.254,0.486,0.086,0.071,0.348,0.163786,0.835079,0,0.254048,0.651832,0,0.485573,0.554974,0,0.086275,0.667539,0,0.070662,0.670157,0,0.348252,0.759162,0,0,0,0,0,0,0
refrain,False,0,000000,,,True,2,100001,Kn,Ev,0.765,0.007,0.049,0.057,0.234,0.667,0.764825,0.835079,0,0.007204,0.651832,0,0.049132,0.554974,0,0.057353,0.667539,0,0.234092,0.670157,0,0.667023,0.759162,0,0,0,0,0,0,0
refresh,False,0,000000,,,False,0,000000,,,0.541,0.094,0.057,0.331,0.224,0.505,0.540618,0.835079,0,0.093884,0.651832,0,0.057437,0.554974,0,0.330853,0.667539,0,0.224444,0.670157,0,0.505222,0.759162,0,0,0,0,0,0,0
refrigerate,True,1,000001,Ev,,True,3,001101,Ev,"Ap, An",0.147,0.094,0.711,0.759,0.187,0.847,0.147445,0.835079,0,0.094154,0.651832,0,0.71123,0.554974,1,0.759134,0.667539,1,0.186719,0.670157,0,0.847028,0.759162,1,0,0,0,0,0,1
refuel,False,0,000000,,,True,1,000001,Ev,,0.144,0.154,0.256,0.334,0.144,0.655,0.144434,0.835079,0,0.153882,0.651832,0,0.25573,0.554974,0,0.334207,0.667539,0,0.144335,0.670157,0,0.655034,0.759162,0,0,0,0,0,0,0
refurbish,True,1,000010,Sn,,True,3,001011,Sn,"Ap, Ev",0.079,0.081,0.68,0.006,0.959,0.717,0.078579,0.835079,0,0.080935,0.651832,0,0.680091,0.554974,1,0.00619,0.667539,0,0.958788,0.670157,1,0.716508,0.759162,0,0,0,0,0,1,0
refuse,True,1,000001,Ev,,True,2,001001,Ev,Ap,0.697,0.199,0.552,0.558,0.346,0.974,0.696889,0.835079,0,0.198619,0.651832,0,0.552096,0.554974,0,0.558243,0.667539,0,0.345912,0.670157,0,0.973647,0.759162,1,0,0,0,0,0,1
refute,True,1,000001,Ev,,True,2,000101,Ev,An,0.079,0.531,0.189,0.601,0.215,0.955,0.078677,0.835079,0,0.530886,0.651832,0,0.189289,0.554974,0,0.601202,0.667539,0,0.215335,0.670157,0,0.955421,0.759162,1,0,0,0,0,0,1
regain,True,1,000001,Ev,,True,2,001001,Ev,Ap,0.636,0.099,0.557,0.003,0.096,0.854,0.635827,0.835079,0,0.098939,0.651832,0,0.557298,0.554974,1,0.002618,0.667539,0,0.096008,0.670157,0,0.854246,0.759162,1,0,0,0,0,0,1
regard,True,1,010000,Cm,,True,4,011011,Cm,"Ap, Sn, Ev",0.601,0.892,0.562,0.268,0.61,0.754,0.601303,0.835079,0,0.891506,0.651832,1,0.562429,0.554974,1,0.267664,0.667539,0,0.609687,0.670157,0,0.753778,0.759162,0,0,1,0,0,0,0
regenerate,False,0,000000,,,True,2,001010,Sn,Ap,0.25,0.029,0.54,0.017,0.653,0.577,0.249639,0.835079,0,0.028746,0.651832,0,0.539533,0.554974,0,0.016963,0.667539,0,0.653473,0.670157,0,0.576536,0.759162,0,0,0,0,0,0,0
register,False,0,000000,,,True,1,000010,Sn,,0.599,0.257,0.307,0.088,0.645,0.284,0.599391,0.835079,0,0.257023,0.651832,0,0.306692,0.554974,0,0.088079,0.667539,0,0.644812,0.670157,0,0.284089,0.759162,0,0,0,0,0,0,0
regret,True,1,100000,Kn,,True,2,100001,Kn,Ev,0.989,0.377,0.101,0.393,0.04,0.883,0.988916,0.835079,1,0.376627,0.651832,0,0.100717,0.554974,0,0.393163,0.667539,0,0.040179,0.670157,0,0.883137,0.759162,1,1,0,0,0,0,0
regroup,True,1,000010,Sn,,True,2,000011,Sn,Ev,0.628,0.392,0.018,0.414,0.787,0.682,0.628054,0.835079,0,0.391881,0.651832,0,0.017857,0.554974,0,0.41383,0.667539,0,0.786502,0.670157,1,0.68152,0.759162,0,0,0,0,0,1,0
regularize,True,1,010000,Cm,,True,2,011000,Cm,Ap,0.153,0.776,0.551,0.486,0.302,0.169,0.153158,0.835079,0,0.775892,0.651832,1,0.550647,0.554974,0,0.486231,0.667539,0,0.301716,0.670157,0,0.168932,0.759162,0,0,1,0,0,0,0
regulate,True,2,000011,Sn,Ev,True,3,001011,Sn,"Ap, Ev",0.05,0.06,0.54,0.54,0.904,0.866,0.049866,0.835079,0,0.060205,0.651832,0,0.540274,0.554974,0,0.539808,0.667539,0,0.90437,0.670157,1,0.865876,0.759162,1,0,0,0,0,1,1
rehabilitate,True,1,000001,Ev,,True,1,000001,Ev,,0.235,0.046,0.148,0.009,0.563,0.86,0.234904,0.835079,0,0.046124,0.651832,0,0.147831,0.554974,0,0.009273,0.667539,0,0.562756,0.670157,0,0.859576,0.759162,1,0,0,0,0,0,1
reify,False,0,000000,,,True,1,000001,Ev,,0.296,0.546,0.205,0.074,0.418,0.723,0.295773,0.835079,0,0.545512,0.651832,0,0.204647,0.554974,0,0.073914,0.667539,0,0.418123,0.670157,0,0.722885,0.759162,0,0,0,0,0,0,0
reignite,False,0,000000,,,True,1,100000,Kn,,0.734,0.093,0.101,0.006,0.229,0.639,0.734477,0.835079,0,0.093188,0.651832,0,0.101384,0.554974,0,0.005551,0.667539,0,0.22917,0.670157,0,0.638548,0.759162,0,0,0,0,0,0,0
reimpose,True,1,001000,Ap,,True,2,001001,Ap,Ev,0.147,0.136,0.726,0.086,0.424,0.726,0.146959,0.835079,0,0.136463,0.651832,0,0.726136,0.554974,1,0.086427,0.667539,0,0.424428,0.670157,0,0.725754,0.759162,0,0,0,1,0,0,0
reintroduce,False,0,000000,,,False,0,000000,,,0.259,0.023,0.125,0.003,0.4,0.463,0.258585,0.835079,0,0.022801,0.651832,0,0.125014,0.554974,0,0.002618,0.667539,0,0.39973,0.670157,0,0.463398,0.759162,0,0,0,0,0,0,0
reinvent,True,1,000010,Sn,,True,2,001010,Sn,Ap,0.328,0.143,0.882,0.012,0.976,0.614,0.328055,0.835079,0,0.142539,0.651832,0,0.881557,0.554974,1,0.012276,0.667539,0,0.976118,0.670157,1,0.614445,0.759162,0,0,0,0,0,1,0
reinvigorate,True,1,000001,Ev,,True,2,000011,Ev,Sn,0.283,0.021,0.167,0.039,0.746,0.908,0.282954,0.835079,0,0.02147,0.651832,0,0.166588,0.554974,0,0.038975,0.667539,0,0.745971,0.670157,1,0.90773,0.759162,1,0,0,0,0,0,1
reiterate,True,1,010000,Cm,,True,2,110000,Kn,Cm,0.814,0.738,0.197,0.032,0.181,0.417,0.814411,0.835079,0,0.738386,0.651832,1,0.197485,0.554974,0,0.031636,0.667539,0,0.180788,0.670157,0,0.416859,0.759162,0,0,1,0,0,0,0
reject,True,1,000001,Ev,,True,3,001101,Ev,"Ap, An",0.696,0.209,0.582,0.623,0.255,0.916,0.696404,0.835079,0,0.208976,0.651832,0,0.582278,0.554974,1,0.622914,0.667539,0,0.255275,0.670157,0,0.915975,0.759162,1,0,0,0,0,0,1
rejoin,True,1,000001,Ev,,True,1,000001,Ev,,0.346,0.198,0.029,0.04,0.301,0.828,0.345561,0.835079,0,0.197689,0.651832,0,0.028529,0.554974,0,0.039567,0.667539,0,0.3008,0.670157,0,0.828238,0.759162,1,0,0,0,0,0,1
rejuvenate,True,1,000001,Ev,,True,2,000011,Ev,Sn,0.249,0.043,0.206,0.007,0.72,0.924,0.248759,0.835079,0,0.043279,0.651832,0,0.206304,0.554974,0,0.006848,0.667539,0,0.720128,0.670157,1,0.924297,0.759162,1,0,0,0,0,0,1
relax,False,0,000000,,,True,1,001000,Ap,,0.258,0.434,0.474,0.51,0.287,0.457,0.25766,0.835079,0,0.433967,0.651832,0,0.473721,0.554974,0,0.509744,0.667539,0,0.286885,0.670157,0,0.457188,0.759162,0,0,0,0,0,0,0
relegate,True,1,000001,Ev,,True,2,000011,Ev,Sn,0.436,0.033,0.143,0.011,0.593,0.925,0.435763,0.835079,0,0.033317,0.651832,0,0.143464,0.554974,0,0.011243,0.667539,0,0.592512,0.670157,0,0.924567,0.759162,1,0,0,0,0,0,1
relieve,True,1,000001,Ev,,True,2,001001,Ev,Ap,0.088,0.057,0.699,0.375,0.244,0.818,0.088253,0.835079,0,0.057083,0.651832,0,0.698606,0.554974,1,0.37496,0.667539,0,0.244134,0.670157,0,0.818414,0.759162,1,0,0,0,0,0,1
reload,False,0,000000,,,True,1,000001,Ev,,0.3,0.069,0.222,0.035,0.253,0.679,0.30021,0.835079,0,0.068984,0.651832,0,0.221835,0.554974,0,0.034832,0.667539,0,0.2533,0.670157,0,0.678577,0.759162,0,0,0,0,0,0,0
relocate,True,3,011010,Ap,"Cm, Sn",True,3,011010,Ap,"Cm, Sn",0.238,0.667,0.788,0.057,0.774,0.256,0.237992,0.835079,0,0.667413,0.651832,1,0.787976,0.554974,1,0.057346,0.667539,0,0.773862,0.670157,1,0.256273,0.759162,0,0,1,1,0,1,0
rely,True,1,000001,Ev,,True,1,000001,Ev,,0.511,0.069,0.231,0.208,0.375,0.858,0.510757,0.835079,0,0.068537,0.651832,0,0.230959,0.554974,0,0.207553,0.667539,0,0.374905,0.670157,0,0.857581,0.759162,1,0,0,0,0,0,1
remain,True,1,000001,Ev,,True,2,001001,Ev,Ap,0.478,0.374,0.658,0.08,0.552,0.9,0.477583,0.835079,0,0.373938,0.651832,0,0.658224,0.554974,1,0.080286,0.667539,0,0.552259,0.670157,0,0.899787,0.759162,1,0,0,0,0,0,1
remake,True,1,000010,Sn,,True,1,000010,Sn,,0.365,0.043,0.382,0.013,0.939,0.259,0.364611,0.835079,0,0.042723,0.651832,0,0.382211,0.554974,0,0.012736,0.667539,0,0.939363,0.670157,1,0.258734,0.759162,0,0,0,0,0,1,0
remediate,True,1,000001,Ev,,True,3,001011,Ev,"Ap, Sn",0.006,0.054,0.522,0.086,0.694,0.923,0.005956,0.835079,0,0.054143,0.651832,0,0.521854,0.554974,0,0.085767,0.667539,0,0.693916,0.670157,1,0.922553,0.759162,1,0,0,0,0,0,1
remember,True,1,100000,Kn,,True,1,100000,Kn,,0.947,0.365,0.04,0.104,0.062,0.061,0.946919,0.835079,1,0.365045,0.651832,0,0.039777,0.554974,0,0.103893,0.667539,0,0.062337,0.670157,0,0.061025,0.759162,0,1,0,0,0,0,0
remind,False,0,000000,,,True,2,101000,Kn,Ap,0.715,0.23,0.545,0.177,0.529,0.462,0.714516,0.835079,0,0.229955,0.651832,0,0.545332,0.554974,0,0.177462,0.667539,0,0.529404,0.670157,0,0.462083,0.759162,0,0,0,0,0,0,0
remodel,True,1,000010,Sn,,True,3,001011,Sn,"Ap, Ev",0.072,0.152,0.828,0.103,0.984,0.698,0.071919,0.835079,0,0.151933,0.651832,0,0.828269,0.554974,1,0.102879,0.667539,0,0.983603,0.670157,1,0.698332,0.759162,0,0,0,0,0,1,0
remold,True,2,000011,Sn,Ev,True,2,000011,Sn,Ev,0.075,0.097,0.43,0.088,0.809,0.801,0.075299,0.835079,0,0.097107,0.651832,0,0.430403,0.554974,0,0.087935,0.667539,0,0.808693,0.670157,1,0.800808,0.759162,1,0,0,0,0,1,1
remove,True,1,001000,Ap,,True,2,001001,Ev,Ap,0.172,0.213,0.572,0.441,0.212,0.742,0.171717,0.835079,0,0.212603,0.651832,0,0.571574,0.554974,1,0.441221,0.667539,0,0.211912,0.670157,0,0.741608,0.759162,0,0,0,1,0,0,0
rename,True,1,000010,Sn,,True,2,001010,Sn,Ap,0.501,0.17,0.495,0.084,0.688,0.515,0.500621,0.835079,0,0.169957,0.651832,0,0.495364,0.554974,0,0.083854,0.667539,0,0.687897,0.670157,1,0.514688,0.759162,0,0,0,0,0,1,0
render,True,1,000010,Sn,,True,3,011010,Sn,"Cm, Ap",0.236,0.661,0.629,0.393,0.867,0.347,0.236341,0.835079,0,0.661132,0.651832,1,0.62937,0.554974,1,0.393353,0.667539,0,0.867008,0.670157,1,0.347391,0.759162,0,0,0,0,0,1,0
renew,True,1,001000,Ap,,True,3,001011,Ev,"Ap, Sn",0.425,0.199,0.67,0.012,0.654,0.717,0.425331,0.835079,0,0.198574,0.651832,0,0.669977,0.554974,1,0.011936,0.667539,0,0.654432,0.670157,0,0.717237,0.759162,0,0,0,1,0,0,0
renormalize,False,0,000000,,,True,2,010010,Cm,Sn,0.004,0.632,0.029,0.416,0.582,0.505,0.004268,0.835079,0,0.631635,0.651832,0,0.028542,0.554974,0,0.4156,0.667539,0,0.581856,0.670157,0,0.505216,0.759162,0,0,0,0,0,0,0
renounce,True,1,000001,Ev,,True,1,000001,Ev,,0.228,0.175,0.256,0.109,0.15,0.983,0.227841,0.835079,0,0.174625,0.651832,0,0.25626,0.554974,0,0.109347,0.667539,0,0.15035,0.670157,0,0.982584,0.759162,1,0,0,0,0,0,1
renovate,True,1,001000,Ap,,True,3,001011,Ap,"Sn, Ev",0.023,0.312,0.911,0.012,0.848,0.66,0.023065,0.835079,0,0.311575,0.651832,0,0.910974,0.554974,1,0.012475,0.667539,0,0.847817,0.670157,1,0.659762,0.759162,0,0,0,1,0,0,0
reorder,True,1,100000,Kn,,True,4,111001,Kn,"Cm, Ap, Ev",0.936,0.609,0.566,0.49,0.3,0.661,0.935984,0.835079,1,0.6091,0.651832,0,0.56562,0.554974,1,0.48989,0.667539,0,0.299741,0.670157,0,0.660507,0.759162,0,1,0,0,0,0,0
reorient,False,0,000000,,,False,0,000000,,,0.438,0.052,0.436,0.214,0.3,0.442,0.43826,0.835079,0,0.051732,0.651832,0,0.435618,0.554974,0,0.214104,0.667539,0,0.300176,0.670157,0,0.442224,0.759162,0,0,0,0,0,0,0
repaint,True,1,001000,Ap,,True,2,011000,Ap,Cm,0.649,0.65,0.881,0.003,0.164,0.177,0.649336,0.835079,0,0.64958,0.651832,0,0.881492,0.554974,1,0.002618,0.667539,0,0.164022,0.670157,0,0.17739,0.759162,0,0,0,1,0,0,0
repay,True,1,001000,Ap,,True,2,001001,Ap,Ev,0.452,0.209,0.774,0.082,0.101,0.68,0.451658,0.835079,0,0.209057,0.651832,0,0.773821,0.554974,1,0.081794,0.667539,0,0.10127,0.670157,0,0.679828,0.759162,0,0,0,1,0,0,0
repel,True,1,000001,Ev,,True,2,001001,Ev,Ap,0.091,0.093,0.72,0.06,0.163,0.898,0.09106,0.835079,0,0.093227,0.651832,0,0.719894,0.554974,1,0.059634,0.667539,0,0.162982,0.670157,0,0.897986,0.759162,1,0,0,0,0,0,1
rephrase,True,1,010000,Cm,,True,3,011001,Cm,"Ap, Ev",0.323,0.809,0.567,0.227,0.322,0.669,0.322519,0.835079,0,0.808845,0.651832,1,0.567223,0.554974,1,0.226883,0.667539,0,0.322021,0.670157,0,0.668713,0.759162,0,0,1,0,0,0,0
replace,True,1,000010,Sn,,True,2,001010,Sn,Ap,0.262,0.381,0.737,0.049,0.852,0.449,0.262329,0.835079,0,0.380971,0.651832,0,0.736637,0.554974,1,0.049383,0.667539,0,0.851776,0.670157,1,0.449229,0.759162,0,0,0,0,0,1,0
replant,True,1,001000,Ap,,True,2,001010,Ap,Sn,0.092,0.062,0.83,0.068,0.621,0.366,0.092489,0.835079,0,0.061987,0.651832,0,0.830349,0.554974,1,0.067659,0.667539,0,0.620702,0.670157,0,0.366338,0.759162,0,0,0,1,0,0,0
replenish,True,1,001000,Ap,,True,1,001000,Ap,,0.395,0.029,0.695,0.003,0.304,0.521,0.394609,0.835079,0,0.029136,0.651832,0,0.694662,0.554974,1,0.002618,0.667539,0,0.304468,0.670157,0,0.521458,0.759162,0,0,0,1,0,0,0
replicate,True,1,001000,Ap,,True,3,101010,Ap,"Kn, Sn",0.856,0.098,0.978,0.495,0.729,0.036,0.855915,0.835079,1,0.098022,0.651832,0,0.978259,0.554974,1,0.495245,0.667539,0,0.728917,0.670157,1,0.036164,0.759162,0,0,0,1,0,0,0
reposition,True,1,001000,Ap,,True,1,001000,Ap,,0.524,0.533,0.68,0.416,0.551,0.485,0.524045,0.835079,0,0.532712,0.651832,0,0.679779,0.554974,1,0.415902,0.667539,0,0.551127,0.670157,0,0.485134,0.759162,0,0,0,1,0,0,0
repress,True,1,001000,Ap,,True,1,001000,Ap,,0.22,0.027,0.636,0.085,0.11,0.64,0.220482,0.835079,0,0.026582,0.651832,0,0.6357,0.554974,1,0.084503,0.667539,0,0.109706,0.670157,0,0.63996,0.759162,0,0,0,1,0,0,0
reprint,True,1,100000,Kn,,True,2,101000,Kn,Ap,0.887,0.185,0.598,0.303,0.187,0.067,0.886738,0.835079,1,0.185059,0.651832,0,0.598385,0.554974,1,0.303448,0.667539,0,0.187449,0.670157,0,0.066618,0.759162,0,1,0,0,0,0,0
republish,True,1,001000,Ap,,True,1,001000,Ap,,0.431,0.046,0.555,0.138,0.334,0.162,0.430932,0.835079,0,0.046083,0.651832,0,0.555408,0.554974,1,0.137672,0.667539,0,0.334155,0.670157,0,0.162183,0.759162,0,0,0,1,0,0,0
request,True,1,000100,An,,True,2,000110,An,Sn,0.571,0.283,0.409,0.673,0.572,0.177,0.571233,0.835079,0,0.283109,0.651832,0,0.409322,0.554974,0,0.672748,0.667539,1,0.572452,0.670157,0,0.177029,0.759162,0,0,0,0,1,0,0
require,True,1,000010,Sn,,True,2,001010,Sn,Ap,0.295,0.299,0.654,0.524,0.82,0.441,0.295218,0.835079,0,0.299284,0.651832,0,0.653565,0.554974,1,0.523836,0.667539,0,0.820141,0.670157,1,0.440591,0.759162,0,0,0,0,0,1,0
reread,False,0,000000,,,True,2,110000,Kn,Cm,0.818,0.6,0.148,0.125,0.104,0.462,0.817781,0.835079,0,0.599753,0.651832,0,0.147511,0.554974,0,0.124888,0.667539,0,0.104018,0.670157,0,0.462073,0.759162,0,0,0,0,0,0,0
rescale,True,2,010010,Cm,Sn,True,3,011010,Cm,"Ap, Sn",0.037,0.74,0.519,0.207,0.715,0.347,0.036713,0.835079,0,0.739671,0.651832,1,0.519088,0.554974,0,0.206918,0.667539,0,0.714674,0.670157,1,0.346587,0.759162,0,0,1,0,0,1,0
reschedule,True,1,000010,Sn,,True,2,001010,Sn,Ap,0.105,0.359,0.561,0.419,0.817,0.557,0.105031,0.835079,0,0.358926,0.651832,0,0.560955,0.554974,1,0.419208,0.667539,0,0.816615,0.670157,1,0.55725,0.759162,0,0,0,0,0,1,0
reseed,True,1,000001,Ev,,True,2,001001,Ev,Ap,0.316,0.168,0.554,0.087,0.529,0.873,0.315881,0.835079,0,0.168131,0.651832,0,0.553524,0.554974,0,0.087192,0.667539,0,0.529496,0.670157,0,0.872655,0.759162,1,0,0,0,0,0,1
resemble,True,1,100000,Kn,,True,4,111010,Kn,"Cm, Ap, Sn",0.992,0.895,0.661,0.089,0.735,0.285,0.99247,0.835079,1,0.894619,0.651832,1,0.661213,0.554974,1,0.088547,0.667539,0,0.734787,0.670157,1,0.284642,0.759162,0,1,0,0,0,0,0
resent,True,1,000001,Ev,,True,1,000001,Ev,,0.135,0.429,0.305,0.086,0.039,0.874,0.134713,0.835079,0,0.429406,0.651832,0,0.304799,0.554974,0,0.086434,0.667539,0,0.03928,0.670157,0,0.87388,0.759162,1,0,0,0,0,0,1
reserve,True,1,000001,Ev,,True,2,001001,Ev,Ap,0.159,0.375,0.643,0.395,0.439,0.829,0.158885,0.835079,0,0.375153,0.651832,0,0.642529,0.554974,1,0.39499,0.667539,0,0.439471,0.670157,0,0.829155,0.759162,1,0,0,0,0,0,1
reset,False,0,000000,,,False,0,000000,,,0.296,0.021,0.211,0.282,0.501,0.389,0.295727,0.835079,0,0.0214,0.651832,0,0.211417,0.554974,0,0.282341,0.667539,0,0.500874,0.670157,0,0.388915,0.759162,0,0,0,0,0,0,0
reshape,True,1,001000,Ap,,True,4,011110,Ap,"Cm, An, Sn",0.112,0.563,0.835,0.67,0.732,0.025,0.112292,0.835079,0,0.563143,0.651832,0,0.834888,0.554974,1,0.670211,0.667539,1,0.731772,0.670157,1,0.025087,0.759162,0,0,0,1,0,0,0
reside,True,2,001010,Sn,Ap,True,2,001010,Sn,Ap,0.701,0.376,0.654,0.088,0.688,0.258,0.700998,0.835079,0,0.376033,0.651832,0,0.654298,0.554974,1,0.087598,0.667539,0,0.687902,0.670157,1,0.257648,0.759162,0,0,0,1,0,1,0
resist,True,1,000001,Ev,,True,3,101001,Ev,"Kn, Ap",0.76,0.049,0.738,0.321,0.368,0.898,0.759588,0.835079,0,0.048814,0.651832,0,0.737637,0.554974,1,0.321449,0.667539,0,0.368471,0.670157,0,0.898169,0.759162,1,0,0,0,0,0,1
resize,True,1,001000,Ap,,True,3,001110,Ap,"An, Sn",0.023,0.491,0.634,0.606,0.572,0.441,0.023314,0.835079,0,0.490816,0.651832,0,0.63379,0.554974,1,0.605602,0.667539,0,0.571859,0.670157,0,0.440907,0.759162,0,0,0,1,0,0,0
resonate,True,1,000001,Ev,,True,1,000001,Ev,,0.323,0.453,0.027,0.181,0.376,0.92,0.322885,0.835079,0,0.453166,0.651832,0,0.027417,0.554974,0,0.180636,0.667539,0,0.375674,0.670157,0,0.919913,0.759162,1,0,0,0,0,0,1
rest,False,0,000000,,,True,2,001001,Ev,Ap,0.317,0.203,0.501,0.506,0.217,0.683,0.316729,0.835079,0,0.203457,0.651832,0,0.501309,0.554974,0,0.50621,0.667539,0,0.217006,0.670157,0,0.682568,0.759162,0,0,0,0,0,0,0
restart,False,0,000000,,,False,0,000000,,,0.305,0.087,0.143,0.46,0.534,0.532,0.305463,0.835079,0,0.086805,0.651832,0,0.143128,0.554974,0,0.46026,0.667539,0,0.534264,0.670157,0,0.531917,0.759162,0,0,0,0,0,0,0
restore,False,0,000000,,,True,1,000001,Ev,,0.197,0.097,0.22,0.045,0.225,0.682,0.197116,0.835079,0,0.097147,0.651832,0,0.220023,0.554974,0,0.045432,0.667539,0,0.225416,0.670157,0,0.681753,0.759162,0,0,0,0,0,0,0
restrain,True,1,000001,Ev,,True,1,000001,Ev,,0.154,0.052,0.471,0.356,0.343,0.9,0.154402,0.835079,0,0.051698,0.651832,0,0.471329,0.554974,0,0.356237,0.667539,0,0.342532,0.670157,0,0.900476,0.759162,1,0,0,0,0,0,1
restrict,True,1,000001,Ev,,True,2,000101,Ev,An,0.165,0.177,0.362,0.74,0.254,0.921,0.164729,0.835079,0,0.176759,0.651832,0,0.362097,0.554974,0,0.740143,0.667539,1,0.254208,0.670157,0,0.920756,0.759162,1,0,0,0,0,0,1
result,True,3,010101,Ev,"Cm, An",True,4,110101,Ev,"Kn, Cm, An",0.722,0.802,0.286,0.86,0.038,0.898,0.721596,0.835079,0,0.802246,0.651832,1,0.285603,0.554974,0,0.859961,0.667539,1,0.037921,0.670157,0,0.897992,0.759162,1,0,1,0,1,0,1
resume,False,0,000000,,,True,2,001001,Ev,Ap,0.522,0.255,0.486,0.393,0.354,0.743,0.521855,0.835079,0,0.254981,0.651832,0,0.486434,0.554974,0,0.393073,0.667539,0,0.353956,0.670157,0,0.743329,0.759162,0,0,0,0,0,0,0
resuspend,True,1,000001,Ev,,True,2,001001,Ev,Ap,0.19,0.048,0.5,0.006,0.202,0.843,0.190133,0.835079,0,0.047769,0.651832,0,0.500313,0.554974,0,0.005716,0.667539,0,0.201614,0.670157,0,0.842953,0.759162,1,0,0,0,0,0,1
retain,True,1,001000,Ap,,True,2,001001,Ap,Ev,0.469,0.055,0.854,0.009,0.2,0.729,0.469322,0.835079,0,0.054517,0.651832,0,0.854301,0.554974,1,0.009216,0.667539,0,0.199891,0.670157,0,0.729027,0.759162,0,0,0,1,0,0,0
rethink,True,1,000001,Ev,,True,1,000001,Ev,,0.395,0.094,0.14,0.376,0.552,0.966,0.394508,0.835079,0,0.094176,0.651832,0,0.139621,0.554974,0,0.37631,0.667539,0,0.552264,0.670157,0,0.96583,0.759162,1,0,0,0,0,0,1
retire,True,1,000001,Ev,,True,2,001001,Ev,Ap,0.475,0.177,0.713,0.154,0.534,0.939,0.474509,0.835079,0,0.177464,0.651832,0,0.712677,0.554974,1,0.153768,0.667539,0,0.534454,0.670157,0,0.939216,0.759162,1,0,0,0,0,0,1
retrace,False,0,000000,,,True,2,101000,Kn,Ap,0.796,0.383,0.522,0.132,0.041,0.347,0.795813,0.835079,0,0.382888,0.651832,0,0.522279,0.554974,0,0.13158,0.667539,0,0.041175,0.670157,0,0.346507,0.759162,0,0,0,0,0,0,0
retract,True,1,001000,Ap,,True,1,001000,Ap,,0.452,0.1,0.662,0.134,0.074,0.409,0.451595,0.835079,0,0.100179,0.651832,0,0.662078,0.554974,1,0.133725,0.667539,0,0.07399,0.670157,0,0.408985,0.759162,0,0,0,1,0,0,0
retrain,True,1,001000,Ap,,True,1,001000,Ap,,0.104,0.022,0.627,0.085,0.522,0.306,0.103775,0.835079,0,0.022496,0.651832,0,0.627222,0.554974,1,0.085017,0.667539,0,0.522112,0.670157,0,0.306111,0.759162,0,0,0,1,0,0,0
retreat,False,0,000000,,,False,0,000000,,,0.142,0.347,0.126,0.209,0.569,0.566,0.142102,0.835079,0,0.347128,0.651832,0,0.126132,0.554974,0,0.208571,0.667539,0,0.568659,0.670157,0,0.565971,0.759162,0,0,0,0,0,0,0
retry,False,0,000000,,,False,0,000000,,,0.513,0.159,0.102,0.148,0.134,0.602,0.51328,0.835079,0,0.158657,0.651832,0,0.102093,0.554974,0,0.148349,0.667539,0,0.134451,0.670157,0,0.601557,0.759162,0,0,0,0,0,0,0
return,True,1,000001,Ev,,True,2,001001,Ev,Ap,0.516,0.412,0.521,0.013,0.122,0.9,0.515621,0.835079,0,0.411549,0.651832,0,0.521347,0.554974,0,0.012817,0.667539,0,0.121654,0.670157,0,0.899635,0.759162,1,0,0,0,0,0,1
reunify,True,1,000001,Ev,,True,2,000011,Ev,Sn,0.616,0.134,0.026,0.012,0.742,0.861,0.615539,0.835079,0,0.133997,0.651832,0,0.026308,0.554974,0,0.01218,0.667539,0,0.742018,0.670157,1,0.861092,0.759162,1,0,0,0,0,0,1
reunite,False,0,000000,,,True,3,100011,Kn,"Sn, Ev",0.766,0.116,0.003,0.034,0.649,0.703,0.765644,0.835079,0,0.116339,0.651832,0,0.002618,0.554974,0,0.034154,0.667539,0,0.648949,0.670157,0,0.703208,0.759162,0,0,0,0,0,0,0
reuse,True,1,001000,Ap,,True,2,001001,Ap,Ev,0.387,0.068,0.979,0.098,0.223,0.698,0.387041,0.835079,0,0.068195,0.651832,0,0.979277,0.554974,1,0.097616,0.667539,0,0.222945,0.670157,0,0.697623,0.759162,0,0,0,1,0,0,0
reveal,True,3,101100,An,"Kn, Ap",True,3,101100,An,"Kn, Ap",0.854,0.411,0.771,0.911,0.171,0.049,0.85368,0.835079,1,0.410854,0.651832,0,0.770633,0.554974,1,0.911392,0.667539,1,0.170876,0.670157,0,0.048867,0.759162,0,1,0,1,1,0,0
reverse,True,1,001000,Ap,,True,2,001100,Ap,An,0.46,0.322,0.936,0.63,0.068,0.241,0.459837,0.835079,0,0.321646,0.651832,0,0.935777,0.554974,1,0.62954,0.667539,0,0.067582,0.670157,0,0.241338,0.759162,0,0,0,1,0,0,0
revert,True,1,000001,Ev,,True,2,001001,Ev,Ap,0.052,0.183,0.639,0.116,0.331,0.834,0.052199,0.835079,0,0.182978,0.651832,0,0.638588,0.554974,1,0.115785,0.667539,0,0.330645,0.670157,0,0.833757,0.759162,1,0,0,0,0,0,1
revisit,True,1,000001,Ev,,True,3,100011,Ev,"Kn, Sn",0.783,0.118,0.068,0.355,0.648,0.885,0.782697,0.835079,0,0.118325,0.651832,0,0.068033,0.554974,0,0.354839,0.667539,0,0.64804,0.670157,0,0.885443,0.759162,1,0,0,0,0,0,1
revive,True,1,000001,Ev,,True,2,000011,Ev,Sn,0.695,0.056,0.139,0.01,0.602,0.898,0.695453,0.835079,0,0.055683,0.651832,0,0.13947,0.554974,0,0.009811,0.667539,0,0.60246,0.670157,0,0.897944,0.759162,1,0,0,0,0,0,1
revolutionize,True,1,000010,Sn,,True,2,001010,Sn,Ap,0.003,0.382,0.804,0.184,0.975,0.406,0.002913,0.835079,0,0.38152,0.651832,0,0.803647,0.554974,1,0.184242,0.667539,0,0.975013,0.670157,1,0.405894,0.759162,0,0,0,0,0,1,0
revolve,True,1,001000,Ap,,True,2,011000,Ap,Cm,0.193,0.604,0.854,0.284,0.354,0.177,0.192871,0.835079,0,0.603995,0.651832,0,0.854344,0.554974,1,0.283592,0.667539,0,0.353923,0.670157,0,0.176574,0.759162,0,0,0,1,0,0,0
rewire,False,0,000000,,,True,1,000100,An,,0.068,0.11,0.443,0.613,0.515,0.433,0.067799,0.835079,0,0.110402,0.651832,0,0.443017,0.554974,0,0.612719,0.667539,0,0.514877,0.670157,0,0.432823,0.759162,0,0,0,0,0,0,0
reword,True,1,010000,Cm,,True,1,010000,Cm,,0.429,0.871,0.027,0.259,0.197,0.573,0.429452,0.835079,0,0.871348,0.651832,1,0.027205,0.554974,0,0.258698,0.667539,0,0.196505,0.670157,0,0.572842,0.759162,0,0,1,0,0,0,0
rework,True,1,000010,Sn,,True,1,000010,Sn,,0.019,0.098,0.41,0.204,0.905,0.458,0.01856,0.835079,0,0.098124,0.651832,0,0.410226,0.554974,0,0.204218,0.667539,0,0.905469,0.670157,1,0.45783,0.759162,0,0,0,0,0,1,0
ride,True,1,001000,Ap,,True,1,001000,Ap,,0.71,0.405,0.947,0.321,0.163,0.243,0.709738,0.835079,0,0.405298,0.651832,0,0.94723,0.554974,1,0.32099,0.667539,0,0.163173,0.670157,0,0.242781,0.759162,0,0,0,1,0,0,0
ring,False,0,000000,,,True,2,100001,Ev,Kn,0.713,0.195,0.251,0.183,0.21,0.737,0.712703,0.835079,0,0.195465,0.651832,0,0.250745,0.554974,0,0.183476,0.667539,0,0.210127,0.670157,0,0.737247,0.759162,0,0,0,0,0,0,0
rinse,True,1,000001,Ev,,True,1,000001,Ev,,0.426,0.018,0.029,0.203,0.259,0.899,0.42633,0.835079,0,0.018199,0.651832,0,0.028964,0.554974,0,0.203101,0.667539,0,0.259421,0.670157,0,0.899371,0.759162,1,0,0,0,0,0,1
rip,True,1,001000,Ap,,True,1,001000,Ap,,0.627,0.361,0.653,0.135,0.177,0.479,0.627018,0.835079,0,0.360851,0.651832,0,0.652529,0.554974,1,0.134969,0.667539,0,0.176977,0.670157,0,0.479486,0.759162,0,0,0,1,0,0,0
ripple,False,0,000000,,,True,1,000100,An,,0.092,0.249,0.017,0.636,0.335,0.182,0.092199,0.835079,0,0.249016,0.651832,0,0.016502,0.554974,0,0.63628,0.667539,0,0.335391,0.670157,0,0.18186,0.759162,0,0,0,0,0,0,0
rise,False,0,000000,,,True,2,000011,Ev,Sn,0.687,0.098,0.326,0.149,0.607,0.717,0.687416,0.835079,0,0.097842,0.651832,0,0.32638,0.554974,0,0.149348,0.667539,0,0.607474,0.670157,0,0.71677,0.759162,0,0,0,0,0,0,0
roam,False,0,000000,,,False,0,000000,,,0.506,0.454,0.405,0.368,0.227,0.08,0.50591,0.835079,0,0.453589,0.651832,0,0.405373,0.554974,0,0.367813,0.667539,0,0.22665,0.670157,0,0.080443,0.759162,0,0,0,0,0,0,0
rob,False,0,000000,,,False,0,000000,,,0.559,0.382,0.296,0.355,0.177,0.254,0.559481,0.835079,0,0.381857,0.651832,0,0.296388,0.554974,0,0.355341,0.667539,0,0.176617,0.670157,0,0.254441,0.759162,0,0,0,0,0,0,0
roll,True,1,001000,Ap,,True,1,001000,Ap,,0.589,0.432,0.839,0.376,0.242,0.474,0.58896,0.835079,0,0.432033,0.651832,0,0.839142,0.554974,1,0.376241,0.667539,0,0.241843,0.670157,0,0.474332,0.759162,0,0,0,1,0,0,0
rotate,True,1,001000,Ap,,True,2,001100,Ap,An,0.489,0.523,0.894,0.721,0.408,0.559,0.489368,0.835079,0,0.52337,0.651832,0,0.894163,0.554974,1,0.720906,0.667539,1,0.408218,0.670157,0,0.559034,0.759162,0,0,0,1,0,0,0
roughen,True,1,000001,Ev,,True,1,000001,Ev,,0.366,0.525,0.22,0.087,0.338,0.835,0.366312,0.835079,0,0.524846,0.651832,0,0.219507,0.554974,0,0.087444,0.667539,0,0.337777,0.670157,0,0.83452,0.759162,1,0,0,0,0,0,1
round,True,1,010000,Cm,,True,1,010000,Cm,,0.387,0.759,0.436,0.501,0.144,0.285,0.387121,0.835079,0,0.758652,0.651832,1,0.436256,0.554974,0,0.501393,0.667539,0,0.144191,0.670157,0,0.285133,0.759162,0,0,1,0,0,0,0
rout,True,1,010000,Cm,,True,1,010000,Cm,,0.545,0.796,0.237,0.408,0.066,0.366,0.545179,0.835079,0,0.796085,0.651832,1,0.237227,0.554974,0,0.407795,0.667539,0,0.06647,0.670157,0,0.365834,0.759162,0,0,1,0,0,0,0
rove,True,1,000100,An,,True,1,000100,An,,0.221,0.3,0.074,0.762,0.368,0.48,0.221493,0.835079,0,0.299821,0.651832,0,0.073983,0.554974,0,0.76203,0.667539,1,0.368473,0.670157,0,0.480404,0.759162,0,0,0,0,1,0,0
rub,False,0,000000,,,True,1,100000,Kn,,0.796,0.153,0.314,0.184,0.209,0.365,0.796014,0.835079,0,0.153205,0.651832,0,0.314124,0.554974,0,0.184224,0.667539,0,0.208562,0.670157,0,0.364931,0.759162,0,0,0,0,0,0,0
ruin,True,1,001000,Ap,,True,3,011001,Ap,"Cm, Ev",0.572,0.605,0.768,0.143,0.383,0.754,0.571674,0.835079,0,0.605469,0.651832,0,0.768063,0.554974,1,0.143108,0.667539,0,0.382589,0.670157,0,0.753588,0.759162,0,0,0,1,0,0,0
rule,True,1,000100,An,,True,1,000100,An,,0.679,0.301,0.294,0.698,0.004,0.577,0.678585,0.835079,0,0.300817,0.651832,0,0.294021,0.554974,0,0.69788,0.667539,1,0.003999,0.670157,0,0.57687,0.759162,0,0,0,0,1,0,0
run,True,2,010100,An,Cm,True,3,011100,An,"Cm, Ap",0.385,0.659,0.547,0.709,0.356,0.453,0.385316,0.835079,0,0.65894,0.651832,1,0.547189,0.554974,0,0.709013,0.667539,1,0.356413,0.670157,0,0.453252,0.759162,0,0,1,0,1,0,0
rupture,False,0,000000,,,True,1,000100,An,,0.069,0.3,0.418,0.634,0.075,0.366,0.069405,0.835079,0,0.299816,0.651832,0,0.418262,0.554974,0,0.634493,0.667539,0,0.075424,0.670157,0,0.366139,0.759162,0,0,0,0,0,0,0
safeguard,True,1,000001,Ev,,True,1,000001,Ev,,0.087,0.028,0.403,0.142,0.457,0.948,0.087321,0.835079,0,0.028322,0.651832,0,0.402932,0.554974,0,0.141693,0.667539,0,0.456857,0.670157,0,0.947987,0.759162,1,0,0,0,0,0,1
sail,True,1,001000,Ap,,True,2,001010,Ap,Sn,0.442,0.285,0.788,0.082,0.66,0.171,0.442147,0.835079,0,0.284605,0.651832,0,0.787684,0.554974,1,0.081584,0.667539,0,0.659806,0.670157,0,0.170709,0.759162,0,0,0,1,0,0,0
satisfy,True,1,001000,Ap,,True,2,001010,Ap,Sn,0.492,0.152,0.86,0.476,0.615,0.518,0.492065,0.835079,0,0.152273,0.651832,0,0.860099,0.554974,1,0.476129,0.667539,0,0.615366,0.670157,0,0.517738,0.759162,0,0,0,1,0,0,0
saturate,False,0,000000,,,True,1,000001,Ev,,0.027,0.202,0.144,0.52,0.176,0.686,0.026999,0.835079,0,0.201761,0.651832,0,0.143527,0.554974,0,0.520139,0.667539,0,0.175551,0.670157,0,0.686041,0.759162,0,0,0,0,0,0,0
save,True,1,000001,Ev,,True,2,000011,Ev,Sn,0.512,0.132,0.457,0.208,0.733,0.891,0.511507,0.835079,0,0.132177,0.651832,0,0.457108,0.554974,0,0.208445,0.667539,0,0.732868,0.670157,1,0.890559,0.759162,1,0,0,0,0,0,1
saw,True,3,110100,Kn,"Cm, An",True,3,110100,Kn,"Cm, An",0.993,0.662,0.175,0.97,0.177,0.277,0.992872,0.835079,1,0.661732,0.651832,1,0.174875,0.554974,0,0.96993,0.667539,1,0.17677,0.670157,0,0.277324,0.759162,0,1,1,0,1,0,0
say,True,2,110000,Cm,Kn,True,3,110001,Cm,"Kn, Ev",0.87,0.91,0.233,0.356,0.516,0.661,0.869658,0.835079,1,0.910487,0.651832,1,0.23276,0.554974,0,0.355522,0.667539,0,0.515518,0.670157,0,0.660547,0.759162,0,1,1,0,0,0,0
scale,True,1,000100,An,,True,2,010100,An,Cm,0.314,0.687,0.375,0.822,0.525,0.569,0.313717,0.835079,0,0.686775,0.651832,1,0.375105,0.554974,0,0.821733,0.667539,1,0.52474,0.670157,0,0.569401,0.759162,0,0,0,0,1,0,0
scan,True,1,000100,An,,True,4,101101,An,"Kn, Ap, Ev",0.81,0.409,0.621,0.861,0.055,0.799,0.810394,0.835079,0,0.409462,0.651832,0,0.620882,0.554974,1,0.860772,0.667539,1,0.055021,0.670157,0,0.799217,0.759162,1,0,0,0,1,0,0
scarify,True,1,000001,Ev,,True,1,000001,Ev,,0.411,0.279,0.323,0.221,0.354,0.899,0.410602,0.835079,0,0.278856,0.651832,0,0.322633,0.554974,0,0.220747,0.667539,0,0.353627,0.670157,0,0.89934,0.759162,1,0,0,0,0,0,1
scatter,False,0,000000,,,True,2,010100,Cm,An,0.542,0.636,0.415,0.574,0.274,0.048,0.542459,0.835079,0,0.636223,0.651832,0,0.415225,0.554974,0,0.574263,0.667539,0,0.274414,0.670157,0,0.047664,0.759162,0,0,0,0,0,0,0
scavenge,True,1,100000,Kn,,True,3,101100,Kn,"Ap, An",0.858,0.079,0.663,0.727,0.064,0.549,0.857766,0.835079,1,0.078883,0.651832,0,0.662616,0.554974,1,0.726724,0.667539,1,0.063759,0.670157,0,0.549325,0.759162,0,1,0,0,0,0,0
scour,True,1,001000,Ap,,True,1,001000,Ap,,0.609,0.158,0.634,0.465,0.021,0.481,0.608806,0.835079,0,0.158098,0.651832,0,0.633806,0.554974,1,0.465418,0.667539,0,0.021415,0.670157,0,0.480603,0.759162,0,0,0,1,0,0,0
scramble,True,1,000100,An,,True,2,000110,An,Sn,0.675,0.516,0.14,0.926,0.687,0.275,0.674924,0.835079,0,0.516452,0.651832,0,0.139798,0.554974,0,0.925572,0.667539,1,0.68702,0.670157,1,0.275276,0.759162,0,0,0,0,1,0,0
scrape,True,1,100000,Kn,,True,3,101100,Kn,"Ap, An",0.992,0.342,0.653,0.69,0.104,0.198,0.992249,0.835079,1,0.341849,0.651832,0,0.653053,0.554974,1,0.689623,0.667539,1,0.104249,0.670157,0,0.197657,0.759162,0,1,0,0,0,0,0
scratch,True,1,100000,Kn,,True,2,101000,Kn,Ap,0.993,0.313,0.53,0.315,0.355,0.036,0.993209,0.835079,1,0.312952,0.651832,0,0.529548,0.554974,0,0.315089,0.667539,0,0.355311,0.670157,0,0.036269,0.759162,0,1,0,0,0,0,0
screw,True,1,001000,Ap,,True,2,001001,Ev,Ap,0.576,0.308,0.579,0.195,0.286,0.716,0.575645,0.835079,0,0.308231,0.651832,0,0.578709,0.554974,1,0.195241,0.667539,0,0.285963,0.670157,0,0.71569,0.759162,0,0,0,1,0,0,0
scribe,True,1,100000,Kn,,True,4,101110,Kn,"Ap, An, Sn",0.993,0.177,0.629,0.599,0.719,0.323,0.993282,0.835079,1,0.176836,0.651832,0,0.628889,0.554974,1,0.59927,0.667539,0,0.719181,0.670157,1,0.32321,0.759162,0,1,0,0,0,0,0
scroll,True,1,100000,Kn,,True,3,101100,Kn,"Ap, An",0.958,0.046,0.685,0.838,0.06,0.243,0.958213,0.835079,1,0.046266,0.651832,0,0.684577,0.554974,1,0.837988,0.667539,1,0.059837,0.670157,0,0.242629,0.759162,0,1,0,0,0,0,0
sculpt,True,1,001000,Ap,,True,4,111100,Ap,"Kn, Cm, An",0.77,0.65,0.934,0.739,0.255,0.034,0.770155,0.835079,0,0.650462,0.651832,0,0.933968,0.554974,1,0.738841,0.667539,1,0.254575,0.670157,0,0.034276,0.759162,0,0,0,1,0,0,0
seal,True,1,000001,Ev,,True,1,000001,Ev,,0.467,0.507,0.121,0.444,0.309,0.925,0.46721,0.835079,0,0.507062,0.651832,0,0.121022,0.554974,0,0.444356,0.667539,0,0.309097,0.670157,0,0.924947,0.759162,1,0,0,0,0,0,1
seat,False,0,000000,,,True,2,100001,Kn,Ev,0.829,0.259,0.285,0.524,0.139,0.686,0.828548,0.835079,0,0.259473,0.651832,0,0.28547,0.554974,0,0.523941,0.667539,0,0.139213,0.670157,0,0.685869,0.759162,0,0,0,0,0,0,0
secrete,False,0,000000,,,False,0,000000,,,0.159,0.092,0.29,0.561,0.198,0.386,0.159433,0.835079,0,0.091849,0.651832,0,0.289713,0.554974,0,0.561358,0.667539,0,0.198416,0.670157,0,0.386496,0.759162,0,0,0,0,0,0,0
sectionalize,True,1,000010,Sn,,True,3,011010,Sn,"Cm, Ap",0.145,0.694,0.548,0.379,0.93,0.242,0.145,0.835079,0,0.693545,0.651832,1,0.548013,0.554974,0,0.379253,0.667539,0,0.930323,0.670157,1,0.242185,0.759162,0,0,0,0,0,1,0
secure,True,1,000001,Ev,,True,1,000001,Ev,,0.163,0.449,0.159,0.493,0.287,0.977,0.163301,0.835079,0,0.449018,0.651832,0,0.158674,0.554974,0,0.492566,0.667539,0,0.286866,0.670157,0,0.977001,0.759162,1,0,0,0,0,0,1
sediment,True,1,000100,An,,True,2,000101,An,Ev,0.189,0.176,0.211,0.828,0.204,0.69,0.188998,0.835079,0,0.17609,0.651832,0,0.211015,0.554974,0,0.827505,0.667539,1,0.203806,0.670157,0,0.690049,0.759162,0,0,0,0,1,0,0
see,True,1,100000,Kn,,True,3,110100,Kn,"Cm, An",0.968,0.859,0.236,0.876,0.325,0.481,0.967517,0.835079,1,0.858882,0.651832,1,0.236427,0.554974,0,0.875538,0.667539,1,0.325196,0.670157,0,0.480639,0.759162,0,1,0,0,0,0,0
seek,True,1,100000,Kn,,True,1,100000,Kn,,0.993,0.175,0.456,0.364,0.073,0.104,0.993239,0.835079,1,0.174683,0.651832,0,0.456239,0.554974,0,0.363723,0.667539,0,0.072712,0.670157,0,0.10434,0.759162,0,1,0,0,0,0,0
seem,True,1,010000,Cm,,True,2,110000,Cm,Kn,0.804,0.879,0.027,0.188,0.55,0.602,0.80438,0.835079,0,0.878784,0.651832,1,0.027459,0.554974,0,0.188033,0.667539,0,0.549931,0.670157,0,0.601809,0.759162,0,0,1,0,0,0,0
seep,True,1,000100,An,,True,2,010100,An,Cm,0.629,0.691,0.122,0.887,0.122,0.112,0.628777,0.835079,0,0.691494,0.651832,1,0.122412,0.554974,0,0.887174,0.667539,1,0.121982,0.670157,0,0.111787,0.759162,0,0,0,0,1,0,0
segregate,True,1,000100,An,,True,3,010101,An,"Cm, Ev",0.431,0.721,0.396,0.913,0.543,0.762,0.431209,0.835079,0,0.721484,0.651832,1,0.395676,0.554974,0,0.913051,0.667539,1,0.543413,0.670157,0,0.762006,0.759162,1,0,0,0,1,0,0
sell,True,2,001001,Ap,Ev,True,3,011001,Ap,"Cm, Ev",0.316,0.572,0.816,0.552,0.332,0.801,0.316006,0.835079,0,0.572318,0.651832,0,0.815822,0.554974,1,0.55237,0.667539,0,0.331649,0.670157,0,0.80076,0.759162,1,0,0,1,0,0,1
send,True,1,001000,Ap,,True,1,001000,Ap,,0.386,0.383,0.791,0.125,0.371,0.02,0.386269,0.835079,0,0.383059,0.651832,0,0.791364,0.554974,1,0.125392,0.667539,0,0.371488,0.670157,0,0.020482,0.759162,0,0,0,1,0,0,0
sensitize,False,0,000000,,,True,1,001000,Ap,,0.131,0.204,0.498,0.381,0.498,0.515,0.130901,0.835079,0,0.204233,0.651832,0,0.497714,0.554974,0,0.381132,0.667539,0,0.498127,0.670157,0,0.515277,0.759162,0,0,0,0,0,0,0
sequester,True,1,000001,Ev,,True,1,000001,Ev,,0.059,0.198,0.127,0.235,0.288,0.862,0.058996,0.835079,0,0.198085,0.651832,0,0.126553,0.554974,0,0.234689,0.667539,0,0.287598,0.670157,0,0.861974,0.759162,1,0,0,0,0,0,1
serve,True,2,001010,Ap,Sn,True,2,001010,Ap,Sn,0.41,0.246,0.79,0.089,0.758,0.176,0.410419,0.835079,0,0.245705,0.651832,0,0.78975,0.554974,1,0.088575,0.667539,0,0.757582,0.670157,1,0.175584,0.759162,0,0,0,1,0,1,0
set,False,0,000000,,,True,1,000010,Sn,,0.453,0.109,0.402,0.288,0.592,0.201,0.452718,0.835079,0,0.109397,0.651832,0,0.402428,0.554974,0,0.288154,0.667539,0,0.591846,0.670157,0,0.200566,0.759162,0,0,0,0,0,0,0
settle,True,3,000111,Ev,"An, Sn",True,3,000111,Ev,"An, Sn",0.499,0.133,0.145,0.875,0.721,0.883,0.498855,0.835079,0,0.133397,0.651832,0,0.145355,0.554974,0,0.875356,0.667539,1,0.720689,0.670157,1,0.883022,0.759162,1,0,0,0,1,1,1
shadow,True,2,010100,An,Cm,True,3,110100,An,"Kn, Cm",0.802,0.786,0.139,0.837,0.252,0.314,0.802023,0.835079,0,0.785728,0.651832,1,0.139423,0.554974,0,0.837364,0.667539,1,0.25181,0.670157,0,0.313868,0.759162,0,0,1,0,1,0,0
shake,True,1,000100,An,,True,2,000110,An,Sn,0.508,0.199,0.238,0.708,0.617,0.55,0.507774,0.835079,0,0.198755,0.651832,0,0.238151,0.554974,0,0.708471,0.667539,1,0.616582,0.670157,0,0.550037,0.759162,0,0,0,0,1,0,0
share,True,1,001000,Ap,,True,2,101000,Ap,Kn,0.743,0.178,0.827,0.181,0.347,0.176,0.743258,0.835079,0,0.177797,0.651832,0,0.827386,0.554974,1,0.181365,0.667539,0,0.34736,0.670157,0,0.1757,0.759162,0,0,0,1,0,0,0
sharpen,True,1,000100,An,,True,2,001100,An,Ap,0.386,0.099,0.522,0.671,0.345,0.577,0.386007,0.835079,0,0.098604,0.651832,0,0.521586,0.554974,0,0.67133,0.667539,1,0.345338,0.670157,0,0.577475,0.759162,0,0,0,0,1,0,0
shatter,False,0,000000,,,False,0,000000,,,0.221,0.08,0.028,0.507,0.474,0.177,0.221085,0.835079,0,0.080266,0.651832,0,0.028017,0.554974,0,0.507285,0.667539,0,0.473695,0.670157,0,0.176577,0.759162,0,0,0,0,0,0,0
shave,True,1,100000,Kn,,True,2,100010,Kn,Sn,0.923,0.257,0.364,0.316,0.688,0.365,0.922947,0.835079,1,0.257478,0.651832,0,0.36351,0.554974,0,0.315834,0.667539,0,0.687878,0.670157,1,0.365079,0.759162,0,1,0,0,0,0,0
shear,True,1,000100,An,,True,2,001100,An,Ap,0.441,0.214,0.494,0.76,0.334,0.302,0.440657,0.835079,0,0.213909,0.651832,0,0.494428,0.554974,0,0.760499,0.667539,1,0.334018,0.670157,0,0.301968,0.759162,0,0,0,0,1,0,0
shed,True,1,001000,Ap,,True,1,001000,Ap,,0.639,0.261,0.863,0.387,0.217,0.29,0.638794,0.835079,0,0.260911,0.651832,0,0.862885,0.554974,1,0.386555,0.667539,0,0.217402,0.670157,0,0.290103,0.759162,0,0,0,1,0,0,0
shield,False,0,000000,,,True,2,000011,Ev,Sn,0.147,0.384,0.103,0.181,0.624,0.662,0.147419,0.835079,0,0.383889,0.651832,0,0.102876,0.554974,0,0.181199,0.667539,0,0.623753,0.670157,0,0.662324,0.759162,0,0,0,0,0,0,0
shift,True,1,000100,An,,True,1,000100,An,,0.506,0.486,0.372,0.978,0.188,0.04,0.50632,0.835079,0,0.486185,0.651832,0,0.372099,0.554974,0,0.978355,0.667539,1,0.188062,0.670157,0,0.040444,0.759162,0,0,0,0,1,0,0
shine,False,0,000000,,,True,2,101000,Kn,Ap,0.749,0.381,0.491,0.153,0.371,0.501,0.748814,0.835079,0,0.38056,0.651832,0,0.490613,0.554974,0,0.153165,0.667539,0,0.371172,0.670157,0,0.500865,0.759162,0,0,0,0,0,0,0
ship,True,1,001000,Ap,,True,2,001010,Ap,Sn,0.409,0.452,0.623,0.202,0.622,0.308,0.408895,0.835079,0,0.452048,0.651832,0,0.62303,0.554974,1,0.201639,0.667539,0,0.622202,0.670157,0,0.307686,0.759162,0,0,0,1,0,0,0
shoot,False,0,000000,,,False,0,000000,,,0.547,0.387,0.383,0.485,0.04,0.481,0.547114,0.835079,0,0.387052,0.651832,0,0.382974,0.554974,0,0.484663,0.667539,0,0.039504,0.670157,0,0.481413,0.759162,0,0,0,0,0,0,0
shorten,False,0,000000,,,True,1,000010,Sn,,0.387,0.479,0.435,0.186,0.605,0.191,0.386925,0.835079,0,0.478609,0.651832,0,0.435002,0.554974,0,0.185936,0.667539,0,0.604652,0.670157,0,0.19131,0.759162,0,0,0,0,0,0,0
shove,True,1,001000,Ap,,True,2,001010,Ap,Sn,0.164,0.381,0.845,0.492,0.616,0.569,0.163648,0.835079,0,0.38111,0.651832,0,0.844699,0.554974,1,0.492262,0.667539,0,0.616208,0.670157,0,0.568705,0.759162,0,0,0,1,0,0,0
shovel,True,1,000100,An,,True,2,001100,An,Ap,0.115,0.299,0.811,0.99,0.399,0.424,0.115214,0.835079,0,0.29887,0.651832,0,0.810512,0.554974,1,0.990434,0.667539,1,0.398927,0.670157,0,0.424188,0.759162,0,0,0,0,1,0,0
shrink,True,2,001010,Sn,Ap,True,3,001110,Sn,"Ap, An",0.154,0.258,0.66,0.616,0.719,0.504,0.154037,0.835079,0,0.258394,0.651832,0,0.660006,0.554974,1,0.615685,0.667539,0,0.719089,0.670157,1,0.504264,0.759162,0,0,0,1,0,1,0
shuffle,True,1,000010,Sn,,True,3,100110,Kn,"An, Sn",0.823,0.303,0.241,0.617,0.718,0.444,0.822593,0.835079,0,0.303202,0.651832,0,0.24074,0.554974,0,0.617359,0.667539,0,0.718045,0.670157,1,0.444166,0.759162,0,0,0,0,0,1,0
shut,True,1,000001,Ev,,True,3,101001,Ev,"Kn, Ap",0.74,0.304,0.522,0.527,0.094,0.834,0.739765,0.835079,0,0.304056,0.651832,0,0.521833,0.554974,0,0.527381,0.667539,0,0.094324,0.670157,0,0.83393,0.759162,1,0,0,0,0,0,1
side,True,1,000100,An,,True,3,110100,An,"Kn, Cm",0.721,0.683,0.254,0.922,0.131,0.618,0.721105,0.835079,0,0.682801,0.651832,1,0.254094,0.554974,0,0.921696,0.667539,1,0.131214,0.670157,0,0.617725,0.759162,0,0,0,0,1,0,0
sidestep,True,1,000100,An,,True,1,000100,An,,0.05,0.142,0.377,0.808,0.178,0.573,0.049656,0.835079,0,0.142039,0.651832,0,0.376706,0.554974,0,0.807857,0.667539,1,0.177728,0.670157,0,0.572548,0.759162,0,0,0,0,1,0,0
sign,True,2,010100,Cm,An,True,2,010100,Cm,An,0.647,0.803,0.231,0.794,0.345,0.258,0.647248,0.835079,0,0.803384,0.651832,1,0.230788,0.554974,0,0.793595,0.667539,1,0.344753,0.670157,0,0.257706,0.759162,0,0,1,0,1,0,0
signal,True,1,000100,An,,True,2,010100,An,Cm,0.553,0.682,0.149,0.885,0.259,0.365,0.552506,0.835079,0,0.6821,0.651832,1,0.149209,0.554974,0,0.885489,0.667539,1,0.259413,0.670157,0,0.364502,0.759162,0,0,0,0,1,0,0
signify,True,1,010000,Cm,,True,3,010011,Cm,"Sn, Ev",0.57,0.786,0.191,0.472,0.586,0.689,0.57006,0.835079,0,0.785843,0.651832,1,0.190649,0.554974,0,0.471541,0.667539,0,0.586214,0.670157,0,0.688505,0.759162,0,0,1,0,0,0,0
silt,True,1,000001,Ev,,True,2,000101,Ev,An,0.385,0.203,0.018,0.671,0.396,0.882,0.38533,0.835079,0,0.203131,0.651832,0,0.018316,0.554974,0,0.671112,0.667539,1,0.396418,0.670157,0,0.882382,0.759162,1,0,0,0,0,0,1
sin,True,1,000001,Ev,,True,1,000001,Ev,,0.687,0.161,0.232,0.354,0.003,0.873,0.687377,0.835079,0,0.16098,0.651832,0,0.231667,0.554974,0,0.354448,0.667539,0,0.002618,0.670157,0,0.873334,0.759162,1,0,0,0,0,0,1
sing,True,1,100000,Kn,,True,3,101010,Kn,"Ap, Sn",0.846,0.027,0.706,0.075,0.72,0.065,0.84596,0.835079,1,0.027382,0.651832,0,0.70611,0.554974,1,0.074607,0.667539,0,0.719972,0.670157,1,0.065448,0.759162,0,1,0,0,0,0,0
sink,True,1,000100,An,,True,2,001100,An,Ap,0.387,0.118,0.501,0.809,0.123,0.235,0.386872,0.835079,0,0.118413,0.651832,0,0.501252,0.554974,0,0.809245,0.667539,1,0.123323,0.670157,0,0.235125,0.759162,0,0,0,0,1,0,0
siphon,True,1,000100,An,,True,2,001100,An,Ap,0.284,0.154,0.521,0.875,0.037,0.104,0.284062,0.835079,0,0.154335,0.651832,0,0.521017,0.554974,0,0.875124,0.667539,1,0.036976,0.670157,0,0.104166,0.759162,0,0,0,0,1,0,0
sit,True,2,100001,Kn,Ev,True,3,101001,Kn,"Ap, Ev",0.865,0.218,0.54,0.508,0.354,0.805,0.864669,0.835079,1,0.218377,0.651832,0,0.540374,0.554974,0,0.507602,0.667539,0,0.354367,0.670157,0,0.804845,0.759162,1,1,0,0,0,0,1
situate,True,2,010010,Sn,Cm,True,2,010010,Sn,Cm,0.513,0.681,0.293,0.549,0.736,0.518,0.513174,0.835079,0,0.681287,0.651832,1,0.293287,0.554974,0,0.54929,0.667539,0,0.735985,0.670157,1,0.517646,0.759162,0,0,1,0,0,1,0
skew,True,1,000100,An,,True,1,000100,An,,0.346,0.53,0.067,0.967,0.074,0.434,0.346455,0.835079,0,0.530161,0.651832,0,0.066749,0.554974,0,0.966907,0.667539,1,0.074498,0.670157,0,0.433725,0.759162,0,0,0,0,1,0,0
skip,True,1,100000,Kn,,True,2,110000,Kn,Cm,0.976,0.564,0.228,0.391,0.197,0.365,0.976459,0.835079,1,0.563639,0.651832,0,0.228019,0.554974,0,0.390778,0.667539,0,0.197109,0.670157,0,0.365494,0.759162,0,1,0,0,0,0,0
slap,False,0,000000,,,False,0,000000,,,0.43,0.173,0.256,0.527,0.154,0.463,0.429803,0.835079,0,0.173393,0.651832,0,0.256266,0.554974,0,0.527395,0.667539,0,0.153515,0.670157,0,0.463214,0.759162,0,0,0,0,0,0,0
slice,True,1,000100,An,,True,1,000100,An,,0.661,0.37,0.334,0.982,0.105,0.441,0.66089,0.835079,0,0.369604,0.651832,0,0.333756,0.554974,0,0.981846,0.667539,1,0.10547,0.670157,0,0.440632,0.759162,0,0,0,0,1,0,0
slide,True,1,001000,Ap,,True,1,001000,Ap,,0.438,0.171,0.858,0.388,0.279,0.026,0.438295,0.835079,0,0.171359,0.651832,0,0.858436,0.554974,1,0.388294,0.667539,0,0.279275,0.670157,0,0.025943,0.759162,0,0,0,1,0,0,0
slip,False,0,000000,,,False,0,000000,,,0.516,0.389,0.362,0.475,0.02,0.085,0.515639,0.835079,0,0.388896,0.651832,0,0.362286,0.554974,0,0.475184,0.667539,0,0.019937,0.670157,0,0.084712,0.759162,0,0,0,0,0,0,0
slither,True,1,000100,An,,True,1,000100,An,,0.633,0.13,0.12,0.848,0.344,0.084,0.633339,0.835079,0,0.129772,0.651832,0,0.120105,0.554974,0,0.848497,0.667539,1,0.344262,0.670157,0,0.084168,0.759162,0,0,0,0,1,0,0
slosh,True,2,010100,An,Cm,True,2,010100,An,Cm,0.117,0.701,0.047,0.722,0.187,0.458,0.116743,0.835079,0,0.701022,0.651832,1,0.047145,0.554974,0,0.721848,0.667539,1,0.186937,0.670157,0,0.457819,0.759162,0,0,1,0,1,0,0
slow,True,1,000100,An,,True,2,100100,Kn,An,0.718,0.454,0.069,0.67,0.122,0.615,0.71844,0.835079,0,0.454223,0.651832,0,0.06948,0.554974,0,0.670473,0.667539,1,0.122041,0.670157,0,0.614559,0.759162,0,0,0,0,1,0,0
smear,True,1,000100,An,,True,4,110101,An,"Kn, Cm, Ev",0.802,0.596,0.087,0.907,0.132,0.678,0.801934,0.835079,0,0.59604,0.651832,0,0.086993,0.554974,0,0.906627,0.667539,1,0.131883,0.670157,0,0.678176,0.759162,0,0,0,0,1,0,0
smile,True,1,000010,Sn,,True,2,001010,Sn,Ap,0.64,0.161,0.556,0.283,0.792,0.036,0.639741,0.835079,0,0.160728,0.651832,0,0.555552,0.554974,1,0.282923,0.667539,0,0.791951,0.670157,1,0.035562,0.759162,0,0,0,0,0,1,0
smoke,True,3,001101,An,"Ap, Ev",True,3,001101,An,"Ap, Ev",0.555,0.299,0.63,0.808,0.303,0.768,0.555054,0.835079,0,0.298954,0.651832,0,0.630484,0.554974,1,0.808384,0.667539,1,0.30306,0.670157,0,0.768202,0.759162,1,0,0,1,1,0,1
smooth,False,0,000000,,,True,1,000100,An,,0.488,0.49,0.435,0.632,0.343,0.171,0.487829,0.835079,0,0.4903,0.651832,0,0.435422,0.554974,0,0.631974,0.667539,0,0.342973,0.670157,0,0.170805,0.759162,0,0,0,0,0,0,0
smoothen,False,0,000000,,,False,0,000000,,,0.187,0.188,0.457,0.263,0.519,0.166,0.187328,0.835079,0,0.188251,0.651832,0,0.456653,0.554974,0,0.262548,0.667539,0,0.518966,0.670157,0,0.166231,0.759162,0,0,0,0,0,0,0
smudge,True,1,000100,An,,True,2,100100,Kn,An,0.782,0.501,0.086,0.696,0.174,0.288,0.782005,0.835079,0,0.500868,0.651832,0,0.08616,0.554974,0,0.69631,0.667539,1,0.174442,0.670157,0,0.288062,0.759162,0,0,0,0,1,0,0
snap,True,2,000101,Ev,An,True,2,000101,Ev,An,0.461,0.484,0.161,0.915,0.103,0.92,0.460892,0.835079,0,0.4843,0.651832,0,0.160567,0.554974,0,0.915313,0.667539,1,0.103166,0.670157,0,0.919861,0.759162,1,0,0,0,1,0,1
soak,True,1,001000,Ap,,True,1,001000,Ap,,0.279,0.154,0.629,0.332,0.078,0.366,0.278876,0.835079,0,0.153936,0.651832,0,0.62941,0.554974,1,0.332415,0.667539,0,0.078433,0.670157,0,0.366359,0.759162,0,0,0,1,0,0,0
soar,False,0,000000,,,False,0,000000,,,0.379,0.302,0.166,0.185,0.2,0.463,0.378741,0.835079,0,0.301846,0.651832,0,0.166365,0.554974,0,0.185196,0.667539,0,0.199722,0.670157,0,0.463222,0.759162,0,0,0,0,0,0,0
socialize,True,1,000010,Sn,,True,3,110010,Sn,"Kn, Cm",0.795,0.793,0.396,0.038,0.935,0.088,0.795164,0.835079,0,0.79274,0.651832,1,0.396495,0.554974,0,0.037894,0.667539,0,0.935351,0.670157,1,0.088346,0.759162,0,0,0,0,0,1,0
soften,False,0,000000,,,False,0,000000,,,0.153,0.175,0.067,0.271,0.531,0.462,0.152556,0.835079,0,0.17455,0.651832,0,0.066979,0.554974,0,0.271367,0.667539,0,0.530525,0.670157,0,0.462238,0.759162,0,0,0,0,0,0,0
solicit,True,1,000010,Sn,,True,1,000010,Sn,,0.087,0.11,0.256,0.551,0.68,0.24,0.086613,0.835079,0,0.110443,0.651832,0,0.256221,0.554974,0,0.550784,0.667539,0,0.679662,0.670157,1,0.239884,0.759162,0,0,0,0,0,1,0
solidify,True,1,001000,Ap,,True,2,001100,An,Ap,0.011,0.351,0.598,0.637,0.514,0.559,0.011419,0.835079,0,0.35114,0.651832,0,0.598208,0.554974,1,0.636703,0.667539,0,0.51402,0.670157,0,0.558916,0.759162,0,0,0,1,0,0,0
sound,False,0,000000,,,False,0,000000,,,0.106,0.353,0.02,0.425,0.493,0.644,0.106186,0.835079,0,0.352648,0.651832,0,0.02006,0.554974,0,0.424886,0.667539,0,0.492801,0.670157,0,0.643919,0.759162,0,0,0,0,0,0,0
sow,True,1,000100,An,,True,3,011100,An,"Cm, Ap",0.628,0.67,0.634,0.981,0.218,0.428,0.627924,0.835079,0,0.670132,0.651832,1,0.634235,0.554974,1,0.981036,0.667539,1,0.218141,0.670157,0,0.427854,0.759162,0,0,0,0,1,0,0
sparge,True,1,000001,Ev,,True,1,000001,Ev,,0.416,0.099,0.03,0.121,0.26,0.776,0.415589,0.835079,0,0.098557,0.651832,0,0.030442,0.554974,0,0.120984,0.667539,0,0.259545,0.670157,0,0.776454,0.759162,1,0,0,0,0,0,1
spark,True,1,010000,Cm,,True,2,010100,Cm,An,0.555,0.692,0.046,0.643,0.365,0.426,0.555381,0.835079,0,0.691934,0.651832,1,0.046404,0.554974,0,0.642536,0.667539,0,0.365388,0.670157,0,0.426043,0.759162,0,0,1,0,0,0,0
spawn,False,0,000000,,,True,1,100000,Kn,,0.791,0.174,0.147,0.355,0.513,0.082,0.791015,0.835079,0,0.17365,0.651832,0,0.146981,0.554974,0,0.355113,0.667539,0,0.513408,0.670157,0,0.082052,0.759162,0,0,0,0,0,0,0
speak,True,1,000010,Sn,,True,3,110010,Sn,"Kn, Cm",0.758,0.626,0.437,0.033,0.849,0.084,0.757789,0.835079,0,0.626441,0.651832,0,0.437052,0.554974,0,0.033126,0.667539,0,0.848526,0.670157,1,0.083725,0.759162,0,0,0,0,0,1,0
spearhead,True,1,000100,An,,True,1,000100,An,,0.344,0.046,0.003,0.918,0.421,0.461,0.344165,0.835079,0,0.045959,0.651832,0,0.002618,0.554974,0,0.917753,0.667539,1,0.42127,0.670157,0,0.461445,0.759162,0,0,0,0,1,0,0
specialize,True,1,001000,Ap,,True,3,011010,Ap,"Cm, Sn",0.221,0.787,0.897,0.367,0.687,0.306,0.221261,0.835079,0,0.786616,0.651832,1,0.896777,0.554974,1,0.367135,0.667539,0,0.687487,0.670157,1,0.305536,0.759162,0,0,0,1,0,0,0
spell,True,1,100000,Kn,,True,2,110000,Kn,Cm,0.887,0.569,0.147,0.234,0.139,0.52,0.887081,0.835079,1,0.568676,0.651832,0,0.147367,0.554974,0,0.234048,0.667539,0,0.138918,0.670157,0,0.519519,0.759162,0,1,0,0,0,0,0
spend,True,1,001000,Ap,,True,3,111000,Ap,"Kn, Cm",0.89,0.574,0.981,0.088,0.13,0.255,0.889968,0.835079,1,0.574039,0.651832,0,0.981022,0.554974,1,0.087897,0.667539,0,0.129897,0.670157,0,0.255326,0.759162,0,0,0,1,0,0,0
spin,True,1,000001,Ev,,True,2,001001,Ev,Ap,0.675,0.494,0.706,0.282,0.286,0.828,0.674917,0.835079,0,0.493525,0.651832,0,0.705603,0.554974,1,0.281784,0.667539,0,0.286359,0.670157,0,0.828035,0.759162,1,0,0,0,0,0,1
splash,False,0,000000,,,False,0,000000,,,0.439,0.225,0.008,0.369,0.087,0.291,0.438627,0.835079,0,0.225382,0.651832,0,0.007744,0.554974,0,0.369342,0.667539,0,0.086856,0.670157,0,0.291223,0.759162,0,0,0,0,0,0,0
splice,False,0,000000,,,False,0,000000,,,0.348,0.502,0.159,0.51,0.304,0.013,0.347885,0.835079,0,0.502354,0.651832,0,0.158629,0.554974,0,0.510257,0.667539,0,0.304268,0.670157,0,0.013075,0.759162,0,0,0,0,0,0,0
split,True,1,000100,An,,True,1,000100,An,,0.3,0.356,0.015,0.997,0.245,0.301,0.300424,0.835079,0,0.356285,0.651832,0,0.01469,0.554974,0,0.997382,0.667539,1,0.245056,0.670157,0,0.300824,0.759162,0,0,0,0,1,0,0
spoil,True,2,001100,An,Ap,True,3,001101,An,"Ap, Ev",0.529,0.175,0.804,0.846,0.164,0.747,0.529289,0.835079,0,0.175049,0.651832,0,0.803834,0.554974,1,0.845847,0.667539,1,0.16394,0.670157,0,0.746738,0.759162,0,0,0,1,1,0,0
sponsor,True,2,010010,Cm,Sn,True,2,010010,Cm,Sn,0.441,0.74,0.207,0.402,0.682,0.329,0.441114,0.835079,0,0.740337,0.651832,1,0.20717,0.554974,0,0.402407,0.667539,0,0.681908,0.670157,1,0.328932,0.759162,0,0,1,0,0,1,0
sporulate,True,1,000010,Sn,,True,3,011010,Sn,"Cm, Ap",0.171,0.562,0.497,0.282,0.708,0.018,0.171384,0.835079,0,0.561926,0.651832,0,0.497439,0.554974,0,0.282415,0.667539,0,0.707921,0.670157,1,0.018434,0.759162,0,0,0,0,0,1,0
spray,False,0,000000,,,True,1,001000,Ap,,0.143,0.256,0.52,0.39,0.217,0.177,0.142702,0.835079,0,0.255721,0.651832,0,0.519761,0.554974,0,0.389602,0.667539,0,0.217436,0.670157,0,0.176857,0.759162,0,0,0,0,0,0,0
spread,True,1,001000,Ap,,True,2,001100,Ap,An,0.385,0.099,0.609,0.58,0.089,0.237,0.385375,0.835079,0,0.099347,0.651832,0,0.608717,0.554974,1,0.579642,0.667539,0,0.08914,0.670157,0,0.237468,0.759162,0,0,0,1,0,0,0
sprinkle,False,0,000000,,,False,0,000000,,,0.273,0.517,0.305,0.302,0.404,0.037,0.273486,0.835079,0,0.516907,0.651832,0,0.304574,0.554974,0,0.302347,0.667539,0,0.403848,0.670157,0,0.036591,0.759162,0,0,0,0,0,0,0
sputter,False,0,000000,,,False,0,000000,,,0.366,0.487,0.017,0.137,0.559,0.166,0.365602,0.835079,0,0.486689,0.651832,0,0.017089,0.554974,0,0.136532,0.667539,0,0.558673,0.670157,0,0.165844,0.759162,0,0,0,0,0,0,0
squander,True,1,001000,Ap,,True,2,001100,Ap,An,0.301,0.356,0.737,0.613,0.003,0.57,0.300936,0.835079,0,0.356296,0.651832,0,0.737462,0.554974,1,0.613075,0.667539,0,0.002618,0.670157,0,0.570163,0.759162,0,0,0,1,0,0,0
squash,True,1,000100,An,,True,1,000100,An,,0.234,0.227,0.439,0.831,0.393,0.19,0.234205,0.835079,0,0.227279,0.651832,0,0.439396,0.554974,0,0.830502,0.667539,1,0.392815,0.670157,0,0.190219,0.759162,0,0,0,0,1,0,0
squeeze,True,1,000100,An,,True,2,000101,An,Ev,0.554,0.535,0.326,0.902,0.023,0.678,0.553534,0.835079,0,0.53494,0.651832,0,0.326007,0.554974,0,0.902071,0.667539,1,0.022841,0.670157,0,0.67842,0.759162,0,0,0,0,1,0,0
squirt,False,0,000000,,,True,2,010100,Cm,An,0.271,0.647,0.44,0.614,0.053,0.041,0.270635,0.835079,0,0.64738,0.651832,0,0.44005,0.554974,0,0.614263,0.667539,0,0.053002,0.670157,0,0.041206,0.759162,0,0,0,0,0,0,0
stabilize,True,2,000011,Sn,Ev,True,2,000011,Sn,Ev,0.074,0.109,0.073,0.536,0.935,0.923,0.073734,0.835079,0,0.108892,0.651832,0,0.073344,0.554974,0,0.536086,0.667539,0,0.93475,0.670157,1,0.923294,0.759162,1,0,0,0,0,1,1
stack,False,0,000000,,,True,1,000100,An,,0.3,0.152,0.183,0.573,0.557,0.276,0.299752,0.835079,0,0.152365,0.651832,0,0.183393,0.554974,0,0.573247,0.667539,0,0.556616,0.670157,0,0.276327,0.759162,0,0,0,0,0,0,0
stagger,False,0,000000,,,False,0,000000,,,0.363,0.257,0.21,0.27,0.358,0.542,0.363058,0.835079,0,0.256706,0.651832,0,0.210428,0.554974,0,0.270005,0.667539,0,0.358199,0.670157,0,0.542351,0.759162,0,0,0,0,0,0,0
stagnate,True,1,000010,Sn,,True,2,001010,Sn,Ap,0.386,0.066,0.501,0.321,0.718,0.576,0.385576,0.835079,0,0.066246,0.651832,0,0.50093,0.554974,0,0.321068,0.667539,0,0.718234,0.670157,1,0.575624,0.759162,0,0,0,0,0,1,0
stall,False,0,000000,,,False,0,000000,,,0.555,0.231,0.265,0.421,0.219,0.369,0.554781,0.835079,0,0.23067,0.651832,0,0.265384,0.554974,0,0.421016,0.667539,0,0.219374,0.670157,0,0.368957,0.759162,0,0,0,0,0,0,0
stamp,True,1,100000,Kn,,True,3,111000,Kn,"Cm, Ap",0.982,0.562,0.498,0.338,0.071,0.249,0.982324,0.835079,1,0.562128,0.651832,0,0.497717,0.554974,0,0.337834,0.667539,0,0.070772,0.670157,0,0.248861,0.759162,0,1,0,0,0,0,0
stand,True,1,100000,Kn,,True,5,110111,Kn,"Cm, An, Sn, Ev",0.97,0.793,0.237,0.828,0.722,0.833,0.970008,0.835079,1,0.792633,0.651832,1,0.236689,0.554974,0,0.828428,0.667539,1,0.721586,0.670157,1,0.833218,0.759162,1,1,0,0,0,0,0
standardize,True,1,000010,Sn,,True,3,010011,Sn,"Cm, Ev",0.007,0.633,0.402,0.31,0.98,0.749,0.006557,0.835079,0,0.633287,0.651832,0,0.401553,0.554974,0,0.310139,0.667539,0,0.979857,0.670157,1,0.749147,0.759162,0,0,0,0,0,1,0
start,False,0,000000,,,True,2,100010,Kn,Sn,0.743,0.425,0.177,0.352,0.582,0.547,0.743236,0.835079,0,0.424973,0.651832,0,0.177376,0.554974,0,0.35178,0.667539,0,0.582227,0.670157,0,0.546533,0.759162,0,0,0,0,0,0,0
starve,True,2,001001,Ev,Ap,True,2,001001,Ev,Ap,0.608,0.116,0.875,0.377,0.204,0.883,0.60754,0.835079,0,0.115614,0.651832,0,0.874923,0.554974,1,0.376775,0.667539,0,0.203596,0.670157,0,0.882901,0.759162,1,0,0,1,0,0,1
stay,True,1,000001,Ev,,True,1,000001,Ev,,0.606,0.381,0.255,0.185,0.302,0.952,0.606454,0.835079,0,0.380961,0.651832,0,0.255098,0.554974,0,0.185285,0.667539,0,0.301823,0.670157,0,0.951958,0.759162,1,0,0,0,0,0,1
steal,True,2,101000,Kn,Ap,True,2,101000,Kn,Ap,0.993,0.432,0.936,0.212,0.073,0.278,0.992602,0.835079,1,0.432349,0.651832,0,0.935515,0.554974,1,0.211891,0.667539,0,0.073036,0.670157,0,0.277955,0.759162,0,1,0,1,0,0,0
steer,True,1,000100,An,,True,3,011100,An,"Cm, Ap",0.437,0.722,0.727,0.837,0.418,0.523,0.437144,0.835079,0,0.722154,0.651832,1,0.726673,0.554974,1,0.837157,0.667539,1,0.418327,0.670157,0,0.523425,0.759162,0,0,0,0,1,0,0
stick,True,1,000100,An,,True,2,001100,An,Ap,0.555,0.255,0.683,0.781,0.087,0.415,0.555486,0.835079,0,0.254512,0.651832,0,0.682607,0.554974,1,0.781117,0.667539,1,0.087053,0.670157,0,0.415201,0.759162,0,0,0,0,1,0,0
stiffen,False,0,000000,,,False,0,000000,,,0.141,0.164,0.056,0.54,0.408,0.48,0.14148,0.835079,0,0.164372,0.651832,0,0.055646,0.554974,0,0.539959,0.667539,0,0.407927,0.670157,0,0.480239,0.759162,0,0,0,0,0,0,0
stifle,False,0,000000,,,False,0,000000,,,0.236,0.159,0.453,0.315,0.312,0.43,0.235732,0.835079,0,0.158542,0.651832,0,0.452806,0.554974,0,0.314726,0.667539,0,0.311507,0.670157,0,0.429675,0.759162,0,0,0,0,0,0,0
stimulate,True,2,001010,Ap,Sn,True,2,001010,Ap,Sn,0.314,0.11,0.706,0.107,0.676,0.083,0.313702,0.835079,0,0.109897,0.651832,0,0.705599,0.554974,1,0.10718,0.667539,0,0.676142,0.670157,1,0.083444,0.759162,0,0,0,1,0,1,0
stipulate,True,1,000010,Sn,,True,1,000010,Sn,,0.22,0.204,0.103,0.356,0.717,0.614,0.21997,0.835079,0,0.203784,0.651832,0,0.10309,0.554974,0,0.355703,0.667539,0,0.71738,0.670157,1,0.613603,0.759162,0,0,0,0,0,1,0
stir,True,1,000100,An,,True,3,000111,An,"Sn, Ev",0.399,0.493,0.047,0.981,0.851,0.765,0.398579,0.835079,0,0.492734,0.651832,0,0.046812,0.554974,0,0.980902,0.667539,1,0.850868,0.670157,1,0.764787,0.759162,1,0,0,0,1,0,0
stitch,True,1,100000,Kn,,True,2,101000,Kn,Ap,0.936,0.175,0.557,0.306,0.194,0.082,0.9365,0.835079,1,0.174946,0.651832,0,0.556821,0.554974,1,0.306316,0.667539,0,0.194364,0.670157,0,0.081988,0.759162,0,1,0,0,0,0,0
stockpile,True,1,001000,Ap,,True,1,001000,Ap,,0.451,0.057,0.704,0.553,0.346,0.601,0.450738,0.835079,0,0.057129,0.651832,0,0.704431,0.554974,1,0.552588,0.667539,0,0.346355,0.670157,0,0.601289,0.759162,0,0,0,1,0,0,0
stomp,True,1,001000,Ap,,True,1,001000,Ap,,0.249,0.382,0.701,0.284,0.089,0.356,0.249227,0.835079,0,0.381705,0.651832,0,0.701008,0.554974,1,0.284191,0.667539,0,0.088612,0.670157,0,0.355613,0.759162,0,0,0,1,0,0,0
stoop,False,0,000000,,,False,0,000000,,,0.357,0.144,0.256,0.335,0.356,0.254,0.357295,0.835079,0,0.144452,0.651832,0,0.255883,0.554974,0,0.334882,0.667539,0,0.355999,0.670157,0,0.254375,0.759162,0,0,0,0,0,0,0
stop,True,1,010000,Cm,,True,3,110001,Kn,"Cm, Ev",0.763,0.692,0.322,0.414,0.075,0.717,0.762957,0.835079,0,0.692288,0.651832,1,0.322413,0.554974,0,0.414174,0.667539,0,0.075093,0.670157,0,0.716668,0.759162,0,0,1,0,0,0,0
store,True,1,001000,Ap,,True,3,111000,Ap,"Kn, Cm",0.815,0.704,0.933,0.538,0.408,0.171,0.814881,0.835079,0,0.70361,0.651832,1,0.932813,0.554974,1,0.538245,0.667539,0,0.407514,0.670157,0,0.171157,0.759162,0,0,0,1,0,0,0
straddle,False,0,000000,,,True,1,000100,An,,0.677,0.383,0.437,0.579,0.514,0.159,0.676776,0.835079,0,0.383362,0.651832,0,0.436739,0.554974,0,0.578942,0.667539,0,0.514246,0.670157,0,0.159427,0.759162,0,0,0,0,0,0,0
straighten,True,1,000100,An,,True,2,000101,An,Ev,0.669,0.337,0.173,0.897,0.44,0.681,0.669292,0.835079,0,0.336746,0.651832,0,0.172666,0.554974,0,0.896767,0.667539,1,0.44022,0.670157,0,0.681009,0.759162,0,0,0,0,1,0,0
stratify,False,0,000000,,,True,1,000100,An,,0.175,0.236,0.393,0.576,0.481,0.604,0.175137,0.835079,0,0.235583,0.651832,0,0.392806,0.554974,0,0.575514,0.667539,0,0.48123,0.670157,0,0.604031,0.759162,0,0,0,0,0,0,0
stray,True,1,000100,An,,True,3,110100,An,"Kn, Cm",0.782,0.685,0.14,0.861,0.234,0.143,0.781884,0.835079,0,0.684811,0.651832,1,0.139652,0.554974,0,0.861164,0.667539,1,0.233746,0.670157,0,0.143375,0.759162,0,0,0,0,1,0,0
streamline,False,0,000000,,,False,0,000000,,,0.694,0.502,0.092,0.526,0.295,0.147,0.693927,0.835079,0,0.501583,0.651832,0,0.091812,0.554974,0,0.526155,0.667539,0,0.294915,0.670157,0,0.146837,0.759162,0,0,0,0,0,0,0
strengthen,True,1,000010,Sn,,True,3,001011,Ev,"Ap, Sn",0.05,0.059,0.523,0.083,0.718,0.75,0.050421,0.835079,0,0.059416,0.651832,0,0.523081,0.554974,0,0.083244,0.667539,0,0.718295,0.670157,1,0.749739,0.759162,0,0,0,0,0,1,0
stretch,True,1,000100,An,,True,1,000100,An,,0.19,0.521,0.451,0.946,0.071,0.094,0.189599,0.835079,0,0.520998,0.651832,0,0.451141,0.554974,0,0.945766,0.667539,1,0.070905,0.670157,0,0.093874,0.759162,0,0,0,0,1,0,0
strike,False,0,000000,,,True,2,000101,Ev,An,0.598,0.486,0.299,0.642,0.111,0.75,0.597714,0.835079,0,0.485591,0.651832,0,0.298652,0.554974,0,0.642016,0.667539,0,0.110702,0.670157,0,0.749827,0.759162,0,0,0,0,0,0,0
strive,False,0,000000,,,True,1,000010,Sn,,0.181,0.009,0.438,0.271,0.638,0.428,0.181232,0.835079,0,0.00892,0.651832,0,0.437746,0.554974,0,0.270884,0.667539,0,0.637701,0.670157,0,0.42843,0.759162,0,0,0,0,0,0,0
struggle,True,1,000100,An,,True,5,111110,An,"Kn, Cm, Ap, Sn",0.77,0.561,0.562,0.837,0.595,0.571,0.76973,0.835079,0,0.56073,0.651832,0,0.562055,0.554974,1,0.837284,0.667539,1,0.594652,0.670157,0,0.570505,0.759162,0,0,0,0,1,0,0
stutter,False,0,000000,,,True,1,100000,Kn,,0.798,0.49,0.015,0.394,0.554,0.19,0.797741,0.835079,0,0.490147,0.651832,0,0.014952,0.554974,0,0.39356,0.667539,0,0.55423,0.670157,0,0.190064,0.759162,0,0,0,0,0,0,0
stylize,True,1,000010,Sn,,True,3,011010,Sn,"Cm, Ap",0.387,0.631,0.696,0.176,0.858,0.105,0.387241,0.835079,0,0.631022,0.651832,0,0.695937,0.554974,1,0.176408,0.667539,0,0.857533,0.670157,1,0.104641,0.759162,0,0,0,0,0,1,0
stymy,True,1,000100,An,,True,2,010100,An,Cm,0.451,0.647,0.15,0.684,0.284,0.284,0.451096,0.835079,0,0.647185,0.651832,0,0.149526,0.554974,0,0.684009,0.667539,1,0.283821,0.670157,0,0.283812,0.759162,0,0,0,0,1,0,0
subdue,True,1,000001,Ev,,True,1,000001,Ev,,0.146,0.045,0.044,0.036,0.176,0.845,0.145915,0.835079,0,0.045448,0.651832,0,0.04407,0.554974,0,0.036144,0.667539,0,0.176307,0.670157,0,0.845059,0.759162,1,0,0,0,0,0,1
submerge,True,1,001000,Ap,,True,1,001000,Ap,,0.075,0.153,0.764,0.156,0.299,0.27,0.074967,0.835079,0,0.152847,0.651832,0,0.763693,0.554974,1,0.155797,0.667539,0,0.298794,0.670157,0,0.270183,0.759162,0,0,0,1,0,0,0
submit,True,4,001111,Ev,"Ap, An, Sn",True,4,001111,Ev,"Ap, An, Sn",0.301,0.377,0.797,0.77,0.791,0.8,0.300719,0.835079,0,0.376964,0.651832,0,0.796959,0.554974,1,0.769569,0.667539,1,0.791127,0.670157,1,0.799653,0.759162,1,0,0,1,1,1,1
subside,False,0,000000,,,True,2,010001,Ev,Cm,0.146,0.647,0.337,0.354,0.153,0.668,0.145928,0.835079,0,0.646915,0.651832,0,0.337428,0.554974,0,0.353556,0.667539,0,0.152644,0.670157,0,0.66778,0.759162,0,0,0,0,0,0,0
substantiate,True,1,000001,Ev,,True,3,010101,Ev,"Cm, An",0.316,0.795,0.017,0.849,0.098,0.92,0.316048,0.835079,0,0.795388,0.651832,1,0.017047,0.554974,0,0.849091,0.667539,1,0.097919,0.670157,0,0.919583,0.759162,1,0,0,0,0,0,1
subsume,True,1,000010,Sn,,True,2,000011,Sn,Ev,0.005,0.215,0.336,0.39,0.745,0.739,0.0047,0.835079,0,0.214943,0.651832,0,0.336142,0.554974,0,0.390484,0.667539,0,0.745017,0.670157,1,0.738986,0.759162,0,0,0,0,0,1,0
subtend,False,0,000000,,,False,0,000000,,,0.133,0.141,0.271,0.332,0.32,0.289,0.133345,0.835079,0,0.140881,0.651832,0,0.270636,0.554974,0,0.332449,0.667539,0,0.319808,0.670157,0,0.289275,0.759162,0,0,0,0,0,0,0
succeed,True,1,001000,Ap,,True,2,001010,Ap,Sn,0.675,0.268,0.796,0.086,0.652,0.534,0.675049,0.835079,0,0.268335,0.651832,0,0.795663,0.554974,1,0.085858,0.667539,0,0.65175,0.670157,0,0.533829,0.759162,0,0,0,1,0,0,0
sue,True,2,001001,Ev,Ap,True,3,101001,Ev,"Kn, Ap",0.739,0.382,0.798,0.252,0.383,0.801,0.73944,0.835079,0,0.382174,0.651832,0,0.797603,0.554974,1,0.252415,0.667539,0,0.383497,0.670157,0,0.800586,0.759162,1,0,0,1,0,0,1
suffer,True,2,101000,Kn,Ap,True,2,101000,Kn,Ap,0.923,0.225,0.879,0.231,0.368,0.543,0.922866,0.835079,1,0.224734,0.651832,0,0.878735,0.554974,1,0.230554,0.667539,0,0.368232,0.670157,0,0.54278,0.759162,0,1,0,1,0,0,0
suffice,True,1,000010,Sn,,True,1,000010,Sn,,0.157,0.175,0.122,0.02,0.751,0.522,0.157449,0.835079,0,0.174881,0.651832,0,0.121967,0.554974,0,0.019658,0.667539,0,0.751126,0.670157,1,0.521791,0.759162,0,0,0,0,0,1,0
superimpose,True,1,001000,Ap,,True,3,111000,Kn,"Cm, Ap",0.724,0.601,0.664,0.086,0.41,0.049,0.724094,0.835079,0,0.601497,0.651832,0,0.664448,0.554974,1,0.086203,0.667539,0,0.41027,0.670157,0,0.048539,0.759162,0,0,0,1,0,0,0
supersede,True,1,000001,Ev,,True,1,000001,Ev,,0.423,0.526,0.212,0.516,0.311,0.844,0.423156,0.835079,0,0.526181,0.651832,0,0.211889,0.554974,0,0.515942,0.667539,0,0.311308,0.670157,0,0.843834,0.759162,1,0,0,0,0,0,1
supplant,True,2,001010,Sn,Ap,True,3,001011,Ev,"Ap, Sn",0.043,0.325,0.652,0.044,0.701,0.715,0.042883,0.835079,0,0.325299,0.651832,0,0.652057,0.554974,1,0.043658,0.667539,0,0.701282,0.670157,1,0.714918,0.759162,0,0,0,1,0,1,0
suppose,True,1,000010,Sn,,True,3,010011,Sn,"Cm, Ev",0.201,0.626,0.206,0.394,0.926,0.679,0.201377,0.835079,0,0.626334,0.651832,0,0.206161,0.554974,0,0.394217,0.667539,0,0.926436,0.670157,1,0.679009,0.759162,0,0,0,0,0,1,0
suppress,True,1,001000,Ap,,True,2,001001,Ev,Ap,0.39,0.187,0.71,0.105,0.301,0.713,0.389583,0.835079,0,0.187386,0.651832,0,0.71036,0.554974,1,0.105219,0.667539,0,0.30092,0.670157,0,0.71287,0.759162,0,0,0,1,0,0,0
surpass,True,1,001000,Ap,,True,1,001000,Ap,,0.488,0.321,0.66,0.064,0.282,0.441,0.488064,0.835079,0,0.320567,0.651832,0,0.659829,0.554974,1,0.063963,0.667539,0,0.2823,0.670157,0,0.441446,0.759162,0,0,0,1,0,0,0
surround,True,1,000010,Sn,,True,2,010010,Sn,Cm,0.096,0.646,0.031,0.083,0.958,0.495,0.096254,0.835079,0,0.645722,0.651832,0,0.031111,0.554974,0,0.083396,0.667539,0,0.958267,0.670157,1,0.494682,0.759162,0,0,0,0,0,1,0
survive,True,1,000001,Ev,,True,4,101011,Ev,"Kn, Ap, Sn",0.73,0.476,0.762,0.184,0.787,0.856,0.729693,0.835079,0,0.475957,0.651832,0,0.76209,0.554974,1,0.183708,0.667539,0,0.787169,0.670157,1,0.856121,0.759162,1,0,0,0,0,0,1
suspect,True,2,010100,Cm,An,True,2,010100,Cm,An,0.106,0.85,0.04,0.842,0.036,0.24,0.105633,0.835079,0,0.850197,0.651832,1,0.039583,0.554974,0,0.841559,0.667539,1,0.036491,0.670157,0,0.239711,0.759162,0,0,1,0,1,0,0
suspend,True,1,000001,Ev,,True,1,000001,Ev,,0.051,0.08,0.384,0.243,0.141,0.886,0.051419,0.835079,0,0.079993,0.651832,0,0.384182,0.554974,0,0.24285,0.667539,0,0.141215,0.670157,0,0.886494,0.759162,1,0,0,0,0,0,1
sustain,True,1,000001,Ev,,True,2,000011,Ev,Sn,0.092,0.202,0.459,0.519,0.722,0.793,0.091779,0.835079,0,0.202034,0.651832,0,0.459422,0.554974,0,0.519196,0.667539,0,0.722301,0.670157,1,0.79273,0.759162,1,0,0,0,0,0,1
sway,True,1,000010,Sn,,True,1,000010,Sn,,0.165,0.203,0.143,0.52,0.701,0.475,0.1648,0.835079,0,0.203335,0.651832,0,0.1429,0.554974,0,0.520384,0.667539,0,0.701442,0.670157,1,0.47507,0.759162,0,0,0,0,0,1,0
sweep,False,0,000000,,,True,1,000100,An,,0.687,0.388,0.434,0.651,0.432,0.257,0.686527,0.835079,0,0.38769,0.651832,0,0.434364,0.554974,0,0.65053,0.667539,0,0.432122,0.670157,0,0.257105,0.759162,0,0,0,0,0,0,0
swell,False,0,000000,,,False,0,000000,,,0.37,0.16,0.018,0.392,0.529,0.485,0.37027,0.835079,0,0.160214,0.651832,0,0.017683,0.554974,0,0.392431,0.667539,0,0.529032,0.670157,0,0.484804,0.759162,0,0,0,0,0,0,0
switch,True,1,000100,An,,True,1,000100,An,,0.426,0.162,0.15,0.876,0.438,0.275,0.425683,0.835079,0,0.161719,0.651832,0,0.150433,0.554974,0,0.876069,0.667539,1,0.437662,0.670157,0,0.274825,0.759162,0,0,0,0,1,0,0
swivel,False,0,000000,,,False,0,000000,,,0.281,0.234,0.173,0.554,0.495,0.517,0.280758,0.835079,0,0.234222,0.651832,0,0.172613,0.554974,0,0.553885,0.667539,0,0.494964,0.670157,0,0.51695,0.759162,0,0,0,0,0,0,0
symbolize,True,1,010000,Cm,,True,4,111010,Cm,"Kn, Ap, Sn",0.752,0.955,0.81,0.208,0.649,0.024,0.752011,0.835079,0,0.954732,0.651832,1,0.810187,0.554974,1,0.207829,0.667539,0,0.649316,0.670157,0,0.023758,0.759162,0,0,1,0,0,0,0
symmetrize,True,1,010000,Cm,,True,2,010100,Cm,An,0.41,0.814,0.437,0.637,0.339,0.192,0.410401,0.835079,0,0.813973,0.651832,1,0.437443,0.554974,0,0.637048,0.667539,0,0.339161,0.670157,0,0.191813,0.759162,0,0,1,0,0,0,0
synchronize,True,1,000010,Sn,,True,1,000010,Sn,,0.385,0.154,0.027,0.21,0.722,0.214,0.385275,0.835079,0,0.153961,0.651832,0,0.027362,0.554974,0,0.209545,0.667539,0,0.721924,0.670157,1,0.214297,0.759162,0,0,0,0,0,1,0
systematize,True,1,000010,Sn,,True,1,000010,Sn,,0.003,0.211,0.105,0.135,0.96,0.509,0.002618,0.835079,0,0.211367,0.651832,0,0.104643,0.554974,0,0.134505,0.667539,0,0.959707,0.670157,1,0.509195,0.759162,0,0,0,0,0,1,0
tackle,False,0,000000,,,True,1,010000,Cm,,0.557,0.65,0.304,0.321,0.411,0.56,0.557468,0.835079,0,0.649984,0.651832,0,0.304429,0.554974,0,0.320699,0.667539,0,0.410966,0.670157,0,0.559915,0.759162,0,0,0,0,0,0,0
take,True,2,100001,Ev,Kn,True,2,100001,Ev,Kn,0.841,0.477,0.393,0.289,0.177,0.872,0.841455,0.835079,1,0.476816,0.651832,0,0.392529,0.554974,0,0.28891,0.667539,0,0.17713,0.670157,0,0.871957,0.759162,1,1,0,0,0,0,1
talk,True,1,000010,Sn,,True,2,100010,Sn,Kn,0.765,0.405,0.158,0.044,0.961,0.285,0.764707,0.835079,0,0.405213,0.651832,0,0.157821,0.554974,0,0.044034,0.667539,0,0.961363,0.670157,1,0.284941,0.759162,0,0,0,0,0,1,0
tame,True,1,000010,Sn,,True,3,000111,Sn,"An, Ev",0.515,0.203,0.415,0.622,0.733,0.716,0.514927,0.835079,0,0.203326,0.651832,0,0.414715,0.554974,0,0.621506,0.667539,0,0.732656,0.670157,1,0.715704,0.759162,0,0,0,0,0,1,0
tamper,True,1,001000,Ap,,True,3,001101,Ev,"Ap, An",0.119,0.08,0.629,0.654,0.326,0.719,0.119394,0.835079,0,0.079551,0.651832,0,0.628693,0.554974,1,0.654374,0.667539,0,0.326435,0.670157,0,0.718744,0.759162,0,0,0,1,0,0,0
taper,True,1,001000,Ap,,True,2,001100,Ap,An,0.072,0.115,0.635,0.614,0.279,0.486,0.07226,0.835079,0,0.115322,0.651832,0,0.634647,0.554974,1,0.613844,0.667539,0,0.278615,0.670157,0,0.486002,0.759162,0,0,0,1,0,0,0
target,False,0,000000,,,True,3,110100,Kn,"Cm, An",0.766,0.601,0.121,0.574,0.069,0.027,0.766332,0.835079,0,0.600866,0.651832,0,0.120888,0.554974,0,0.574014,0.667539,0,0.069396,0.670157,0,0.027383,0.759162,0,0,0,0,0,0,0
tear,True,1,100000,Kn,,True,1,100000,Kn,,0.886,0.423,0.28,0.313,0.163,0.459,0.88604,0.835079,1,0.422738,0.651832,0,0.280049,0.554974,0,0.313447,0.667539,0,0.16261,0.670157,0,0.458811,0.759162,0,1,0,0,0,0,0
tease,True,1,000100,An,,True,2,001100,An,Ap,0.651,0.117,0.597,0.707,0.368,0.238,0.651095,0.835079,0,0.116656,0.651832,0,0.597295,0.554974,1,0.70717,0.667539,1,0.367703,0.670157,0,0.238223,0.759162,0,0,0,0,1,0,0
teleport,True,1,000010,Sn,,True,2,001010,Sn,Ap,0.165,0.306,0.507,0.063,0.675,0.425,0.164524,0.835079,0,0.305538,0.651832,0,0.506847,0.554974,0,0.062905,0.667539,0,0.67538,0.670157,1,0.425036,0.759162,0,0,0,0,0,1,0
tempt,True,1,000100,An,,True,1,000100,An,,0.484,0.045,0.367,0.683,0.518,0.516,0.483808,0.835079,0,0.044708,0.651832,0,0.367091,0.554974,0,0.68254,0.667539,1,0.518398,0.670157,0,0.51579,0.759162,0,0,0,0,1,0,0
tend,True,1,000010,Sn,,True,2,001010,Sn,Ap,0.589,0.404,0.584,0.562,0.732,0.637,0.589186,0.835079,0,0.403863,0.651832,0,0.584421,0.554974,1,0.561772,0.667539,0,0.731767,0.670157,1,0.637071,0.759162,0,0,0,0,0,1,0
terminate,True,1,000001,Ev,,True,3,011001,Ev,"Cm, Ap",0.304,0.56,0.744,0.447,0.186,0.919,0.303619,0.835079,0,0.56023,0.651832,0,0.744416,0.554974,1,0.447072,0.667539,0,0.185838,0.670157,0,0.918887,0.759162,1,0,0,0,0,0,1
terrorize,True,1,001000,Ap,,True,1,001000,Ap,,0.186,0.209,0.643,0.292,0.279,0.283,0.185946,0.835079,0,0.20864,0.651832,0,0.643415,0.554974,1,0.29188,0.667539,0,0.279085,0.670157,0,0.282828,0.759162,0,0,0,1,0,0,0
testify,True,1,000001,Ev,,True,1,000001,Ev,,0.651,0.389,0.216,0.425,0.347,0.865,0.651138,0.835079,0,0.388631,0.651832,0,0.21613,0.554974,0,0.424815,0.667539,0,0.346625,0.670157,0,0.865086,0.759162,1,0,0,0,0,0,1
thank,False,0,000000,,,True,1,000100,An,,0.437,0.208,0.333,0.595,0.253,0.3,0.437085,0.835079,0,0.208483,0.651832,0,0.332793,0.554974,0,0.594734,0.667539,0,0.25315,0.670157,0,0.300476,0.759162,0,0,0,0,0,0,0
thaw,True,1,000100,An,,True,3,011100,An,"Cm, Ap",0.679,0.819,0.499,0.933,0.289,0.497,0.678873,0.835079,0,0.819065,0.651832,1,0.498764,0.554974,0,0.933374,0.667539,1,0.288905,0.670157,0,0.497098,0.759162,0,0,0,0,1,0,0
theorize,True,3,000111,An,"Sn, Ev",True,4,001111,An,"Ap, Sn, Ev",0.243,0.383,0.503,0.931,0.899,0.853,0.242882,0.835079,0,0.382728,0.651832,0,0.50254,0.554974,0,0.931111,0.667539,1,0.89909,0.670157,1,0.853149,0.759162,1,0,0,0,1,1,1
thicken,False,0,000000,,,False,0,000000,,,0.3,0.097,0.305,0.257,0.338,0.515,0.299779,0.835079,0,0.096957,0.651832,0,0.304911,0.554974,0,0.257144,0.667539,0,0.337573,0.670157,0,0.5146,0.759162,0,0,0,0,0,0,0
think,True,1,000001,Ev,,True,2,000101,Ev,An,0.617,0.307,0.072,0.76,0.536,0.845,0.616773,0.835079,0,0.306749,0.651832,0,0.072339,0.554974,0,0.759842,0.667539,1,0.536025,0.670157,0,0.845161,0.759162,1,0,0,0,0,0,1
threaten,True,1,001000,Ap,,True,2,001001,Ap,Ev,0.165,0.531,0.765,0.513,0.515,0.717,0.164813,0.835079,0,0.530771,0.651832,0,0.765293,0.554974,1,0.513083,0.667539,0,0.514929,0.670157,0,0.71704,0.759162,0,0,0,1,0,0,0
thrive,True,1,000010,Sn,,True,3,001011,Sn,"Ap, Ev",0.608,0.108,0.63,0.177,0.819,0.734,0.608054,0.835079,0,0.108128,0.651832,0,0.629927,0.554974,1,0.176766,0.667539,0,0.819281,0.670157,1,0.73397,0.759162,0,0,0,0,0,1,0
throttle,True,1,001000,Ap,,True,1,001000,Ap,,0.109,0.07,0.562,0.208,0.141,0.457,0.108566,0.835079,0,0.070188,0.651832,0,0.562055,0.554974,1,0.208137,0.667539,0,0.140652,0.670157,0,0.457306,0.759162,0,0,0,1,0,0,0
throw,True,1,001000,Ap,,True,1,001000,Ap,,0.144,0.388,0.843,0.196,0.395,0.557,0.144348,0.835079,0,0.388422,0.651832,0,0.843247,0.554974,1,0.195782,0.667539,0,0.394887,0.670157,0,0.556741,0.759162,0,0,0,1,0,0,0
thumb,True,3,110100,An,"Kn, Cm",True,3,110100,An,"Kn, Cm",0.908,0.809,0.226,0.918,0.131,0.486,0.908321,0.835079,1,0.808698,0.651832,1,0.226199,0.554974,0,0.918259,0.667539,1,0.131061,0.670157,0,0.486401,0.759162,0,1,1,0,1,0,0
thwart,False,0,000000,,,True,2,001001,Ev,Ap,0.309,0.071,0.498,0.208,0.074,0.704,0.308683,0.835079,0,0.070676,0.651832,0,0.498405,0.554974,0,0.208451,0.667539,0,0.073678,0.670157,0,0.703825,0.759162,0,0,0,0,0,0,0
tick,True,1,100000,Kn,,True,2,100100,Kn,An,0.973,0.188,0.223,0.88,0.037,0.063,0.973329,0.835079,1,0.188098,0.651832,0,0.223425,0.554974,0,0.879689,0.667539,1,0.036978,0.670157,0,0.063329,0.759162,0,1,0,0,0,0,0
tie,True,4,110101,An,"Kn, Cm, Ev",True,4,110101,An,"Kn, Cm, Ev",0.96,0.86,0.167,0.981,0.172,0.82,0.960311,0.835079,1,0.860139,0.651832,1,0.167485,0.554974,0,0.981128,0.667539,1,0.171647,0.670157,0,0.820322,0.759162,1,1,1,0,1,0,1
tighten,True,1,000001,Ev,,True,2,001001,Ev,Ap,0.406,0.203,0.523,0.286,0.109,0.857,0.40591,0.835079,0,0.202652,0.651832,0,0.522818,0.554974,0,0.285823,0.667539,0,0.109383,0.670157,0,0.856661,0.759162,1,0,0,0,0,0,1
tile,False,0,000000,,,False,0,000000,,,0.431,0.426,0.327,0.516,0.165,0.083,0.431264,0.835079,0,0.426197,0.651832,0,0.326645,0.554974,0,0.516077,0.667539,0,0.164698,0.670157,0,0.08312,0.759162,0,0,0,0,0,0,0
tilt,True,1,000100,An,,True,1,000100,An,,0.452,0.087,0.142,0.76,0.45,0.517,0.451591,0.835079,0,0.086641,0.651832,0,0.141784,0.554974,0,0.759767,0.667539,1,0.449673,0.670157,0,0.517176,0.759162,0,0,0,0,1,0,0
tink,True,1,010000,Cm,,True,3,110100,Kn,"Cm, An",0.743,0.709,0.151,0.663,0.11,0.64,0.743151,0.835079,0,0.708642,0.651832,1,0.150681,0.554974,0,0.663432,0.667539,0,0.110143,0.670157,0,0.639522,0.759162,0,0,1,0,0,0,0
tinker,False,0,000000,,,True,2,010100,An,Cm,0.525,0.566,0.27,0.598,0.253,0.455,0.524691,0.835079,0,0.565937,0.651832,0,0.270044,0.554974,0,0.597946,0.667539,0,0.252961,0.670157,0,0.454855,0.759162,0,0,0,0,0,0,0
tint,True,1,010000,Cm,,True,1,010000,Cm,,0.234,0.669,0.075,0.476,0.168,0.621,0.233748,0.835079,0,0.669415,0.651832,1,0.075025,0.554974,0,0.476346,0.667539,0,0.167776,0.670157,0,0.621438,0.759162,0,0,1,0,0,0,0
titrate,False,0,000000,,,True,2,000101,Ev,An,0.173,0.526,0.309,0.626,0.152,0.713,0.17254,0.835079,0,0.526223,0.651832,0,0.30894,0.554974,0,0.626104,0.667539,0,0.152036,0.670157,0,0.712853,0.759162,0,0,0,0,0,0,0
toggle,True,1,000100,An,,True,1,000100,An,,0.65,0.174,0.355,0.907,0.187,0.59,0.650494,0.835079,0,0.174227,0.651832,0,0.354581,0.554974,0,0.906522,0.667539,1,0.186768,0.670157,0,0.589708,0.759162,0,0,0,0,1,0,0
tolerate,True,1,000001,Ev,,True,4,001111,Ev,"Ap, An, Sn",0.265,0.406,0.654,0.759,0.74,0.872,0.265039,0.835079,0,0.405583,0.651832,0,0.653969,0.554974,1,0.7585,0.667539,1,0.740058,0.670157,1,0.872409,0.759162,1,0,0,0,0,0,1
toss,True,1,001000,Ap,,True,2,001001,Ap,Ev,0.188,0.299,0.811,0.235,0.567,0.657,0.188493,0.835079,0,0.298802,0.651832,0,0.811341,0.554974,1,0.235151,0.667539,0,0.566539,0.670157,0,0.656644,0.759162,0,0,0,1,0,0,0
total,False,0,000000,,,True,1,010000,Cm,,0.346,0.571,0.299,0.082,0.24,0.455,0.346372,0.835079,0,0.570761,0.651832,0,0.299309,0.554974,0,0.081514,0.667539,0,0.239781,0.670157,0,0.454821,0.759162,0,0,0,0,0,0,0
touch,True,1,010000,Cm,,True,3,111000,Kn,"Cm, Ap",0.815,0.682,0.588,0.538,0.083,0.239,0.814668,0.835079,0,0.681654,0.651832,1,0.588493,0.554974,1,0.537877,0.667539,0,0.083207,0.670157,0,0.238718,0.759162,0,0,1,0,0,0,0
toughen,True,1,000001,Ev,,True,1,000001,Ev,,0.257,0.217,0.228,0.317,0.3,0.97,0.257217,0.835079,0,0.217445,0.651832,0,0.228435,0.554974,0,0.317093,0.667539,0,0.300356,0.670157,0,0.969782,0.759162,1,0,0,0,0,0,1
tour,True,1,001000,Ap,,True,3,111000,Kn,"Cm, Ap",0.824,0.554,0.706,0.165,0.294,0.055,0.823626,0.835079,0,0.554082,0.651832,0,0.706315,0.554974,1,0.164743,0.667539,0,0.294349,0.670157,0,0.054687,0.759162,0,0,0,1,0,0,0
track,True,1,100000,Kn,,True,3,111000,Kn,"Cm, Ap",0.932,0.829,0.642,0.449,0.164,0.094,0.931531,0.835079,1,0.828807,0.651832,1,0.641936,0.554974,1,0.449337,0.667539,0,0.163834,0.670157,0,0.094028,0.759162,0,1,0,0,0,0,0
transcend,False,0,000000,,,False,0,000000,,,0.31,0.423,0.363,0.419,0.316,0.442,0.309911,0.835079,0,0.422798,0.651832,0,0.36264,0.554974,0,0.419189,0.667539,0,0.315775,0.670157,0,0.442365,0.759162,0,0,0,0,0,0,0
transect,True,1,001000,Ap,,True,3,011100,Ap,"Cm, An",0.272,0.716,0.822,0.672,0.218,0.287,0.272146,0.835079,0,0.716363,0.651832,1,0.82189,0.554974,1,0.671672,0.667539,1,0.217603,0.670157,0,0.286678,0.759162,0,0,0,1,0,0,0
transgress,True,1,001000,Ap,,True,1,001000,Ap,,0.572,0.536,0.63,0.421,0.037,0.461,0.571726,0.835079,0,0.536166,0.651832,0,0.630288,0.554974,1,0.421407,0.667539,0,0.03738,0.670157,0,0.460815,0.759162,0,0,0,1,0,0,0
transistorize,True,1,001000,Ap,,True,3,011100,Ap,"Cm, An",0.286,0.572,0.899,0.579,0.286,0.285,0.285729,0.835079,0,0.571737,0.651832,0,0.899482,0.554974,1,0.579268,0.667539,0,0.285746,0.670157,0,0.285286,0.759162,0,0,0,1,0,0,0
transmit,True,1,001000,Ap,,True,1,001000,Ap,,0.349,0.14,0.937,0.011,0.493,0.011,0.348753,0.835079,0,0.14034,0.651832,0,0.93681,0.554974,1,0.010564,0.667539,0,0.49337,0.670157,0,0.010807,0.759162,0,0,0,1,0,0,0
transport,True,1,001000,Ap,,True,2,001010,Ap,Sn,0.135,0.53,0.862,0.212,0.649,0.33,0.134562,0.835079,0,0.529912,0.651832,0,0.862389,0.554974,1,0.212368,0.667539,0,0.648632,0.670157,0,0.329958,0.759162,0,0,0,1,0,0,0
transpose,True,1,001000,Ap,,True,2,011000,Ap,Cm,0.65,0.649,0.922,0.391,0.41,0.163,0.650193,0.835079,0,0.649198,0.651832,0,0.922444,0.554974,1,0.391355,0.667539,0,0.409613,0.670157,0,0.162689,0.759162,0,0,0,1,0,0,0
travel,True,2,011000,Ap,Cm,True,3,111000,Ap,"Kn, Cm",0.765,0.839,0.882,0.11,0.488,0.162,0.764906,0.835079,0,0.838729,0.651832,1,0.881922,0.554974,1,0.110207,0.667539,0,0.488114,0.670157,0,0.161695,0.759162,0,0,1,1,0,0,0
traverse,True,1,100000,Kn,,True,3,111000,Kn,"Cm, Ap",0.923,0.638,0.81,0.243,0.112,0.104,0.923194,0.835079,1,0.638295,0.651832,0,0.809507,0.554974,1,0.243199,0.667539,0,0.112458,0.670157,0,0.103895,0.759162,0,1,0,0,0,0,0
treat,True,1,001000,Ap,,True,3,001011,Ev,"Ap, Sn",0.514,0.243,0.702,0.099,0.582,0.719,0.514131,0.835079,0,0.242682,0.651832,0,0.701912,0.554974,1,0.099413,0.667539,0,0.581604,0.670157,0,0.719148,0.759162,0,0,0,1,0,0,0
triangulate,True,1,001000,Ap,,True,2,011000,Ap,Cm,0.606,0.787,0.854,0.32,0.385,0.057,0.605758,0.835079,0,0.786853,0.651832,1,0.853609,0.554974,1,0.319757,0.667539,0,0.384574,0.670157,0,0.057105,0.759162,0,0,0,1,0,0,0
trick,True,1,000100,An,,True,2,001100,An,Ap,0.377,0.069,0.694,0.876,0.034,0.254,0.376619,0.835079,0,0.068744,0.651832,0,0.693727,0.554974,1,0.875695,0.667539,1,0.034402,0.670157,0,0.254349,0.759162,0,0,0,0,1,0,0
trigger,True,1,100000,Kn,,True,2,100100,Kn,An,0.858,0.455,0.028,0.667,0.1,0.515,0.858211,0.835079,1,0.455153,0.651832,0,0.027554,0.554974,0,0.667421,0.667539,0,0.099765,0.670157,0,0.515007,0.759162,0,1,0,0,0,0,0
trim,False,0,000000,,,False,0,000000,,,0.381,0.231,0.311,0.521,0.224,0.554,0.380995,0.835079,0,0.231048,0.651832,0,0.31137,0.554974,0,0.52051,0.667539,0,0.224118,0.670157,0,0.554232,0.759162,0,0,0,0,0,0,0
truncate,True,1,001000,Ap,,True,2,011000,Ap,Cm,0.525,0.584,0.804,0.087,0.274,0.047,0.524958,0.835079,0,0.583923,0.651832,0,0.803796,0.554974,1,0.086838,0.667539,0,0.273566,0.670157,0,0.046744,0.759162,0,0,0,1,0,0,0
trust,True,1,000001,Ev,,True,1,000001,Ev,,0.231,0.111,0.148,0.181,0.379,0.885,0.231419,0.835079,0,0.111042,0.651832,0,0.14839,0.554974,0,0.181002,0.667539,0,0.37937,0.670157,0,0.884866,0.759162,1,0,0,0,0,0,1
try,True,1,000001,Ev,,True,2,100001,Kn,Ev,0.829,0.444,0.126,0.314,0.326,0.816,0.82866,0.835079,0,0.443996,0.651832,0,0.12639,0.554974,0,0.314166,0.667539,0,0.326179,0.670157,0,0.815995,0.759162,1,0,0,0,0,0,1
tuck,True,1,001000,Ap,,True,3,101100,Ap,"Kn, An",0.724,0.151,0.805,0.579,0.357,0.026,0.724215,0.835079,0,0.150671,0.651832,0,0.805319,0.554974,1,0.579211,0.667539,0,0.356632,0.670157,0,0.025727,0.759162,0,0,0,1,0,0,0
tumble,True,1,001000,Ap,,True,1,001000,Ap,,0.234,0.097,0.876,0.495,0.131,0.103,0.234278,0.835079,0,0.09729,0.651832,0,0.876073,0.554974,1,0.494627,0.667539,0,0.131479,0.670157,0,0.102513,0.759162,0,0,0,1,0,0,0
tune,False,0,000000,,,True,1,000010,Sn,,0.189,0.055,0.454,0.475,0.608,0.617,0.188646,0.835079,0,0.054715,0.651832,0,0.453801,0.554974,0,0.474996,0.667539,0,0.608394,0.670157,0,0.616668,0.759162,0,0,0,0,0,0,0
turn,True,1,000100,An,,True,3,011100,An,"Cm, Ap",0.614,0.674,0.71,0.794,0.252,0.577,0.614299,0.835079,0,0.6742,0.651832,1,0.710484,0.554974,1,0.793959,0.667539,1,0.252357,0.670157,0,0.576997,0.759162,0,0,0,0,1,0,0
tweak,True,1,000010,Sn,,True,2,000110,Sn,An,0.012,0.07,0.193,0.774,0.847,0.481,0.011756,0.835079,0,0.070167,0.651832,0,0.193258,0.554974,0,0.773595,0.667539,1,0.847079,0.670157,1,0.481359,0.759162,0,0,0,0,0,1,0
twist,True,1,000100,An,,True,1,000100,An,,0.536,0.425,0.3,0.914,0.317,0.103,0.535773,0.835079,0,0.424668,0.651832,0,0.300036,0.554974,0,0.913747,0.667539,1,0.316894,0.670157,0,0.103477,0.759162,0,0,0,0,1,0,0
typify,True,1,010000,Cm,,True,2,010010,Cm,Sn,0.319,0.759,0.243,0.395,0.682,0.414,0.31927,0.835079,0,0.758616,0.651832,1,0.242899,0.554974,0,0.395053,0.667539,0,0.681842,0.670157,1,0.414354,0.759162,0,0,1,0,0,0,0
unblock,False,0,000000,,,True,1,000001,Ev,,0.237,0.049,0.223,0.384,0.125,0.719,0.236648,0.835079,0,0.048772,0.651832,0,0.222924,0.554974,0,0.383797,0.667539,0,0.124889,0.670157,0,0.719097,0.759162,0,0,0,0,0,0,0
uncouple,False,0,000000,,,True,1,000100,An,,0.142,0.173,0.196,0.575,0.278,0.454,0.141993,0.835079,0,0.172915,0.651832,0,0.195544,0.554974,0,0.575287,0.667539,0,0.277602,0.670157,0,0.454222,0.759162,0,0,0,0,0,0,0
uncover,True,3,101100,Ap,"Kn, An",True,4,111100,Ap,"Kn, Cm, An",0.923,0.559,0.934,0.914,0.032,0.003,0.922854,0.835079,1,0.559014,0.651832,0,0.93393,0.554974,1,0.913573,0.667539,1,0.031736,0.670157,0,0.002618,0.759162,0,1,0,1,1,0,0
underdevelop,True,1,000010,Sn,,True,1,000010,Sn,,0.102,0.378,0.248,0.292,0.787,0.258,0.101667,0.835079,0,0.378054,0.651832,0,0.248419,0.554974,0,0.291641,0.667539,0,0.786936,0.670157,1,0.258093,0.759162,0,0,0,0,0,1,0
underestimate,True,1,000001,Ev,,True,2,000011,Ev,Sn,0.234,0.38,0.073,0.136,0.716,0.8,0.233557,0.835079,0,0.379736,0.651832,0,0.073342,0.554974,0,0.135606,0.667539,0,0.715596,0.670157,1,0.800199,0.759162,1,0,0,0,0,0,1
undergird,True,1,000100,An,,True,1,000100,An,,0.442,0.202,0.027,0.727,0.103,0.515,0.442271,0.835079,0,0.202425,0.651832,0,0.027419,0.554974,0,0.726572,0.667539,1,0.103383,0.670157,0,0.515237,0.759162,0,0,0,0,1,0,0
undergo,True,1,001000,Ap,,True,2,001010,Ap,Sn,0.416,0.099,0.979,0.039,0.9,0.244,0.415797,0.835079,0,0.098913,0.651832,0,0.979429,0.554974,1,0.03935,0.667539,0,0.900273,0.670157,1,0.243935,0.759162,0,0,0,1,0,0,0
underlie,False,0,000000,,,True,1,100000,Kn,,0.722,0.283,0.236,0.064,0.23,0.487,0.721964,0.835079,0,0.283045,0.651832,0,0.235957,0.554974,0,0.063529,0.667539,0,0.230119,0.670157,0,0.486852,0.759162,0,0,0,0,0,0,0
undermine,True,1,001000,Ap,,True,3,001101,Ev,"Ap, An",0.071,0.057,0.572,0.613,0.524,0.701,0.070962,0.835079,0,0.057497,0.651832,0,0.57175,0.554974,1,0.613213,0.667539,0,0.523593,0.670157,0,0.701119,0.759162,0,0,0,1,0,0,0
underperform,True,1,000010,Sn,,True,4,011011,Sn,"Cm, Ap, Ev",0.387,0.656,0.652,0.059,0.752,0.674,0.386903,0.835079,0,0.655842,0.651832,1,0.652277,0.554974,1,0.058851,0.667539,0,0.752333,0.670157,1,0.674394,0.759162,0,0,0,0,0,1,0
underpin,False,0,000000,,,False,0,000000,,,0.66,0.319,0.028,0.317,0.223,0.578,0.660241,0.835079,0,0.319383,0.651832,0,0.027814,0.554974,0,0.316504,0.667539,0,0.223213,0.670157,0,0.577805,0.759162,0,0,0,0,0,0,0
underscore,True,1,100000,Kn,,True,2,110000,Kn,Cm,0.931,0.632,0.067,0.131,0.215,0.079,0.93101,0.835079,1,0.632109,0.651832,0,0.067314,0.554974,0,0.131489,0.667539,0,0.214543,0.670157,0,0.07915,0.759162,0,1,0,0,0,0,0
undertake,True,1,001000,Ap,,True,2,001010,Ap,Sn,0.65,0.053,0.896,0.034,0.772,0.082,0.64952,0.835079,0,0.052776,0.651832,0,0.89588,0.554974,1,0.034166,0.667539,0,0.772469,0.670157,1,0.082077,0.759162,0,0,0,1,0,0,0
undo,False,0,000000,,,True,2,101000,Kn,Ap,0.763,0.425,0.523,0.516,0.088,0.366,0.763269,0.835079,0,0.424895,0.651832,0,0.523042,0.554974,0,0.516163,0.667539,0,0.088414,0.670157,0,0.366206,0.759162,0,0,0,0,0,0,0
undulate,True,1,001000,Ap,,True,1,001000,Ap,,0.317,0.09,0.884,0.379,0.229,0.159,0.316502,0.835079,0,0.089971,0.651832,0,0.883629,0.554974,1,0.379375,0.667539,0,0.229064,0.670157,0,0.159227,0.759162,0,0,0,1,0,0,0
unfold,True,1,000100,An,,True,3,101100,An,"Kn, Ap",0.735,0.08,0.522,0.782,0.535,0.037,0.734905,0.835079,0,0.079955,0.651832,0,0.521792,0.554974,0,0.781908,0.667539,1,0.534704,0.670157,0,0.036534,0.759162,0,0,0,0,1,0,0
unite,True,2,000011,Ev,Sn,True,3,100011,Ev,"Kn, Sn",0.748,0.452,0.028,0.259,0.788,0.8,0.748334,0.835079,0,0.451662,0.651832,0,0.027827,0.554974,0,0.258631,0.667539,0,0.787754,0.670157,1,0.799795,0.759162,1,0,0,0,0,1,1
unitize,True,1,010000,Cm,,True,2,010010,Cm,Sn,0.159,0.786,0.28,0.068,0.718,0.567,0.159169,0.835079,0,0.786407,0.651832,1,0.280095,0.554974,0,0.067549,0.667539,0,0.717543,0.670157,1,0.567145,0.759162,0,0,1,0,0,0,0
unleash,False,0,000000,,,True,1,001000,Ap,,0.072,0.072,0.499,0.181,0.04,0.124,0.072141,0.835079,0,0.071537,0.651832,0,0.498942,0.554974,0,0.181246,0.667539,0,0.039824,0.670157,0,0.123743,0.759162,0,0,0,0,0,0,0
unload,True,1,000001,Ev,,True,2,001001,Ev,Ap,0.073,0.044,0.498,0.186,0.144,0.85,0.072578,0.835079,0,0.044121,0.651832,0,0.49752,0.554974,0,0.185778,0.667539,0,0.144303,0.670157,0,0.850118,0.759162,1,0,0,0,0,0,1
unlock,True,1,000001,Ev,,True,2,000101,Ev,An,0.164,0.028,0.294,0.637,0.053,0.861,0.16362,0.835079,0,0.02826,0.651832,0,0.294329,0.554974,0,0.636727,0.667539,0,0.053237,0.670157,0,0.860673,0.759162,1,0,0,0,0,0,1
unpack,True,3,001110,Sn,"Ap, An",True,4,001111,Ev,"Ap, An, Sn",0.399,0.384,0.642,0.699,0.699,0.719,0.398555,0.835079,0,0.383788,0.651832,0,0.641645,0.554974,1,0.6985,0.667539,1,0.698504,0.670157,1,0.718767,0.759162,0,0,0,1,1,1,0
unravel,True,1,000100,An,,True,3,011100,An,"Cm, Ap",0.661,0.56,0.581,0.937,0.111,0.301,0.660769,0.835079,0,0.559898,0.651832,0,0.580758,0.554974,1,0.937191,0.667539,1,0.111243,0.670157,0,0.301165,0.759162,0,0,0,0,1,0,0
unroll,True,2,001100,An,Ap,True,3,101100,Kn,"Ap, An",0.795,0.132,0.705,0.711,0.177,0.346,0.795279,0.835079,0,0.132288,0.651832,0,0.705422,0.554974,1,0.711372,0.667539,1,0.177489,0.670157,0,0.34606,0.759162,0,0,0,1,1,0,0
unveil,False,0,000000,,,True,2,001100,An,Ap,0.254,0.119,0.522,0.572,0.279,0.159,0.253822,0.835079,0,0.119143,0.651832,0,0.521633,0.554974,0,0.572443,0.667539,0,0.279056,0.670157,0,0.158875,0.759162,0,0,0,0,0,0,0
unwrap,True,1,100000,Kn,,True,2,101000,Kn,Ap,0.886,0.242,0.691,0.523,0.188,0.347,0.886108,0.835079,1,0.241863,0.651832,0,0.691288,0.554974,1,0.522543,0.667539,0,0.188063,0.670157,0,0.346907,0.759162,0,1,0,0,0,0,0
upgrade,True,1,000010,Sn,,True,3,001011,Sn,"Ap, Ev",0.021,0.1,0.632,0.07,0.823,0.701,0.021194,0.835079,0,0.099771,0.651832,0,0.631697,0.554974,1,0.070173,0.667539,0,0.822785,0.670157,1,0.701293,0.759162,0,0,0,0,0,1,0
uplift,False,0,000000,,,True,1,000010,Sn,,0.054,0.046,0.1,0.028,0.58,0.638,0.054131,0.835079,0,0.046422,0.651832,0,0.100462,0.554974,0,0.02818,0.667539,0,0.579789,0.670157,0,0.637695,0.759162,0,0,0,0,0,0,0
upload,False,0,000000,,,False,0,000000,,,0.013,0.047,0.335,0.136,0.459,0.366,0.012849,0.835079,0,0.047448,0.651832,0,0.334619,0.554974,0,0.135786,0.667539,0,0.458998,0.670157,0,0.365806,0.759162,0,0,0,0,0,0,0
upset,False,0,000000,,,True,3,010101,Ev,"Cm, An",0.619,0.633,0.295,0.652,0.226,0.68,0.618853,0.835079,0,0.633497,0.651832,0,0.295197,0.554974,0,0.652479,0.667539,0,0.226271,0.670157,0,0.679604,0.759162,0,0,0,0,0,0,0
urge,True,1,100000,Kn,,True,1,100000,Kn,,0.878,0.143,0.238,0.159,0.437,0.462,0.878485,0.835079,1,0.14324,0.651832,0,0.238113,0.554974,0,0.159363,0.667539,0,0.436512,0.670157,0,0.462139,0.759162,0,1,0,0,0,0,0
usher,False,0,000000,,,False,0,000000,,,0.589,0.511,0.332,0.512,0.242,0.24,0.589379,0.835079,0,0.511095,0.651832,0,0.332441,0.554974,0,0.512256,0.667539,0,0.242405,0.670157,0,0.239686,0.759162,0,0,0,0,0,0,0
vaccinate,True,1,000010,Sn,,True,2,001010,Sn,Ap,0.175,0.031,0.638,0.013,0.716,0.577,0.174634,0.835079,0,0.030974,0.651832,0,0.637649,0.554974,1,0.012752,0.667539,0,0.716135,0.670157,1,0.577459,0.759162,0,0,0,0,0,1,0
vanish,False,0,000000,,,True,2,011000,Cm,Ap,0.243,0.572,0.525,0.142,0.417,0.441,0.242744,0.835079,0,0.572219,0.651832,0,0.52513,0.554974,0,0.142157,0.667539,0,0.416626,0.670157,0,0.440917,0.759162,0,0,0,0,0,0,0
vaporize,True,1,000001,Ev,,True,2,001001,Ev,Ap,0.023,0.23,0.711,0.52,0.286,0.845,0.022597,0.835079,0,0.229506,0.651832,0,0.711007,0.554974,1,0.520176,0.667539,0,0.285882,0.670157,0,0.844925,0.759162,1,0,0,0,0,0,1
vary,True,1,000100,An,,True,3,011100,An,"Cm, Ap",0.628,0.885,0.579,0.954,0.538,0.055,0.627734,0.835079,0,0.885168,0.651832,1,0.579126,0.554974,1,0.953548,0.667539,1,0.538061,0.670157,0,0.055242,0.759162,0,0,0,0,1,0,0
vascularize,True,1,000010,Sn,,True,3,001110,Sn,"Ap, An",0.19,0.254,0.556,0.614,0.718,0.24,0.190479,0.835079,0,0.254197,0.651832,0,0.556149,0.554974,1,0.613811,0.667539,0,0.718406,0.670157,1,0.240241,0.759162,0,0,0,0,0,1,0
veer,False,0,000000,,,True,3,010101,Ev,"Cm, An",0.395,0.567,0.323,0.614,0.198,0.662,0.39489,0.835079,0,0.567444,0.651832,0,0.323451,0.554974,0,0.613977,0.667539,0,0.197814,0.670157,0,0.661708,0.759162,0,0,0,0,0,0,0
vegetate,True,2,000110,An,Sn,True,2,000110,An,Sn,0.385,0.314,0.162,0.72,0.678,0.578,0.385018,0.835079,0,0.313618,0.651832,0,0.161932,0.554974,0,0.719933,0.667539,1,0.678372,0.670157,1,0.578457,0.759162,0,0,0,0,1,1,0
vent,True,1,001000,Ap,,True,2,001100,Ap,An,0.237,0.467,0.849,0.721,0.534,0.579,0.237076,0.835079,0,0.466848,0.651832,0,0.849438,0.554974,1,0.720964,0.667539,1,0.534216,0.670157,0,0.578517,0.759162,0,0,0,1,0,0,0
ventilate,True,1,000001,Ev,,True,2,001001,Ev,Ap,0.011,0.088,0.554,0.122,0.551,0.792,0.010708,0.835079,0,0.088277,0.651832,0,0.554347,0.554974,0,0.122303,0.667539,0,0.550926,0.670157,0,0.791945,0.759162,1,0,0,0,0,0,1
verbalize,True,2,010010,Sn,Cm,True,2,010010,Sn,Cm,0.439,0.753,0.464,0.206,0.768,0.081,0.43928,0.835079,0,0.753224,0.651832,1,0.463733,0.554974,0,0.205617,0.667539,0,0.767724,0.670157,1,0.081368,0.759162,0,0,1,0,0,1,0
verge,True,2,000101,An,Ev,True,2,000101,An,Ev,0.486,0.208,0.018,0.865,0.282,0.844,0.486095,0.835079,0,0.20835,0.651832,0,0.01765,0.554974,0,0.865225,0.667539,1,0.281863,0.670157,0,0.84351,0.759162,1,0,0,0,1,0,1
vest,False,0,000000,,,False,0,000000,,,0.164,0.136,0.299,0.085,0.325,0.245,0.163954,0.835079,0,0.13624,0.651832,0,0.29852,0.554974,0,0.084519,0.667539,0,0.324668,0.670157,0,0.244987,0.759162,0,0,0,0,0,0,0
vibrate,False,0,000000,,,False,0,000000,,,0.179,0.176,0.248,0.243,0.493,0.569,0.179386,0.835079,0,0.17579,0.651832,0,0.248001,0.554974,0,0.24299,0.667539,0,0.492627,0.670157,0,0.569278,0.759162,0,0,0,0,0,0,0
violate,False,0,000000,,,True,1,001000,Ap,,0.57,0.241,0.531,0.563,0.14,0.31,0.569757,0.835079,0,0.241054,0.651832,0,0.530931,0.554974,0,0.562564,0.667539,0,0.140199,0.670157,0,0.310417,0.759162,0,0,0,0,0,0,0
visit,True,1,100000,Kn,,True,2,110000,Kn,Cm,0.993,0.775,0.415,0.078,0.2,0.095,0.992589,0.835079,1,0.7751,0.651832,1,0.415054,0.554974,0,0.078209,0.667539,0,0.199505,0.670157,0,0.094644,0.759162,0,1,0,0,0,0,0
void,False,0,000000,,,True,1,010000,Cm,,0.473,0.65,0.158,0.39,0.28,0.141,0.473153,0.835079,0,0.650159,0.651832,0,0.157583,0.554974,0,0.390322,0.667539,0,0.279954,0.670157,0,0.140689,0.759162,0,0,0,0,0,0,0
vote,True,1,001000,Ap,,True,5,111101,Kn,"Cm, Ap, An, Ev",0.748,0.575,0.692,0.664,0.177,0.719,0.748458,0.835079,0,0.575475,0.651832,0,0.691945,0.554974,1,0.664437,0.667539,0,0.176638,0.670157,0,0.718908,0.759162,0,0,0,1,0,0,0
vow,True,1,000001,Ev,,True,2,100001,Kn,Ev,0.81,0.059,0.023,0.084,0.35,0.775,0.809799,0.835079,0,0.059111,0.651832,0,0.022865,0.554974,0,0.084262,0.667539,0,0.349757,0.670157,0,0.774614,0.759162,1,0,0,0,0,0,1
wait,True,1,000100,An,,True,3,100101,Kn,"An, Ev",0.81,0.506,0.435,0.783,0.177,0.703,0.8102,0.835079,0,0.506007,0.651832,0,0.435443,0.554974,0,0.782521,0.667539,1,0.177071,0.670157,0,0.703313,0.759162,0,0,0,0,1,0,0
wake,False,0,000000,,,False,0,000000,,,0.504,0.513,0.123,0.322,0.56,0.644,0.504048,0.835079,0,0.513415,0.651832,0,0.122922,0.554974,0,0.321839,0.667539,0,0.559874,0.670157,0,0.643784,0.759162,0,0,0,0,0,0,0
walk,True,3,101100,Kn,"Ap, An",True,4,111100,Kn,"Cm, Ap, An",0.904,0.61,0.863,0.76,0.115,0.35,0.904375,0.835079,1,0.60979,0.651832,0,0.863367,0.554974,1,0.760286,0.667539,1,0.114933,0.670157,0,0.350474,0.759162,0,1,0,1,1,0,0
want,True,1,100000,Kn,,True,1,100000,Kn,,0.922,0.449,0.297,0.158,0.358,0.254,0.921918,0.835079,1,0.449293,0.651832,0,0.297064,0.554974,0,0.158187,0.667539,0,0.357761,0.670157,0,0.254049,0.759162,0,1,0,0,0,0,0
warn,True,1,000010,Sn,,True,2,000011,Sn,Ev,0.574,0.389,0.396,0.184,0.763,0.75,0.573743,0.835079,0,0.3891,0.651832,0,0.396008,0.554974,0,0.184443,0.667539,0,0.762882,0.670157,1,0.750375,0.759162,0,0,0,0,0,1,0
warp,True,1,000100,An,,True,2,010100,An,Cm,0.26,0.61,0.149,0.888,0.399,0.284,0.259866,0.835079,0,0.60984,0.651832,0,0.148842,0.554974,0,0.888148,0.667539,1,0.398716,0.670157,0,0.283809,0.759162,0,0,0,0,1,0,0
wash,True,1,001000,Ap,,True,1,001000,Ap,,0.451,0.232,0.588,0.142,0.345,0.559,0.451111,0.835079,0,0.231956,0.651832,0,0.587913,0.554974,1,0.141864,0.667539,0,0.345016,0.670157,0,0.559322,0.759162,0,0,0,1,0,0,0
watch,True,1,100000,Kn,,True,2,101000,Kn,Ap,0.995,0.494,0.809,0.259,0.084,0.462,0.995431,0.835079,1,0.493846,0.651832,0,0.809364,0.554974,1,0.258593,0.667539,0,0.084285,0.670157,0,0.462079,0.759162,0,1,0,0,0,0,0
weaken,False,0,000000,,,True,2,000101,Ev,An,0.301,0.073,0.299,0.574,0.353,0.69,0.300786,0.835079,0,0.072965,0.651832,0,0.299075,0.554974,0,0.57412,0.667539,0,0.353432,0.670157,0,0.6896,0.759162,0,0,0,0,0,0,0
wear,True,1,001000,Ap,,True,3,111000,Ap,"Kn, Cm",0.81,0.647,0.913,0.135,0.187,0.49,0.810186,0.835079,0,0.647319,0.651832,0,0.912846,0.554974,1,0.134827,0.667539,0,0.187345,0.670157,0,0.489552,0.759162,0,0,0,1,0,0,0
weave,True,1,001000,Ap,,True,2,101000,Kn,Ap,0.757,0.531,0.581,0.272,0.433,0.269,0.756704,0.835079,0,0.530572,0.651832,0,0.580901,0.554974,1,0.271625,0.667539,0,0.432705,0.670157,0,0.269285,0.759162,0,0,0,1,0,0,0
weep,True,1,100000,Kn,,True,2,101000,Kn,Ap,0.923,0.29,0.557,0.388,0.551,0.271,0.922662,0.835079,1,0.290425,0.651832,0,0.556575,0.554974,1,0.388443,0.667539,0,0.551398,0.670157,0,0.271398,0.759162,0,1,0,0,0,0,0
welcome,False,0,000000,,,False,0,000000,,,0.258,0.149,0.142,0.393,0.3,0.579,0.257997,0.835079,0,0.149012,0.651832,0,0.142467,0.554974,0,0.393442,0.667539,0,0.300374,0.670157,0,0.578895,0.759162,0,0,0,0,0,0,0
weld,True,1,001000,Ap,,True,1,001000,Ap,,0.388,0.289,0.769,0.088,0.326,0.356,0.387951,0.835079,0,0.288509,0.651832,0,0.769131,0.554974,1,0.088135,0.667539,0,0.325903,0.670157,0,0.356305,0.759162,0,0,0,1,0,0,0
wend,False,0,000000,,,True,1,000001,Ev,,0.698,0.503,0.415,0.232,0.261,0.714,0.697898,0.835079,0,0.502567,0.651832,0,0.414531,0.554974,0,0.231541,0.667539,0,0.260633,0.670157,0,0.713571,0.759162,0,0,0,0,0,0,0
whiten,False,0,000000,,,False,0,000000,,,0.3,0.058,0.122,0.082,0.56,0.545,0.300403,0.835079,0,0.057657,0.651832,0,0.122079,0.554974,0,0.082204,0.667539,0,0.560151,0.670157,0,0.545439,0.759162,0,0,0,0,0,0,0
widen,True,2,001100,An,Ap,True,2,001100,An,Ap,0.362,0.381,0.64,0.69,0.139,0.122,0.362205,0.835079,0,0.380809,0.651832,0,0.63955,0.554974,1,0.690169,0.667539,1,0.138941,0.670157,0,0.121605,0.759162,0,0,0,1,1,0,0
wield,True,1,001000,Ap,,True,1,001000,Ap,,0.5,0.242,0.787,0.29,0.181,0.604,0.500283,0.835079,0,0.242451,0.651832,0,0.787162,0.554974,1,0.28974,0.667539,0,0.180889,0.670157,0,0.603654,0.759162,0,0,0,1,0,0,0
wiggle,True,1,000100,An,,True,1,000100,An,,0.385,0.507,0.345,0.672,0.417,0.02,0.385383,0.835079,0,0.507445,0.651832,0,0.344883,0.554974,0,0.671977,0.667539,1,0.416579,0.670157,0,0.020176,0.759162,0,0,0,0,1,0,0
will,True,1,100000,Kn,,True,1,100000,Kn,,0.881,0.38,0.462,0.363,0.415,0.295,0.880893,0.835079,1,0.380229,0.651832,0,0.462311,0.554974,0,0.363108,0.667539,0,0.414965,0.670157,0,0.295109,0.759162,0,1,0,0,0,0,0
win,True,3,101001,Kn,"Ap, Ev",True,4,111001,Kn,"Cm, Ap, Ev",0.879,0.574,0.724,0.264,0.284,0.844,0.879206,0.835079,1,0.574017,0.651832,0,0.723648,0.554974,1,0.264008,0.667539,0,0.283781,0.670157,0,0.844146,0.759162,1,1,0,1,0,0,1
winnow,False,0,000000,,,False,0,000000,,,0.027,0.16,0.105,0.547,0.481,0.544,0.026742,0.835079,0,0.160021,0.651832,0,0.104558,0.554974,0,0.547487,0.667539,0,0.480738,0.670157,0,0.543941,0.759162,0,0,0,0,0,0,0
wipe,False,0,000000,,,False,0,000000,,,0.656,0.118,0.368,0.427,0.393,0.463,0.655836,0.835079,0,0.117911,0.651832,0,0.368285,0.554974,0,0.427341,0.667539,0,0.392938,0.670157,0,0.46278,0.759162,0,0,0,0,0,0,0
wish,True,1,000010,Sn,,True,1,000010,Sn,,0.663,0.385,0.145,0.083,0.722,0.036,0.662848,0.835079,0,0.385322,0.651832,0,0.14528,0.554974,0,0.082957,0.667539,0,0.722487,0.670157,1,0.036398,0.759162,0,0,0,0,0,1,0
withdraw,True,1,000100,An,,True,2,001100,An,Ap,0.237,0.203,0.711,0.877,0.215,0.574,0.236978,0.835079,0,0.202836,0.651832,0,0.710548,0.554974,1,0.876894,0.667539,1,0.214669,0.670157,0,0.574089,0.759162,0,0,0,0,1,0,0
withhold,True,1,001000,Ap,,True,1,001000,Ap,,0.583,0.254,0.737,0.523,0.036,0.535,0.58279,0.835079,0,0.254008,0.651832,0,0.736537,0.554974,1,0.523142,0.667539,0,0.035648,0.670157,0,0.535339,0.759162,0,0,0,1,0,0,0
withstand,True,2,001001,Ev,Ap,True,2,001001,Ev,Ap,0.164,0.384,0.895,0.207,0.516,0.899,0.163889,0.835079,0,0.383748,0.651832,0,0.895166,0.554974,1,0.207372,0.667539,0,0.515997,0.670157,0,0.898966,0.759162,1,0,0,1,0,0,1
witness,True,1,100000,Kn,,True,2,100001,Kn,Ev,0.879,0.477,0.069,0.315,0.566,0.716,0.878734,0.835079,1,0.477401,0.651832,0,0.068724,0.554974,0,0.314806,0.667539,0,0.56635,0.670157,0,0.716121,0.759162,0,1,0,0,0,0,0
wonder,True,1,000100,An,,True,3,011100,An,"Cm, Ap",0.678,0.681,0.557,0.943,0.357,0.429,0.678295,0.835079,0,0.681044,0.651832,1,0.557085,0.554974,1,0.943416,0.667539,1,0.356502,0.670157,0,0.429245,0.759162,0,0,0,0,1,0,0
work,True,1,001000,Ap,,True,2,001100,Ap,An,0.07,0.549,0.893,0.823,0.228,0.601,0.069933,0.835079,0,0.548615,0.651832,0,0.893302,0.554974,1,0.822999,0.667539,1,0.228047,0.670157,0,0.601185,0.759162,0,0,0,1,0,0,0
worry,False,0,000000,,,False,0,000000,,,0.556,0.304,0.238,0.429,0.446,0.277,0.555638,0.835079,0,0.303506,0.651832,0,0.237744,0.554974,0,0.428532,0.667539,0,0.446301,0.670157,0,0.277086,0.759162,0,0,0,0,0,0,0
worsen,False,0,000000,,,True,2,001001,Ev,Ap,0.451,0.236,0.522,0.088,0.341,0.717,0.451477,0.835079,0,0.235925,0.651832,0,0.521946,0.554974,0,0.087556,0.667539,0,0.340582,0.670157,0,0.716636,0.759162,0,0,0,0,0,0,0
wrap,True,1,000010,Sn,,True,2,100010,Sn,Kn,0.76,0.404,0.445,0.348,0.823,0.606,0.759892,0.835079,0,0.404136,0.651832,0,0.445031,0.554974,0,0.348005,0.667539,0,0.823119,0.670157,1,0.605593,0.759162,0,0,0,0,0,1,0
wring,False,0,000000,,,True,1,010000,Cm,,0.36,0.564,0.383,0.493,0.177,0.192,0.360131,0.835079,0,0.563832,0.651832,0,0.382915,0.554974,0,0.493186,0.667539,0,0.177105,0.670157,0,0.191529,0.759162,0,0,0,0,0,0,0
yield,True,1,001000,Ap,,True,2,001001,Ap,Ev,0.553,0.202,0.935,0.517,0.4,0.687,0.55269,0.835079,0,0.202324,0.651832,0,0.93497,0.554974,1,0.517221,0.667539,0,0.400337,0.670157,0,0.686712,0.759162,0,0,0,1,0,0,0
zoom,False,0,000000,,,False,0,000000,,,0.424,0.359,0.324,0.527,0.363,0.154,0.424433,0.835079,0,0.359121,0.651832,0,0.324349,0.554974,0,0.527204,0.667539,0,0.362677,0.670157,0,0.153928,0.759162,0,0,0,0,0,0,0
