Verb,Accepted,AcceptedCount,AcceptedPattern,PrimaryDomain,OtherDomains,SoftAccepted,SoftAcceptedCount,SoftPattern,SoftPrimaryDomain,SoftOtherDomains,score_Kn,score_Cm,score_Ap,score_An,score_Sn,score_Ev,cal_score_Kn,thr_Kn,meets_thr_Kn,cal_score_Cm,thr_Cm,meets_thr_Cm,cal_score_Ap,thr_Ap,meets_thr_Ap,cal_score_An,thr_An,meets_thr_An,cal_score_Sn,thr_Sn,meets_thr_Sn,cal_score_Ev,thr_Ev,meets_thr_Ev,accept_Kn,accept_Cm,accept_Ap,accept_An,accept_Sn,accept_Ev
abandon,True,1,001000,Ap,,True,2,001001,Ap,Ev,0.614,0.372,0.971,0.365,0.165,0.686,0.614183,0.840314,0,0.372193,0.717277,0,0.971009,0.591623,1,0.364512,0.657068,0,0.164622,0.643979,0,0.685813,0.743455,0,0,0,1,0,0,0
abbreviate,True,1,000010,Sn,,True,1,000010,Sn,,0.357,0.488,0.426,0.04,0.665,0.109,0.356902,0.840314,0,0.488391,0.717277,0,0.426318,0.591623,0,0.040101,0.657068,0,0.66541,0.643979,1,0.10893,0.743455,0,0,0,0,0,1,0
abet,True,1,001000,Ap,,True,2,011000,Cm,Ap,0.68,0.684,0.659,0.286,0.103,0.105,0.67975,0.840314,0,0.684216,0.717277,0,0.659329,0.591623,1,0.286436,0.657068,0,0.103236,0.643979,0,0.105356,0.743455,0,0,0,1,0,0,0
abide,True,1,001000,Ap,,True,1,001000,Ap,,0.665,0.393,0.952,0.259,0.164,0.21,0.664515,0.840314,0,0.392672,0.717277,0,0.952435,0.591623,1,0.259229,0.657068,0,0.164195,0.643979,0,0.209993,0.743455,0,0,0,1,0,0,0
ablate,True,1,010000,Cm,,True,2,011000,Cm,Ap,0.479,0.932,0.645,0.163,0.441,0.168,0.479075,0.840314,0,0.932384,0.717277,1,0.645208,0.591623,1,0.16344,0.657068,0,0.441242,0.643979,0,0.167874,0.743455,0,0,1,0,0,0,0
abort,True,1,000001,Ev,,True,3,001011,Ev,"Ap, Sn",0.575,0.128,0.665,0.297,0.659,0.945,0.574538,0.840314,0,0.128205,0.717277,0,0.665481,0.591623,1,0.297402,0.657068,0,0.659075,0.643979,1,0.944973,0.743455,1,0,0,0,0,0,1
abound,False,0,000000,,,True,2,110000,Kn,Cm,0.75,0.669,0.19,0.017,0.072,0.271,0.749807,0.840314,0,0.66929,0.717277,0,0.189917,0.591623,0,0.01749,0.657068,0,0.072165,0.643979,0,0.271006,0.743455,0,0,0,0,0,0,0
absorb,False,0,000000,,,False,0,000000,,,0.476,0.353,0.372,0.428,0.127,0.071,0.475746,0.840314,0,0.353317,0.717277,0,0.37203,0.591623,0,0.427848,0.657068,0,0.126963,0.643979,0,0.071476,0.743455,0,0,0,0,0,0,0
abut,True,1,010000,Cm,,True,2,011000,Cm,Ap,0.459,0.943,0.692,0.064,0.173,0.574,0.458626,0.840314,0,0.943036,0.717277,1,0.691737,0.591623,1,0.064088,0.657068,0,0.172774,0.643979,0,0.574258,0.743455,0,0,1,0,0,0,0
accelerate,True,1,001000,Ap,,True,2,001010,Ap,Sn,0.286,0.114,0.89,0.115,0.761,0.102,0.286249,0.840314,0,0.11449,0.717277,0,0.890312,0.591623,1,0.115156,0.657068,0,0.760512,0.643979,1,0.1025,0.743455,0,0,0,1,0,0,0
accentuate,False,0,000000,,,True,1,010000,Cm,,0.184,0.647,0.352,0.107,0.126,0.042,0.183524,0.840314,0,0.647244,0.717277,0,0.352098,0.591623,0,0.107253,0.657068,0,0.125762,0.643979,0,0.04185,0.743455,0,0,0,0,0,0,0
accommodate,True,1,000010,Sn,,True,3,001110,Sn,"Ap, An",0.012,0.416,0.703,0.67,0.775,0.471,0.012018,0.840314,0,0.415993,0.717277,0,0.703064,0.591623,1,0.670114,0.657068,1,0.775419,0.643979,1,0.471317,0.743455,0,0,0,0,0,1,0
accompany,True,1,010000,Cm,,True,2,010010,Cm,Sn,0.687,0.852,0.411,0.069,0.706,0.274,0.686824,0.840314,0,0.851716,0.717277,1,0.410917,0.591623,0,0.068505,0.657068,0,0.706208,0.643979,1,0.274263,0.743455,0,0,1,0,0,0,0
accomplish,True,1,001000,Ap,,True,2,101000,Ap,Kn,0.813,0.066,0.881,0.09,0.379,0.113,0.8131,0.840314,0,0.066441,0.717277,0,0.881218,0.591623,1,0.089718,0.657068,0,0.379376,0.643979,0,0.112783,0.743455,0,0,0,1,0,0,0
account,True,1,010000,Cm,,True,1,010000,Cm,,0.649,0.788,0.4,0.295,0.531,0.564,0.649122,0.840314,0,0.788134,0.717277,1,0.400467,0.591623,0,0.295253,0.657068,0,0.531028,0.643979,0,0.563993,0.743455,0,0,1,0,0,0,0
accrue,False,0,000000,,,True,2,001010,Sn,Ap,0.616,0.443,0.518,0.033,0.605,0.183,0.616409,0.840314,0,0.443049,0.717277,0,0.518106,0.591623,0,0.033244,0.657068,0,0.605089,0.643979,0,0.183474,0.743455,0,0,0,0,0,0,0
accumulate,True,1,100000,Kn,,True,2,101000,Kn,Ap,0.961,0.42,0.784,0.381,0.518,0.134,0.961282,0.840314,1,0.419809,0.717277,0,0.783744,0.591623,1,0.381176,0.657068,0,0.517672,0.643979,0,0.134287,0.743455,0,1,0,0,0,0,0
accustom,True,1,001000,Ap,,True,2,001010,Ap,Sn,0.146,0.467,0.654,0.336,0.6,0.24,0.145589,0.840314,0,0.466912,0.717277,0,0.653621,0.591623,1,0.335648,0.657068,0,0.599516,0.643979,0,0.239539,0.743455,0,0,0,1,0,0,0
achieve,True,1,001000,Ap,,True,1,001000,Ap,,0.664,0.061,0.819,0.065,0.468,0.19,0.66407,0.840314,0,0.06067,0.717277,0,0.818662,0.591623,1,0.064967,0.657068,0,0.468353,0.643979,0,0.189928,0.743455,0,0,0,1,0,0,0
acidify,True,1,001000,Ap,,True,1,001000,Ap,,0.03,0.099,0.821,0.48,0.274,0.133,0.029773,0.840314,0,0.0991,0.717277,0,0.82108,0.591623,1,0.479539,0.657068,0,0.27446,0.643979,0,0.132939,0.743455,0,0,0,1,0,0,0
acknowledge,True,1,100000,Kn,,True,2,110000,Kn,Cm,0.858,0.797,0.032,0.334,0.254,0.084,0.858129,0.840314,1,0.797014,0.717277,1,0.031708,0.591623,0,0.33431,0.657068,0,0.254225,0.643979,0,0.08418,0.743455,0,1,0,0,0,0,0
acquaint,True,1,010000,Cm,,True,2,011000,Cm,Ap,0.489,0.956,0.7,0.181,0.445,0.069,0.489432,0.840314,0,0.956389,0.717277,1,0.699855,0.591623,1,0.181483,0.657068,0,0.445113,0.643979,0,0.068942,0.743455,0,0,1,0,0,0,0
activate,False,0,000000,,,True,1,000010,Sn,,0.566,0.44,0.432,0.141,0.556,0.246,0.566397,0.840314,0,0.440431,0.717277,0,0.43176,0.591623,0,0.14063,0.657068,0,0.55628,0.643979,0,0.246301,0.743455,0,0,0,0,0,0,0
actualize,False,0,000000,,,True,1,000010,Sn,,0.584,0.404,0.265,0.422,0.609,0.073,0.583707,0.840314,0,0.404151,0.717277,0,0.265365,0.591623,0,0.421723,0.657068,0,0.609335,0.643979,0,0.072699,0.743455,0,0,0,0,0,0,0
actuate,True,1,001000,Ap,,True,1,001000,Ap,,0.199,0.076,0.855,0.035,0.514,0.023,0.198895,0.840314,0,0.076033,0.717277,0,0.855288,0.591623,1,0.035241,0.657068,0,0.514131,0.643979,0,0.023068,0.743455,0,0,0,1,0,0,0
address,True,3,111000,Kn,"Cm, Ap",True,3,111000,Kn,"Cm, Ap",0.977,0.944,0.875,0.023,0.227,0.006,0.977115,0.840314,1,0.943601,0.717277,1,0.874553,0.591623,1,0.023224,0.657068,0,0.226714,0.643979,0,0.005547,0.743455,0,1,1,1,0,0,0
adhere,True,1,001000,Ap,,True,3,101001,Ev,"Kn, Ap",0.727,0.078,0.715,0.132,0.428,0.737,0.726761,0.840314,0,0.078211,0.717277,0,0.714915,0.591623,1,0.132218,0.657068,0,0.428477,0.643979,0,0.736828,0.743455,0,0,0,1,0,0,0
adjoin,False,0,000000,,,True,1,010000,Cm,,0.46,0.708,0.131,0.052,0.394,0.19,0.45968,0.840314,0,0.707557,0.717277,0,0.131455,0.591623,0,0.051546,0.657068,0,0.393841,0.643979,0,0.189821,0.743455,0,0,0,0,0,0,0
adjudicate,True,1,000001,Ev,,True,2,010001,Ev,Cm,0.296,0.696,0.069,0.441,0.042,0.945,0.296207,0.840314,0,0.696274,0.717277,0,0.068606,0.591623,0,0.44093,0.657068,0,0.042486,0.643979,0,0.944619,0.743455,1,0,0,0,0,0,1
adjust,True,1,000100,An,,True,3,001110,An,"Ap, Sn",0.11,0.288,0.638,0.963,0.74,0.548,0.110248,0.840314,0,0.287643,0.717277,0,0.638241,0.591623,1,0.963303,0.657068,1,0.740422,0.643979,1,0.548212,0.743455,0,0,0,0,1,0,0
administrate,True,1,000100,An,,True,3,001101,An,"Ap, Ev",0.066,0.091,0.766,0.869,0.48,0.736,0.066269,0.840314,0,0.091161,0.717277,0,0.765892,0.591623,1,0.868658,0.657068,1,0.48011,0.643979,0,0.736007,0.743455,0,0,0,0,1,0,0
admire,True,2,110000,Cm,Kn,True,2,110000,Cm,Kn,0.902,0.905,0.299,0.163,0.071,0.477,0.901885,0.840314,1,0.905288,0.717277,1,0.299086,0.591623,0,0.162891,0.657068,0,0.071306,0.643979,0,0.476919,0.743455,0,1,1,0,0,0,0
admit,False,0,000000,,,True,2,100010,Kn,Sn,0.801,0.143,0.09,0.073,0.58,0.272,0.801214,0.840314,0,0.142669,0.717277,0,0.090327,0.591623,0,0.072785,0.657068,0,0.579506,0.643979,0,0.271835,0.743455,0,0,0,0,0,0,0
adopt,True,1,100000,Kn,,True,3,100011,Kn,"Sn, Ev",0.902,0.575,0.39,0.224,0.72,0.789,0.901901,0.840314,1,0.574724,0.717277,0,0.389861,0.591623,0,0.224181,0.657068,0,0.719691,0.643979,1,0.789422,0.743455,1,1,0,0,0,0,0
adsorb,False,0,000000,,,True,1,000100,An,,0.327,0.479,0.424,0.61,0.124,0.257,0.32727,0.840314,0,0.478712,0.717277,0,0.42419,0.591623,0,0.61016,0.657068,0,0.123514,0.643979,0,0.257443,0.743455,0,0,0,0,0,0,0
advect,False,0,000000,,,True,1,010000,Cm,,0.153,0.705,0.365,0.298,0.499,0.259,0.152941,0.840314,0,0.705344,0.717277,0,0.365456,0.591623,0,0.297518,0.657068,0,0.499333,0.643979,0,0.258641,0.743455,0,0,0,0,0,0,0
advertise,True,1,001000,Ap,,True,1,001000,Ap,,0.205,0.461,0.648,0.164,0.468,0.059,0.205003,0.840314,0,0.460847,0.717277,0,0.648438,0.591623,1,0.164018,0.657068,0,0.467732,0.643979,0,0.059175,0.743455,0,0,0,1,0,0,0
advocate,False,0,000000,,,True,1,010000,Cm,,0.646,0.633,0.398,0.191,0.472,0.178,0.646049,0.840314,0,0.633286,0.717277,0,0.398152,0.591623,0,0.191045,0.657068,0,0.472359,0.643979,0,0.178253,0.743455,0,0,0,0,0,0,0
aerate,True,1,001000,Ap,,True,1,001000,Ap,,0.171,0.069,0.791,0.016,0.324,0.247,0.171054,0.840314,0,0.069148,0.717277,0,0.790788,0.591623,1,0.016054,0.657068,0,0.324241,0.643979,0,0.247275,0.743455,0,0,0,1,0,0,0
affect,True,1,010000,Cm,,True,3,110100,Cm,"Kn, An",0.85,0.914,0.481,0.719,0.128,0.479,0.849989,0.840314,1,0.914127,0.717277,1,0.480872,0.591623,0,0.71943,0.657068,1,0.127792,0.643979,0,0.479167,0.743455,0,0,1,0,0,0,0
affirm,True,1,000001,Ev,,True,1,000001,Ev,,0.336,0.256,0.343,0.054,0.468,0.745,0.335715,0.840314,0,0.256347,0.717277,0,0.342946,0.591623,0,0.053629,0.657068,0,0.468019,0.643979,0,0.744546,0.743455,1,0,0,0,0,0,1
affix,True,1,001000,Ap,,True,1,001000,Ap,,0.432,0.545,0.662,0.061,0.146,0.287,0.432181,0.840314,0,0.545425,0.717277,0,0.661561,0.591623,1,0.061041,0.657068,0,0.146311,0.643979,0,0.286812,0.743455,0,0,0,1,0,0,0
afford,True,1,001000,Ap,,True,2,101000,Kn,Ap,0.764,0.492,0.749,0.269,0.284,0.495,0.763871,0.840314,0,0.492412,0.717277,0,0.749407,0.591623,1,0.26924,0.657068,0,0.284488,0.643979,0,0.495364,0.743455,0,0,0,1,0,0,0
aggravate,True,1,001000,Ap,,True,3,001110,Ap,"An, Sn",0.446,0.401,0.936,0.647,0.692,0.316,0.445681,0.840314,0,0.400896,0.717277,0,0.935614,0.591623,1,0.646693,0.657068,0,0.692294,0.643979,1,0.316122,0.743455,0,0,0,1,0,0,0
aggregate,True,1,000100,An,,True,3,100110,An,"Kn, Sn",0.848,0.533,0.072,0.913,0.629,0.29,0.847816,0.840314,1,0.533207,0.717277,0,0.071762,0.591623,0,0.913159,0.657068,1,0.628569,0.643979,0,0.290431,0.743455,0,0,0,0,1,0,0
agitate,True,1,001000,Ap,,True,2,001010,Ap,Sn,0.641,0.116,0.675,0.213,0.626,0.165,0.640694,0.840314,0,0.115957,0.717277,0,0.67486,0.591623,1,0.213455,0.657068,0,0.626146,0.643979,0,0.165253,0.743455,0,0,0,1,0,0,0
agonize,True,3,101100,An,"Kn, Ap",True,3,101100,An,"Kn, Ap",0.889,0.106,0.642,0.91,0.072,0.491,0.888601,0.840314,1,0.106253,0.717277,0,0.642204,0.591623,1,0.909528,0.657068,1,0.071568,0.643979,0,0.49145,0.743455,0,1,0,1,1,0,0
agree,True,1,000001,Ev,,True,1,000001,Ev,,0.443,0.066,0.003,0.204,0.163,0.884,0.443327,0.840314,0,0.065663,0.717277,0,0.002618,0.591623,0,0.204173,0.657068,0,0.163408,0.643979,0,0.883636,0.743455,1,0,0,0,0,0,1
aim,True,1,100000,Kn,,True,2,100010,Kn,Sn,0.889,0.312,0.193,0.072,0.734,0.335,0.889121,0.840314,1,0.312119,0.717277,0,0.193423,0.591623,0,0.07157,0.657068,0,0.734361,0.643979,1,0.335487,0.743455,0,1,0,0,0,0,0
align,True,1,000001,Ev,,True,1,000001,Ev,,0.617,0.555,0.377,0.487,0.5,0.763,0.617473,0.840314,0,0.555011,0.717277,0,0.377375,0.591623,0,0.487255,0.657068,0,0.499904,0.643979,0,0.763282,0.743455,1,0,0,0,0,0,1
alleviate,True,1,000100,An,,True,2,001100,An,Ap,0.229,0.067,0.63,0.798,0.506,0.433,0.229231,0.840314,0,0.067426,0.717277,0,0.630253,0.591623,1,0.797585,0.657068,1,0.506003,0.643979,0,0.432894,0.743455,0,0,0,0,1,0,0
allot,True,1,001000,Ap,,True,1,001000,Ap,,0.551,0.547,0.897,0.162,0.128,0.108,0.551115,0.840314,0,0.547014,0.717277,0,0.897227,0.591623,1,0.16241,0.657068,0,0.128456,0.643979,0,0.10823,0.743455,0,0,0,1,0,0,0
allude,True,1,001000,Ap,,True,1,001000,Ap,,0.528,0.496,0.791,0.062,0.242,0.128,0.527522,0.840314,0,0.495581,0.717277,0,0.791427,0.591623,1,0.062253,0.657068,0,0.242188,0.643979,0,0.128373,0.743455,0,0,0,1,0,0,0
alter,True,3,001110,Ap,"An, Sn",True,3,001110,Ap,"An, Sn",0.068,0.384,0.903,0.888,0.785,0.186,0.067855,0.840314,0,0.383974,0.717277,0,0.903301,0.591623,1,0.888326,0.657068,1,0.784717,0.643979,1,0.185644,0.743455,0,0,0,1,1,1,0
alternate,True,1,000100,An,,True,2,001100,An,Ap,0.197,0.355,0.546,0.761,0.466,0.206,0.196986,0.840314,0,0.355132,0.717277,0,0.546492,0.591623,0,0.761295,0.657068,1,0.466339,0.643979,0,0.205748,0.743455,0,0,0,0,1,0,0
ameliorate,False,0,000000,,,True,1,001000,Ap,,0.128,0.054,0.542,0.165,0.423,0.217,0.128392,0.840314,0,0.053669,0.717277,0,0.541647,0.591623,0,0.164639,0.657068,0,0.422967,0.643979,0,0.216991,0.743455,0,0,0,0,0,0,0
amortize,True,1,001000,Ap,,True,1,001000,Ap,,0.489,0.271,0.596,0.146,0.486,0.272,0.489307,0.840314,0,0.271119,0.717277,0,0.595874,0.591623,1,0.146083,0.657068,0,0.486019,0.643979,0,0.271663,0.743455,0,0,0,1,0,0,0
amplify,False,0,000000,,,True,1,010000,Cm,,0.065,0.63,0.482,0.07,0.532,0.034,0.065221,0.840314,0,0.629949,0.717277,0,0.482402,0.591623,0,0.069875,0.657068,0,0.531537,0.643979,0,0.033971,0.743455,0,0,0,0,0,0,0
analogize,True,1,010000,Cm,,True,4,111100,Cm,"Kn, Ap, An",0.725,0.975,0.796,0.87,0.505,0.31,0.7252,0.840314,0,0.97478,0.717277,1,0.795527,0.591623,1,0.870152,0.657068,1,0.505236,0.643979,0,0.310452,0.743455,0,0,1,0,0,0,0
anneal,True,1,010000,Cm,,True,2,011000,Cm,Ap,0.626,0.808,0.639,0.046,0.08,0.211,0.626279,0.840314,0,0.808244,0.717277,1,0.639238,0.591623,1,0.045696,0.657068,0,0.079962,0.643979,0,0.211256,0.743455,0,0,1,0,0,0,0
annihilate,True,1,001000,Ap,,True,1,001000,Ap,,0.289,0.329,0.904,0.23,0.262,0.53,0.289339,0.840314,0,0.328537,0.717277,0,0.904289,0.591623,1,0.229811,0.657068,0,0.262148,0.643979,0,0.530124,0.743455,0,0,0,1,0,0,0
annotate,True,1,100000,Kn,,True,3,111000,Kn,"Cm, Ap",0.889,0.745,0.8,0.016,0.52,0.185,0.888905,0.840314,1,0.744634,0.717277,1,0.799899,0.591623,1,0.01553,0.657068,0,0.520394,0.643979,0,0.184893,0.743455,0,1,0,0,0,0,0
announce,True,1,010000,Cm,,True,5,111110,Cm,"Kn, Ap, An, Sn",0.737,0.765,0.511,0.567,0.615,0.277,0.737348,0.840314,0,0.765482,0.717277,1,0.511101,0.591623,0,0.566738,0.657068,0,0.614909,0.643979,0,0.276577,0.743455,0,0,1,0,0,0,0
anodize,True,1,001000,Ap,,True,1,001000,Ap,,0.203,0.301,0.904,0.439,0.092,0.114,0.202558,0.840314,0,0.301293,0.717277,0,0.903566,0.591623,1,0.43944,0.657068,0,0.091765,0.643979,0,0.113591,0.743455,0,0,0,1,0,0,0
answer,True,1,001000,Ap,,True,2,001100,Ap,An,0.519,0.436,0.887,0.611,0.265,0.232,0.519048,0.840314,0,0.436226,0.717277,0,0.887244,0.591623,1,0.611407,0.657068,0,0.264956,0.643979,0,0.231673,0.743455,0,0,0,1,0,0,0
antagonize,True,2,001100,An,Ap,True,2,001100,An,Ap,0.135,0.248,0.904,0.912,0.429,0.295,0.135476,0.840314,0,0.247685,0.717277,0,0.904178,0.591623,1,0.912191,0.657068,1,0.429209,0.643979,0,0.295136,0.743455,0,0,0,1,1,0,0
apologize,True,1,000100,An,,True,1,000100,An,,0.329,0.278,0.003,0.706,0.324,0.361,0.328989,0.840314,0,0.278332,0.717277,0,0.002618,0.591623,0,0.706004,0.657068,1,0.324237,0.643979,0,0.360693,0.743455,0,0,0,0,1,0,0
appeal,True,1,000001,Ev,,True,2,010001,Ev,Cm,0.66,0.669,0.355,0.224,0.023,0.821,0.659971,0.840314,0,0.669212,0.717277,0,0.354677,0.591623,0,0.22356,0.657068,0,0.023395,0.643979,0,0.821211,0.743455,1,0,0,0,0,0,1
appear,True,1,100000,Kn,,True,3,110100,Kn,"Cm, An",0.923,0.758,0.028,0.663,0.319,0.244,0.922695,0.840314,1,0.758022,0.717277,1,0.028435,0.591623,0,0.662973,0.657068,1,0.318835,0.643979,0,0.243568,0.743455,0,1,0,0,0,0,0
append,False,0,000000,,,True,1,010000,Cm,,0.454,0.686,0.49,0.207,0.236,0.313,0.454147,0.840314,0,0.685843,0.717277,0,0.490117,0.591623,0,0.206588,0.657068,0,0.23643,0.643979,0,0.313266,0.743455,0,0,0,0,0,0,0
appoint,True,1,001000,Ap,,True,3,001101,Ap,"An, Ev",0.516,0.116,0.913,0.735,0.104,0.814,0.515807,0.840314,0,0.116408,0.717277,0,0.913462,0.591623,1,0.735434,0.657068,1,0.104009,0.643979,0,0.813992,0.743455,1,0,0,1,0,0,0
apportion,True,2,011000,Cm,Ap,True,4,011101,Cm,"Ap, An, Ev",0.487,0.795,0.748,0.645,0.416,0.675,0.487194,0.840314,0,0.795252,0.717277,1,0.748333,0.591623,1,0.645265,0.657068,0,0.415666,0.643979,0,0.674639,0.743455,0,0,1,1,0,0,0
appreciate,True,1,010000,Cm,,True,2,010100,Cm,An,0.415,0.737,0.009,0.592,0.053,0.373,0.415325,0.840314,0,0.737255,0.717277,1,0.009402,0.591623,0,0.592332,0.657068,0,0.053206,0.643979,0,0.373214,0.743455,0,0,1,0,0,0,0
apprehend,False,0,000000,,,True,2,010100,Cm,An,0.444,0.681,0.352,0.61,0.342,0.39,0.444148,0.840314,0,0.680725,0.717277,0,0.352257,0.591623,0,0.61007,0.657068,0,0.342207,0.643979,0,0.389677,0.743455,0,0,0,0,0,0,0
approach,True,1,010000,Cm,,True,1,010000,Cm,,0.666,0.899,0.407,0.23,0.342,0.294,0.665877,0.840314,0,0.899488,0.717277,1,0.406646,0.591623,0,0.229802,0.657068,0,0.342296,0.643979,0,0.294313,0.743455,0,0,1,0,0,0,0
appropriate,True,1,001000,Ap,,True,2,001100,Ap,An,0.461,0.161,0.821,0.597,0.013,0.529,0.460566,0.840314,0,0.161269,0.717277,0,0.82077,0.591623,1,0.59703,0.657068,0,0.013423,0.643979,0,0.529369,0.743455,0,0,0,1,0,0,0
approve,True,1,000100,An,,True,2,000101,An,Ev,0.364,0.196,0.063,0.922,0.259,0.736,0.363747,0.840314,0,0.195736,0.717277,0,0.062518,0.591623,0,0.922334,0.657068,1,0.25851,0.643979,0,0.736328,0.743455,0,0,0,0,1,0,0
arise,True,2,000011,Ev,Sn,True,3,000111,Ev,"An, Sn",0.432,0.286,0.056,0.621,0.763,0.82,0.43217,0.840314,0,0.286023,0.717277,0,0.056002,0.591623,0,0.620609,0.657068,0,0.7629,0.643979,1,0.819814,0.743455,1,0,0,0,0,1,1
arouse,True,1,001000,Ap,,True,1,001000,Ap,,0.598,0.07,0.762,0.163,0.164,0.248,0.598109,0.840314,0,0.069916,0.717277,0,0.762264,0.591623,1,0.163025,0.657068,0,0.164446,0.643979,0,0.24843,0.743455,0,0,0,1,0,0,0
array,True,1,100000,Kn,,True,2,100010,Kn,Sn,0.885,0.183,0.496,0.334,0.647,0.072,0.885154,0.840314,1,0.183408,0.717277,0,0.496072,0.591623,0,0.334211,0.657068,0,0.647481,0.643979,1,0.072475,0.743455,0,1,0,0,0,0,0
arrest,True,1,001000,Ap,,True,2,001001,Ev,Ap,0.325,0.443,0.619,0.398,0.126,0.643,0.325231,0.840314,0,0.443005,0.717277,0,0.618743,0.591623,1,0.39769,0.657068,0,0.126475,0.643979,0,0.642638,0.743455,0,0,0,1,0,0,0
arrive,True,1,000001,Ev,,True,3,100101,Ev,"Kn, An",0.739,0.587,0.076,0.591,0.482,0.763,0.739317,0.840314,0,0.587021,0.717277,0,0.075837,0.591623,0,0.590756,0.657068,0,0.481926,0.643979,0,0.762804,0.743455,1,0,0,0,0,0,1
ascend,True,1,001000,Ap,,True,1,001000,Ap,,0.427,0.09,0.791,0.027,0.16,0.444,0.426727,0.840314,0,0.089906,0.717277,0,0.790707,0.591623,1,0.02678,0.657068,0,0.160343,0.643979,0,0.444158,0.743455,0,0,0,1,0,0,0
ascribe,True,1,001000,Ap,,True,1,001000,Ap,,0.38,0.263,0.755,0.061,0.102,0.111,0.379927,0.840314,0,0.263066,0.717277,0,0.755495,0.591623,1,0.061471,0.657068,0,0.101853,0.643979,0,0.11086,0.743455,0,0,0,1,0,0,0
ask,True,2,001100,An,Ap,True,3,101100,Kn,"Ap, An",0.839,0.603,0.791,0.812,0.321,0.069,0.838848,0.840314,0,0.602935,0.717277,0,0.791007,0.591623,1,0.812171,0.657068,1,0.320687,0.643979,0,0.069425,0.743455,0,0,0,1,1,0,0
aspirate,True,1,001000,Ap,,True,1,001000,Ap,,0.263,0.068,0.97,0.02,0.347,0.071,0.262503,0.840314,0,0.06754,0.717277,0,0.969758,0.591623,1,0.019595,0.657068,0,0.347206,0.643979,0,0.071473,0.743455,0,0,0,1,0,0,0
aspire,True,1,001000,Ap,,True,2,001010,Ap,Sn,0.326,0.068,0.914,0.08,0.585,0.527,0.32558,0.840314,0,0.068489,0.717277,0,0.913763,0.591623,1,0.079801,0.657068,0,0.585059,0.643979,0,0.526987,0.743455,0,0,0,1,0,0,0
assert,True,1,000001,Ev,,True,1,000001,Ev,,0.192,0.597,0.399,0.544,0.501,0.786,0.191555,0.840314,0,0.596705,0.717277,0,0.399361,0.591623,0,0.544462,0.657068,0,0.501081,0.643979,0,0.786412,0.743455,1,0,0,0,0,0,1
assimilate,True,2,010010,Cm,Sn,True,2,010010,Cm,Sn,0.065,0.756,0.354,0.181,0.718,0.17,0.065293,0.840314,0,0.756129,0.717277,1,0.354427,0.591623,0,0.180986,0.657068,0,0.718242,0.643979,1,0.169849,0.743455,0,0,1,0,0,1,0
assist,True,2,010010,Sn,Cm,True,2,010010,Sn,Cm,0.411,0.766,0.115,0.007,0.794,0.107,0.411227,0.840314,0,0.76593,0.717277,1,0.115028,0.591623,0,0.007143,0.657068,0,0.7939,0.643979,1,0.107164,0.743455,0,0,1,0,0,1,0
assume,True,1,000010,Sn,,True,2,010010,Sn,Cm,0.032,0.677,0.253,0.485,0.794,0.604,0.031656,0.840314,0,0.676898,0.717277,0,0.253365,0.591623,0,0.484723,0.657068,0,0.793979,0.643979,1,0.604021,0.743455,0,0,0,0,0,1,0
assure,False,0,000000,,,False,0,000000,,,0.368,0.307,0.26,0.093,0.179,0.376,0.367932,0.840314,0,0.306938,0.717277,0,0.259512,0.591623,0,0.09329,0.657068,0,0.178769,0.643979,0,0.375844,0.743455,0,0,0,0,0,0,0
astonish,True,1,001000,Ap,,True,1,001000,Ap,,0.616,0.382,0.906,0.163,0.337,0.294,0.615829,0.840314,0,0.381781,0.717277,0,0.905508,0.591623,1,0.163435,0.657068,0,0.336743,0.643979,0,0.293678,0.743455,0,0,0,1,0,0,0
atomize,True,1,000010,Sn,,True,1,000010,Sn,,0.287,0.465,0.487,0.389,0.647,0.109,0.287176,0.840314,0,0.464562,0.717277,0,0.486836,0.591623,0,0.388552,0.657068,0,0.646579,0.643979,1,0.108537,0.743455,0,0,0,0,0,1,0
attack,True,1,001000,Ap,,True,2,011000,Ap,Cm,0.443,0.647,0.807,0.501,0.163,0.123,0.443234,0.840314,0,0.64737,0.717277,0,0.807102,0.591623,1,0.5013,0.657068,0,0.162951,0.643979,0,0.122519,0.743455,0,0,0,1,0,0,0
attempt,False,0,000000,,,True,2,100010,Kn,Sn,0.787,0.608,0.077,0.23,0.635,0.318,0.786688,0.840314,0,0.607826,0.717277,0,0.077271,0.591623,0,0.229564,0.657068,0,0.635025,0.643979,0,0.317782,0.743455,0,0,0,0,0,0,0
attend,True,3,111000,Cm,"Kn, Ap",True,3,111000,Cm,"Kn, Ap",0.887,0.929,0.795,0.051,0.38,0.109,0.887496,0.840314,1,0.929078,0.717277,1,0.794929,0.591623,1,0.051455,0.657068,0,0.379502,0.643979,0,0.108769,0.743455,0,1,1,1,0,0,0
attenuate,False,0,000000,,,True,1,001000,Ap,,0.045,0.121,0.517,0.203,0.207,0.111,0.045489,0.840314,0,0.12099,0.717277,0,0.516613,0.591623,0,0.202991,0.657068,0,0.207169,0.643979,0,0.111216,0.743455,0,0,0,0,0,0,0
attest,True,1,001000,Ap,,True,2,001100,Ap,An,0.326,0.409,0.904,0.563,0.072,0.454,0.326476,0.840314,0,0.408513,0.717277,0,0.9036,0.591623,1,0.562801,0.657068,0,0.071994,0.643979,0,0.453591,0.743455,0,0,0,1,0,0,0
attract,True,1,001000,Ap,,True,1,001000,Ap,,0.706,0.536,0.605,0.034,0.534,0.21,0.705975,0.840314,0,0.536306,0.717277,0,0.605257,0.591623,1,0.03351,0.657068,0,0.533606,0.643979,0,0.210003,0.743455,0,0,0,1,0,0,0
attribute,True,1,001000,Ap,,True,1,001000,Ap,,0.529,0.603,0.901,0.019,0.13,0.105,0.529301,0.840314,0,0.602594,0.717277,0,0.901101,0.591623,1,0.019107,0.657068,0,0.129609,0.643979,0,0.105353,0.743455,0,0,0,1,0,0,0
augment,True,1,000010,Sn,,True,2,001010,Sn,Ap,0.066,0.09,0.54,0.017,0.727,0.082,0.066105,0.840314,0,0.090238,0.717277,0,0.540259,0.591623,0,0.016589,0.657068,0,0.726917,0.643979,1,0.081642,0.743455,0,0,0,0,0,1,0
authorize,True,1,000100,An,,True,2,001100,An,Ap,0.146,0.499,0.746,0.841,0.084,0.529,0.14609,0.840314,0,0.499027,0.717277,0,0.746275,0.591623,1,0.840755,0.657068,1,0.084388,0.643979,0,0.528722,0.743455,0,0,0,0,1,0,0
autoclave,True,1,001000,Ap,,True,1,001000,Ap,,0.231,0.028,0.803,0.197,0.221,0.442,0.230778,0.840314,0,0.02844,0.717277,0,0.802643,0.591623,1,0.197137,0.657068,0,0.221049,0.643979,0,0.442364,0.743455,0,0,0,1,0,0,0
automate,True,1,001000,Ap,,True,1,001000,Ap,,0.445,0.108,0.885,0.175,0.452,0.182,0.444724,0.840314,0,0.108452,0.717277,0,0.885395,0.591623,1,0.175155,0.657068,0,0.451962,0.643979,0,0.182129,0.743455,0,0,0,1,0,0,0
automatize,True,1,001000,Ap,,True,2,001010,Ap,Sn,0.439,0.097,0.868,0.174,0.791,0.19,0.439153,0.840314,0,0.09699,0.717277,0,0.868062,0.591623,1,0.173797,0.657068,0,0.790615,0.643979,1,0.190045,0.743455,0,0,0,1,0,0,0
avail,False,0,000000,,,True,2,001100,An,Ap,0.617,0.463,0.52,0.611,0.032,0.558,0.616876,0.840314,0,0.4627,0.717277,0,0.519703,0.591623,0,0.611168,0.657068,0,0.032051,0.643979,0,0.558347,0.743455,0,0,0,0,0,0,0
average,True,1,001000,Ap,,True,3,001011,Ap,"Sn, Ev",0.528,0.587,0.684,0.471,0.618,0.652,0.528057,0.840314,0,0.587192,0.717277,0,0.68376,0.591623,1,0.470554,0.657068,0,0.617756,0.643979,0,0.651588,0.743455,0,0,0,1,0,0,0
avert,True,1,001000,Ap,,True,1,001000,Ap,,0.599,0.426,0.75,0.389,0.254,0.228,0.598848,0.840314,0,0.4261,0.717277,0,0.750071,0.591623,1,0.389236,0.657068,0,0.254005,0.643979,0,0.228192,0.743455,0,0,0,1,0,0,0
await,False,0,000000,,,True,1,100000,Kn,,0.736,0.535,0.445,0.053,0.132,0.478,0.735619,0.840314,0,0.534596,0.717277,0,0.44486,0.591623,0,0.053208,0.657068,0,0.132305,0.643979,0,0.478074,0.743455,0,0,0,0,0,0,0
backscatter,True,1,001000,Ap,,True,1,001000,Ap,,0.428,0.543,0.756,0.141,0.051,0.107,0.427662,0.840314,0,0.54343,0.717277,0,0.756207,0.591623,1,0.14149,0.657068,0,0.051319,0.643979,0,0.107314,0.743455,0,0,0,1,0,0,0
bail,True,1,000001,Ev,,True,1,000001,Ev,,0.35,0.315,0.485,0.185,0.022,0.951,0.349966,0.840314,0,0.315098,0.717277,0,0.485057,0.591623,0,0.185496,0.657068,0,0.022169,0.643979,0,0.950642,0.743455,1,0,0,0,0,0,1
bake,True,1,000100,An,,True,2,000110,An,Sn,0.522,0.025,0.394,0.837,0.608,0.541,0.522417,0.840314,0,0.024609,0.717277,0,0.393914,0.591623,0,0.836954,0.657068,1,0.608449,0.643979,0,0.540781,0.743455,0,0,0,0,1,0,0
balance,False,0,000000,,,True,1,000001,Ev,,0.592,0.111,0.192,0.397,0.405,0.742,0.59236,0.840314,0,0.110739,0.717277,0,0.19182,0.591623,0,0.396926,0.657068,0,0.404973,0.643979,0,0.742264,0.743455,0,0,0,0,0,0,0
base,False,0,000000,,,True,1,010000,Cm,,0.111,0.61,0.43,0.384,0.405,0.029,0.110769,0.840314,0,0.609748,0.717277,0,0.430427,0.591623,0,0.383844,0.657068,0,0.404614,0.643979,0,0.029116,0.743455,0,0,0,0,0,0,0
bate,True,1,001000,Ap,,True,1,001000,Ap,,0.215,0.076,0.754,0.063,0.167,0.238,0.214627,0.840314,0,0.076495,0.717277,0,0.754229,0.591623,1,0.062818,0.657068,0,0.167242,0.643979,0,0.238068,0.743455,0,0,0,1,0,0,0
bathe,True,1,001000,Ap,,True,1,001000,Ap,,0.256,0.229,0.911,0.051,0.072,0.124,0.255532,0.840314,0,0.228561,0.717277,0,0.911485,0.591623,1,0.051108,0.657068,0,0.072044,0.643979,0,0.124408,0.743455,0,0,0,1,0,0,0
bear,True,1,000100,An,,True,3,001110,An,"Ap, Sn",0.645,0.316,0.589,0.842,0.668,0.221,0.645031,0.840314,0,0.315651,0.717277,0,0.58883,0.591623,0,0.841646,0.657068,1,0.667599,0.643979,1,0.221235,0.743455,0,0,0,0,1,0,0
beat,True,1,001000,Ap,,True,2,001100,Ap,An,0.666,0.196,0.721,0.612,0.097,0.615,0.666498,0.840314,0,0.195728,0.717277,0,0.721052,0.591623,1,0.611959,0.657068,0,0.096613,0.643979,0,0.615051,0.743455,0,0,0,1,0,0,0
beautify,True,1,001000,Ap,,True,1,001000,Ap,,0.194,0.067,0.797,0.202,0.427,0.437,0.194453,0.840314,0,0.066899,0.717277,0,0.797445,0.591623,1,0.201885,0.657068,0,0.427303,0.643979,0,0.437498,0.743455,0,0,0,1,0,0,0
become,True,1,001000,Ap,,True,2,001001,Ap,Ev,0.357,0.086,0.916,0.182,0.43,0.719,0.357413,0.840314,0,0.085846,0.717277,0,0.915701,0.591623,1,0.181689,0.657068,0,0.430393,0.643979,0,0.718523,0.743455,0,0,0,1,0,0,0
bed,True,1,000100,An,,True,1,000100,An,,0.667,0.5,0.483,0.659,0.152,0.508,0.667215,0.840314,0,0.500319,0.717277,0,0.482533,0.591623,0,0.659326,0.657068,1,0.15231,0.643979,0,0.508429,0.743455,0,0,0,0,1,0,0
beg,True,1,000100,An,,True,2,001100,An,Ap,0.684,0.535,0.534,0.762,0.45,0.22,0.68354,0.840314,0,0.534691,0.717277,0,0.533736,0.591623,0,0.761544,0.657068,1,0.450177,0.643979,0,0.220362,0.743455,0,0,0,0,1,0,0
begin,True,1,001000,Ap,,True,4,101110,Kn,"Ap, An, Sn",0.837,0.577,0.837,0.612,0.712,0.234,0.837353,0.840314,0,0.576503,0.717277,0,0.836778,0.591623,1,0.611959,0.657068,0,0.711683,0.643979,1,0.233896,0.743455,0,0,0,1,0,0,0
behave,False,0,000000,,,True,1,001000,Ap,,0.413,0.263,0.517,0.384,0.128,0.239,0.413398,0.840314,0,0.263071,0.717277,0,0.517116,0.591623,0,0.383928,0.657068,0,0.128341,0.643979,0,0.238594,0.743455,0,0,0,0,0,0,0
behold,True,1,100000,Kn,,True,1,100000,Kn,,0.981,0.464,0.43,0.195,0.477,0.532,0.98124,0.840314,1,0.463961,0.717277,0,0.430336,0.591623,0,0.194562,0.657068,0,0.476521,0.643979,0,0.532273,0.743455,0,1,0,0,0,0,0
behoove,False,0,000000,,,False,0,000000,,,0.663,0.499,0.353,0.165,0.003,0.191,0.663267,0.840314,0,0.498622,0.717277,0,0.352567,0.591623,0,0.164814,0.657068,0,0.003275,0.643979,0,0.19073,0.743455,0,0,0,0,0,0,0
believe,True,1,010000,Cm,,True,1,010000,Cm,,0.574,0.857,0.013,0.036,0.356,0.467,0.573748,0.840314,0,0.856729,0.717277,1,0.013073,0.591623,0,0.036483,0.657068,0,0.356379,0.643979,0,0.466824,0.743455,0,0,1,0,0,0,0
belong,True,1,000001,Ev,,True,3,101001,Kn,"Ap, Ev",0.796,0.568,0.729,0.334,0.329,0.79,0.796434,0.840314,0,0.568356,0.717277,0,0.728642,0.591623,1,0.334015,0.657068,0,0.328914,0.643979,0,0.789507,0.743455,1,0,0,0,0,0,1
bend,True,2,010100,Cm,An,True,2,010100,Cm,An,0.32,0.892,0.297,0.872,0.023,0.022,0.319609,0.840314,0,0.89204,0.717277,1,0.297227,0.591623,0,0.871635,0.657068,1,0.023309,0.643979,0,0.022064,0.743455,0,0,1,0,1,0,0
benefit,False,0,000000,,,False,0,000000,,,0.174,0.569,0.259,0.025,0.356,0.462,0.174216,0.840314,0,0.568888,0.717277,0,0.259209,0.591623,0,0.025213,0.657068,0,0.356173,0.643979,0,0.462417,0.743455,0,0,0,0,0,0,0
bet,True,1,000001,Ev,,True,1,000001,Ev,,0.522,0.196,0.353,0.471,0.071,0.812,0.52231,0.840314,0,0.195792,0.717277,0,0.352505,0.591623,0,0.471338,0.657068,0,0.070741,0.643979,0,0.811696,0.743455,1,0,0,0,0,0,1
bevel,True,1,001000,Ap,,True,2,001100,Ap,An,0.126,0.558,0.905,0.719,0.004,0.313,0.12642,0.840314,0,0.558405,0.717277,0,0.905034,0.591623,1,0.719279,0.657068,1,0.003956,0.643979,0,0.31291,0.743455,0,0,0,1,0,0,0
bias,False,0,000000,,,True,2,000101,Ev,An,0.334,0.597,0.147,0.598,0.322,0.695,0.333825,0.840314,0,0.596792,0.717277,0,0.146533,0.591623,0,0.597844,0.657068,0,0.321641,0.643979,0,0.69516,0.743455,0,0,0,0,0,0,0
bicycle,True,2,001100,Ap,An,True,2,001100,Ap,An,0.321,0.499,0.869,0.822,0.317,0.085,0.321044,0.840314,0,0.499299,0.717277,0,0.86907,0.591623,1,0.821815,0.657068,1,0.31673,0.643979,0,0.084519,0.743455,0,0,0,1,1,0,0
bind,True,2,000101,An,Ev,True,2,000101,An,Ev,0.599,0.345,0.445,0.869,0.07,0.829,0.598616,0.840314,0,0.345,0.717277,0,0.445058,0.591623,0,0.868572,0.657068,1,0.070281,0.643979,0,0.829114,0.743455,1,0,0,0,1,0,1
biodegrade,True,2,001100,Ap,An,True,2,001100,Ap,An,0.033,0.025,0.893,0.845,0.013,0.347,0.032747,0.840314,0,0.025175,0.717277,0,0.892784,0.591623,1,0.844602,0.657068,1,0.013353,0.643979,0,0.347324,0.743455,0,0,0,1,1,0,0
bisect,True,2,001100,Ap,An,True,2,001100,Ap,An,0.489,0.459,0.879,0.879,0.405,0.19,0.489072,0.840314,0,0.458937,0.717277,0,0.878945,0.591623,1,0.878739,0.657068,1,0.404944,0.643979,0,0.190298,0.743455,0,0,0,1,1,0,0
blacklist,True,1,001000,Ap,,True,1,001000,Ap,,0.528,0.018,0.934,0.527,0.034,0.246,0.5277,0.840314,0,0.018384,0.717277,0,0.934093,0.591623,1,0.526513,0.657068,0,0.034198,0.643979,0,0.245599,0.743455,0,0,0,1,0,0,0
blame,True,1,001000,Ap,,True,1,001000,Ap,,0.364,0.34,0.665,0.34,0.127,0.245,0.36377,0.840314,0,0.339716,0.717277,0,0.665033,0.591623,1,0.340378,0.657068,0,0.126962,0.643979,0,0.245106,0.743455,0,0,0,1,0,0,0
blend,True,1,000100,An,,True,1,000100,An,,0.211,0.444,0.003,0.812,0.393,0.476,0.211229,0.840314,0,0.444145,0.717277,0,0.002618,0.591623,0,0.812191,0.657068,1,0.393112,0.643979,0,0.475893,0.743455,0,0,0,0,1,0,0
bless,True,2,010100,An,Cm,True,2,010100,An,Cm,0.635,0.726,0.227,0.73,0.13,0.22,0.635059,0.840314,0,0.725602,0.717277,1,0.2271,0.591623,0,0.729662,0.657068,1,0.130165,0.643979,0,0.220271,0.743455,0,0,1,0,1,0,0
blink,True,1,100000,Kn,,True,2,100010,Kn,Sn,0.978,0.114,0.014,0.384,0.586,0.021,0.977688,0.840314,1,0.114395,0.717277,0,0.014109,0.591623,0,0.384382,0.657068,0,0.585759,0.643979,0,0.02078,0.743455,0,1,0,0,0,0,0
bloat,False,0,000000,,,False,0,000000,,,0.311,0.065,0.193,0.226,0.275,0.574,0.311096,0.840314,0,0.065466,0.717277,0,0.193193,0.591623,0,0.225829,0.657068,0,0.274835,0.643979,0,0.574369,0.743455,0,0,0,0,0,0,0
block,False,0,000000,,,True,2,001100,An,Ap,0.626,0.189,0.535,0.61,0.499,0.139,0.626301,0.840314,0,0.189315,0.717277,0,0.535254,0.591623,0,0.61022,0.657068,0,0.499471,0.643979,0,0.139461,0.743455,0,0,0,0,0,0,0
blossom,True,1,000010,Sn,,True,2,000110,Sn,An,0.279,0.433,0.069,0.694,0.973,0.278,0.279434,0.840314,0,0.433367,0.717277,0,0.069077,0.591623,0,0.694377,0.657068,1,0.973047,0.643979,1,0.277772,0.743455,0,0,0,0,0,1,0
blow,True,1,001000,Ap,,True,2,001010,Ap,Sn,0.152,0.465,0.879,0.18,0.566,0.341,0.151703,0.840314,0,0.465355,0.717277,0,0.878504,0.591623,1,0.179975,0.657068,0,0.565715,0.643979,0,0.340548,0.743455,0,0,0,1,0,0,0
blur,True,1,000100,An,,True,2,010100,An,Cm,0.4,0.633,0.016,0.986,0.161,0.259,0.399579,0.840314,0,0.633259,0.717277,0,0.015932,0.591623,0,0.98597,0.657068,1,0.160935,0.643979,0,0.25862,0.743455,0,0,0,0,1,0,0
boast,False,0,000000,,,False,0,000000,,,0.32,0.189,0.44,0.213,0.092,0.558,0.319804,0.840314,0,0.189483,0.717277,0,0.439956,0.591623,0,0.213413,0.657068,0,0.091774,0.643979,0,0.558377,0.743455,0,0,0,0,0,0,0
boil,False,0,000000,,,True,2,100100,Kn,An,0.831,0.024,0.497,0.649,0.501,0.294,0.830757,0.840314,0,0.024261,0.717277,0,0.496879,0.591623,0,0.648505,0.657068,0,0.50057,0.643979,0,0.294101,0.743455,0,0,0,0,0,0,0
bolster,False,0,000000,,,False,0,000000,,,0.018,0.025,0.061,0.295,0.399,0.447,0.018031,0.840314,0,0.024535,0.717277,0,0.061069,0.591623,0,0.295192,0.657068,0,0.398876,0.643979,0,0.44714,0.743455,0,0,0,0,0,0,0
boost,False,0,000000,,,False,0,000000,,,0.065,0.028,0.009,0.341,0.445,0.193,0.06544,0.840314,0,0.027959,0.717277,0,0.008686,0.591623,0,0.340597,0.657068,0,0.444852,0.643979,0,0.193026,0.743455,0,0,0,0,0,0,0
bore,True,1,001000,Ap,,True,1,001000,Ap,,0.471,0.026,0.985,0.438,0.356,0.128,0.47146,0.840314,0,0.026024,0.717277,0,0.985491,0.591623,1,0.437754,0.657068,0,0.356357,0.643979,0,0.127597,0.743455,0,0,0,1,0,0,0
borrow,True,1,001000,Ap,,True,3,101100,Ap,"Kn, An",0.767,0.218,0.955,0.658,0.073,0.559,0.766844,0.840314,0,0.218114,0.717277,0,0.954553,0.591623,1,0.657772,0.657068,1,0.072844,0.643979,0,0.558632,0.743455,0,0,0,1,0,0,0
bother,False,0,000000,,,False,0,000000,,,0.667,0.025,0.351,0.213,0.163,0.329,0.666817,0.840314,0,0.02483,0.717277,0,0.350793,0.591623,0,0.212647,0.657068,0,0.162503,0.643979,0,0.32885,0.743455,0,0,0,0,0,0,0
bounce,False,0,000000,,,False,0,000000,,,0.522,0.338,0.426,0.269,0.023,0.067,0.522318,0.840314,0,0.338469,0.717277,0,0.4258,0.591623,0,0.26866,0.657068,0,0.022657,0.643979,0,0.066713,0.743455,0,0,0,0,0,0,0
bow,True,1,001000,Ap,,True,1,001000,Ap,,0.255,0.435,0.748,0.281,0.322,0.336,0.255315,0.840314,0,0.435242,0.717277,0,0.748158,0.591623,1,0.281269,0.657068,0,0.322144,0.643979,0,0.336356,0.743455,0,0,0,1,0,0,0
brainstorm,True,1,000010,Sn,,True,2,000110,Sn,An,0.153,0.113,0.335,0.61,0.658,0.201,0.152752,0.840314,0,0.113101,0.717277,0,0.33485,0.591623,0,0.61016,0.657068,0,0.658135,0.643979,1,0.201257,0.743455,0,0,0,0,0,1,0
breathe,False,0,000000,,,False,0,000000,,,0.636,0.556,0.388,0.173,0.119,0.281,0.635524,0.840314,0,0.556369,0.717277,0,0.388483,0.591623,0,0.172777,0.657068,0,0.119242,0.643979,0,0.281346,0.743455,0,0,0,0,0,0,0
brighten,True,1,000010,Sn,,True,1,000010,Sn,,0.272,0.131,0.182,0.197,0.824,0.311,0.271873,0.840314,0,0.130523,0.717277,0,0.181701,0.591623,0,0.196887,0.657068,0,0.824052,0.643979,1,0.310822,0.743455,0,0,0,0,0,1,0
bring,True,1,100000,Kn,,True,2,101000,Kn,Ap,0.855,0.57,0.666,0.547,0.516,0.577,0.855335,0.840314,1,0.570137,0.717277,0,0.665701,0.591623,1,0.54674,0.657068,0,0.516468,0.643979,0,0.57747,0.743455,0,1,0,0,0,0,0
broadcast,True,1,001000,Ap,,True,1,001000,Ap,,0.336,0.395,0.801,0.098,0.447,0.012,0.335969,0.840314,0,0.394927,0.717277,0,0.800508,0.591623,1,0.097788,0.657068,0,0.447149,0.643979,0,0.011827,0.743455,0,0,0,1,0,0,0
broaden,True,1,001000,Ap,,True,2,001010,Ap,Sn,0.076,0.098,0.655,0.37,0.635,0.05,0.075966,0.840314,0,0.097756,0.717277,0,0.655249,0.591623,1,0.369703,0.657068,0,0.635111,0.643979,0,0.049911,0.743455,0,0,0,1,0,0,0
brominate,True,1,000100,An,,True,1,000100,An,,0.067,0.116,0.231,0.663,0.016,0.613,0.067371,0.840314,0,0.115927,0.717277,0,0.231284,0.591623,0,0.662595,0.657068,1,0.016484,0.643979,0,0.612957,0.743455,0,0,0,0,1,0,0
broom,True,2,001100,An,Ap,True,2,001100,An,Ap,0.185,0.531,0.838,0.855,0.094,0.17,0.184884,0.840314,0,0.531282,0.717277,0,0.838181,0.591623,1,0.855003,0.657068,1,0.094105,0.643979,0,0.169794,0.743455,0,0,0,1,1,0,0
browse,True,1,000100,An,,True,3,101100,An,"Kn, Ap",0.864,0.171,0.549,0.97,0.072,0.111,0.863773,0.840314,1,0.171412,0.717277,0,0.548852,0.591623,0,0.969607,0.657068,1,0.072101,0.643979,0,0.111337,0.743455,0,0,0,0,1,0,0
buckle,True,1,001000,Ap,,True,2,001100,Ap,An,0.444,0.01,0.819,0.673,0.129,0.186,0.444395,0.840314,0,0.010348,0.717277,0,0.818692,0.591623,1,0.673046,0.657068,1,0.129341,0.643979,0,0.185505,0.743455,0,0,0,1,0,0,0
buffer,True,1,000100,An,,True,1,000100,An,,0.219,0.01,0.174,0.704,0.254,0.35,0.219398,0.840314,0,0.009951,0.717277,0,0.173689,0.591623,0,0.70433,0.657068,1,0.253544,0.643979,0,0.350258,0.743455,0,0,0,0,1,0,0
burgeon,True,1,000100,An,,True,1,000100,An,,0.303,0.054,0.174,0.967,0.449,0.257,0.302589,0.840314,0,0.054319,0.717277,0,0.174079,0.591623,0,0.966875,0.657068,1,0.448617,0.643979,0,0.256958,0.743455,0,0,0,0,1,0,0
burn,True,1,001000,Ap,,True,4,101101,Ap,"Kn, An, Ev",0.752,0.151,0.84,0.743,0.05,0.648,0.752344,0.840314,0,0.150989,0.717277,0,0.840196,0.591623,1,0.742556,0.657068,1,0.050281,0.643979,0,0.647627,0.743455,0,0,0,1,0,0,0
burrow,True,1,000100,An,,True,2,001100,An,Ap,0.31,0.143,0.875,0.987,0.132,0.039,0.310041,0.840314,0,0.142875,0.717277,0,0.875305,0.591623,1,0.987293,0.657068,1,0.131785,0.643979,0,0.038941,0.743455,0,0,0,0,1,0,0
burst,False,0,000000,,,False,0,000000,,,0.357,0.019,0.14,0.493,0.394,0.165,0.357465,0.840314,0,0.01883,0.717277,0,0.139534,0.591623,0,0.493041,0.657068,0,0.393662,0.643979,0,0.165413,0.743455,0,0,0,0,0,0,0
bury,True,2,001100,Ap,An,True,2,001100,Ap,An,0.574,0.424,0.987,0.964,0.017,0.157,0.574464,0.840314,0,0.423653,0.717277,0,0.987486,0.591623,1,0.963875,0.657068,1,0.017141,0.643979,0,0.156988,0.743455,0,0,0,1,1,0,0
buy,True,1,001000,Ap,,True,3,111000,Kn,"Cm, Ap",0.718,0.682,0.592,0.438,0.163,0.189,0.718104,0.840314,0,0.682065,0.717277,0,0.592181,0.591623,1,0.438249,0.657068,0,0.16263,0.643979,0,0.189281,0.743455,0,0,0,1,0,0,0
bypass,True,1,001000,Ap,,True,1,001000,Ap,,0.126,0.141,0.874,0.397,0.182,0.416,0.125861,0.840314,0,0.14058,0.717277,0,0.874301,0.591623,1,0.396862,0.657068,0,0.181589,0.643979,0,0.415595,0.743455,0,0,0,1,0,0,0
cache,True,1,000100,An,,True,2,000101,An,Ev,0.345,0.112,0.398,0.852,0.127,0.651,0.3454,0.840314,0,0.111743,0.717277,0,0.398469,0.591623,0,0.852085,0.657068,1,0.127063,0.643979,0,0.651108,0.743455,0,0,0,0,1,0,0
calibrate,True,1,000010,Sn,,True,2,000011,Ev,Sn,0.042,0.025,0.416,0.471,0.719,0.725,0.042196,0.840314,0,0.024694,0.717277,0,0.416313,0.591623,0,0.471271,0.657068,0,0.719454,0.643979,1,0.725,0.743455,0,0,0,0,0,1,0
call,True,1,010000,Cm,,True,4,111001,Cm,"Kn, Ap, Ev",0.75,0.974,0.687,0.04,0.164,0.812,0.750037,0.840314,0,0.973711,0.717277,1,0.687178,0.591623,1,0.039554,0.657068,0,0.163988,0.643979,0,0.81222,0.743455,1,0,1,0,0,0,0
camouflage,False,0,000000,,,True,1,000010,Sn,,0.163,0.443,0.197,0.396,0.6,0.122,0.163421,0.840314,0,0.443436,0.717277,0,0.197137,0.591623,0,0.396376,0.657068,0,0.599856,0.643979,0,0.121806,0.743455,0,0,0,0,0,0,0
cancel,True,1,001000,Ap,,True,2,101000,Ap,Kn,0.751,0.572,0.941,0.231,0.141,0.534,0.750791,0.840314,0,0.572264,0.717277,0,0.940624,0.591623,1,0.230586,0.657068,0,0.140531,0.643979,0,0.53398,0.743455,0,0,0,1,0,0,0
cant,True,2,101000,Kn,Ap,True,3,101001,Kn,"Ap, Ev",0.878,0.513,0.826,0.543,0.004,0.725,0.878043,0.840314,1,0.512804,0.717277,0,0.826308,0.591623,1,0.543363,0.657068,0,0.004137,0.643979,0,0.725068,0.743455,0,1,0,1,0,0,0
capitalize,False,0,000000,,,True,1,100000,Kn,,0.798,0.429,0.398,0.118,0.31,0.092,0.798046,0.840314,0,0.428603,0.717277,0,0.397533,0.591623,0,0.118184,0.657068,0,0.30995,0.643979,0,0.091507,0.743455,0,0,0,0,0,0,0
carboxylate,False,0,000000,,,False,0,000000,,,0.258,0.243,0.024,0.523,0.456,0.119,0.258274,0.840314,0,0.242926,0.717277,0,0.023613,0.591623,0,0.523226,0.657068,0,0.45617,0.643979,0,0.118606,0.743455,0,0,0,0,0,0,0
care,False,0,000000,,,True,1,000010,Sn,,0.696,0.586,0.057,0.051,0.564,0.072,0.696035,0.840314,0,0.586443,0.717277,0,0.05734,0.591623,0,0.050673,0.657068,0,0.563754,0.643979,0,0.071508,0.743455,0,0,0,0,0,0,0
carry,True,1,001000,Ap,,True,2,011000,Ap,Cm,0.665,0.708,0.988,0.039,0.426,0.257,0.66526,0.840314,0,0.70809,0.717277,0,0.987974,0.591623,1,0.038547,0.657068,0,0.425734,0.643979,0,0.256749,0.743455,0,0,0,1,0,0,0
carve,True,1,000100,An,,True,2,001100,An,Ap,0.443,0.444,0.645,0.801,0.403,0.167,0.443236,0.840314,0,0.443844,0.717277,0,0.645268,0.591623,1,0.801299,0.657068,1,0.402947,0.643979,0,0.167031,0.743455,0,0,0,0,1,0,0
cast,True,1,000001,Ev,,True,2,100001,Ev,Kn,0.747,0.233,0.254,0.111,0.539,0.812,0.74707,0.840314,0,0.232847,0.717277,0,0.253555,0.591623,0,0.110714,0.657068,0,0.539464,0.643979,0,0.81206,0.743455,1,0,0,0,0,0,1
catalyze,True,1,000100,An,,True,1,000100,An,,0.164,0.259,0.245,0.787,0.534,0.47,0.164341,0.840314,0,0.258817,0.717277,0,0.245365,0.591623,0,0.786625,0.657068,1,0.533899,0.643979,0,0.469956,0.743455,0,0,0,0,1,0,0
catch,False,0,000000,,,False,0,000000,,,0.615,0.279,0.422,0.304,0.447,0.419,0.615211,0.840314,0,0.27865,0.717277,0,0.422187,0.591623,0,0.303585,0.657068,0,0.447044,0.643979,0,0.418703,0.743455,0,0,0,0,0,0,0
cater,True,2,001100,Ap,An,True,2,001100,Ap,An,0.374,0.257,0.751,0.742,0.482,0.12,0.373968,0.840314,0,0.256643,0.717277,0,0.750888,0.591623,1,0.74208,0.657068,1,0.48188,0.643979,0,0.119639,0.743455,0,0,0,1,1,0,0
cause,True,1,001000,Ap,,True,2,001100,Ap,An,0.643,0.355,0.97,0.798,0.241,0.373,0.643004,0.840314,0,0.35511,0.717277,0,0.97019,0.591623,1,0.797998,0.657068,1,0.240504,0.643979,0,0.373015,0.743455,0,0,0,1,0,0,0
caution,True,1,001000,Ap,,True,1,001000,Ap,,0.076,0.423,0.836,0.53,0.087,0.314,0.076397,0.840314,0,0.423466,0.717277,0,0.835516,0.591623,1,0.530066,0.657068,0,0.087206,0.643979,0,0.313764,0.743455,0,0,0,1,0,0,0
cave,True,1,000100,An,,True,1,000100,An,,0.205,0.546,0.329,0.711,0.076,0.084,0.204603,0.840314,0,0.545983,0.717277,0,0.329091,0.591623,0,0.711453,0.657068,1,0.076458,0.643979,0,0.084114,0.743455,0,0,0,0,1,0,0
cease,True,1,001000,Ap,,True,1,001000,Ap,,0.427,0.025,0.986,0.384,0.458,0.442,0.426701,0.840314,0,0.025027,0.717277,0,0.986351,0.591623,1,0.384371,0.657068,0,0.458304,0.643979,0,0.442341,0.743455,0,0,0,1,0,0,0
cede,True,1,001000,Ap,,True,2,001010,Ap,Sn,0.136,0.416,0.756,0.389,0.635,0.527,0.135529,0.840314,0,0.415635,0.717277,0,0.756245,0.591623,1,0.388919,0.657068,0,0.634539,0.643979,0,0.527069,0.743455,0,0,0,1,0,0,0
celebrate,True,2,110000,Kn,Cm,True,2,110000,Kn,Cm,0.952,0.944,0.191,0.514,0.033,0.156,0.951545,0.840314,1,0.943795,0.717277,1,0.191395,0.591623,0,0.513507,0.657068,0,0.033498,0.643979,0,0.155785,0.743455,0,1,1,0,0,0,0
censor,True,1,001000,Ap,,True,2,001100,Ap,An,0.135,0.024,0.949,0.866,0.073,0.53,0.134537,0.840314,0,0.024261,0.717277,0,0.94857,0.591623,1,0.866326,0.657068,1,0.073183,0.643979,0,0.53018,0.743455,0,0,0,1,0,0,0
centralize,True,1,000010,Sn,,True,2,001010,Sn,Ap,0.13,0.559,0.606,0.244,0.889,0.181,0.129718,0.840314,0,0.559026,0.717277,0,0.606063,0.591623,1,0.243901,0.657068,0,0.889398,0.643979,1,0.18091,0.743455,0,0,0,0,0,1,0
centrifuge,True,1,000001,Ev,,True,3,001101,Ev,"Ap, An",0.01,0.027,0.643,0.56,0.351,0.813,0.009862,0.840314,0,0.02673,0.717277,0,0.643338,0.591623,1,0.559918,0.657068,0,0.351337,0.643979,0,0.813273,0.743455,1,0,0,0,0,0,1
certify,False,0,000000,,,True,1,000010,Sn,,0.045,0.107,0.372,0.497,0.571,0.59,0.044541,0.840314,0,0.107278,0.717277,0,0.371798,0.591623,0,0.49681,0.657068,0,0.57083,0.643979,0,0.590435,0.743455,0,0,0,0,0,0,0
chance,True,1,100000,Kn,,True,3,100011,Kn,"Sn, Ev",0.876,0.127,0.385,0.131,0.61,0.763,0.876073,0.840314,1,0.12681,0.717277,0,0.384652,0.591623,0,0.131004,0.657068,0,0.610495,0.643979,0,0.763341,0.743455,1,1,0,0,0,0,0
channelize,True,1,001000,Ap,,True,1,001000,Ap,,0.03,0.486,0.941,0.207,0.511,0.018,0.030476,0.840314,0,0.486269,0.717277,0,0.941234,0.591623,1,0.206912,0.657068,0,0.511401,0.643979,0,0.017801,0.743455,0,0,0,1,0,0,0
charge,True,1,000010,Sn,,True,2,000011,Sn,Ev,0.092,0.394,0.301,0.032,0.716,0.664,0.092466,0.840314,0,0.394038,0.717277,0,0.300689,0.591623,0,0.03231,0.657068,0,0.716104,0.643979,1,0.664021,0.743455,0,0,0,0,0,1,0
chase,True,1,010000,Cm,,True,3,111000,Kn,"Cm, Ap",0.811,0.724,0.595,0.415,0.025,0.017,0.81073,0.840314,0,0.724456,0.717277,1,0.594925,0.591623,1,0.414529,0.657068,0,0.025434,0.643979,0,0.016721,0.743455,0,0,1,0,0,0,0
cheat,True,2,100001,Kn,Ev,True,4,101101,Kn,"Ap, An, Ev",0.854,0.058,0.505,0.559,0.252,0.796,0.854249,0.840314,1,0.057731,0.717277,0,0.505382,0.591623,0,0.559049,0.657068,0,0.252277,0.643979,0,0.796407,0.743455,1,1,0,0,0,0,1
chill,True,1,001000,Ap,,True,1,001000,Ap,,0.321,0.143,0.661,0.528,0.024,0.527,0.321333,0.840314,0,0.143443,0.717277,0,0.661033,0.591623,1,0.52816,0.657068,0,0.023748,0.643979,0,0.526771,0.743455,0,0,0,1,0,0,0
chisel,True,1,001000,Ap,,True,2,001100,Ap,An,0.21,0.285,0.903,0.759,0.128,0.607,0.210074,0.840314,0,0.285249,0.717277,0,0.903416,0.591623,1,0.75854,0.657068,1,0.127599,0.643979,0,0.607356,0.743455,0,0,0,1,0,0,0
chlorinate,True,1,001000,Ap,,True,1,001000,Ap,,0.164,0.067,0.715,0.233,0.016,0.239,0.164213,0.840314,0,0.06696,0.717277,0,0.715446,0.591623,1,0.232633,0.657068,0,0.01638,0.643979,0,0.239263,0.743455,0,0,0,1,0,0,0
choke,True,1,001000,Ap,,True,3,001101,Ap,"An, Ev",0.615,0.478,0.799,0.577,0.061,0.692,0.615242,0.840314,0,0.477971,0.717277,0,0.799451,0.591623,1,0.577087,0.657068,0,0.061145,0.643979,0,0.691662,0.743455,0,0,0,1,0,0,0
churn,True,1,000001,Ev,,True,2,001001,Ev,Ap,0.25,0.414,0.822,0.397,0.357,0.891,0.250251,0.840314,0,0.414082,0.717277,0,0.822333,0.591623,1,0.397136,0.657068,0,0.357122,0.643979,0,0.890886,0.743455,1,0,0,0,0,0,1
circularize,True,2,011000,Cm,Ap,True,2,011000,Cm,Ap,0.489,0.75,0.709,0.093,0.147,0.112,0.48911,0.840314,0,0.749829,0.717277,1,0.708676,0.591623,1,0.093472,0.657068,0,0.14705,0.643979,0,0.111737,0.743455,0,0,1,1,0,0,0
circulate,True,1,001000,Ap,,True,2,101000,Ap,Kn,0.738,0.062,0.809,0.202,0.301,0.059,0.737676,0.840314,0,0.061743,0.717277,0,0.808711,0.591623,1,0.20245,0.657068,0,0.301464,0.643979,0,0.05857,0.743455,0,0,0,1,0,0,0
circumscribe,True,1,001000,Ap,,True,1,001000,Ap,,0.5,0.025,0.844,0.259,0.348,0.294,0.50017,0.840314,0,0.024802,0.717277,0,0.843756,0.591623,1,0.259386,0.657068,0,0.347787,0.643979,0,0.294453,0.743455,0,0,0,1,0,0,0
circumvent,True,1,001000,Ap,,True,1,001000,Ap,,0.09,0.074,0.948,0.397,0.358,0.377,0.090217,0.840314,0,0.074366,0.717277,0,0.947648,0.591623,1,0.397394,0.657068,0,0.358337,0.643979,0,0.377131,0.743455,0,0,0,1,0,0,0
claim,True,3,011001,Ev,"Cm, Ap",True,4,111001,Ev,"Kn, Cm, Ap",0.732,0.737,0.608,0.439,0.357,0.796,0.732013,0.840314,0,0.736515,0.717277,1,0.608485,0.591623,1,0.43896,0.657068,0,0.357393,0.643979,0,0.795834,0.743455,1,0,1,1,0,0,1
clamp,True,1,000001,Ev,,True,2,000101,Ev,An,0.305,0.09,0.2,0.585,0.356,0.95,0.304722,0.840314,0,0.089735,0.717277,0,0.199787,0.591623,0,0.585146,0.657068,0,0.356283,0.643979,0,0.949923,0.743455,1,0,0,0,0,0,1
clap,True,1,100000,Kn,,True,1,100000,Kn,,0.882,0.582,0.313,0.2,0.225,0.058,0.882438,0.840314,1,0.582363,0.717277,0,0.313302,0.591623,0,0.1996,0.657068,0,0.225041,0.643979,0,0.058203,0.743455,0,1,0,0,0,0,0
clash,True,2,010010,Cm,Sn,True,2,010010,Cm,Sn,0.626,0.851,0.296,0.164,0.811,0.518,0.626159,0.840314,0,0.851318,0.717277,1,0.296473,0.591623,0,0.164435,0.657068,0,0.81107,0.643979,1,0.517834,0.743455,0,0,1,0,0,1,0
cleave,False,0,000000,,,True,1,000100,An,,0.4,0.142,0.399,0.564,0.018,0.47,0.399666,0.840314,0,0.141761,0.717277,0,0.399093,0.591623,0,0.563677,0.657068,0,0.017794,0.643979,0,0.469569,0.743455,0,0,0,0,0,0,0
click,True,1,100000,Kn,,True,3,101100,Kn,"Ap, An",0.922,0.344,0.643,0.794,0.252,0.341,0.922247,0.840314,1,0.344228,0.717277,0,0.643412,0.591623,1,0.794276,0.657068,1,0.252179,0.643979,0,0.341237,0.743455,0,1,0,0,0,0,0
climb,True,1,001000,Ap,,True,1,001000,Ap,,0.539,0.021,0.882,0.029,0.447,0.346,0.538604,0.840314,0,0.020941,0.717277,0,0.881509,0.591623,1,0.02941,0.657068,0,0.44731,0.643979,0,0.346488,0.743455,0,0,0,1,0,0,0
cling,True,1,000001,Ev,,True,2,100001,Ev,Kn,0.764,0.195,0.061,0.265,0.031,0.922,0.76415,0.840314,0,0.194859,0.717277,0,0.061099,0.591623,0,0.26513,0.657068,0,0.031454,0.643979,0,0.922483,0.743455,1,0,0,0,0,0,1
cloak,False,0,000000,,,False,0,000000,,,0.204,0.224,0.231,0.063,0.199,0.084,0.203588,0.840314,0,0.223814,0.717277,0,0.231394,0.591623,0,0.062579,0.657068,0,0.198619,0.643979,0,0.084081,0.743455,0,0,0,0,0,0,0
clobber,False,0,000000,,,True,2,001100,An,Ap,0.524,0.078,0.574,0.592,0.357,0.088,0.523823,0.840314,0,0.078197,0.717277,0,0.573526,0.591623,0,0.592036,0.657068,0,0.357118,0.643979,0,0.087555,0.743455,0,0,0,0,0,0,0
clock,True,3,011001,Ap,"Cm, Ev",True,4,011101,Ap,"Cm, An, Ev",0.518,0.726,0.904,0.656,0.206,0.863,0.517591,0.840314,0,0.726092,0.717277,1,0.904424,0.591623,1,0.655781,0.657068,0,0.20553,0.643979,0,0.862656,0.743455,1,0,1,1,0,0,1
clog,True,1,000100,An,,True,1,000100,An,,0.615,0.19,0.363,0.91,0.067,0.443,0.614852,0.840314,0,0.189908,0.717277,0,0.362554,0.591623,0,0.909558,0.657068,1,0.066558,0.643979,0,0.443086,0.743455,0,0,0,0,1,0,0
close,True,1,000100,An,,True,4,101101,An,"Kn, Ap, Ev",0.812,0.494,0.756,0.853,0.207,0.676,0.811737,0.840314,0,0.493951,0.717277,0,0.755671,0.591623,1,0.852859,0.657068,1,0.207194,0.643979,0,0.675964,0.743455,0,0,0,0,1,0,0
clump,True,1,000100,An,,True,2,100100,Kn,An,0.817,0.557,0.173,0.796,0.452,0.053,0.817427,0.840314,0,0.557086,0.717277,0,0.172823,0.591623,0,0.796396,0.657068,1,0.452427,0.643979,0,0.053264,0.743455,0,0,0,0,1,0,0
co-occur,True,1,100000,Kn,,True,2,100010,Kn,Sn,0.901,0.561,0.417,0.142,0.7,0.006,0.900908,0.840314,1,0.560667,0.717277,0,0.417293,0.591623,0,0.14218,0.657068,0,0.699875,0.643979,1,0.006037,0.743455,0,1,0,0,0,0,0
coalesce,True,1,000010,Sn,,True,1,000010,Sn,,0.379,0.597,0.15,0.252,0.8,0.288,0.379403,0.840314,0,0.596869,0.717277,0,0.149762,0.591623,0,0.251788,0.657068,0,0.799576,0.643979,1,0.28814,0.743455,0,0,0,0,0,1,0
coarsen,True,1,000100,An,,True,4,001111,An,"Ap, Sn, Ev",0.178,0.077,0.581,0.908,0.659,0.762,0.177646,0.840314,0,0.077052,0.717277,0,0.580927,0.591623,0,0.908044,0.657068,1,0.659364,0.643979,1,0.761759,0.743455,1,0,0,0,1,0,0
codify,True,1,000010,Sn,,True,1,000010,Sn,,0.065,0.223,0.304,0.279,0.958,0.241,0.064951,0.840314,0,0.223113,0.717277,0,0.304019,0.591623,0,0.279067,0.657068,0,0.958375,0.643979,1,0.240735,0.743455,0,0,0,0,0,1,0
coexist,True,3,011010,Sn,"Cm, Ap",True,3,011010,Sn,"Cm, Ap",0.188,0.727,0.665,0.348,0.762,0.229,0.188108,0.840314,0,0.727021,0.717277,1,0.665289,0.591623,1,0.347782,0.657068,0,0.762095,0.643979,1,0.229139,0.743455,0,0,1,1,0,1,0
cogitate,True,1,001000,Ap,,True,1,001000,Ap,,0.488,0.125,0.621,0.38,0.498,0.069,0.487874,0.840314,0,0.125285,0.717277,0,0.62093,0.591623,1,0.380134,0.657068,0,0.49837,0.643979,0,0.069041,0.743455,0,0,0,1,0,0,0
coincide,True,3,001110,Sn,"Ap, An",True,5,111110,Kn,"Cm, Ap, An, Sn",0.82,0.695,0.659,0.765,0.78,0.074,0.819541,0.840314,0,0.695483,0.717277,0,0.658783,0.591623,1,0.765224,0.657068,1,0.780297,0.643979,1,0.073776,0.743455,0,0,0,1,1,1,0
collapse,True,2,001010,Ap,Sn,True,4,001111,Ap,"An, Sn, Ev",0.47,0.11,0.754,0.651,0.723,0.693,0.469613,0.840314,0,0.109757,0.717277,0,0.754111,0.591623,1,0.651343,0.657068,0,0.72269,0.643979,1,0.693161,0.743455,0,0,0,1,0,1,0
collate,True,1,000010,Sn,,True,3,011010,Cm,"Ap, Sn",0.29,0.705,0.536,0.491,0.692,0.239,0.290416,0.840314,0,0.705394,0.717277,0,0.536454,0.591623,0,0.491403,0.657068,0,0.691731,0.643979,1,0.239368,0.743455,0,0,0,0,0,1,0
collide,True,1,010000,Cm,,True,3,011010,Cm,"Ap, Sn",0.381,0.798,0.57,0.342,0.6,0.28,0.381034,0.840314,0,0.797715,0.717277,1,0.569613,0.591623,0,0.341735,0.657068,0,0.59998,0.643979,0,0.28037,0.743455,0,0,1,0,0,0,0
collimate,True,1,000100,An,,True,1,000100,An,,0.199,0.562,0.194,0.736,0.521,0.233,0.199087,0.840314,0,0.561915,0.717277,0,0.193622,0.591623,0,0.735531,0.657068,1,0.521497,0.643979,0,0.232599,0.743455,0,0,0,0,1,0,0
collocate,True,1,001000,Ap,,True,3,011010,Cm,"Ap, Sn",0.129,0.706,0.599,0.181,0.563,0.182,0.129267,0.840314,0,0.706026,0.717277,0,0.599078,0.591623,1,0.18145,0.657068,0,0.562629,0.643979,0,0.181603,0.743455,0,0,0,1,0,0,0
colorize,False,0,000000,,,True,4,011110,Cm,"Ap, An, Sn",0.424,0.693,0.503,0.611,0.589,0.095,0.424487,0.840314,0,0.693101,0.717277,0,0.503109,0.591623,0,0.610526,0.657068,0,0.588955,0.643979,0,0.094904,0.743455,0,0,0,0,0,0,0
comb,True,1,001000,Ap,,True,3,101010,Ap,"Kn, Sn",0.807,0.178,0.823,0.076,0.565,0.011,0.806861,0.840314,0,0.178178,0.717277,0,0.823487,0.591623,1,0.075825,0.657068,0,0.565229,0.643979,0,0.010709,0.743455,0,0,0,1,0,0,0
combust,True,1,001000,Ap,,True,2,001010,Ap,Sn,0.543,0.122,0.977,0.339,0.597,0.109,0.543496,0.840314,0,0.122402,0.717277,0,0.976859,0.591623,1,0.339363,0.657068,0,0.597208,0.643979,0,0.10939,0.743455,0,0,0,1,0,0,0
come,True,1,000100,An,,True,2,000101,An,Ev,0.666,0.49,0.42,0.797,0.324,0.65,0.665546,0.840314,0,0.490372,0.717277,0,0.419943,0.591623,0,0.796887,0.657068,1,0.323951,0.643979,0,0.649991,0.743455,0,0,0,0,1,0,0
commence,True,1,001000,Ap,,True,2,001100,Ap,An,0.705,0.46,0.883,0.671,0.542,0.314,0.704861,0.840314,0,0.45965,0.717277,0,0.883455,0.591623,1,0.671462,0.657068,1,0.542033,0.643979,0,0.313996,0.743455,0,0,0,1,0,0,0
commend,True,1,010000,Cm,,True,1,010000,Cm,,0.386,0.798,0.282,0.326,0.06,0.521,0.38577,0.840314,0,0.797511,0.717277,1,0.281583,0.591623,0,0.326489,0.657068,0,0.059602,0.643979,0,0.520768,0.743455,0,0,1,0,0,0,0
comment,True,1,010000,Cm,,True,2,010001,Cm,Ev,0.663,0.947,0.07,0.053,0.134,0.803,0.663489,0.840314,0,0.946854,0.717277,1,0.069957,0.591623,0,0.052615,0.657068,0,0.134247,0.643979,0,0.80288,0.743455,1,0,1,0,0,0,0
commercialize,True,1,001000,Ap,,True,1,001000,Ap,,0.064,0.403,0.915,0.409,0.513,0.136,0.064056,0.840314,0,0.403399,0.717277,0,0.915457,0.591623,1,0.409303,0.657068,0,0.512835,0.643979,0,0.13568,0.743455,0,0,0,1,0,0,0
commit,False,0,000000,,,True,1,001000,Ap,,0.642,0.097,0.567,0.383,0.157,0.387,0.641689,0.840314,0,0.097168,0.717277,0,0.567472,0.591623,0,0.383175,0.657068,0,0.156567,0.643979,0,0.386875,0.743455,0,0,0,0,0,0,0
commute,True,1,010000,Cm,,True,3,011010,Cm,"Ap, Sn",0.413,0.933,0.58,0.373,0.547,0.066,0.412988,0.840314,0,0.933293,0.717277,1,0.579647,0.591623,0,0.373218,0.657068,0,0.547418,0.643979,0,0.065758,0.743455,0,0,1,0,0,0,0
compartmentalize,True,1,000010,Sn,,True,2,000110,Sn,An,0.146,0.066,0.372,0.735,0.823,0.575,0.145558,0.840314,0,0.066076,0.717277,0,0.371684,0.591623,0,0.735459,0.657068,1,0.82307,0.643979,1,0.575483,0.743455,0,0,0,0,0,1,0
compel,True,2,001001,Ap,Ev,True,3,001101,Ap,"An, Ev",0.233,0.065,0.903,0.561,0.229,0.875,0.232891,0.840314,0,0.065297,0.717277,0,0.903374,0.591623,1,0.560974,0.657068,0,0.228591,0.643979,0,0.874913,0.743455,1,0,0,1,0,0,1
compensate,False,0,000000,,,False,0,000000,,,0.066,0.11,0.272,0.098,0.523,0.084,0.065885,0.840314,0,0.109793,0.717277,0,0.272371,0.591623,0,0.097933,0.657068,0,0.523258,0.643979,0,0.08405,0.743455,0,0,0,0,0,0,0
compete,True,1,001000,Ap,,True,5,011111,Ap,"Cm, An, Sn, Ev",0.615,0.728,0.976,0.75,0.708,0.671,0.614867,0.840314,0,0.727552,0.717277,1,0.976272,0.591623,1,0.750328,0.657068,1,0.708284,0.643979,1,0.670615,0.743455,0,0,0,1,0,0,0
complain,True,1,001000,Ap,,True,2,001010,Ap,Sn,0.359,0.316,0.84,0.267,0.585,0.528,0.358526,0.840314,0,0.315606,0.717277,0,0.840189,0.591623,1,0.267431,0.657068,0,0.585191,0.643979,0,0.527828,0.743455,0,0,0,1,0,0,0
complement,True,1,000010,Sn,,True,1,000010,Sn,,0.248,0.195,0.2,0.015,0.762,0.319,0.247807,0.840314,0,0.195137,0.717277,0,0.199709,0.591623,0,0.015471,0.657068,0,0.761576,0.643979,1,0.318731,0.743455,0,0,0,0,0,1,0
complicate,True,1,010000,Cm,,True,2,010001,Cm,Ev,0.288,0.985,0.474,0.25,0.317,0.761,0.287656,0.840314,0,0.985417,0.717277,1,0.473671,0.591623,0,0.249743,0.657068,0,0.316985,0.643979,0,0.761169,0.743455,1,0,1,0,0,0,0
comprehend,True,1,010000,Cm,,True,3,111000,Cm,"Kn, Ap",0.728,0.743,0.507,0.409,0.375,0.182,0.728028,0.840314,0,0.743012,0.717277,1,0.506803,0.591623,0,0.409211,0.657068,0,0.374843,0.643979,0,0.181956,0.743455,0,0,1,0,0,0,0
compress,True,1,000010,Sn,,True,4,001111,Sn,"Ap, An, Ev",0.046,0.425,0.791,0.567,0.852,0.702,0.045715,0.840314,0,0.425112,0.717277,0,0.790744,0.591623,1,0.566612,0.657068,0,0.852202,0.643979,1,0.702244,0.743455,0,0,0,0,0,1,0
comprise,True,1,000010,Sn,,True,2,010010,Sn,Cm,0.308,0.647,0.364,0.232,0.716,0.513,0.308493,0.840314,0,0.647389,0.717277,0,0.363956,0.591623,0,0.232051,0.657068,0,0.716105,0.643979,1,0.512548,0.743455,0,0,0,0,0,1,0
compromise,True,1,000100,An,,True,2,000110,An,Sn,0.068,0.049,0.131,0.917,0.584,0.374,0.067971,0.840314,0,0.049449,0.717277,0,0.130643,0.591623,0,0.917322,0.657068,1,0.583817,0.643979,0,0.37372,0.743455,0,0,0,0,1,0,0
computerize,True,3,001110,Sn,"Ap, An",True,4,011110,Sn,"Cm, Ap, An",0.126,0.66,0.682,0.658,0.724,0.425,0.125701,0.840314,0,0.660231,0.717277,0,0.682079,0.591623,1,0.657744,0.657068,1,0.723967,0.643979,1,0.425316,0.743455,0,0,0,1,1,1,0
con,True,1,000001,Ev,,True,3,001101,Ev,"Ap, An",0.593,0.12,0.673,0.718,0.427,0.909,0.592711,0.840314,0,0.12046,0.717277,0,0.672866,0.591623,1,0.718136,0.657068,1,0.427133,0.643979,0,0.909374,0.743455,1,0,0,0,0,0,1
conceal,True,1,001000,Ap,,True,2,001010,Ap,Sn,0.358,0.284,0.793,0.53,0.715,0.185,0.358395,0.840314,0,0.284,0.717277,0,0.793193,0.591623,1,0.529943,0.657068,0,0.715197,0.643979,1,0.185193,0.743455,0,0,0,1,0,0,0
conceive,True,1,000001,Ev,,True,3,100011,Ev,"Kn, Sn",0.734,0.078,0.228,0.042,0.715,0.797,0.73424,0.840314,0,0.077643,0.717277,0,0.228028,0.591623,0,0.041924,0.657068,0,0.714699,0.643979,1,0.796692,0.743455,1,0,0,0,0,0,1
concentrate,True,1,000100,An,,True,2,100100,An,Kn,0.753,0.133,0.094,0.822,0.224,0.244,0.753113,0.840314,0,0.132932,0.717277,0,0.094118,0.591623,0,0.822339,0.657068,1,0.223702,0.643979,0,0.243936,0.743455,0,0,0,0,1,0,0
conceptualize,True,1,010000,Cm,,True,2,010100,Cm,An,0.519,0.947,0.388,0.564,0.318,0.2,0.51886,0.840314,0,0.946535,0.717277,1,0.387551,0.591623,0,0.564386,0.657068,0,0.317842,0.643979,0,0.199549,0.743455,0,0,1,0,0,0,0
condense,True,2,001001,Ev,Ap,True,2,001001,Ev,Ap,0.145,0.473,0.756,0.429,0.513,0.812,0.144958,0.840314,0,0.473104,0.717277,0,0.755557,0.591623,1,0.429228,0.657068,0,0.512893,0.643979,0,0.811596,0.743455,1,0,0,1,0,0,1
conduce,True,1,001000,Ap,,True,2,001010,Ap,Sn,0.031,0.09,0.978,0.554,0.659,0.221,0.030512,0.840314,0,0.090392,0.717277,0,0.978139,0.591623,1,0.553736,0.657068,0,0.65879,0.643979,1,0.220883,0.743455,0,0,0,1,0,0,0
confer,True,1,000010,Sn,,True,1,000010,Sn,,0.358,0.542,0.256,0.019,0.819,0.613,0.358345,0.840314,0,0.541604,0.717277,0,0.256332,0.591623,0,0.019292,0.657068,0,0.818581,0.643979,1,0.612706,0.743455,0,0,0,0,0,1,0
configure,True,1,000010,Sn,,True,3,001110,Sn,"Ap, An",0.017,0.049,0.64,0.655,0.944,0.471,0.016822,0.840314,0,0.049379,0.717277,0,0.639556,0.591623,1,0.655109,0.657068,0,0.944257,0.643979,1,0.471131,0.743455,0,0,0,0,0,1,0
confine,True,1,001000,Ap,,True,3,001011,Ap,"Sn, Ev",0.063,0.096,0.885,0.508,0.76,0.652,0.062595,0.840314,0,0.095747,0.717277,0,0.884982,0.591623,1,0.507827,0.657068,0,0.760279,0.643979,1,0.651831,0.743455,0,0,0,1,0,0,0
conform,True,1,001000,Ap,,True,3,001011,Ap,"Sn, Ev",0.066,0.066,0.784,0.423,0.66,0.715,0.066015,0.840314,0,0.06601,0.717277,0,0.78432,0.591623,1,0.422861,0.657068,0,0.659519,0.643979,1,0.714872,0.743455,0,0,0,1,0,0,0
confound,True,1,001000,Ap,,True,2,001100,Ap,An,0.26,0.257,0.771,0.706,0.377,0.257,0.259609,0.840314,0,0.257014,0.717277,0,0.771184,0.591623,1,0.706441,0.657068,1,0.377333,0.643979,0,0.25738,0.743455,0,0,0,1,0,0,0
confront,True,1,000100,An,,True,2,000110,An,Sn,0.544,0.421,0.5,0.803,0.619,0.282,0.543642,0.840314,0,0.421425,0.717277,0,0.499777,0.591623,0,0.802597,0.657068,1,0.618985,0.643979,0,0.281896,0.743455,0,0,0,0,1,0,0
confuse,True,3,011100,Cm,"Ap, An",True,3,011100,Cm,"Ap, An",0.657,0.85,0.666,0.799,0.473,0.438,0.656684,0.840314,0,0.849963,0.717277,1,0.666358,0.591623,1,0.798613,0.657068,1,0.473257,0.643979,0,0.438042,0.743455,0,0,1,1,1,0,0
congest,True,1,001000,Ap,,True,1,001000,Ap,,0.489,0.501,0.747,0.148,0.527,0.615,0.488593,0.840314,0,0.501374,0.717277,0,0.746541,0.591623,1,0.147678,0.657068,0,0.527257,0.643979,0,0.614934,0.743455,0,0,0,1,0,0,0
congregate,True,1,000010,Sn,,True,2,100010,Sn,Kn,0.786,0.313,0.218,0.065,0.802,0.133,0.785977,0.840314,0,0.313195,0.717277,0,0.21757,0.591623,0,0.065038,0.657068,0,0.802302,0.643979,1,0.133339,0.743455,0,0,0,0,0,1,0
conjoin,False,0,000000,,,True,1,000010,Sn,,0.444,0.11,0.239,0.034,0.565,0.293,0.444282,0.840314,0,0.109583,0.717277,0,0.238857,0.591623,0,0.034017,0.657068,0,0.564591,0.643979,0,0.293448,0.743455,0,0,0,0,0,0,0
conjugate,True,1,001000,Ap,,True,1,001000,Ap,,0.064,0.273,0.859,0.212,0.342,0.295,0.063621,0.840314,0,0.273412,0.717277,0,0.859191,0.591623,1,0.212497,0.657068,0,0.342302,0.643979,0,0.294822,0.743455,0,0,0,1,0,0,0
conjure,True,2,001010,Ap,Sn,True,2,001010,Ap,Sn,0.467,0.107,0.756,0.091,0.706,0.459,0.466793,0.840314,0,0.107398,0.717277,0,0.755662,0.591623,1,0.091055,0.657068,0,0.706267,0.643979,1,0.459302,0.743455,0,0,0,1,0,1,0
connote,True,1,010000,Cm,,True,2,011000,Cm,Ap,0.426,0.902,0.667,0.051,0.135,0.621,0.425922,0.840314,0,0.901965,0.717277,1,0.667045,0.591623,1,0.051013,0.657068,0,0.134639,0.643979,0,0.620835,0.743455,0,0,1,0,0,0,0
conserve,True,2,001001,Ap,Ev,True,2,001001,Ap,Ev,0.202,0.224,0.905,0.333,0.129,0.867,0.201806,0.840314,0,0.223731,0.717277,0,0.905189,0.591623,1,0.332659,0.657068,0,0.12897,0.643979,0,0.867392,0.743455,1,0,0,1,0,0,1
consist,True,1,000010,Sn,,True,2,001010,Sn,Ap,0.474,0.139,0.55,0.209,0.802,0.213,0.473988,0.840314,0,0.138732,0.717277,0,0.550079,0.591623,0,0.208964,0.657068,0,0.80201,0.643979,1,0.213199,0.743455,0,0,0,0,0,1,0
constitute,True,1,000010,Sn,,True,5,110111,Sn,"Kn, Cm, An, Ev",0.746,0.751,0.056,0.585,0.885,0.673,0.746264,0.840314,0,0.75149,0.717277,1,0.056096,0.591623,0,0.584523,0.657068,0,0.885375,0.643979,1,0.672553,0.743455,0,0,0,0,0,1,0
constrain,True,3,001101,Ev,"Ap, An",True,3,001101,Ev,"Ap, An",0.154,0.02,0.839,0.893,0.547,0.94,0.153665,0.840314,0,0.020445,0.717277,0,0.838869,0.591623,1,0.89323,0.657068,1,0.546771,0.643979,0,0.940066,0.743455,1,0,0,1,1,0,1
constrict,True,1,001000,Ap,,True,2,001100,Ap,An,0.09,0.098,0.975,0.632,0.307,0.315,0.089788,0.840314,0,0.097785,0.717277,0,0.974828,0.591623,1,0.631618,0.657068,0,0.30677,0.643979,0,0.315417,0.743455,0,0,0,1,0,0,0
construe,False,0,000000,,,True,2,001010,Sn,Ap,0.068,0.442,0.55,0.529,0.601,0.478,0.067957,0.840314,0,0.441565,0.717277,0,0.550454,0.591623,0,0.529339,0.657068,0,0.601438,0.643979,0,0.477569,0.743455,0,0,0,0,0,0,0
consume,True,1,001000,Ap,,True,3,101100,Ap,"Kn, An",0.873,0.108,0.977,0.8,0.054,0.085,0.872507,0.840314,1,0.108465,0.717277,0,0.976719,0.591623,1,0.7997,0.657068,1,0.054189,0.643979,0,0.084984,0.743455,0,0,0,1,0,0,0
contain,True,2,001010,Sn,Ap,True,3,101010,Kn,"Ap, Sn",0.729,0.315,0.651,0.181,0.705,0.594,0.728792,0.840314,0,0.314736,0.717277,0,0.650976,0.591623,1,0.18131,0.657068,0,0.704605,0.643979,1,0.593909,0.743455,0,0,0,1,0,1,0
containerize,True,1,000010,Sn,,True,2,000011,Sn,Ev,0.057,0.217,0.359,0.456,0.783,0.693,0.057448,0.840314,0,0.216843,0.717277,0,0.358754,0.591623,0,0.455538,0.657068,0,0.782864,0.643979,1,0.693356,0.743455,0,0,0,0,0,1,0
contaminate,True,1,001000,Ap,,True,2,001100,Ap,An,0.042,0.025,0.995,0.842,0.04,0.216,0.042316,0.840314,0,0.025067,0.717277,0,0.995052,0.591623,1,0.8415,0.657068,1,0.040417,0.643979,0,0.216195,0.743455,0,0,0,1,0,0,0
contemplate,True,1,100000,Kn,,True,3,100110,Kn,"An, Sn",0.888,0.044,0.499,0.827,0.72,0.246,0.8877,0.840314,1,0.043602,0.717277,0,0.498705,0.591623,0,0.827252,0.657068,1,0.719811,0.643979,1,0.246034,0.743455,0,1,0,0,0,0,0
contend,True,4,001111,Ev,"Ap, An, Sn",True,4,001111,Ev,"Ap, An, Sn",0.38,0.113,0.793,0.744,0.724,0.817,0.379587,0.840314,0,0.113206,0.717277,0,0.792631,0.591623,1,0.744141,0.657068,1,0.723674,0.643979,1,0.816899,0.743455,1,0,0,1,1,1,1
continue,True,1,001000,Ap,,True,4,111100,Ap,"Kn, Cm, An",0.855,0.655,0.935,0.631,0.039,0.411,0.85533,0.840314,1,0.655162,0.717277,0,0.934566,0.591623,1,0.631128,0.657068,0,0.038921,0.643979,0,0.410931,0.743455,0,0,0,1,0,0,0
contradict,True,1,001000,Ap,,True,4,001111,Ap,"An, Sn, Ev",0.235,0.436,0.895,0.786,0.607,0.79,0.234869,0.840314,0,0.435924,0.717277,0,0.895294,0.591623,1,0.785712,0.657068,1,0.606929,0.643979,0,0.789718,0.743455,1,0,0,1,0,0,0
contrive,False,0,000000,,,True,1,000001,Ev,,0.233,0.01,0.481,0.45,0.439,0.725,0.23322,0.840314,0,0.00958,0.717277,0,0.48058,0.591623,0,0.449813,0.657068,0,0.438593,0.643979,0,0.724977,0.743455,0,0,0,0,0,0,0
convect,True,1,001000,Ap,,True,2,001100,Ap,An,0.064,0.499,0.86,0.56,0.447,0.416,0.0636,0.840314,0,0.499373,0.717277,0,0.859583,0.591623,1,0.559883,0.657068,0,0.447012,0.643979,0,0.415945,0.743455,0,0,0,1,0,0,0
convene,True,1,000010,Sn,,True,1,000010,Sn,,0.413,0.14,0.381,0.265,0.856,0.486,0.412544,0.840314,0,0.140304,0.717277,0,0.381183,0.591623,0,0.265412,0.657068,0,0.855636,0.643979,1,0.486075,0.743455,0,0,0,0,0,1,0
converge,True,1,000001,Ev,,True,2,000011,Ev,Sn,0.66,0.114,0.359,0.469,0.581,0.761,0.660294,0.840314,0,0.113582,0.717277,0,0.359288,0.591623,0,0.468881,0.657068,0,0.581414,0.643979,0,0.760534,0.743455,1,0,0,0,0,0,1
convolve,False,0,000000,,,True,2,011000,Cm,Ap,0.184,0.648,0.55,0.098,0.456,0.24,0.183686,0.840314,0,0.647861,0.717277,0,0.550312,0.591623,0,0.098405,0.657068,0,0.456411,0.643979,0,0.239536,0.743455,0,0,0,0,0,0,0
cook,True,1,000010,Sn,,True,3,001110,Sn,"Ap, An",0.412,0.095,0.765,0.83,0.921,0.52,0.411854,0.840314,0,0.095473,0.717277,0,0.764575,0.591623,1,0.829638,0.657068,1,0.921168,0.643979,1,0.519705,0.743455,0,0,0,0,0,1,0
cooperate,True,1,000010,Sn,,True,1,000010,Sn,,0.207,0.488,0.366,0.049,0.815,0.019,0.206867,0.840314,0,0.487567,0.717277,0,0.36641,0.591623,0,0.049113,0.657068,0,0.815091,0.643979,1,0.018896,0.743455,0,0,0,0,0,1,0
corner,True,1,010000,Cm,,True,1,010000,Cm,,0.598,0.799,0.164,0.517,0.059,0.247,0.597529,0.840314,0,0.7993,0.717277,1,0.163765,0.591623,0,0.516643,0.657068,0,0.058669,0.643979,0,0.246526,0.743455,0,0,1,0,0,0,0
correct,True,1,001000,Ap,,True,1,001000,Ap,,0.47,0.081,0.706,0.229,0.318,0.239,0.469515,0.840314,0,0.081127,0.717277,0,0.705917,0.591623,1,0.228927,0.657068,0,0.317812,0.643979,0,0.238599,0.743455,0,0,0,1,0,0,0
corrode,True,1,001000,Ap,,True,2,001100,Ap,An,0.335,0.109,0.988,0.897,0.005,0.477,0.334695,0.840314,0,0.109458,0.717277,0,0.98793,0.591623,1,0.896875,0.657068,1,0.004636,0.643979,0,0.477353,0.743455,0,0,0,1,0,0,0
counteract,True,1,001000,Ap,,True,1,001000,Ap,,0.215,0.07,0.904,0.142,0.407,0.329,0.215054,0.840314,0,0.070442,0.717277,0,0.904192,0.591623,1,0.141699,0.657068,0,0.406708,0.643979,0,0.329383,0.743455,0,0,0,1,0,0,0
counterbalance,True,1,000001,Ev,,True,2,000011,Ev,Sn,0.17,0.042,0.252,0.105,0.601,0.813,0.17022,0.840314,0,0.041797,0.717277,0,0.252042,0.591623,0,0.104767,0.657068,0,0.601155,0.643979,0,0.813216,0.743455,1,0,0,0,0,0,1
cover,True,1,100000,Kn,,True,2,110000,Kn,Cm,0.859,0.765,0.425,0.364,0.106,0.216,0.859234,0.840314,1,0.764835,0.717277,1,0.425338,0.591623,0,0.364475,0.657068,0,0.106242,0.643979,0,0.216393,0.743455,0,1,0,0,0,0,0
crack,True,1,000100,An,,True,2,000101,An,Ev,0.247,0.009,0.424,0.898,0.432,0.804,0.247437,0.840314,0,0.009354,0.717277,0,0.42356,0.591623,0,0.897701,0.657068,1,0.432041,0.643979,0,0.803522,0.743455,1,0,0,0,1,0,0
crawl,True,3,101100,An,"Kn, Ap",True,3,101100,An,"Kn, Ap",0.887,0.084,0.728,0.914,0.034,0.058,0.887458,0.840314,1,0.084408,0.717277,0,0.727617,0.591623,1,0.913576,0.657068,1,0.034263,0.643979,0,0.058267,0.743455,0,1,0,1,1,0,0
creep,False,0,000000,,,True,1,000100,An,,0.71,0.461,0.429,0.618,0.016,0.016,0.710482,0.840314,0,0.461249,0.717277,0,0.429424,0.591623,0,0.617669,0.657068,0,0.015773,0.643979,0,0.016482,0.743455,0,0,0,0,0,0,0
crowd,False,0,000000,,,True,2,100001,Kn,Ev,0.753,0.562,0.464,0.391,0.396,0.657,0.75278,0.840314,0,0.562104,0.717277,0,0.463892,0.591623,0,0.390788,0.657068,0,0.395769,0.643979,0,0.656767,0.743455,0,0,0,0,0,0,0
crumble,True,1,000100,An,,True,2,000101,An,Ev,0.258,0.34,0.456,0.906,0.439,0.723,0.257937,0.840314,0,0.340142,0.717277,0,0.456049,0.591623,0,0.905805,0.657068,1,0.439192,0.643979,0,0.72309,0.743455,0,0,0,0,1,0,0
crumple,True,1,000100,An,,True,3,010110,An,"Cm, Sn",0.411,0.744,0.306,0.965,0.551,0.224,0.411052,0.840314,0,0.744207,0.717277,1,0.3059,0.591623,0,0.965317,0.657068,1,0.550502,0.643979,0,0.22422,0.743455,0,0,0,0,1,0,0
crush,True,1,100000,Kn,,True,2,110000,Kn,Cm,0.977,0.625,0.218,0.341,0.162,0.479,0.977127,0.840314,1,0.62509,0.717277,0,0.218082,0.591623,0,0.341269,0.657068,0,0.162106,0.643979,0,0.478997,0.743455,0,1,0,0,0,0,0
cry,True,1,000100,An,,True,2,100100,Kn,An,0.765,0.151,0.425,0.759,0.428,0.399,0.764788,0.840314,0,0.151108,0.717277,0,0.425249,0.591623,0,0.759042,0.657068,1,0.427817,0.643979,0,0.399402,0.743455,0,0,0,0,1,0,0
crystallize,True,1,000100,An,,True,1,000100,An,,0.134,0.557,0.169,0.749,0.467,0.244,0.134133,0.840314,0,0.556849,0.717277,0,0.168792,0.591623,0,0.748725,0.657068,1,0.467357,0.643979,0,0.244218,0.743455,0,0,0,0,1,0,0
cull,True,1,000100,An,,True,2,001100,An,Ap,0.673,0.33,0.832,0.959,0.019,0.601,0.672726,0.840314,0,0.329518,0.717277,0,0.831554,0.591623,1,0.959464,0.657068,1,0.018676,0.643979,0,0.600666,0.743455,0,0,0,0,1,0,0
culminate,True,1,000100,An,,True,1,000100,An,,0.71,0.577,0.282,0.714,0.056,0.181,0.710119,0.840314,0,0.576664,0.717277,0,0.281613,0.591623,0,0.714133,0.657068,1,0.056183,0.643979,0,0.181248,0.743455,0,0,0,0,1,0,0
curtail,True,1,001000,Ap,,True,2,001100,Ap,An,0.134,0.053,0.703,0.619,0.47,0.372,0.134088,0.840314,0,0.05332,0.717277,0,0.703144,0.591623,1,0.618546,0.657068,0,0.470007,0.643979,0,0.372402,0.743455,0,0,0,1,0,0,0
cuss,True,1,001000,Ap,,True,1,001000,Ap,,0.321,0.219,0.966,0.469,0.241,0.404,0.321212,0.840314,0,0.219155,0.717277,0,0.965839,0.591623,1,0.469029,0.657068,0,0.240518,0.643979,0,0.40423,0.743455,0,0,0,1,0,0,0
cut,True,1,000100,An,,True,2,001100,An,Ap,0.489,0.394,0.767,0.873,0.025,0.519,0.489447,0.840314,0,0.394259,0.717277,0,0.766856,0.591623,1,0.872522,0.657068,1,0.024716,0.643979,0,0.518622,0.743455,0,0,0,0,1,0,0
damage,True,1,001000,Ap,,True,1,001000,Ap,,0.078,0.404,0.973,0.137,0.092,0.477,0.078425,0.840314,0,0.403993,0.717277,0,0.973042,0.591623,1,0.136903,0.657068,0,0.092347,0.643979,0,0.476718,0.743455,0,0,0,1,0,0,0
damp,True,2,011000,Cm,Ap,True,2,011000,Cm,Ap,0.326,0.752,0.706,0.176,0.059,0.244,0.32561,0.840314,0,0.7523,0.717277,1,0.706459,0.591623,1,0.175577,0.657068,0,0.059328,0.643979,0,0.244141,0.743455,0,0,1,1,0,0,0
dangle,True,1,000100,An,,True,2,001100,An,Ap,0.528,0.02,0.517,0.911,0.054,0.478,0.528327,0.840314,0,0.020273,0.717277,0,0.517201,0.591623,0,0.910545,0.657068,1,0.053583,0.643979,0,0.477861,0.743455,0,0,0,0,1,0,0
dare,True,1,001000,Ap,,True,2,001001,Ap,Ev,0.602,0.016,0.774,0.513,0.092,0.695,0.601825,0.840314,0,0.015572,0.717277,0,0.774475,0.591623,1,0.513146,0.657068,0,0.092209,0.643979,0,0.695241,0.743455,0,0,0,1,0,0,0
darken,True,1,001000,Ap,,True,1,001000,Ap,,0.32,0.131,0.896,0.23,0.374,0.149,0.32,0.840314,0,0.131036,0.717277,0,0.895647,0.591623,1,0.230096,0.657068,0,0.374262,0.643979,0,0.148552,0.743455,0,0,0,1,0,0,0
de-emphasize,True,1,000100,An,,True,3,011100,Cm,"Ap, An",0.128,0.671,0.521,0.658,0.021,0.072,0.128349,0.840314,0,0.670744,0.717277,0,0.520527,0.591623,0,0.657715,0.657068,1,0.020944,0.643979,0,0.072366,0.743455,0,0,0,0,1,0,0
deactivate,True,1,001000,Ap,,True,2,001100,Ap,An,0.078,0.035,0.874,0.726,0.355,0.286,0.078432,0.840314,0,0.035484,0.717277,0,0.874087,0.591623,1,0.72599,0.657068,1,0.354618,0.643979,0,0.286078,0.743455,0,0,0,1,0,0,0
deal,True,1,000100,An,,True,1,000100,An,,0.444,0.23,0.289,0.732,0.343,0.233,0.443518,0.840314,0,0.229755,0.717277,0,0.289433,0.591623,0,0.731651,0.657068,1,0.342841,0.643979,0,0.233294,0.743455,0,0,0,0,1,0,0
debunk,True,1,000100,An,,True,2,000101,An,Ev,0.093,0.33,0.235,0.901,0.425,0.688,0.092641,0.840314,0,0.329587,0.717277,0,0.234747,0.591623,0,0.900559,0.657068,1,0.425489,0.643979,0,0.688042,0.743455,0,0,0,0,1,0,0
decarboxylate,False,0,000000,,,False,0,000000,,,0.216,0.052,0.251,0.514,0.228,0.282,0.216103,0.840314,0,0.052278,0.717277,0,0.251263,0.591623,0,0.514167,0.657068,0,0.227519,0.643979,0,0.281947,0.743455,0,0,0,0,0,0,0
deceive,False,0,000000,,,False,0,000000,,,0.257,0.063,0.389,0.231,0.351,0.527,0.256704,0.840314,0,0.062975,0.717277,0,0.388819,0.591623,0,0.231397,0.657068,0,0.35102,0.643979,0,0.527344,0.743455,0,0,0,0,0,0,0
decelerate,True,1,001000,Ap,,True,1,001000,Ap,,0.067,0.024,0.977,0.163,0.252,0.1,0.067423,0.840314,0,0.023502,0.717277,0,0.977271,0.591623,1,0.163298,0.657068,0,0.251602,0.643979,0,0.100366,0.743455,0,0,0,1,0,0,0
decentralize,True,1,000100,An,,True,2,000110,An,Sn,0.03,0.394,0.437,0.842,0.75,0.277,0.030062,0.840314,0,0.39418,0.717277,0,0.43685,0.591623,0,0.842481,0.657068,1,0.750114,0.643979,1,0.277392,0.743455,0,0,0,0,1,0,0
decimate,True,1,001000,Ap,,True,2,001100,Ap,An,0.03,0.061,0.992,0.65,0.358,0.19,0.030366,0.840314,0,0.060829,0.717277,0,0.991815,0.591623,1,0.649797,0.657068,0,0.358365,0.643979,0,0.189852,0.743455,0,0,0,1,0,0,0
decipher,True,1,001000,Ap,,True,2,001100,Ap,An,0.165,0.414,0.968,0.627,0.515,0.5,0.164723,0.840314,0,0.41421,0.717277,0,0.968479,0.591623,1,0.627388,0.657068,0,0.515063,0.643979,0,0.499576,0.743455,0,0,0,1,0,0,0
deck,True,1,001000,Ap,,True,2,101000,Ap,Kn,0.799,0.478,0.902,0.032,0.197,0.426,0.798887,0.840314,0,0.477954,0.717277,0,0.901792,0.591623,1,0.031834,0.657068,0,0.196864,0.643979,0,0.425737,0.743455,0,0,0,1,0,0,0
declare,True,1,000010,Sn,,True,4,110011,Sn,"Kn, Cm, Ev",0.723,0.754,0.265,0.358,0.944,0.874,0.722656,0.840314,0,0.753624,0.717277,1,0.265185,0.591623,0,0.357662,0.657068,0,0.943972,0.643979,1,0.873658,0.743455,1,0,0,0,0,1,0
decline,True,1,001000,Ap,,True,4,001111,Ap,"An, Sn, Ev",0.426,0.067,0.978,0.633,0.701,0.648,0.425927,0.840314,0,0.066519,0.717277,0,0.978019,0.591623,1,0.633421,0.657068,0,0.701482,0.643979,1,0.647803,0.743455,0,0,0,1,0,0,0
decode,True,1,001000,Ap,,True,2,001010,Ap,Sn,0.045,0.338,0.976,0.379,0.768,0.29,0.045006,0.840314,0,0.338289,0.717277,0,0.976319,0.591623,1,0.378723,0.657068,0,0.768181,0.643979,1,0.289767,0.743455,0,0,0,1,0,0,0
decompose,True,1,000100,An,,True,3,001101,An,"Ap, Ev",0.088,0.329,0.904,0.97,0.256,0.688,0.088423,0.840314,0,0.32884,0.717277,0,0.904301,0.591623,1,0.969939,0.657068,1,0.256366,0.643979,0,0.688343,0.743455,0,0,0,0,1,0,0
deconstruct,True,1,001000,Ap,,True,3,001110,Ap,"An, Sn",0.017,0.266,0.975,0.726,0.636,0.288,0.016907,0.840314,0,0.265826,0.717277,0,0.974904,0.591623,1,0.7262,0.657068,1,0.635959,0.643979,0,0.287912,0.743455,0,0,0,1,0,0,0
decorate,True,1,001000,Ap,,True,2,011000,Ap,Cm,0.663,0.69,0.976,0.412,0.108,0.165,0.663194,0.840314,0,0.69012,0.717277,0,0.976308,0.591623,1,0.412184,0.657068,0,0.108195,0.643979,0,0.165089,0.743455,0,0,0,1,0,0,0
decouple,False,0,000000,,,True,1,000100,An,,0.093,0.071,0.174,0.646,0.53,0.39,0.093127,0.840314,0,0.071365,0.717277,0,0.173657,0.591623,0,0.646265,0.657068,0,0.530351,0.643979,0,0.390081,0.743455,0,0,0,0,0,0,0
decrease,True,1,001000,Ap,,True,2,001100,Ap,An,0.205,0.153,0.983,0.559,0.373,0.085,0.204749,0.840314,0,0.153191,0.717277,0,0.982693,0.591623,1,0.559307,0.657068,0,0.372597,0.643979,0,0.085252,0.743455,0,0,0,1,0,0,0
decrypt,True,1,001000,Ap,,True,1,001000,Ap,,0.036,0.309,0.974,0.454,0.367,0.303,0.036349,0.840314,0,0.308686,0.717277,0,0.973992,0.591623,1,0.453631,0.657068,0,0.367453,0.643979,0,0.302631,0.743455,0,0,0,1,0,0,0
dedicate,True,1,000001,Ev,,True,2,000101,Ev,An,0.567,0.315,0.175,0.695,0.157,0.924,0.566797,0.840314,0,0.315347,0.717277,0,0.175015,0.591623,0,0.694818,0.657068,1,0.156917,0.643979,0,0.92369,0.743455,1,0,0,0,0,0,1
deduct,True,1,001000,Ap,,True,1,001000,Ap,,0.154,0.596,0.883,0.108,0.473,0.293,0.154417,0.840314,0,0.595849,0.717277,0,0.883347,0.591623,1,0.108426,0.657068,0,0.473329,0.643979,0,0.29348,0.743455,0,0,0,1,0,0,0
deem,True,1,000001,Ev,,True,1,000001,Ev,,0.286,0.231,0.163,0.544,0.221,0.984,0.285799,0.840314,0,0.231414,0.717277,0,0.162575,0.591623,0,0.544119,0.657068,0,0.220828,0.643979,0,0.983589,0.743455,1,0,0,0,0,0,1
deepen,True,1,001000,Ap,,True,2,001100,Ap,An,0.488,0.303,0.747,0.592,0.108,0.181,0.487633,0.840314,0,0.302669,0.717277,0,0.747336,0.591623,1,0.59222,0.657068,0,0.107548,0.643979,0,0.18071,0.743455,0,0,0,1,0,0,0
default,True,1,000100,An,,True,1,000100,An,,0.112,0.019,0.324,0.972,0.505,0.201,0.111532,0.840314,0,0.019044,0.717277,0,0.323925,0.591623,0,0.971588,0.657068,1,0.504842,0.643979,0,0.201346,0.743455,0,0,0,0,1,0,0
defeat,True,1,001000,Ap,,True,3,101001,Ap,"Kn, Ev",0.724,0.236,0.995,0.214,0.391,0.693,0.724148,0.840314,0,0.235888,0.717277,0,0.995388,0.591623,1,0.214036,0.657068,0,0.391257,0.643979,0,0.692572,0.743455,0,0,0,1,0,0,0
defect,False,0,000000,,,True,1,000100,An,,0.255,0.395,0.371,0.599,0.067,0.24,0.254837,0.840314,0,0.394777,0.717277,0,0.37148,0.591623,0,0.59892,0.657068,0,0.067469,0.643979,0,0.240335,0.743455,0,0,0,0,0,0,0
defer,True,1,000001,Ev,,True,3,001101,Ev,"Ap, An",0.197,0.538,0.647,0.643,0.162,0.911,0.196757,0.840314,0,0.5379,0.717277,0,0.646549,0.591623,1,0.643062,0.657068,0,0.162122,0.643979,0,0.910807,0.743455,1,0,0,0,0,0,1
deflate,True,1,000001,Ev,,True,3,010101,Ev,"Cm, An",0.01,0.704,0.299,0.763,0.501,0.836,0.009771,0.840314,0,0.704405,0.717277,0,0.299149,0.591623,0,0.763077,0.657068,1,0.500532,0.643979,0,0.836322,0.743455,1,0,0,0,0,0,1
deflect,False,0,000000,,,True,1,000001,Ev,,0.029,0.134,0.298,0.523,0.532,0.694,0.029128,0.840314,0,0.133581,0.717277,0,0.298335,0.591623,0,0.523381,0.657068,0,0.532019,0.643979,0,0.693758,0.743455,0,0,0,0,0,0,0
deform,True,2,000110,An,Sn,True,3,001110,An,"Ap, Sn",0.065,0.416,0.55,0.701,0.678,0.166,0.064726,0.840314,0,0.415998,0.717277,0,0.549746,0.591623,0,0.700755,0.657068,1,0.677766,0.643979,1,0.166496,0.743455,0,0,0,0,1,1,0
defy,True,1,001000,Ap,,True,2,001100,Ap,An,0.105,0.115,0.783,0.59,0.068,0.275,0.10529,0.840314,0,0.115083,0.717277,0,0.783156,0.591623,1,0.590448,0.657068,0,0.068381,0.643979,0,0.275223,0.743455,0,0,0,1,0,0,0
degenerate,False,0,000000,,,True,3,110100,Kn,"Cm, An",0.755,0.695,0.224,0.617,0.058,0.425,0.754995,0.840314,0,0.695296,0.717277,0,0.224474,0.591623,0,0.616913,0.657068,0,0.057838,0.643979,0,0.425006,0.743455,0,0,0,0,0,0,0
degrade,True,1,001000,Ap,,True,2,001100,Ap,An,0.01,0.049,0.984,0.658,0.205,0.573,0.009503,0.840314,0,0.049017,0.717277,0,0.983817,0.591623,1,0.657953,0.657068,1,0.205172,0.643979,0,0.572603,0.743455,0,0,0,1,0,0,0
deionize,True,1,001000,Ap,,True,1,001000,Ap,,0.124,0.142,0.787,0.268,0.425,0.312,0.124472,0.840314,0,0.142179,0.717277,0,0.787197,0.591623,1,0.268151,0.657068,0,0.424616,0.643979,0,0.31245,0.743455,0,0,0,1,0,0,0
delay,True,2,001100,Ap,An,True,2,001100,Ap,An,0.549,0.443,0.72,0.711,0.094,0.487,0.548612,0.840314,0,0.44302,0.717277,0,0.720435,0.591623,1,0.71104,0.657068,1,0.094082,0.643979,0,0.486996,0.743455,0,0,0,1,1,0,0
delete,True,1,000001,Ev,,True,2,001001,Ev,Ap,0.276,0.315,0.706,0.513,0.162,0.896,0.276366,0.840314,0,0.31522,0.717277,0,0.705611,0.591623,1,0.513334,0.657068,0,0.161678,0.643979,0,0.896055,0.743455,1,0,0,0,0,0,1
delimit,False,0,000000,,,True,1,000100,An,,0.459,0.421,0.191,0.571,0.101,0.104,0.459083,0.840314,0,0.421419,0.717277,0,0.19138,0.591623,0,0.570824,0.657068,0,0.100831,0.643979,0,0.104457,0.743455,0,0,0,0,0,0,0
delineate,True,1,000100,An,,True,2,010100,An,Cm,0.289,0.745,0.353,0.894,0.146,0.21,0.288833,0.840314,0,0.745384,0.717277,1,0.352914,0.591623,0,0.893619,0.657068,1,0.146215,0.643979,0,0.209591,0.743455,0,0,0,0,1,0,0
delve,True,1,000100,An,,True,2,000101,An,Ev,0.37,0.133,0.407,0.918,0.023,0.744,0.369823,0.840314,0,0.133194,0.717277,0,0.407028,0.591623,0,0.918305,0.657068,1,0.022609,0.643979,0,0.743863,0.743455,1,0,0,0,1,0,0
demagnetize,True,1,001000,Ap,,True,1,001000,Ap,,0.202,0.416,0.708,0.384,0.031,0.153,0.201629,0.840314,0,0.415575,0.717277,0,0.708066,0.591623,1,0.38426,0.657068,0,0.03113,0.643979,0,0.153172,0.743455,0,0,0,1,0,0,0
demand,True,3,000111,An,"Sn, Ev",True,3,000111,An,"Sn, Ev",0.287,0.158,0.384,0.866,0.723,0.818,0.286963,0.840314,0,0.158069,0.717277,0,0.384333,0.591623,0,0.866017,0.657068,1,0.722714,0.643979,1,0.817839,0.743455,1,0,0,0,1,1,1
demarcate,True,2,010100,Cm,An,True,2,010100,Cm,An,0.219,0.771,0.355,0.726,0.429,0.24,0.219399,0.840314,0,0.77108,0.717277,1,0.354953,0.591623,0,0.726477,0.657068,1,0.428583,0.643979,0,0.239958,0.743455,0,0,1,0,1,0,0
demodulate,True,1,001000,Ap,,True,2,001100,Ap,An,0.013,0.102,0.82,0.576,0.427,0.248,0.01291,0.840314,0,0.101857,0.717277,0,0.819874,0.591623,1,0.576333,0.657068,0,0.427219,0.643979,0,0.24809,0.743455,0,0,0,1,0,0,0
demolish,True,1,001000,Ap,,True,1,001000,Ap,,0.05,0.129,0.996,0.44,0.222,0.248,0.04989,0.840314,0,0.12885,0.717277,0,0.995679,0.591623,1,0.439645,0.657068,0,0.221668,0.643979,0,0.247564,0.743455,0,0,0,1,0,0,0
demoralise,True,1,001000,Ap,,True,2,001001,Ap,Ev,0.107,0.022,0.977,0.325,0.351,0.764,0.10676,0.840314,0,0.022441,0.717277,0,0.977464,0.591623,1,0.324911,0.657068,0,0.350865,0.643979,0,0.763944,0.743455,1,0,0,1,0,0,0
demystify,True,1,000010,Sn,,True,4,011110,Sn,"Cm, Ap, An",0.137,0.662,0.552,0.574,0.701,0.259,0.137146,0.840314,0,0.662334,0.717277,0,0.552219,0.591623,0,0.573612,0.657068,0,0.701312,0.643979,1,0.259075,0.743455,0,0,0,0,0,1,0
denote,True,3,111000,Cm,"Kn, Ap",True,3,111000,Cm,"Kn, Ap",0.876,0.935,0.614,0.229,0.534,0.071,0.875861,0.840314,1,0.935166,0.717277,1,0.614019,0.591623,1,0.228908,0.657068,0,0.533942,0.643979,0,0.070705,0.743455,0,1,1,1,0,0,0
depart,True,1,000001,Ev,,True,3,001101,Ev,"Ap, An",0.272,0.378,0.792,0.72,0.222,0.885,0.271694,0.840314,0,0.377938,0.717277,0,0.791704,0.591623,1,0.719715,0.657068,1,0.222464,0.643979,0,0.884514,0.743455,1,0,0,0,0,0,1
depend,False,0,000000,,,False,0,000000,,,0.49,0.576,0.152,0.543,0.428,0.548,0.490464,0.840314,0,0.575606,0.717277,0,0.151994,0.591623,0,0.542626,0.657068,0,0.428011,0.643979,0,0.547903,0.743455,0,0,0,0,0,0,0
deplete,True,1,001000,Ap,,True,2,001100,Ap,An,0.088,0.044,0.979,0.589,0.076,0.278,0.088294,0.840314,0,0.043971,0.717277,0,0.978548,0.591623,1,0.588732,0.657068,0,0.076388,0.643979,0,0.278454,0.743455,0,0,0,1,0,0,0
deploy,True,1,001000,Ap,,True,3,001011,Ap,"Sn, Ev",0.136,0.409,0.879,0.373,0.602,0.723,0.135947,0.840314,0,0.408895,0.717277,0,0.878871,0.591623,1,0.372501,0.657068,0,0.601823,0.643979,0,0.722527,0.743455,0,0,0,1,0,0,0
depress,True,2,001100,Ap,An,True,2,001100,Ap,An,0.578,0.027,0.756,0.744,0.124,0.527,0.577837,0.840314,0,0.026676,0.717277,0,0.755804,0.591623,1,0.74405,0.657068,1,0.124054,0.643979,0,0.527059,0.743455,0,0,0,1,1,0,0
deprive,True,1,001000,Ap,,True,1,001000,Ap,,0.242,0.142,0.971,0.528,0.146,0.38,0.242003,0.840314,0,0.141857,0.717277,0,0.970539,0.591623,1,0.528288,0.657068,0,0.146125,0.643979,0,0.379927,0.743455,0,0,0,1,0,0,0
derate,False,0,000000,,,True,2,001010,Sn,Ap,0.247,0.233,0.537,0.245,0.558,0.422,0.247427,0.840314,0,0.232937,0.717277,0,0.536527,0.591623,0,0.245243,0.657068,0,0.557586,0.643979,0,0.421931,0.743455,0,0,0,0,0,0,0
deregulate,True,1,000010,Sn,,True,1,000010,Sn,,0.055,0.02,0.419,0.399,0.849,0.287,0.055029,0.840314,0,0.019771,0.717277,0,0.41927,0.591623,0,0.39865,0.657068,0,0.849087,0.643979,1,0.287116,0.743455,0,0,0,0,0,1,0
descend,True,1,001000,Ap,,True,1,001000,Ap,,0.128,0.076,0.987,0.409,0.026,0.182,0.127868,0.840314,0,0.075756,0.717277,0,0.987086,0.591623,1,0.40903,0.657068,0,0.025872,0.643979,0,0.182419,0.743455,0,0,0,1,0,0,0
deserve,True,1,000001,Ev,,True,2,100001,Ev,Kn,0.737,0.368,0.502,0.133,0.129,0.923,0.736553,0.840314,0,0.368218,0.717277,0,0.502167,0.591623,0,0.133041,0.657068,0,0.129043,0.643979,0,0.923015,0.743455,1,0,0,0,0,0,1
desiccate,True,1,001000,Ap,,True,2,001001,Ap,Ev,0.057,0.082,0.948,0.231,0.15,0.635,0.057372,0.840314,0,0.081581,0.717277,0,0.948267,0.591623,1,0.230526,0.657068,0,0.150207,0.643979,0,0.635083,0.743455,0,0,0,1,0,0,0
designate,True,2,000110,Sn,An,True,3,001110,Sn,"Ap, An",0.646,0.46,0.55,0.679,0.738,0.4,0.646191,0.840314,0,0.460379,0.717277,0,0.550189,0.591623,0,0.679285,0.657068,1,0.73813,0.643979,1,0.400423,0.743455,0,0,0,0,1,1,0
desire,True,1,100000,Kn,,True,1,100000,Kn,,0.894,0.025,0.373,0.297,0.165,0.2,0.893651,0.840314,1,0.024599,0.717277,0,0.373283,0.591623,0,0.296541,0.657068,0,0.164693,0.643979,0,0.200139,0.743455,0,1,0,0,0,0,0
destabilize,True,1,001000,Ap,,True,2,001100,Ap,An,0.1,0.072,0.877,0.615,0.483,0.54,0.099955,0.840314,0,0.071965,0.717277,0,0.877093,0.591623,1,0.615492,0.657068,0,0.483142,0.643979,0,0.540324,0.743455,0,0,0,1,0,0,0
destine,True,1,000001,Ev,,True,1,000001,Ev,,0.452,0.067,0.36,0.228,0.225,0.901,0.452014,0.840314,0,0.067033,0.717277,0,0.360372,0.591623,0,0.2278,0.657068,0,0.225341,0.643979,0,0.901341,0.743455,1,0,0,0,0,0,1
destroy,True,1,001000,Ap,,True,2,001100,Ap,An,0.233,0.254,0.997,0.704,0.359,0.601,0.233115,0.840314,0,0.253831,0.717277,0,0.997382,0.591623,1,0.704399,0.657068,1,0.359423,0.643979,0,0.600716,0.743455,0,0,0,1,0,0,0
detach,True,2,000101,An,Ev,True,2,000101,An,Ev,0.216,0.073,0.198,0.826,0.183,0.779,0.216357,0.840314,0,0.072541,0.717277,0,0.197687,0.591623,0,0.825832,0.657068,1,0.182669,0.643979,0,0.779492,0.743455,1,0,0,0,1,0,1
deter,True,1,000100,An,,True,3,001101,An,"Ap, Ev",0.272,0.596,0.717,0.879,0.358,0.746,0.272175,0.840314,0,0.596047,0.717277,0,0.716567,0.591623,1,0.878836,0.657068,1,0.358278,0.643979,0,0.746349,0.743455,1,0,0,0,1,0,0
deteriorate,True,1,001000,Ap,,True,2,001100,Ap,An,0.329,0.472,0.988,0.866,0.071,0.528,0.329369,0.840314,0,0.472419,0.717277,0,0.987739,0.591623,1,0.866274,0.657068,1,0.071029,0.643979,0,0.528252,0.743455,0,0,0,1,0,0,0
detonate,True,1,001000,Ap,,True,3,001101,Ap,"An, Ev",0.047,0.053,0.956,0.737,0.073,0.692,0.046682,0.840314,0,0.05276,0.717277,0,0.955749,0.591623,1,0.736788,0.657068,1,0.072742,0.643979,0,0.691971,0.743455,0,0,0,1,0,0,0
detract,True,1,001000,Ap,,True,2,001100,Ap,An,0.066,0.591,0.867,0.618,0.015,0.605,0.065934,0.840314,0,0.590723,0.717277,0,0.866847,0.591623,1,0.61776,0.657068,0,0.015046,0.643979,0,0.604938,0.743455,0,0,0,1,0,0,0
devastate,True,1,001000,Ap,,True,3,001101,Ap,"An, Ev",0.067,0.062,0.914,0.713,0.226,0.685,0.066759,0.840314,0,0.061646,0.717277,0,0.914143,0.591623,1,0.712538,0.657068,1,0.226271,0.643979,0,0.684716,0.743455,0,0,0,1,0,0,0
deviate,True,1,000100,An,,True,2,001100,An,Ap,0.215,0.213,0.652,0.82,0.416,0.254,0.214927,0.840314,0,0.213123,0.717277,0,0.651614,0.591623,1,0.820478,0.657068,1,0.416448,0.643979,0,0.253694,0.743455,0,0,0,0,1,0,0
devote,True,1,001000,Ap,,True,1,001000,Ap,,0.092,0.353,0.882,0.381,0.335,0.475,0.092192,0.840314,0,0.353337,0.717277,0,0.881514,0.591623,1,0.380945,0.657068,0,0.335134,0.643979,0,0.474813,0.743455,0,0,0,1,0,0,0
diagonalize,False,0,000000,,,True,1,000100,An,,0.254,0.491,0.334,0.656,0.279,0.155,0.254236,0.840314,0,0.490793,0.717277,0,0.333877,0.591623,0,0.65628,0.657068,0,0.279122,0.643979,0,0.155494,0.743455,0,0,0,0,0,0,0
die,True,1,001000,Ap,,True,3,101001,Ap,"Kn, Ev",0.763,0.219,0.894,0.042,0.083,0.694,0.762674,0.840314,0,0.219052,0.717277,0,0.893597,0.591623,1,0.041787,0.657068,0,0.082582,0.643979,0,0.693635,0.743455,0,0,0,1,0,0,0
differ,True,1,000100,An,,True,3,010101,An,"Cm, Ev",0.235,0.773,0.251,0.988,0.438,0.636,0.235493,0.840314,0,0.772822,0.717277,1,0.251377,0.591623,0,0.987838,0.657068,1,0.437785,0.643979,0,0.63595,0.743455,0,0,0,0,1,0,0
diffract,True,1,000100,An,,True,3,011100,An,"Cm, Ap",0.044,0.796,0.639,0.959,0.103,0.071,0.044429,0.840314,0,0.796166,0.717277,1,0.638981,0.591623,1,0.959478,0.657068,1,0.103115,0.643979,0,0.07055,0.743455,0,0,0,0,1,0,0
diffuse,True,1,000100,An,,True,3,011100,An,"Cm, Ap",0.046,0.738,0.666,0.877,0.103,0.048,0.046415,0.840314,0,0.73757,0.717277,1,0.666257,0.591623,1,0.87744,0.657068,1,0.102659,0.643979,0,0.048186,0.743455,0,0,0,0,1,0,0
dig,True,1,000100,An,,True,4,011101,An,"Cm, Ap, Ev",0.412,0.645,0.873,0.994,0.01,0.763,0.41227,0.840314,0,0.644762,0.717277,0,0.872767,0.591623,1,0.994319,0.657068,1,0.010275,0.643979,0,0.76301,0.743455,1,0,0,0,1,0,0
digest,True,1,000100,An,,True,2,001100,An,Ap,0.337,0.009,0.564,0.798,0.342,0.28,0.337168,0.840314,0,0.009427,0.717277,0,0.5635,0.591623,0,0.797734,0.657068,1,0.341774,0.643979,0,0.280196,0.743455,0,0,0,0,1,0,0
digitize,True,1,001000,Ap,,True,3,011010,Ap,"Cm, Sn",0.299,0.705,0.86,0.47,0.569,0.462,0.298865,0.840314,0,0.704963,0.717277,0,0.85966,0.591623,1,0.469829,0.657068,0,0.56908,0.643979,0,0.462377,0.743455,0,0,0,1,0,0,0
dilate,True,1,000100,An,,True,2,001100,An,Ap,0.247,0.062,0.551,0.663,0.529,0.244,0.246864,0.840314,0,0.062126,0.717277,0,0.55073,0.591623,0,0.663387,0.657068,1,0.529365,0.643979,0,0.244218,0.743455,0,0,0,0,1,0,0
dilute,True,1,001000,Ap,,True,2,001100,Ap,An,0.12,0.067,0.905,0.644,0.004,0.023,0.120407,0.840314,0,0.067006,0.717277,0,0.904584,0.591623,1,0.644296,0.657068,0,0.004384,0.643979,0,0.023468,0.743455,0,0,0,1,0,0,0
dip,True,1,000100,An,,True,1,000100,An,,0.488,0.067,0.441,0.971,0.003,0.19,0.487682,0.840314,0,0.067311,0.717277,0,0.441085,0.591623,0,0.971032,0.657068,1,0.002618,0.643979,0,0.189897,0.743455,0,0,0,0,1,0,0
disable,True,1,000100,An,,True,3,001101,An,"Ap, Ev",0.089,0.019,0.887,0.966,0.21,0.778,0.088734,0.840314,0,0.01883,0.717277,0,0.887131,0.591623,1,0.965608,0.657068,1,0.21022,0.643979,0,0.777709,0.743455,1,0,0,0,1,0,0
disagree,True,1,000001,Ev,,True,1,000001,Ev,,0.481,0.068,0.062,0.379,0.225,0.956,0.481103,0.840314,0,0.068309,0.717277,0,0.061955,0.591623,0,0.379163,0.657068,0,0.225286,0.643979,0,0.955955,0.743455,1,0,0,0,0,0,1
disallow,True,3,001101,An,"Ap, Ev",True,3,001101,An,"Ap, Ev",0.068,0.021,0.892,0.924,0.309,0.843,0.067842,0.840314,0,0.020763,0.717277,0,0.891797,0.591623,1,0.923818,0.657068,1,0.308806,0.643979,0,0.843071,0.743455,1,0,0,1,1,0,1
disambiguate,True,1,010000,Cm,,True,1,010000,Cm,,0.353,0.933,0.433,0.506,0.301,0.426,0.353331,0.840314,0,0.932958,0.717277,1,0.43296,0.591623,0,0.50627,0.657068,0,0.301025,0.643979,0,0.425552,0.743455,0,0,1,0,0,0,0
disappear,True,1,001000,Ap,,True,3,011100,Ap,"Cm, An",0.576,0.732,0.808,0.6,0.073,0.508,0.575713,0.840314,0,0.732489,0.717277,1,0.808469,0.591623,1,0.600123,0.657068,0,0.073248,0.643979,0,0.50848,0.743455,0,0,0,1,0,0,0
disappoint,True,1,001000,Ap,,True,3,001110,Sn,"Ap, An",0.294,0.191,0.616,0.592,0.641,0.314,0.294366,0.840314,0,0.190854,0.717277,0,0.61586,0.591623,1,0.592437,0.657068,0,0.64115,0.643979,0,0.313599,0.743455,0,0,0,1,0,0,0
disassemble,True,1,001000,Ap,,True,2,001010,Ap,Sn,0.008,0.108,0.936,0.514,0.768,0.443,0.007912,0.840314,0,0.107935,0.717277,0,0.935661,0.591623,1,0.51367,0.657068,0,0.767571,0.643979,1,0.443072,0.743455,0,0,0,1,0,0,0
disassociate,True,1,000100,An,,True,1,000100,An,,0.286,0.44,0.273,0.742,0.071,0.432,0.286129,0.840314,0,0.440028,0.717277,0,0.272527,0.591623,0,0.742394,0.657068,1,0.071138,0.643979,0,0.431628,0.743455,0,0,0,0,1,0,0
discard,True,1,001000,Ap,,True,3,001101,Ap,"An, Ev",0.243,0.043,0.995,0.859,0.341,0.837,0.242572,0.840314,0,0.043037,0.717277,0,0.994776,0.591623,1,0.85851,0.657068,1,0.340599,0.643979,0,0.837023,0.743455,1,0,0,1,0,0,0
discern,True,1,000100,An,,True,2,010100,An,Cm,0.615,0.651,0.226,0.966,0.065,0.337,0.615433,0.840314,0,0.650543,0.717277,0,0.226052,0.591623,0,0.965754,0.657068,1,0.064698,0.643979,0,0.336906,0.743455,0,0,0,0,1,0,0
discipline,True,1,000001,Ev,,True,2,001001,Ev,Ap,0.187,0.064,0.683,0.45,0.328,0.888,0.186583,0.840314,0,0.064237,0.717277,0,0.683364,0.591623,1,0.450454,0.657068,0,0.327784,0.643979,0,0.887769,0.743455,1,0,0,0,0,0,1
disclose,True,1,001000,Ap,,True,1,001000,Ap,,0.651,0.46,0.805,0.367,0.447,0.095,0.651343,0.840314,0,0.459632,0.717277,0,0.804642,0.591623,1,0.366866,0.657068,0,0.447494,0.643979,0,0.094913,0.743455,0,0,0,1,0,0,0
discolor,True,1,000100,An,,True,2,000101,An,Ev,0.594,0.471,0.386,0.665,0.005,0.645,0.594133,0.840314,0,0.471402,0.717277,0,0.38643,0.591623,0,0.664602,0.657068,1,0.004945,0.643979,0,0.645049,0.743455,0,0,0,0,1,0,0
disconnect,True,1,000100,An,,True,2,000101,An,Ev,0.084,0.097,0.201,0.958,0.072,0.758,0.083774,0.840314,0,0.097084,0.717277,0,0.200529,0.591623,0,0.958227,0.657068,1,0.071992,0.643979,0,0.757672,0.743455,1,0,0,0,1,0,0
discontinue,True,1,000100,An,,True,1,000100,An,,0.321,0.141,0.407,0.95,0.117,0.444,0.321258,0.840314,0,0.141133,0.717277,0,0.407105,0.591623,0,0.950303,0.657068,1,0.117297,0.643979,0,0.44423,0.743455,0,0,0,0,1,0,0
discount,False,0,000000,,,True,2,101000,Kn,Ap,0.736,0.586,0.552,0.502,0.023,0.189,0.736154,0.840314,0,0.586469,0.717277,0,0.551851,0.591623,0,0.501836,0.657068,0,0.023047,0.643979,0,0.188798,0.743455,0,0,0,0,0,0,0
discourage,True,1,000001,Ev,,True,3,001011,Ev,"Ap, Sn",0.287,0.019,0.707,0.366,0.646,0.876,0.286696,0.840314,0,0.019234,0.717277,0,0.706541,0.591623,1,0.366247,0.657068,0,0.64584,0.643979,1,0.876412,0.743455,1,0,0,0,0,0,1
disenfranchise,True,1,001000,Ap,,True,2,001100,Ap,An,0.193,0.026,0.978,0.682,0.278,0.155,0.193031,0.840314,0,0.026444,0.717277,0,0.978312,0.591623,1,0.681937,0.657068,1,0.277902,0.643979,0,0.155314,0.743455,0,0,0,1,0,0,0
disengage,True,2,000101,Ev,An,True,2,000101,Ev,An,0.047,0.023,0.497,0.745,0.289,0.764,0.046976,0.840314,0,0.023066,0.717277,0,0.49701,0.591623,0,0.74514,0.657068,1,0.288556,0.643979,0,0.763602,0.743455,1,0,0,0,1,0,1
disentangle,True,1,000100,An,,True,2,010100,An,Cm,0.094,0.667,0.285,0.982,0.258,0.438,0.093556,0.840314,0,0.666654,0.717277,0,0.285178,0.591623,0,0.982328,0.657068,1,0.258241,0.643979,0,0.437902,0.743455,0,0,0,0,1,0,0
disfigure,True,1,001000,Ap,,True,2,001100,Ap,An,0.276,0.031,0.935,0.813,0.326,0.316,0.275636,0.840314,0,0.030682,0.717277,0,0.934591,0.591623,1,0.812529,0.657068,1,0.326415,0.643979,0,0.316472,0.743455,0,0,0,1,0,0,0
disguise,True,1,000010,Sn,,True,1,000010,Sn,,0.412,0.098,0.33,0.302,0.856,0.022,0.412373,0.840314,0,0.098101,0.717277,0,0.330246,0.591623,0,0.301639,0.657068,0,0.855821,0.643979,1,0.021923,0.743455,0,0,0,0,0,1,0
disintegrate,True,2,001100,An,Ap,True,2,001100,An,Ap,0.032,0.384,0.914,0.965,0.322,0.313,0.031661,0.840314,0,0.384426,0.717277,0,0.91378,0.591623,1,0.964623,0.657068,1,0.321624,0.643979,0,0.312749,0.743455,0,0,0,1,1,0,0
dislodge,True,2,001100,Ap,An,True,2,001100,Ap,An,0.029,0.049,0.848,0.798,0.315,0.327,0.029297,0.840314,0,0.049301,0.717277,0,0.848172,0.591623,1,0.7976,0.657068,1,0.314827,0.643979,0,0.327003,0.743455,0,0,0,1,1,0,0
dismantle,True,1,001000,Ap,,True,2,001100,Ap,An,0.01,0.022,0.988,0.857,0.532,0.533,0.010304,0.840314,0,0.021983,0.717277,0,0.988192,0.591623,1,0.85651,0.657068,1,0.532181,0.643979,0,0.53265,0.743455,0,0,0,1,0,0,0
dismay,True,1,001000,Ap,,True,2,001100,Ap,An,0.599,0.025,0.89,0.65,0.53,0.234,0.599456,0.840314,0,0.025248,0.717277,0,0.889719,0.591623,1,0.649837,0.657068,0,0.529925,0.643979,0,0.234215,0.743455,0,0,0,1,0,0,0
dismiss,True,1,001000,Ap,,True,3,001011,Ap,"Sn, Ev",0.093,0.084,0.892,0.545,0.585,0.798,0.092718,0.840314,0,0.084201,0.717277,0,0.892153,0.591623,1,0.544611,0.657068,0,0.585361,0.643979,0,0.798287,0.743455,1,0,0,1,0,0,0
disparage,True,2,000101,Ev,An,True,3,001101,Ev,"Ap, An",0.011,0.186,0.58,0.87,0.441,0.922,0.011197,0.840314,0,0.185908,0.717277,0,0.580189,0.591623,0,0.869995,0.657068,1,0.441475,0.643979,0,0.922356,0.743455,1,0,0,0,1,0,1
dispatch,True,1,001000,Ap,,True,2,001100,Ap,An,0.154,0.307,0.97,0.804,0.357,0.069,0.154433,0.840314,0,0.307428,0.717277,0,0.970277,0.591623,1,0.803592,0.657068,1,0.357482,0.643979,0,0.069402,0.743455,0,0,0,1,0,0,0
dispel,True,1,001000,Ap,,True,2,001100,Ap,An,0.014,0.067,0.953,0.633,0.288,0.232,0.014244,0.840314,0,0.067332,0.717277,0,0.953407,0.591623,1,0.632704,0.657068,0,0.288312,0.643979,0,0.232285,0.743455,0,0,0,1,0,0,0
dispense,True,1,000100,An,,True,2,001100,An,Ap,0.069,0.027,0.596,0.785,0.436,0.281,0.068511,0.840314,0,0.026824,0.717277,0,0.596101,0.591623,1,0.784663,0.657068,1,0.435959,0.643979,0,0.28123,0.743455,0,0,0,0,1,0,0
disperse,True,2,001100,An,Ap,True,2,001100,An,Ap,0.233,0.272,0.674,0.717,0.178,0.133,0.233224,0.840314,0,0.271686,0.717277,0,0.674173,0.591623,1,0.716505,0.657068,1,0.178242,0.643979,0,0.133147,0.743455,0,0,0,1,1,0,0
displace,True,1,001000,Ap,,True,2,001100,Ap,An,0.013,0.5,0.927,0.745,0.264,0.194,0.012873,0.840314,0,0.499856,0.717277,0,0.927075,0.591623,1,0.745038,0.657068,1,0.264374,0.643979,0,0.193814,0.743455,0,0,0,1,0,0,0
display,False,0,000000,,,True,1,000100,An,,0.584,0.416,0.281,0.594,0.442,0.566,0.583557,0.840314,0,0.41579,0.717277,0,0.280929,0.591623,0,0.594339,0.657068,0,0.442467,0.643979,0,0.565544,0.743455,0,0,0,0,0,0,0
dispose,True,1,001000,Ap,,True,3,001101,Ap,"An, Ev",0.183,0.113,0.997,0.674,0.132,0.818,0.183399,0.840314,0,0.11347,0.717277,0,0.997376,0.591623,1,0.674035,0.657068,1,0.131793,0.643979,0,0.818381,0.743455,1,0,0,1,0,0,0
disprove,True,1,000100,An,,True,3,001101,An,"Ap, Ev",0.143,0.14,0.591,0.944,0.324,0.763,0.142835,0.840314,0,0.140323,0.717277,0,0.591082,0.591623,0,0.943983,0.657068,1,0.324105,0.643979,0,0.762992,0.743455,1,0,0,0,1,0,0
dispute,True,3,001101,Ev,"Ap, An",True,4,011101,Ev,"Cm, Ap, An",0.643,0.697,0.836,0.906,0.127,0.949,0.643063,0.840314,0,0.697428,0.717277,0,0.836014,0.591623,1,0.905903,0.657068,1,0.127104,0.643979,0,0.949123,0.743455,1,0,0,1,1,0,1
disrupt,True,1,001000,Ap,,True,2,001010,Ap,Sn,0.047,0.308,0.978,0.498,0.801,0.295,0.046962,0.840314,0,0.307729,0.717277,0,0.9782,0.591623,1,0.497657,0.657068,0,0.800733,0.643979,1,0.295124,0.743455,0,0,0,1,0,0,0
disseminate,True,1,001000,Ap,,True,2,001100,Ap,An,0.044,0.005,0.968,0.779,0.073,0.214,0.044109,0.840314,0,0.005167,0.717277,0,0.96839,0.591623,1,0.77927,0.657068,1,0.072614,0.643979,0,0.214198,0.743455,0,0,0,1,0,0,0
dissipate,True,2,001100,An,Ap,True,2,001100,An,Ap,0.042,0.459,0.876,0.913,0.289,0.311,0.041741,0.840314,0,0.458696,0.717277,0,0.875859,0.591623,1,0.913158,0.657068,1,0.288576,0.643979,0,0.31115,0.743455,0,0,0,1,1,0,0
dissociate,True,1,000100,An,,True,1,000100,An,,0.066,0.248,0.297,0.855,0.227,0.24,0.066427,0.840314,0,0.247826,0.717277,0,0.297281,0.591623,0,0.855254,0.657068,1,0.2266,0.643979,0,0.239911,0.743455,0,0,0,0,1,0,0
dissolve,True,1,000100,An,,True,1,000100,An,,0.214,0.273,0.176,0.918,0.097,0.247,0.213718,0.840314,0,0.273336,0.717277,0,0.175588,0.591623,0,0.918328,0.657068,1,0.096952,0.643979,0,0.246787,0.743455,0,0,0,0,1,0,0
dissuade,True,3,001101,Ev,"Ap, An",True,3,001101,Ev,"Ap, An",0.015,0.026,0.813,0.779,0.424,0.844,0.015414,0.840314,0,0.025746,0.717277,0,0.812846,0.591623,1,0.778919,0.657068,1,0.424246,0.643979,0,0.844055,0.743455,1,0,0,1,1,0,1
distil,True,2,001100,Ap,An,True,2,001100,Ap,An,0.057,0.208,0.794,0.771,0.023,0.354,0.056819,0.840314,0,0.208359,0.717277,0,0.794479,0.591623,1,0.770731,0.657068,1,0.023076,0.643979,0,0.353988,0.743455,0,0,0,1,1,0,0
distill,True,1,001000,Ap,,True,2,001100,Ap,An,0.066,0.046,0.925,0.843,0.03,0.244,0.065511,0.840314,0,0.046147,0.717277,0,0.925222,0.591623,1,0.842921,0.657068,1,0.029547,0.643979,0,0.243974,0.743455,0,0,0,1,0,0,0
distort,True,1,000100,An,,True,2,010100,An,Cm,0.147,0.752,0.379,0.982,0.446,0.337,0.146746,0.840314,0,0.751646,0.717277,1,0.379034,0.591623,0,0.9818,0.657068,1,0.446006,0.643979,0,0.336707,0.743455,0,0,0,0,1,0,0
distract,True,1,001000,Ap,,True,2,001100,Ap,An,0.229,0.026,0.863,0.618,0.241,0.168,0.228936,0.840314,0,0.025976,0.717277,0,0.862861,0.591623,1,0.618447,0.657068,0,0.241106,0.643979,0,0.16814,0.743455,0,0,0,1,0,0,0
distribute,True,1,001000,Ap,,True,2,001100,Ap,An,0.411,0.142,0.904,0.802,0.318,0.166,0.410689,0.840314,0,0.141662,0.717277,0,0.903915,0.591623,1,0.801837,0.657068,1,0.31825,0.643979,0,0.166215,0.743455,0,0,0,1,0,0,0
disturb,True,2,011000,Ap,Cm,True,3,011100,Ap,"Cm, An",0.685,0.746,0.766,0.611,0.058,0.023,0.684841,0.840314,0,0.745915,0.717277,1,0.765628,0.591623,1,0.611474,0.657068,0,0.058201,0.643979,0,0.023246,0.743455,0,0,1,1,0,0,0
dive,True,1,001000,Ap,,True,1,001000,Ap,,0.163,0.384,0.722,0.458,0.005,0.314,0.163292,0.840314,0,0.383774,0.717277,0,0.721943,0.591623,1,0.458358,0.657068,0,0.005046,0.643979,0,0.314,0.743455,0,0,0,1,0,0,0
diverge,True,1,000100,An,,True,1,000100,An,,0.277,0.48,0.349,0.777,0.446,0.509,0.276544,0.840314,0,0.479551,0.717277,0,0.348503,0.591623,0,0.77665,0.657068,1,0.446215,0.643979,0,0.508863,0.743455,0,0,0,0,1,0,0
diversify,True,1,000010,Sn,,True,1,000010,Sn,,0.127,0.133,0.39,0.347,0.811,0.339,0.127295,0.840314,0,0.133414,0.717277,0,0.389524,0.591623,0,0.346867,0.657068,0,0.810638,0.643979,1,0.339288,0.743455,0,0,0,0,0,1,0
divert,True,1,001000,Ap,,True,2,001100,Ap,An,0.092,0.424,0.937,0.601,0.161,0.029,0.091673,0.840314,0,0.424419,0.717277,0,0.937119,0.591623,1,0.601363,0.657068,0,0.161432,0.643979,0,0.02939,0.743455,0,0,0,1,0,0,0
divulge,True,1,001000,Ap,,True,1,001000,Ap,,0.348,0.136,0.799,0.148,0.427,0.089,0.348314,0.840314,0,0.135711,0.717277,0,0.798715,0.591623,1,0.148454,0.657068,0,0.426823,0.643979,0,0.088897,0.743455,0,0,0,1,0,0,0
dodge,True,1,000001,Ev,,True,2,001001,Ev,Ap,0.205,0.477,0.544,0.422,0.258,0.764,0.204527,0.840314,0,0.477208,0.717277,0,0.54439,0.591623,0,0.421681,0.657068,0,0.257768,0.643979,0,0.764154,0.743455,1,0,0,0,0,0,1
domesticate,True,1,001000,Ap,,True,2,001010,Ap,Sn,0.106,0.021,0.953,0.53,0.647,0.072,0.105572,0.840314,0,0.021499,0.717277,0,0.952958,0.591623,1,0.529886,0.657068,0,0.647089,0.643979,1,0.071891,0.743455,0,0,0,1,0,0,0
dominate,True,1,001000,Ap,,True,3,001101,Ev,"Ap, An",0.688,0.573,0.619,0.562,0.26,0.685,0.687682,0.840314,0,0.573323,0.717277,0,0.619016,0.591623,1,0.562019,0.657068,0,0.260005,0.643979,0,0.684927,0.743455,0,0,0,1,0,0,0
donate,True,1,001000,Ap,,True,2,011000,Ap,Cm,0.543,0.866,0.978,0.276,0.356,0.01,0.542514,0.840314,0,0.865562,0.717277,1,0.977799,0.591623,1,0.276143,0.657068,0,0.356077,0.643979,0,0.009926,0.743455,0,0,0,1,0,0,0
doubt,False,0,000000,,,False,0,000000,,,0.627,0.555,0.359,0.071,0.426,0.445,0.626753,0.840314,0,0.555129,0.717277,0,0.35939,0.591623,0,0.070506,0.657068,0,0.42586,0.643979,0,0.444659,0.743455,0,0,0,0,0,0,0
downgrade,True,2,001001,Ev,Ap,True,2,001001,Ev,Ap,0.012,0.142,0.736,0.381,0.434,0.76,0.012009,0.840314,0,0.141655,0.717277,0,0.735836,0.591623,1,0.381383,0.657068,0,0.433572,0.643979,0,0.760348,0.743455,1,0,0,1,0,0,1
download,True,1,001000,Ap,,True,1,001000,Ap,,0.186,0.053,0.65,0.35,0.181,0.604,0.185602,0.840314,0,0.053453,0.717277,0,0.650379,0.591623,1,0.349803,0.657068,0,0.180584,0.643979,0,0.603771,0.743455,0,0,0,1,0,0,0
downsize,True,1,001000,Ap,,True,4,001111,Ap,"An, Sn, Ev",0.083,0.241,0.82,0.749,0.64,0.663,0.083464,0.840314,0,0.241225,0.717277,0,0.820357,0.591623,1,0.74936,0.657068,1,0.639871,0.643979,0,0.663322,0.743455,0,0,0,1,0,0,0
doze,True,1,000100,An,,True,2,010100,An,Cm,0.428,0.617,0.149,0.66,0.405,0.167,0.427947,0.840314,0,0.617315,0.717277,0,0.149325,0.591623,0,0.65966,0.657068,1,0.405028,0.643979,0,0.167158,0.743455,0,0,0,0,1,0,0
draft,True,1,000001,Ev,,True,3,101001,Ev,"Kn, Ap",0.738,0.085,0.555,0.384,0.426,0.837,0.738083,0.840314,0,0.085205,0.717277,0,0.555016,0.591623,0,0.383828,0.657068,0,0.42582,0.643979,0,0.837363,0.743455,1,0,0,0,0,0,1
drag,True,3,001101,Ap,"An, Ev",True,4,011101,Ap,"Cm, An, Ev",0.644,0.711,0.877,0.87,0.017,0.796,0.644404,0.840314,0,0.710759,0.717277,0,0.877121,0.591623,1,0.869536,0.657068,1,0.016933,0.643979,0,0.796083,0.743455,1,0,0,1,1,0,1
drain,True,1,001000,Ap,,True,3,001101,Ap,"An, Ev",0.242,0.383,0.895,0.83,0.003,0.651,0.241729,0.840314,0,0.383366,0.717277,0,0.895438,0.591623,1,0.830056,0.657068,1,0.003048,0.643979,0,0.651397,0.743455,0,0,0,1,0,0,0
dredge,True,1,000100,An,,True,2,001100,An,Ap,0.287,0.171,0.764,0.845,0.004,0.582,0.287018,0.840314,0,0.170517,0.717277,0,0.764466,0.591623,1,0.845314,0.657068,1,0.004235,0.643979,0,0.581552,0.743455,0,0,0,0,1,0,0
dress,True,1,000010,Sn,,True,1,000010,Sn,,0.488,0.186,0.421,0.297,0.756,0.073,0.48757,0.840314,0,0.185829,0.717277,0,0.420963,0.591623,0,0.296783,0.657068,0,0.756317,0.643979,1,0.072674,0.743455,0,0,0,0,0,1,0
drink,True,1,100000,Kn,,True,1,100000,Kn,,0.876,0.48,0.476,0.184,0.019,0.244,0.876047,0.840314,1,0.480132,0.717277,0,0.475749,0.591623,0,0.184137,0.657068,0,0.019072,0.643979,0,0.243629,0.743455,0,1,0,0,0,0,0
drive,False,0,000000,,,True,2,100100,Kn,An,0.726,0.474,0.432,0.616,0.132,0.222,0.725516,0.840314,0,0.473772,0.717277,0,0.431579,0.591623,0,0.615722,0.657068,0,0.131532,0.643979,0,0.222362,0.743455,0,0,0,0,0,0,0
drop,True,1,001000,Ap,,True,1,001000,Ap,,0.543,0.097,0.886,0.48,0.063,0.241,0.542992,0.840314,0,0.096931,0.717277,0,0.886091,0.591623,1,0.48037,0.657068,0,0.063063,0.643979,0,0.241371,0.743455,0,0,0,1,0,0,0
drown,True,1,001000,Ap,,True,1,001000,Ap,,0.371,0.064,0.769,0.126,0.022,0.257,0.370969,0.840314,0,0.063918,0.717277,0,0.768799,0.591623,1,0.125852,0.657068,0,0.022452,0.643979,0,0.257483,0.743455,0,0,0,1,0,0,0
dry,True,1,001000,Ap,,True,1,001000,Ap,,0.567,0.237,0.877,0.203,0.047,0.09,0.567463,0.840314,0,0.236728,0.717277,0,0.876928,0.591623,1,0.203085,0.657068,0,0.047053,0.643979,0,0.090309,0.743455,0,0,0,1,0,0,0
dub,True,1,000100,An,,True,1,000100,An,,0.116,0.205,0.412,0.658,0.426,0.394,0.116393,0.840314,0,0.205119,0.717277,0,0.411647,0.591623,0,0.657943,0.657068,1,0.426004,0.643979,0,0.394335,0.743455,0,0,0,0,1,0,0
dump,True,1,001000,Ap,,True,3,001101,Ap,"An, Ev",0.599,0.15,0.906,0.83,0.025,0.743,0.599227,0.840314,0,0.150411,0.717277,0,0.906007,0.591623,1,0.830294,0.657068,1,0.024937,0.643979,0,0.743177,0.743455,0,0,0,1,0,0,0
dwell,True,1,100000,Kn,,True,2,101000,Kn,Ap,0.871,0.275,0.52,0.283,0.017,0.278,0.871002,0.840314,1,0.275178,0.717277,0,0.519572,0.591623,0,0.282868,0.657068,0,0.017052,0.643979,0,0.277699,0.743455,0,1,0,0,0,0,0
dye,True,2,001100,Ap,An,True,3,101100,Kn,"Ap, An",0.727,0.481,0.666,0.657,0.073,0.314,0.727102,0.840314,0,0.481356,0.717277,0,0.665659,0.591623,1,0.657312,0.657068,1,0.072568,0.643979,0,0.31355,0.743455,0,0,0,1,1,0,0
earn,True,1,001000,Ap,,True,3,101100,Ap,"Kn, An",0.737,0.093,0.847,0.708,0.341,0.56,0.736945,0.840314,0,0.092541,0.717277,0,0.846738,0.591623,1,0.707906,0.657068,1,0.3413,0.643979,0,0.559803,0.743455,0,0,0,1,0,0,0
ease,False,0,000000,,,False,0,000000,,,0.356,0.56,0.122,0.408,0.254,0.379,0.356222,0.840314,0,0.559536,0.717277,0,0.122324,0.591623,0,0.408259,0.657068,0,0.253872,0.643979,0,0.379117,0.743455,0,0,0,0,0,0,0
eat,True,1,100000,Kn,,True,3,101100,Kn,"Ap, An",0.935,0.099,0.651,0.779,0.038,0.184,0.934544,0.840314,1,0.099084,0.717277,0,0.651221,0.591623,1,0.778513,0.657068,1,0.037618,0.643979,0,0.183556,0.743455,0,1,0,0,0,0,0
eavesdrop,True,1,001000,Ap,,True,1,001000,Ap,,0.518,0.288,0.756,0.052,0.149,0.044,0.518439,0.840314,0,0.28786,0.717277,0,0.755846,0.591623,1,0.051843,0.657068,0,0.148963,0.643979,0,0.043621,0.743455,0,0,0,1,0,0,0
echo,False,0,000000,,,False,0,000000,,,0.711,0.538,0.353,0.106,0.145,0.008,0.711411,0.840314,0,0.538374,0.717277,0,0.352701,0.591623,0,0.106092,0.657068,0,0.145185,0.643979,0,0.0077,0.743455,0,0,0,0,0,0,0
edge,True,2,000101,Ev,An,True,4,110101,Ev,"Kn, Cm, An",0.729,0.647,0.365,0.787,0.056,0.807,0.729202,0.840314,0,0.647456,0.717277,0,0.365358,0.591623,0,0.786909,0.657068,1,0.055563,0.643979,0,0.806885,0.743455,1,0,0,0,1,0,1
educate,True,1,001000,Ap,,True,1,001000,Ap,,0.335,0.048,0.615,0.06,0.43,0.271,0.334526,0.840314,0,0.048279,0.717277,0,0.614839,0.591623,1,0.0604,0.657068,0,0.429508,0.643979,0,0.270797,0.743455,0,0,0,1,0,0,0
eject,True,1,000001,Ev,,True,3,001101,Ev,"Ap, An",0.112,0.019,0.7,0.591,0.212,0.973,0.111897,0.840314,0,0.01934,0.717277,0,0.699848,0.591623,1,0.591219,0.657068,0,0.212163,0.643979,0,0.972651,0.743455,1,0,0,0,0,0,1
elapse,True,1,001000,Ap,,True,2,001100,Ap,An,0.153,0.46,0.954,0.721,0.352,0.558,0.153262,0.840314,0,0.45968,0.717277,0,0.953509,0.591623,1,0.720555,0.657068,1,0.351538,0.643979,0,0.558451,0.743455,0,0,0,1,0,0,0
elect,True,1,001000,Ap,,True,3,101100,Ap,"Kn, An",0.737,0.541,0.987,0.565,0.162,0.31,0.737152,0.840314,0,0.54079,0.717277,0,0.9873,0.591623,1,0.565107,0.657068,0,0.162394,0.643979,0,0.310394,0.743455,0,0,0,1,0,0,0
elevate,False,0,000000,,,False,0,000000,,,0.299,0.152,0.443,0.337,0.444,0.485,0.298896,0.840314,0,0.151661,0.717277,0,0.442962,0.591623,0,0.336928,0.657068,0,0.444168,0.643979,0,0.485015,0.743455,0,0,0,0,0,0,0
elicit,True,1,001000,Ap,,True,3,001101,Ap,"An, Ev",0.34,0.027,0.729,0.611,0.256,0.697,0.340046,0.840314,0,0.026589,0.717277,0,0.728776,0.591623,1,0.610729,0.657068,0,0.255897,0.643979,0,0.696552,0.743455,0,0,0,1,0,0,0
eliminate,True,1,001000,Ap,,True,2,001100,Ap,An,0.145,0.089,0.99,0.755,0.324,0.539,0.144939,0.840314,0,0.089432,0.717277,0,0.990317,0.591623,1,0.755202,0.657068,1,0.324412,0.643979,0,0.539309,0.743455,0,0,0,1,0,0,0
elongate,True,1,000100,An,,True,2,001100,An,Ap,0.042,0.596,0.675,0.852,0.541,0.093,0.042207,0.840314,0,0.595729,0.717277,0,0.674646,0.591623,1,0.852068,0.657068,1,0.541362,0.643979,0,0.092997,0.743455,0,0,0,0,1,0,0
elucidate,True,3,011100,An,"Cm, Ap",True,3,011100,An,"Cm, Ap",0.177,0.934,0.704,0.955,0.055,0.285,0.17729,0.840314,0,0.933686,0.717277,1,0.7044,0.591623,1,0.954783,0.657068,1,0.055208,0.643979,0,0.28537,0.743455,0,0,1,1,1,0,0
elude,True,1,001000,Ap,,True,1,001000,Ap,,0.307,0.316,0.935,0.406,0.031,0.253,0.307138,0.840314,0,0.31644,0.717277,0,0.935166,0.591623,1,0.406021,0.657068,0,0.030929,0.643979,0,0.253263,0.743455,0,0,0,1,0,0,0
elute,True,2,011000,Ap,Cm,True,2,011000,Ap,Cm,0.256,0.894,0.898,0.384,0.042,0.222,0.255749,0.840314,0,0.894233,0.717277,1,0.897606,0.591623,1,0.384376,0.657068,0,0.042213,0.643979,0,0.22156,0.743455,0,0,1,1,0,0,0
emanate,True,1,010000,Cm,,True,1,010000,Cm,,0.134,0.755,0.483,0.205,0.14,0.086,0.134019,0.840314,0,0.75533,0.717277,1,0.483011,0.591623,0,0.204739,0.657068,0,0.140394,0.643979,0,0.085674,0.743455,0,0,1,0,0,0,0
embark,True,1,001000,Ap,,True,2,001010,Ap,Sn,0.35,0.044,0.756,0.166,0.596,0.212,0.350488,0.840314,0,0.043875,0.717277,0,0.755668,0.591623,1,0.166015,0.657068,0,0.59635,0.643979,0,0.211875,0.743455,0,0,0,1,0,0,0
embed,True,1,000100,An,,True,2,001100,An,Ap,0.234,0.6,0.566,0.844,0.071,0.609,0.234262,0.840314,0,0.599696,0.717277,0,0.566175,0.591623,0,0.844412,0.657068,1,0.071325,0.643979,0,0.608775,0.743455,0,0,0,0,1,0,0
embody,True,1,001000,Ap,,True,1,001000,Ap,,0.093,0.459,0.767,0.044,0.523,0.175,0.092734,0.840314,0,0.458743,0.717277,0,0.76661,0.591623,1,0.043549,0.657068,0,0.523302,0.643979,0,0.1746,0.743455,0,0,0,1,0,0,0
embrace,True,1,000001,Ev,,True,1,000001,Ev,,0.429,0.501,0.051,0.2,0.501,0.751,0.429121,0.840314,0,0.501235,0.717277,0,0.05073,0.591623,0,0.199963,0.657068,0,0.500749,0.643979,0,0.751133,0.743455,1,0,0,0,0,0,1
emerge,True,1,000010,Sn,,True,2,000110,Sn,An,0.3,0.107,0.503,0.62,0.959,0.51,0.299811,0.840314,0,0.107151,0.717277,0,0.502542,0.591623,0,0.62034,0.657068,0,0.95913,0.643979,1,0.509928,0.743455,0,0,0,0,0,1,0
emit,True,2,011000,Ap,Cm,True,2,011000,Ap,Cm,0.135,0.737,0.785,0.342,0.163,0.259,0.134995,0.840314,0,0.736667,0.717277,1,0.784936,0.591623,1,0.342162,0.657068,0,0.162826,0.643979,0,0.258896,0.743455,0,0,1,1,0,0,0
empathize,False,0,000000,,,True,2,101000,Kn,Ap,0.822,0.416,0.535,0.452,0.484,0.281,0.821787,0.840314,0,0.416074,0.717277,0,0.535459,0.591623,0,0.451934,0.657068,0,0.483637,0.643979,0,0.281098,0.743455,0,0,0,0,0,0,0
emphasize,True,1,010000,Cm,,True,1,010000,Cm,,0.235,0.924,0.363,0.414,0.132,0.147,0.234721,0.840314,0,0.924308,0.717277,1,0.363338,0.591623,0,0.414023,0.657068,0,0.132125,0.643979,0,0.146597,0.743455,0,0,1,0,0,0,0
empower,True,1,001000,Ap,,True,1,001000,Ap,,0.013,0.142,0.921,0.384,0.498,0.374,0.012898,0.840314,0,0.141715,0.717277,0,0.921421,0.591623,1,0.383787,0.657068,0,0.498296,0.643979,0,0.374283,0.743455,0,0,0,1,0,0,0
emulate,True,1,001000,Ap,,True,2,011000,Ap,Cm,0.665,0.705,0.984,0.161,0.511,0.18,0.665098,0.840314,0,0.705156,0.717277,0,0.984151,0.591623,1,0.160754,0.657068,0,0.51079,0.643979,0,0.180222,0.743455,0,0,0,1,0,0,0
enable,True,1,000100,An,,True,2,001100,An,Ap,0.205,0.021,0.683,0.833,0.411,0.426,0.204803,0.840314,0,0.021253,0.717277,0,0.68267,0.591623,1,0.833483,0.657068,1,0.411014,0.643979,0,0.426002,0.743455,0,0,0,0,1,0,0
enact,True,1,001000,Ap,,True,1,001000,Ap,,0.277,0.054,0.905,0.098,0.388,0.072,0.277136,0.840314,0,0.053715,0.717277,0,0.905098,0.591623,1,0.098009,0.657068,0,0.387712,0.643979,0,0.071751,0.743455,0,0,0,1,0,0,0
encapsulate,True,1,000010,Sn,,True,1,000010,Sn,,0.043,0.064,0.252,0.11,0.888,0.221,0.043091,0.840314,0,0.063552,0.717277,0,0.251733,0.591623,0,0.109669,0.657068,0,0.887678,0.643979,1,0.220683,0.743455,0,0,0,0,0,1,0
encase,True,1,001000,Ap,,True,1,001000,Ap,,0.129,0.121,0.727,0.048,0.476,0.589,0.129191,0.840314,0,0.120814,0.717277,0,0.726883,0.591623,1,0.047767,0.657068,0,0.476388,0.643979,0,0.589267,0.743455,0,0,0,1,0,0,0
encircle,False,0,000000,,,True,2,110000,Kn,Cm,0.725,0.625,0.479,0.23,0.11,0.377,0.725287,0.840314,0,0.624985,0.717277,0,0.478528,0.591623,0,0.230361,0.657068,0,0.110263,0.643979,0,0.376986,0.743455,0,0,0,0,0,0,0
enclose,False,0,000000,,,False,0,000000,,,0.603,0.162,0.352,0.284,0.468,0.546,0.602509,0.840314,0,0.161616,0.717277,0,0.352222,0.591623,0,0.284479,0.657068,0,0.46832,0.643979,0,0.546434,0.743455,0,0,0,0,0,0,0
encode,True,1,001000,Ap,,True,2,001010,Ap,Sn,0.067,0.135,0.978,0.07,0.864,0.13,0.067057,0.840314,0,0.134651,0.717277,0,0.978044,0.591623,1,0.070099,0.657068,0,0.864049,0.643979,1,0.130363,0.743455,0,0,0,1,0,0,0
encompass,True,1,000010,Sn,,True,2,010010,Sn,Cm,0.146,0.688,0.075,0.095,0.95,0.527,0.145832,0.840314,0,0.687536,0.717277,0,0.074827,0.591623,0,0.094684,0.657068,0,0.950286,0.643979,1,0.527275,0.743455,0,0,0,0,0,1,0
encounter,True,2,010010,Cm,Sn,True,3,110010,Kn,"Cm, Sn",0.737,0.733,0.424,0.094,0.725,0.106,0.737344,0.840314,0,0.732967,0.717277,1,0.424467,0.591623,0,0.093943,0.657068,0,0.725317,0.643979,1,0.105684,0.743455,0,0,1,0,0,1,0
encourage,True,1,000010,Sn,,True,1,000010,Sn,,0.287,0.026,0.445,0.02,0.677,0.404,0.287316,0.840314,0,0.025748,0.717277,0,0.445034,0.591623,0,0.019981,0.657068,0,0.677469,0.643979,1,0.404006,0.743455,0,0,0,0,0,1,0
encrypt,True,1,001000,Ap,,True,2,001001,Ev,Ap,0.045,0.475,0.629,0.396,0.394,0.676,0.045201,0.840314,0,0.475041,0.717277,0,0.629329,0.591623,1,0.396439,0.657068,0,0.394104,0.643979,0,0.67637,0.743455,0,0,0,1,0,0,0
encumber,True,1,001000,Ap,,True,1,001000,Ap,,0.13,0.026,0.827,0.545,0.369,0.479,0.130489,0.840314,0,0.025789,0.717277,0,0.8269,0.591623,1,0.544747,0.657068,0,0.369258,0.643979,0,0.478862,0.743455,0,0,0,1,0,0,0
end,True,1,000100,An,,True,4,111100,An,"Kn, Cm, Ap",0.767,0.648,0.748,0.824,0.023,0.444,0.766862,0.840314,0,0.647741,0.717277,0,0.747755,0.591623,1,0.824491,0.657068,1,0.023237,0.643979,0,0.44364,0.743455,0,0,0,0,1,0,0
endanger,True,3,011100,An,"Cm, Ap",True,3,011100,An,"Cm, Ap",0.186,0.795,0.906,0.917,0.021,0.314,0.186127,0.840314,0,0.795054,0.717277,1,0.905559,0.591623,1,0.917291,0.657068,1,0.020796,0.643979,0,0.314031,0.743455,0,0,1,1,1,0,0
endow,True,1,001000,Ap,,True,2,001100,Ap,An,0.153,0.478,0.978,0.831,0.03,0.53,0.153258,0.840314,0,0.477991,0.717277,0,0.978351,0.591623,1,0.831302,0.657068,1,0.029534,0.643979,0,0.53015,0.743455,0,0,0,1,0,0,0
endure,True,1,001000,Ap,,True,1,001000,Ap,,0.695,0.236,0.895,0.209,0.541,0.532,0.694618,0.840314,0,0.235654,0.717277,0,0.895345,0.591623,1,0.208769,0.657068,0,0.541331,0.643979,0,0.531752,0.743455,0,0,0,1,0,0,0
energize,True,1,000100,An,,True,2,001100,An,Ap,0.068,0.062,0.642,0.799,0.443,0.272,0.06759,0.840314,0,0.061922,0.717277,0,0.64179,0.591623,1,0.798537,0.657068,1,0.442609,0.643979,0,0.272419,0.743455,0,0,0,0,1,0,0
engage,False,0,000000,,,True,1,001000,Ap,,0.492,0.258,0.55,0.076,0.526,0.137,0.49206,0.840314,0,0.258164,0.717277,0,0.550169,0.591623,0,0.075882,0.657068,0,0.525638,0.643979,0,0.137188,0.743455,0,0,0,0,0,0,0
engender,True,1,001000,Ap,,True,1,001000,Ap,,0.111,0.08,0.651,0.423,0.252,0.19,0.111141,0.840314,0,0.079812,0.717277,0,0.650901,0.591623,1,0.422721,0.657068,0,0.251927,0.643979,0,0.19038,0.743455,0,0,0,1,0,0,0
enjoin,False,0,000000,,,True,1,000010,Sn,,0.61,0.095,0.129,0.044,0.611,0.419,0.609802,0.840314,0,0.094611,0.717277,0,0.129399,0.591623,0,0.043928,0.657068,0,0.610794,0.643979,0,0.419122,0.743455,0,0,0,0,0,0,0
enjoy,True,1,100000,Kn,,True,3,101100,Kn,"Ap, An",0.947,0.539,0.857,0.664,0.003,0.191,0.947232,0.840314,1,0.53913,0.717277,0,0.857061,0.591623,1,0.663739,0.657068,1,0.002618,0.643979,0,0.190605,0.743455,0,1,0,0,0,0,0
enlarge,True,2,010100,An,Cm,True,2,010100,An,Cm,0.243,0.858,0.251,0.911,0.493,0.479,0.24337,0.840314,0,0.858471,0.717277,1,0.251166,0.591623,0,0.910699,0.657068,1,0.493405,0.643979,0,0.47894,0.743455,0,0,1,0,1,0,0
enlighten,False,0,000000,,,False,0,000000,,,0.655,0.142,0.301,0.453,0.427,0.324,0.655314,0.840314,0,0.14169,0.717277,0,0.300554,0.591623,0,0.45345,0.657068,0,0.427458,0.643979,0,0.324431,0.743455,0,0,0,0,0,0,0
enlist,True,3,001011,Ev,"Ap, Sn",True,3,001011,Ev,"Ap, Sn",0.443,0.083,0.681,0.024,0.797,0.836,0.443227,0.840314,0,0.08303,0.717277,0,0.681079,0.591623,1,0.024055,0.657068,0,0.796954,0.643979,1,0.835688,0.743455,1,0,0,1,0,1,1
enrich,True,1,001000,Ap,,True,1,001000,Ap,,0.065,0.066,0.741,0.083,0.423,0.154,0.064685,0.840314,0,0.065541,0.717277,0,0.741034,0.591623,1,0.082752,0.657068,0,0.422596,0.643979,0,0.153984,0.743455,0,0,0,1,0,0,0
enroll,False,0,000000,,,False,0,000000,,,0.255,0.066,0.499,0.287,0.324,0.573,0.254775,0.840314,0,0.066239,0.717277,0,0.499211,0.591623,0,0.287399,0.657068,0,0.32434,0.643979,0,0.572727,0.743455,0,0,0,0,0,0,0
ensue,False,0,000000,,,True,2,010001,Ev,Cm,0.331,0.66,0.374,0.3,0.072,0.71,0.33067,0.840314,0,0.659518,0.717277,0,0.374182,0.591623,0,0.300081,0.657068,0,0.072092,0.643979,0,0.709516,0.743455,0,0,0,0,0,0,0
entail,True,1,010000,Cm,,True,1,010000,Cm,,0.526,0.745,0.419,0.527,0.219,0.463,0.526335,0.840314,0,0.744812,0.717277,1,0.418634,0.591623,0,0.527002,0.657068,0,0.218618,0.643979,0,0.463082,0.743455,0,0,1,0,0,0,0
entangle,False,0,000000,,,True,2,000110,An,Sn,0.38,0.414,0.072,0.583,0.557,0.483,0.380333,0.840314,0,0.414317,0.717277,0,0.071594,0.591623,0,0.583077,0.657068,0,0.557008,0.643979,0,0.483097,0.743455,0,0,0,0,0,0,0
enter,True,1,000100,An,,True,2,010100,An,Cm,0.339,0.722,0.372,0.842,0.095,0.405,0.338821,0.840314,0,0.722428,0.717277,1,0.371865,0.591623,0,0.84246,0.657068,1,0.095445,0.643979,0,0.404713,0.743455,0,0,0,0,1,0,0
entertain,True,1,001000,Ap,,True,2,001010,Ap,Sn,0.623,0.389,0.905,0.05,0.612,0.254,0.623193,0.840314,0,0.389078,0.717277,0,0.905024,0.591623,1,0.050361,0.657068,0,0.612391,0.643979,0,0.253954,0.743455,0,0,0,1,0,0,0
enthrall,False,0,000000,,,True,1,000001,Ev,,0.321,0.097,0.394,0.318,0.072,0.718,0.321344,0.840314,0,0.09699,0.717277,0,0.394145,0.591623,0,0.317859,0.657068,0,0.072036,0.643979,0,0.71838,0.743455,0,0,0,0,0,0,0
entice,False,0,000000,,,False,0,000000,,,0.254,0.026,0.328,0.147,0.243,0.296,0.254092,0.840314,0,0.026009,0.717277,0,0.327692,0.591623,0,0.146667,0.657068,0,0.242671,0.643979,0,0.295686,0.743455,0,0,0,0,0,0,0
entitle,True,1,100000,Kn,,True,1,100000,Kn,,0.886,0.024,0.391,0.18,0.228,0.583,0.88618,0.840314,1,0.023718,0.717277,0,0.390717,0.591623,0,0.180128,0.657068,0,0.227731,0.643979,0,0.582805,0.743455,0,1,0,0,0,0,0
entrap,True,1,001000,Ap,,True,2,001100,Ap,An,0.296,0.095,0.791,0.585,0.128,0.382,0.296413,0.840314,0,0.094766,0.717277,0,0.791479,0.591623,1,0.584775,0.657068,0,0.128169,0.643979,0,0.381768,0.743455,0,0,0,1,0,0,0
entrench,True,1,000001,Ev,,True,2,000101,Ev,An,0.044,0.01,0.419,0.725,0.256,0.789,0.044156,0.840314,0,0.009759,0.717277,0,0.418571,0.591623,0,0.725412,0.657068,1,0.255577,0.643979,0,0.789196,0.743455,1,0,0,0,0,0,1
entrust,False,0,000000,,,False,0,000000,,,0.127,0.217,0.19,0.267,0.092,0.4,0.127366,0.840314,0,0.217389,0.717277,0,0.190198,0.591623,0,0.267111,0.657068,0,0.09163,0.643979,0,0.400283,0.743455,0,0,0,0,0,0,0
enunciate,False,0,000000,,,False,0,000000,,,0.153,0.457,0.394,0.033,0.532,0.14,0.152808,0.840314,0,0.457218,0.717277,0,0.394047,0.591623,0,0.033034,0.657068,0,0.532265,0.643979,0,0.140402,0.743455,0,0,0,0,0,0,0
envelop,True,1,001000,Ap,,True,1,001000,Ap,,0.185,0.136,0.673,0.302,0.052,0.247,0.184621,0.840314,0,0.135699,0.717277,0,0.6727,0.591623,1,0.301645,0.657068,0,0.051841,0.643979,0,0.247313,0.743455,0,0,0,1,0,0,0
envisage,True,1,000010,Sn,,True,2,010010,Sn,Cm,0.352,0.62,0.037,0.437,0.913,0.366,0.351998,0.840314,0,0.62,0.717277,0,0.036586,0.591623,0,0.437457,0.657068,0,0.912517,0.643979,1,0.366463,0.743455,0,0,0,0,0,1,0
envision,True,1,000010,Sn,,True,1,000010,Sn,,0.264,0.08,0.163,0.38,0.951,0.121,0.263604,0.840314,0,0.080088,0.717277,0,0.162955,0.591623,0,0.380218,0.657068,0,0.950799,0.643979,1,0.120511,0.743455,0,0,0,0,0,1,0
epitomize,True,1,000100,An,,True,1,000100,An,,0.636,0.505,0.304,0.757,0.518,0.403,0.635921,0.840314,0,0.504884,0.717277,0,0.303734,0.591623,0,0.756967,0.657068,1,0.517632,0.643979,0,0.403218,0.743455,0,0,0,0,1,0,0
equalize,True,1,000010,Sn,,True,1,000010,Sn,,0.021,0.108,0.265,0.285,0.954,0.312,0.021337,0.840314,0,0.107938,0.717277,0,0.264937,0.591623,0,0.284741,0.657068,0,0.953621,0.643979,1,0.312396,0.743455,0,0,0,0,0,1,0
equate,True,4,011011,Cm,"Ap, Sn, Ev",True,5,011111,Cm,"Ap, An, Sn, Ev",0.092,0.928,0.675,0.648,0.737,0.906,0.092095,0.840314,0,0.928402,0.717277,1,0.674774,0.591623,1,0.647528,0.657068,0,0.737073,0.643979,1,0.906129,0.743455,1,0,1,1,0,1,1
equilibrate,True,2,000110,Sn,An,True,2,000110,Sn,An,0.105,0.024,0.221,0.778,0.795,0.376,0.104782,0.840314,0,0.024131,0.717277,0,0.220952,0.591623,0,0.778436,0.657068,1,0.795487,0.643979,1,0.376479,0.743455,0,0,0,0,1,1,0
equip,True,1,001000,Ap,,True,2,001010,Ap,Sn,0.03,0.019,0.866,0.052,0.669,0.618,0.029502,0.840314,0,0.019406,0.717277,0,0.866151,0.591623,1,0.052172,0.657068,0,0.669217,0.643979,1,0.617788,0.743455,0,0,0,1,0,0,0
eradicate,True,1,001000,Ap,,True,2,001100,Ap,An,0.327,0.014,0.979,0.6,0.146,0.426,0.326842,0.840314,0,0.014237,0.717277,0,0.978599,0.591623,1,0.599554,0.657068,0,0.146052,0.643979,0,0.426313,0.743455,0,0,0,1,0,0,0
erase,True,1,001000,Ap,,True,2,101000,Ap,Kn,0.826,0.217,0.89,0.3,0.062,0.148,0.826065,0.840314,0,0.216629,0.717277,0,0.890246,0.591623,1,0.299759,0.657068,0,0.06237,0.643979,0,0.148254,0.743455,0,0,0,1,0,0,0
erect,False,0,000000,,,True,1,100000,Kn,,0.762,0.227,0.498,0.384,0.193,0.073,0.76207,0.840314,0,0.22695,0.717277,0,0.498458,0.591623,0,0.383975,0.657068,0,0.192608,0.643979,0,0.072544,0.743455,0,0,0,0,0,0,0
erode,True,1,001000,Ap,,True,2,001100,Ap,An,0.059,0.462,0.983,0.783,0.036,0.29,0.059201,0.840314,0,0.462344,0.717277,0,0.982834,0.591623,1,0.782866,0.657068,1,0.036086,0.643979,0,0.289989,0.743455,0,0,0,1,0,0,0
escalate,False,0,000000,,,True,1,000010,Sn,,0.044,0.317,0.482,0.426,0.64,0.373,0.04359,0.840314,0,0.317475,0.717277,0,0.482078,0.591623,0,0.42575,0.657068,0,0.64027,0.643979,0,0.373289,0.743455,0,0,0,0,0,0,0
escape,True,1,000001,Ev,,True,2,001001,Ev,Ap,0.15,0.115,0.634,0.335,0.29,0.875,0.150012,0.840314,0,0.115172,0.717277,0,0.633709,0.591623,1,0.3351,0.657068,0,0.289847,0.643979,0,0.87475,0.743455,1,0,0,0,0,0,1
etch,True,1,001000,Ap,,True,3,011001,Ap,"Cm, Ev",0.445,0.746,0.873,0.411,0.064,0.694,0.444657,0.840314,0,0.745812,0.717277,1,0.872526,0.591623,1,0.41099,0.657068,0,0.06428,0.643979,0,0.694407,0.743455,0,0,0,1,0,0,0
evacuate,True,1,001000,Ap,,True,2,001001,Ap,Ev,0.078,0.477,0.967,0.383,0.161,0.686,0.078204,0.840314,0,0.476977,0.717277,0,0.966864,0.591623,1,0.38277,0.657068,0,0.161423,0.643979,0,0.685961,0.743455,0,0,0,1,0,0,0
evade,True,1,001000,Ap,,True,2,011000,Ap,Cm,0.257,0.632,0.66,0.265,0.222,0.577,0.25676,0.840314,0,0.631944,0.717277,0,0.659765,0.591623,1,0.264743,0.657068,0,0.222086,0.643979,0,0.577074,0.743455,0,0,0,1,0,0,0
evaporate,True,1,001000,Ap,,True,3,011100,Ap,"Cm, An",0.253,0.736,0.878,0.72,0.042,0.614,0.252961,0.840314,0,0.736171,0.717277,1,0.877606,0.591623,1,0.71985,0.657068,1,0.042139,0.643979,0,0.614027,0.743455,0,0,0,1,0,0,0
evoke,True,1,001000,Ap,,True,2,101000,Kn,Ap,0.831,0.555,0.659,0.246,0.352,0.134,0.831264,0.840314,0,0.555093,0.717277,0,0.658913,0.591623,1,0.246018,0.657068,0,0.352235,0.643979,0,0.134257,0.743455,0,0,0,1,0,0,0
evolve,True,1,000010,Sn,,True,2,001010,Sn,Ap,0.297,0.237,0.698,0.334,0.823,0.157,0.297318,0.840314,0,0.23672,0.717277,0,0.698198,0.591623,1,0.334163,0.657068,0,0.822559,0.643979,1,0.156928,0.743455,0,0,0,0,0,1,0
exacerbate,True,1,001000,Ap,,True,1,001000,Ap,,0.153,0.083,0.821,0.543,0.374,0.514,0.152527,0.840314,0,0.082947,0.717277,0,0.82129,0.591623,1,0.543076,0.657068,0,0.373758,0.643979,0,0.513668,0.743455,0,0,0,1,0,0,0
exaggerate,True,1,010000,Cm,,True,3,010101,Cm,"An, Ev",0.333,0.908,0.147,0.647,0.379,0.725,0.333492,0.840314,0,0.907927,0.717277,1,0.147224,0.591623,0,0.646697,0.657068,0,0.37892,0.643979,0,0.724907,0.743455,0,0,1,0,0,0,0
excavate,True,1,001000,Ap,,True,2,001100,Ap,An,0.241,0.546,0.979,0.876,0.015,0.286,0.241291,0.840314,0,0.545551,0.717277,0,0.97894,0.591623,1,0.875843,0.657068,1,0.015491,0.643979,0,0.285678,0.743455,0,0,0,1,0,0,0
exceed,False,0,000000,,,False,0,000000,,,0.359,0.083,0.322,0.064,0.534,0.104,0.358611,0.840314,0,0.082691,0.717277,0,0.321785,0.591623,0,0.06415,0.657068,0,0.533942,0.643979,0,0.103965,0.743455,0,0,0,0,0,0,0
excel,True,1,000010,Sn,,True,3,010110,Sn,"Cm, An",0.387,0.648,0.322,0.648,0.835,0.622,0.387283,0.840314,0,0.647979,0.717277,0,0.322297,0.591623,0,0.647612,0.657068,0,0.835007,0.643979,1,0.621517,0.743455,0,0,0,0,0,1,0
excise,True,1,001000,Ap,,True,1,001000,Ap,,0.099,0.024,0.867,0.341,0.129,0.422,0.099309,0.840314,0,0.024153,0.717277,0,0.866608,0.591623,1,0.340982,0.657068,0,0.129408,0.643979,0,0.421547,0.743455,0,0,0,1,0,0,0
excite,False,0,000000,,,False,0,000000,,,0.614,0.025,0.253,0.459,0.401,0.246,0.613978,0.840314,0,0.025399,0.717277,0,0.252684,0.591623,0,0.459099,0.657068,0,0.40106,0.643979,0,0.245767,0.743455,0,0,0,0,0,0,0
exclude,True,1,001000,Ap,,True,2,001100,Ap,An,0.219,0.334,0.961,0.729,0.243,0.502,0.218537,0.840314,0,0.334435,0.717277,0,0.960865,0.591623,1,0.729053,0.657068,1,0.243114,0.643979,0,0.502146,0.743455,0,0,0,1,0,0,0
exert,True,1,001000,Ap,,True,1,001000,Ap,,0.041,0.113,0.933,0.434,0.18,0.288,0.040512,0.840314,0,0.112774,0.717277,0,0.933124,0.591623,1,0.433758,0.657068,0,0.179701,0.643979,0,0.287511,0.743455,0,0,0,1,0,0,0
exfoliate,True,1,001000,Ap,,True,2,001010,Ap,Sn,0.502,0.082,0.764,0.07,0.68,0.084,0.502423,0.840314,0,0.081957,0.717277,0,0.764487,0.591623,1,0.07041,0.657068,0,0.679731,0.643979,1,0.083571,0.743455,0,0,0,1,0,0,0
exhaust,True,1,001000,Ap,,True,1,001000,Ap,,0.152,0.261,0.866,0.287,0.023,0.191,0.152095,0.840314,0,0.260576,0.717277,0,0.866045,0.591623,1,0.286965,0.657068,0,0.023386,0.643979,0,0.191023,0.743455,0,0,0,1,0,0,0
exist,True,1,100000,Kn,,True,4,100111,Kn,"An, Sn, Ev",0.943,0.609,0.003,0.561,0.722,0.683,0.943042,0.840314,1,0.608819,0.717277,0,0.002618,0.591623,0,0.560821,0.657068,0,0.721684,0.643979,1,0.683281,0.743455,0,1,0,0,0,0,0
expect,True,1,000010,Sn,,True,2,001010,Sn,Ap,0.183,0.518,0.663,0.472,0.931,0.382,0.183311,0.840314,0,0.517661,0.717277,0,0.663466,0.591623,1,0.471688,0.657068,0,0.931161,0.643979,1,0.381944,0.743455,0,0,0,0,0,1,0
expedite,True,1,001000,Ap,,True,1,001000,Ap,,0.162,0.236,0.935,0.438,0.324,0.606,0.162171,0.840314,0,0.235972,0.717277,0,0.934912,0.591623,1,0.438235,0.657068,0,0.324396,0.643979,0,0.605765,0.743455,0,0,0,1,0,0,0
expel,True,1,001000,Ap,,True,3,001101,Ap,"An, Ev",0.135,0.023,0.975,0.612,0.163,0.737,0.135228,0.840314,0,0.022849,0.717277,0,0.975427,0.591623,1,0.61236,0.657068,0,0.162945,0.643979,0,0.736636,0.743455,0,0,0,1,0,0,0
expend,True,1,001000,Ap,,True,1,001000,Ap,,0.269,0.113,0.979,0.444,0.155,0.51,0.269064,0.840314,0,0.113208,0.717277,0,0.978534,0.591623,1,0.44376,0.657068,0,0.154595,0.643979,0,0.509901,0.743455,0,0,0,1,0,0,0
expire,True,1,001000,Ap,,True,2,001100,Ap,An,0.638,0.468,0.792,0.612,0.06,0.589,0.638056,0.840314,0,0.4679,0.717277,0,0.791971,0.591623,1,0.61182,0.657068,0,0.059564,0.643979,0,0.588919,0.743455,0,0,0,1,0,0,0
explicate,True,1,001000,Ap,,True,3,011100,Ap,"Cm, An",0.287,0.9,0.978,0.675,0.066,0.234,0.287478,0.840314,0,0.899886,0.717277,1,0.978368,0.591623,1,0.674956,0.657068,1,0.066342,0.643979,0,0.233862,0.743455,0,0,0,1,0,0,0
explode,True,3,001110,Sn,"Ap, An",True,4,001111,Sn,"Ap, An, Ev",0.128,0.108,0.681,0.743,0.767,0.688,0.128218,0.840314,0,0.108342,0.717277,0,0.681188,0.591623,1,0.743246,0.657068,1,0.767193,0.643979,1,0.687722,0.743455,0,0,0,1,1,1,0
exploit,True,2,001100,An,Ap,True,3,001101,An,"Ap, Ev",0.185,0.484,0.905,0.957,0.225,0.677,0.184766,0.840314,0,0.484018,0.717277,0,0.905013,0.591623,1,0.956538,0.657068,1,0.225073,0.643979,0,0.676753,0.743455,0,0,0,1,1,0,0
externalize,True,1,000010,Sn,,True,2,000011,Sn,Ev,0.012,0.283,0.432,0.195,0.98,0.649,0.011692,0.840314,0,0.282617,0.717277,0,0.431558,0.591623,0,0.194848,0.657068,0,0.980134,0.643979,1,0.649337,0.743455,0,0,0,0,0,1,0
extrude,True,1,000100,An,,True,2,001100,An,Ap,0.183,0.373,0.766,0.869,0.518,0.374,0.18283,0.840314,0,0.373075,0.717277,0,0.766318,0.591623,1,0.868757,0.657068,1,0.517937,0.643979,0,0.374318,0.743455,0,0,0,0,1,0,0
fabricate,True,1,001000,Ap,,True,1,001000,Ap,,0.084,0.108,0.795,0.414,0.445,0.584,0.084008,0.840314,0,0.108248,0.717277,0,0.794591,0.591623,1,0.413654,0.657068,0,0.4452,0.643979,0,0.583685,0.743455,0,0,0,1,0,0,0
face,False,0,000000,,,True,1,000010,Sn,,0.525,0.571,0.125,0.23,0.614,0.072,0.524715,0.840314,0,0.570704,0.717277,0,0.124884,0.591623,0,0.229996,0.657068,0,0.614257,0.643979,0,0.072191,0.743455,0,0,0,0,0,0,0
factorize,True,1,001000,Ap,,True,3,011100,Ap,"Cm, An",0.019,0.807,0.869,0.643,0.157,0.11,0.018531,0.840314,0,0.806803,0.717277,1,0.868823,0.591623,1,0.643328,0.657068,0,0.157142,0.643979,0,0.109845,0.743455,0,0,0,1,0,0,0
fade,True,1,000100,An,,True,1,000100,An,,0.598,0.439,0.036,0.675,0.182,0.496,0.598,0.840314,0,0.438811,0.717277,0,0.036012,0.591623,0,0.675385,0.657068,1,0.1822,0.643979,0,0.496059,0.743455,0,0,0,0,1,0,0
fail,True,1,000010,Sn,,True,2,100010,Kn,Sn,0.747,0.098,0.484,0.199,0.746,0.603,0.746797,0.840314,0,0.097967,0.717277,0,0.484226,0.591623,0,0.198888,0.657068,0,0.746431,0.643979,1,0.603251,0.743455,0,0,0,0,0,1,0
fall,True,1,001000,Ap,,True,2,001010,Ap,Sn,0.172,0.416,0.914,0.537,0.596,0.248,0.172485,0.840314,0,0.416134,0.717277,0,0.914297,0.591623,1,0.536719,0.657068,0,0.595955,0.643979,0,0.248023,0.743455,0,0,0,1,0,0,0
falsify,False,0,000000,,,True,2,000101,Ev,An,0.185,0.426,0.207,0.611,0.498,0.669,0.185194,0.840314,0,0.426338,0.717277,0,0.206674,0.591623,0,0.610666,0.657068,0,0.498026,0.643979,0,0.66892,0.743455,0,0,0,0,0,0,0
familiarize,True,1,001000,Ap,,True,3,111000,Ap,"Kn, Cm",0.826,0.727,0.838,0.355,0.5,0.071,0.826114,0.840314,0,0.727109,0.717277,1,0.837575,0.591623,1,0.355036,0.657068,0,0.500045,0.643979,0,0.071039,0.743455,0,0,0,1,0,0,0
fasten,True,1,000001,Ev,,True,1,000001,Ev,,0.704,0.064,0.182,0.277,0.119,0.959,0.703591,0.840314,0,0.064207,0.717277,0,0.182094,0.591623,0,0.277074,0.657068,0,0.118739,0.643979,0,0.959283,0.743455,1,0,0,0,0,0,1
fatten,True,1,000001,Ev,,True,1,000001,Ev,,0.288,0.055,0.344,0.492,0.255,0.798,0.287666,0.840314,0,0.054875,0.717277,0,0.343929,0.591623,0,0.49182,0.657068,0,0.254929,0.643979,0,0.797631,0.743455,1,0,0,0,0,0,1
fault,False,0,000000,,,False,0,000000,,,0.599,0.152,0.069,0.491,0.029,0.288,0.599453,0.840314,0,0.152172,0.717277,0,0.069486,0.591623,0,0.491479,0.657068,0,0.029376,0.643979,0,0.287753,0.743455,0,0,0,0,0,0,0
favour,True,1,010000,Cm,,True,2,110000,Cm,Kn,0.726,0.789,0.196,0.145,0.005,0.604,0.726088,0.840314,0,0.788991,0.717277,1,0.196385,0.591623,0,0.1447,0.657068,0,0.005074,0.643979,0,0.60408,0.743455,0,0,1,0,0,0,0
fear,True,1,000100,An,,True,2,001100,An,Ap,0.411,0.488,0.55,0.757,0.34,0.239,0.411356,0.840314,0,0.487902,0.717277,0,0.550238,0.591623,0,0.756871,0.657068,1,0.339925,0.643979,0,0.239303,0.743455,0,0,0,0,1,0,0
feather,True,1,001000,Ap,,True,1,001000,Ap,,0.47,0.481,0.751,0.382,0.022,0.132,0.47035,0.840314,0,0.481351,0.717277,0,0.750828,0.591623,1,0.382211,0.657068,0,0.021583,0.643979,0,0.131785,0.743455,0,0,0,1,0,0,0
feature,False,0,000000,,,True,1,000100,An,,0.381,0.59,0.174,0.583,0.067,0.118,0.380641,0.840314,0,0.590316,0.717277,0,0.174287,0.591623,0,0.582544,0.657068,0,0.066658,0.643979,0,0.118279,0.743455,0,0,0,0,0,0,0
fee,True,1,001000,Ap,,True,1,001000,Ap,,0.359,0.272,0.792,0.284,0.256,0.332,0.358541,0.840314,0,0.271933,0.717277,0,0.792176,0.591623,1,0.283894,0.657068,0,0.255527,0.643979,0,0.332322,0.743455,0,0,0,1,0,0,0
feel,True,1,100000,Kn,,True,3,110001,Kn,"Cm, Ev",0.946,0.824,0.102,0.13,0.264,0.724,0.945701,0.840314,1,0.824037,0.717277,1,0.102264,0.591623,0,0.1301,0.657068,0,0.263892,0.643979,0,0.724251,0.743455,0,1,0,0,0,0,0
ferret,True,1,000100,An,,True,2,001100,An,Ap,0.262,0.445,0.667,0.923,0.262,0.393,0.262058,0.840314,0,0.444834,0.717277,0,0.667095,0.591623,1,0.923004,0.657068,1,0.261683,0.643979,0,0.392649,0.743455,0,0,0,0,1,0,0
fertilize,True,1,000010,Sn,,True,1,000010,Sn,,0.085,0.256,0.28,0.452,0.887,0.334,0.084979,0.840314,0,0.255775,0.717277,0,0.280361,0.591623,0,0.451588,0.657068,0,0.887013,0.643979,1,0.333649,0.743455,0,0,0,0,0,1,0
fetch,True,1,001000,Ap,,True,3,101100,Ap,"Kn, An",0.774,0.026,0.882,0.766,0.073,0.166,0.774451,0.840314,0,0.025976,0.717277,0,0.881886,0.591623,1,0.766035,0.657068,1,0.073237,0.643979,0,0.16567,0.743455,0,0,0,1,0,0,0
fight,True,1,001000,Ap,,True,5,111101,Ap,"Kn, Cm, An, Ev",0.747,0.795,0.886,0.694,0.478,0.72,0.747417,0.840314,0,0.794759,0.717277,1,0.8855,0.591623,1,0.693552,0.657068,1,0.47845,0.643979,0,0.72038,0.743455,0,0,0,1,0,0,0
fill,True,1,001000,Ap,,True,1,001000,Ap,,0.444,0.139,0.635,0.233,0.323,0.106,0.443844,0.840314,0,0.138664,0.717277,0,0.634622,0.591623,1,0.232923,0.657068,0,0.323372,0.643979,0,0.106265,0.743455,0,0,0,1,0,0,0
film,True,1,000001,Ev,,True,2,000011,Ev,Sn,0.358,0.369,0.421,0.374,0.724,0.789,0.35808,0.840314,0,0.369452,0.717277,0,0.421176,0.591623,0,0.373656,0.657068,0,0.724475,0.643979,1,0.788932,0.743455,1,0,0,0,0,0,1
filter,False,0,000000,,,True,1,001000,Ap,,0.407,0.136,0.536,0.53,0.092,0.271,0.407291,0.840314,0,0.136396,0.717277,0,0.535892,0.591623,0,0.529918,0.657068,0,0.092034,0.643979,0,0.271444,0.743455,0,0,0,0,0,0,0
finalize,True,1,001000,Ap,,True,2,001100,Ap,An,0.129,0.475,0.879,0.759,0.308,0.475,0.128626,0.840314,0,0.475327,0.717277,0,0.878834,0.591623,1,0.75904,0.657068,1,0.307771,0.643979,0,0.474567,0.743455,0,0,0,1,0,0,0
finish,True,3,111000,Kn,"Cm, Ap",True,3,111000,Kn,"Cm, Ap",0.909,0.755,0.882,0.334,0.068,0.457,0.908561,0.840314,1,0.754729,0.717277,1,0.881733,0.591623,1,0.334457,0.657068,0,0.067907,0.643979,0,0.456601,0.743455,0,1,1,1,0,0,0
fix,False,0,000000,,,True,1,000010,Sn,,0.212,0.212,0.014,0.341,0.577,0.241,0.211905,0.840314,0,0.211961,0.717277,0,0.013588,0.591623,0,0.340877,0.657068,0,0.576623,0.643979,0,0.240586,0.743455,0,0,0,0,0,0,0
fixate,True,1,000100,An,,True,2,100100,An,Kn,0.724,0.01,0.083,0.785,0.164,0.355,0.724173,0.840314,0,0.010375,0.717277,0,0.083172,0.591623,0,0.785264,0.657068,1,0.164355,0.643979,0,0.354689,0.743455,0,0,0,0,1,0,0
fizzle,True,1,000100,An,,True,1,000100,An,,0.099,0.189,0.393,0.788,0.012,0.52,0.099168,0.840314,0,0.189158,0.717277,0,0.393128,0.591623,0,0.788282,0.657068,1,0.012061,0.643979,0,0.519577,0.743455,0,0,0,0,1,0,0
flank,False,0,000000,,,False,0,000000,,,0.369,0.425,0.445,0.406,0.063,0.341,0.369204,0.840314,0,0.425481,0.717277,0,0.445049,0.591623,0,0.406231,0.657068,0,0.063313,0.643979,0,0.340846,0.743455,0,0,0,0,0,0,0
flash,True,2,010010,Cm,Sn,True,2,010010,Cm,Sn,0.32,0.853,0.035,0.452,0.823,0.32,0.319687,0.840314,0,0.853212,0.717277,1,0.035311,0.591623,0,0.451741,0.657068,0,0.822879,0.643979,1,0.320472,0.743455,0,0,1,0,0,1,0
flatten,True,1,001000,Ap,,True,1,001000,Ap,,0.229,0.402,0.874,0.506,0.545,0.184,0.228849,0.840314,0,0.402182,0.717277,0,0.874321,0.591623,1,0.506417,0.657068,0,0.544851,0.643979,0,0.184296,0.743455,0,0,0,1,0,0,0
flatter,True,1,001000,Ap,,True,1,001000,Ap,,0.046,0.072,0.796,0.037,0.288,0.183,0.046368,0.840314,0,0.072101,0.717277,0,0.795771,0.591623,1,0.037303,0.657068,0,0.288469,0.643979,0,0.182759,0.743455,0,0,0,1,0,0,0
fledge,True,1,001000,Ap,,True,1,001000,Ap,,0.399,0.106,0.651,0.318,0.161,0.285,0.399126,0.840314,0,0.105647,0.717277,0,0.650764,0.591623,1,0.317879,0.657068,0,0.16147,0.643979,0,0.285491,0.743455,0,0,0,1,0,0,0
flee,True,1,001000,Ap,,True,2,011000,Ap,Cm,0.338,0.619,0.682,0.382,0.473,0.547,0.338402,0.840314,0,0.618708,0.717277,0,0.68155,0.591623,1,0.382224,0.657068,0,0.472546,0.643979,0,0.547089,0.743455,0,0,0,1,0,0,0
flex,True,1,010000,Cm,,True,1,010000,Cm,,0.017,0.817,0.263,0.397,0.443,0.446,0.01695,0.840314,0,0.817289,0.717277,1,0.263198,0.591623,0,0.397229,0.657068,0,0.443284,0.643979,0,0.446007,0.743455,0,0,1,0,0,0,0
flicker,False,0,000000,,,True,1,000100,An,,0.692,0.021,0.298,0.617,0.301,0.181,0.692231,0.840314,0,0.021078,0.717277,0,0.298471,0.591623,0,0.617196,0.657068,0,0.300644,0.643979,0,0.18143,0.743455,0,0,0,0,0,0,0
flip,True,1,001000,Ap,,True,1,001000,Ap,,0.709,0.135,0.8,0.395,0.046,0.311,0.709429,0.840314,0,0.135378,0.717277,0,0.799702,0.591623,1,0.395486,0.657068,0,0.04584,0.643979,0,0.310983,0.743455,0,0,0,1,0,0,0
float,False,0,000000,,,False,0,000000,,,0.369,0.484,0.173,0.515,0.022,0.261,0.369347,0.840314,0,0.483913,0.717277,0,0.173304,0.591623,0,0.51489,0.657068,0,0.02216,0.643979,0,0.261096,0.743455,0,0,0,0,0,0,0
flocculate,False,0,000000,,,False,0,000000,,,0.134,0.459,0.301,0.537,0.198,0.189,0.134104,0.840314,0,0.458602,0.717277,0,0.300828,0.591623,0,0.536865,0.657068,0,0.198164,0.643979,0,0.188655,0.743455,0,0,0,0,0,0,0
flourish,False,0,000000,,,True,2,001100,An,Ap,0.184,0.414,0.525,0.579,0.253,0.127,0.184351,0.840314,0,0.413804,0.717277,0,0.525485,0.591623,0,0.579013,0.657068,0,0.252627,0.643979,0,0.127074,0.743455,0,0,0,0,0,0,0
flow,False,0,000000,,,False,0,000000,,,0.602,0.437,0.317,0.189,0.143,0.049,0.602166,0.840314,0,0.436997,0.717277,0,0.31744,0.591623,0,0.18904,0.657068,0,0.142543,0.643979,0,0.048607,0.743455,0,0,0,0,0,0,0
fluctuate,True,1,000100,An,,True,1,000100,An,,0.092,0.557,0.457,0.91,0.227,0.022,0.092482,0.840314,0,0.556543,0.717277,0,0.457051,0.591623,0,0.910117,0.657068,1,0.226673,0.643979,0,0.021778,0.743455,0,0,0,0,1,0,0
flutter,True,1,001000,Ap,,True,1,001000,Ap,,0.434,0.204,0.817,0.319,0.07,0.016,0.434217,0.840314,0,0.204076,0.717277,0,0.817064,0.591623,1,0.31921,0.657068,0,0.069583,0.643979,0,0.015783,0.743455,0,0,0,1,0,0,0
fly,True,1,001000,Ap,,True,1,001000,Ap,,0.574,0.367,0.864,0.16,0.073,0.239,0.574422,0.840314,0,0.367228,0.717277,0,0.863752,0.591623,1,0.1597,0.657068,0,0.072768,0.643979,0,0.238704,0.743455,0,0,0,1,0,0,0
fold,True,3,001110,An,"Ap, Sn",True,3,001110,An,"Ap, Sn",0.68,0.062,0.607,0.725,0.719,0.248,0.680185,0.840314,0,0.062323,0.717277,0,0.607408,0.591623,1,0.724725,0.657068,1,0.718663,0.643979,1,0.248262,0.743455,0,0,0,1,1,1,0
forbid,True,2,001100,An,Ap,True,3,001101,An,"Ap, Ev",0.443,0.021,0.891,0.918,0.44,0.669,0.443148,0.840314,0,0.021418,0.717277,0,0.891064,0.591623,1,0.91839,0.657068,1,0.440229,0.643979,0,0.668565,0.743455,0,0,0,1,1,0,0
force,True,1,000001,Ev,,True,2,010001,Ev,Cm,0.136,0.696,0.421,0.437,0.426,0.915,0.135529,0.840314,0,0.695869,0.717277,0,0.421379,0.591623,0,0.436965,0.657068,0,0.426178,0.643979,0,0.914663,0.743455,1,0,0,0,0,0,1
forego,True,1,000100,An,,True,2,001100,An,Ap,0.433,0.484,0.587,0.857,0.226,0.2,0.432517,0.840314,0,0.484,0.717277,0,0.586807,0.591623,0,0.857059,0.657068,1,0.22645,0.643979,0,0.200128,0.743455,0,0,0,0,1,0,0
foreground,True,1,000100,An,,True,2,000110,An,Sn,0.358,0.393,0.003,0.866,0.627,0.196,0.357649,0.840314,0,0.393017,0.717277,0,0.002618,0.591623,0,0.866495,0.657068,1,0.627343,0.643979,0,0.1958,0.743455,0,0,0,0,1,0,0
foresee,True,1,000010,Sn,,True,2,000110,Sn,An,0.71,0.219,0.254,0.87,0.946,0.331,0.709698,0.840314,0,0.219066,0.717277,0,0.25383,0.591623,0,0.87032,0.657068,1,0.946307,0.643979,1,0.330888,0.743455,0,0,0,0,0,1,0
foreshorten,True,1,000100,An,,True,3,000111,An,"Sn, Ev",0.32,0.118,0.073,0.995,0.552,0.635,0.320334,0.840314,0,0.117812,0.717277,0,0.073027,0.591623,0,0.994539,0.657068,1,0.552246,0.643979,0,0.634676,0.743455,0,0,0,0,1,0,0
forge,True,2,001001,Ev,Ap,True,2,001001,Ev,Ap,0.078,0.153,0.921,0.455,0.491,0.922,0.078425,0.840314,0,0.152783,0.717277,0,0.921013,0.591623,1,0.455447,0.657068,0,0.490794,0.643979,0,0.921896,0.743455,1,0,0,1,0,0,1
forget,False,0,000000,,,True,1,100000,Kn,,0.763,0.385,0.113,0.155,0.125,0.061,0.762549,0.840314,0,0.384564,0.717277,0,0.112759,0.591623,0,0.155198,0.657068,0,0.124623,0.643979,0,0.060939,0.743455,0,0,0,0,0,0,0
forgo,True,1,001000,Ap,,True,3,011100,Ap,"Cm, An",0.223,0.69,0.989,0.765,0.057,0.247,0.223013,0.840314,0,0.690257,0.717277,0,0.988859,0.591623,1,0.764842,0.657068,1,0.056973,0.643979,0,0.247048,0.743455,0,0,0,1,0,0,0
form,True,1,001000,Ap,,True,2,001010,Ap,Sn,0.309,0.602,0.804,0.062,0.589,0.147,0.309243,0.840314,0,0.601691,0.717277,0,0.80363,0.591623,1,0.062004,0.657068,0,0.589112,0.643979,0,0.147269,0.743455,0,0,0,1,0,0,0
formalize,True,1,010000,Cm,,True,3,011010,Cm,"Ap, Sn",0.286,0.818,0.568,0.526,0.574,0.049,0.286104,0.840314,0,0.818288,0.717277,1,0.56828,0.591623,0,0.526165,0.657068,0,0.574443,0.643979,0,0.049268,0.743455,0,0,1,0,0,0,0
fractionate,True,1,001000,Ap,,True,2,001100,Ap,An,0.426,0.144,0.655,0.564,0.163,0.021,0.426018,0.840314,0,0.143867,0.717277,0,0.655262,0.591623,1,0.564264,0.657068,0,0.163378,0.643979,0,0.021404,0.743455,0,0,0,1,0,0,0
free,False,0,000000,,,True,1,000001,Ev,,0.107,0.373,0.38,0.326,0.045,0.66,0.107158,0.840314,0,0.373126,0.717277,0,0.379684,0.591623,0,0.326353,0.657068,0,0.045176,0.643979,0,0.660073,0.743455,0,0,0,0,0,0,0
freeze,True,1,000100,An,,True,2,010100,An,Cm,0.664,0.788,0.421,0.896,0.202,0.326,0.664207,0.840314,0,0.788207,0.717277,1,0.421323,0.591623,0,0.895565,0.657068,1,0.202266,0.643979,0,0.32619,0.743455,0,0,0,0,1,0,0
frown,True,1,100000,Kn,,True,2,100100,Kn,An,0.87,0.231,0.281,0.756,0.533,0.271,0.869681,0.840314,1,0.230989,0.717277,0,0.281196,0.591623,0,0.755872,0.657068,1,0.533053,0.643979,0,0.271227,0.743455,0,1,0,0,0,0,0
frustrate,True,1,001000,Ap,,True,2,001010,Ap,Sn,0.256,0.023,0.894,0.391,0.646,0.52,0.256147,0.840314,0,0.022735,0.717277,0,0.894359,0.591623,1,0.391306,0.657068,0,0.645684,0.643979,1,0.519907,0.743455,0,0,0,1,0,0,0
fulfil,False,0,000000,,,False,0,000000,,,0.413,0.109,0.417,0.163,0.198,0.395,0.413253,0.840314,0,0.108851,0.717277,0,0.41749,0.591623,0,0.163348,0.657068,0,0.198011,0.643979,0,0.395085,0.743455,0,0,0,0,0,0,0
fulfill,True,1,001000,Ap,,True,1,001000,Ap,,0.617,0.024,0.884,0.194,0.178,0.232,0.61739,0.840314,0,0.024318,0.717277,0,0.884208,0.591623,1,0.19435,0.657068,0,0.177699,0.643979,0,0.232459,0.743455,0,0,0,1,0,0,0
furnish,True,1,001000,Ap,,True,1,001000,Ap,,0.184,0.338,0.937,0.225,0.189,0.529,0.183722,0.840314,0,0.3381,0.717277,0,0.936985,0.591623,1,0.225087,0.657068,0,0.189389,0.643979,0,0.528765,0.743455,0,0,0,1,0,0,0
galvanize,True,1,001000,Ap,,True,1,001000,Ap,,0.218,0.264,0.873,0.383,0.008,0.533,0.217764,0.840314,0,0.263594,0.717277,0,0.873393,0.591623,1,0.382947,0.657068,0,0.008262,0.643979,0,0.533311,0.743455,0,0,0,1,0,0,0
gape,True,1,000100,An,,True,1,000100,An,,0.471,0.415,0.174,0.704,0.221,0.513,0.471222,0.840314,0,0.414833,0.717277,0,0.173594,0.591623,0,0.703909,0.657068,1,0.22136,0.643979,0,0.51338,0.743455,0,0,0,0,1,0,0
gate,True,1,000100,An,,True,2,000101,Ev,An,0.321,0.121,0.322,0.697,0.165,0.733,0.320725,0.840314,0,0.121084,0.717277,0,0.322384,0.591623,0,0.69711,0.657068,1,0.164528,0.643979,0,0.732874,0.743455,0,0,0,0,1,0,0
gauge,True,1,001000,Ap,,True,2,001100,Ap,An,0.32,0.041,0.887,0.623,0.226,0.248,0.32024,0.840314,0,0.04147,0.717277,0,0.887454,0.591623,1,0.622656,0.657068,0,0.226227,0.643979,0,0.24763,0.743455,0,0,0,1,0,0,0
gaze,True,1,100000,Kn,,True,1,100000,Kn,,0.981,0.496,0.133,0.381,0.098,0.041,0.981498,0.840314,1,0.496181,0.717277,0,0.132844,0.591623,0,0.380671,0.657068,0,0.098013,0.643979,0,0.04058,0.743455,0,1,0,0,0,0,0
get,True,1,000001,Ev,,True,4,101011,Ev,"Kn, Ap, Sn",0.764,0.465,0.542,0.053,0.727,0.812,0.763879,0.840314,0,0.465269,0.717277,0,0.542419,0.591623,0,0.052571,0.657068,0,0.726925,0.643979,1,0.811959,0.743455,1,0,0,0,0,0,1
giggle,False,0,000000,,,False,0,000000,,,0.345,0.349,0.498,0.528,0.418,0.038,0.344671,0.840314,0,0.349259,0.717277,0,0.498156,0.591623,0,0.528468,0.657068,0,0.418238,0.643979,0,0.037773,0.743455,0,0,0,0,0,0,0
glaze,True,1,001000,Ap,,True,2,001100,Ap,An,0.63,0.545,0.867,0.658,0.218,0.312,0.629748,0.840314,0,0.544868,0.717277,0,0.866882,0.591623,1,0.658013,0.657068,1,0.218245,0.643979,0,0.312262,0.743455,0,0,0,1,0,0,0
glean,True,1,000010,Sn,,True,1,000010,Sn,,0.124,0.237,0.417,0.178,0.658,0.148,0.123535,0.840314,0,0.236973,0.717277,0,0.416762,0.591623,0,0.178229,0.657068,0,0.657542,0.643979,1,0.148057,0.743455,0,0,0,0,0,1,0
glide,True,1,001000,Ap,,True,1,001000,Ap,,0.272,0.325,0.914,0.423,0.028,0.148,0.271915,0.840314,0,0.325036,0.717277,0,0.914281,0.591623,1,0.42287,0.657068,0,0.028422,0.643979,0,0.148293,0.743455,0,0,0,1,0,0,0
globalize,True,1,000010,Sn,,True,3,011010,Sn,"Cm, Ap",0.173,0.657,0.586,0.01,0.987,0.276,0.172772,0.840314,0,0.657158,0.717277,0,0.586468,0.591623,0,0.009699,0.657068,0,0.986887,0.643979,1,0.276374,0.743455,0,0,0,0,0,1,0
gloss,True,1,010000,Cm,,True,2,011000,Cm,Ap,0.512,0.881,0.796,0.215,0.349,0.167,0.5122,0.840314,0,0.881216,0.717277,1,0.79576,0.591623,1,0.215437,0.657068,0,0.348579,0.643979,0,0.166918,0.743455,0,0,1,0,0,0,0
glow,True,1,000100,An,,True,3,110100,Kn,"Cm, An",0.836,0.696,0.011,0.695,0.289,0.118,0.835789,0.840314,0,0.695694,0.717277,0,0.011058,0.591623,0,0.694947,0.657068,1,0.288773,0.643979,0,0.118155,0.743455,0,0,0,0,1,0,0
go,True,1,001000,Ap,,True,4,111100,Ap,"Kn, Cm, An",0.726,0.782,0.968,0.726,0.023,0.223,0.725804,0.840314,0,0.782095,0.717277,1,0.968313,0.591623,1,0.72602,0.657068,1,0.022785,0.643979,0,0.223077,0.743455,0,0,0,1,0,0,0
govern,True,3,001110,Sn,"Ap, An",True,3,001110,Sn,"Ap, An",0.614,0.066,0.683,0.797,0.832,0.382,0.614418,0.840314,0,0.066332,0.717277,0,0.682691,0.591623,1,0.797225,0.657068,1,0.83236,0.643979,1,0.382048,0.743455,0,0,0,1,1,1,0
grab,True,1,100000,Kn,,True,4,101101,Kn,"Ap, An, Ev",0.901,0.586,0.788,0.797,0.202,0.65,0.900552,0.840314,1,0.585836,0.717277,0,0.787587,0.591623,1,0.797169,0.657068,1,0.201657,0.643979,0,0.649871,0.743455,0,1,0,0,0,0,0
grant,True,1,001000,Ap,,True,2,011000,Ap,Cm,0.527,0.63,0.94,0.44,0.163,0.119,0.526878,0.840314,0,0.630206,0.717277,0,0.940068,0.591623,1,0.439501,0.657068,0,0.162972,0.643979,0,0.119482,0.743455,0,0,0,1,0,0,0
granulate,True,2,000110,Sn,An,True,3,001110,Sn,"Ap, An",0.41,0.135,0.571,0.747,0.768,0.085,0.410028,0.840314,0,0.134732,0.717277,0,0.570549,0.591623,0,0.747399,0.657068,1,0.767705,0.643979,1,0.085171,0.743455,0,0,0,0,1,1,0
grapple,True,1,000001,Ev,,True,2,000011,Ev,Sn,0.428,0.41,0.229,0.389,0.716,0.878,0.427886,0.840314,0,0.409819,0.717277,0,0.229372,0.591623,0,0.388649,0.657068,0,0.716174,0.643979,1,0.877719,0.743455,1,0,0,0,0,0,1
grasp,True,3,101100,Kn,"Ap, An",True,3,101100,Kn,"Ap, An",0.921,0.193,0.864,0.742,0.119,0.478,0.921475,0.840314,1,0.193261,0.717277,0,0.864161,0.591623,1,0.742274,0.657068,1,0.118658,0.643979,0,0.477712,0.743455,0,1,0,1,1,0,0
grate,True,1,000100,An,,True,3,100101,An,"Kn, Ev",0.737,0.189,0.172,0.94,0.444,0.635,0.737482,0.840314,0,0.189394,0.717277,0,0.17225,0.591623,0,0.940468,0.657068,1,0.444282,0.643979,0,0.63502,0.743455,0,0,0,0,1,0,0
gravitate,False,0,000000,,,True,2,010001,Ev,Cm,0.53,0.631,0.089,0.083,0.471,0.693,0.529713,0.840314,0,0.631212,0.717277,0,0.088655,0.591623,0,0.082993,0.657068,0,0.470601,0.643979,0,0.692782,0.743455,0,0,0,0,0,0,0
graze,True,1,100000,Kn,,True,3,101100,Kn,"Ap, An",0.946,0.061,0.692,0.563,0.06,0.033,0.946399,0.840314,1,0.060642,0.717277,0,0.691806,0.591623,1,0.563224,0.657068,0,0.059769,0.643979,0,0.032519,0.743455,0,1,0,0,0,0,0
grind,True,1,000100,An,,True,1,000100,An,,0.704,0.161,0.478,0.801,0.303,0.373,0.704383,0.840314,0,0.160943,0.717277,0,0.47784,0.591623,0,0.800712,0.657068,1,0.303477,0.643979,0,0.37274,0.743455,0,0,0,0,1,0,0
groove,True,1,000100,An,,True,1,000100,An,,0.429,0.106,0.263,0.91,0.003,0.61,0.428533,0.840314,0,0.106393,0.717277,0,0.262621,0.591623,0,0.910132,0.657068,1,0.00322,0.643979,0,0.610392,0.743455,0,0,0,0,1,0,0
grout,True,1,000100,An,,True,2,000101,An,Ev,0.443,0.053,0.051,0.734,0.262,0.661,0.443078,0.840314,0,0.053362,0.717277,0,0.050686,0.591623,0,0.734367,0.657068,1,0.261807,0.643979,0,0.661121,0.743455,0,0,0,0,1,0,0
grow,True,1,000010,Sn,,True,3,001110,Sn,"Ap, An",0.275,0.078,0.731,0.788,0.948,0.356,0.275483,0.840314,0,0.077748,0.717277,0,0.731405,0.591623,1,0.787517,0.657068,1,0.948282,0.643979,1,0.355744,0.743455,0,0,0,0,0,1,0
guarantee,False,0,000000,,,False,0,000000,,,0.443,0.091,0.317,0.217,0.257,0.509,0.443247,0.840314,0,0.090929,0.717277,0,0.316787,0.591623,0,0.217,0.657068,0,0.25653,0.643979,0,0.509339,0.743455,0,0,0,0,0,0,0
guard,True,1,001000,Ap,,True,1,001000,Ap,,0.313,0.472,0.596,0.14,0.429,0.595,0.312896,0.840314,0,0.472237,0.717277,0,0.596492,0.591623,1,0.140368,0.657068,0,0.42878,0.643979,0,0.594506,0.743455,0,0,0,1,0,0,0
guess,True,1,100000,Kn,,True,3,100110,Kn,"An, Sn",0.89,0.383,0.465,0.768,0.811,0.444,0.889672,0.840314,1,0.383468,0.717277,0,0.465282,0.591623,0,0.76766,0.657068,1,0.810573,0.643979,1,0.44417,0.743455,0,1,0,0,0,0,0
hallucinate,True,1,000100,An,,True,1,000100,An,,0.695,0.317,0.442,0.91,0.03,0.112,0.695111,0.840314,0,0.316982,0.717277,0,0.442073,0.591623,0,0.909638,0.657068,1,0.029929,0.643979,0,0.111829,0.743455,0,0,0,0,1,0,0
halt,True,2,001100,Ap,An,True,2,001100,Ap,An,0.617,0.02,0.903,0.869,0.199,0.073,0.616733,0.840314,0,0.020385,0.717277,0,0.903256,0.591623,1,0.869071,0.657068,1,0.198724,0.643979,0,0.072881,0.743455,0,0,0,1,1,0,0
halve,False,0,000000,,,True,1,000100,An,,0.241,0.443,0.455,0.616,0.072,0.476,0.240969,0.840314,0,0.442565,0.717277,0,0.45546,0.591623,0,0.615933,0.657068,0,0.071914,0.643979,0,0.476073,0.743455,0,0,0,0,0,0,0
hamper,True,1,000001,Ev,,True,4,001111,Ev,"Ap, An, Sn",0.177,0.009,0.595,0.756,0.626,0.818,0.176594,0.840314,0,0.009331,0.717277,0,0.595058,0.591623,1,0.755809,0.657068,1,0.62625,0.643979,0,0.818303,0.743455,1,0,0,0,0,0,1
handcraft,True,1,001000,Ap,,True,2,001100,Ap,An,0.135,0.546,0.991,0.611,0.271,0.239,0.135466,0.840314,0,0.545534,0.717277,0,0.99134,0.591623,1,0.610896,0.657068,0,0.271304,0.643979,0,0.239389,0.743455,0,0,0,1,0,0,0
handicap,True,1,001000,Ap,,True,3,001101,Ap,"An, Ev",0.616,0.136,0.987,0.694,0.226,0.865,0.616485,0.840314,0,0.136077,0.717277,0,0.986915,0.591623,1,0.693954,0.657068,1,0.225626,0.643979,0,0.865299,0.743455,1,0,0,1,0,0,0
hang,True,1,000001,Ev,,True,2,001001,Ev,Ap,0.52,0.026,0.536,0.265,0.014,0.911,0.519901,0.840314,0,0.025807,0.717277,0,0.536487,0.591623,0,0.264699,0.657068,0,0.013726,0.643979,0,0.910982,0.743455,1,0,0,0,0,0,1
happen,True,1,001000,Ap,,True,2,011000,Cm,Ap,0.663,0.707,0.636,0.473,0.197,0.132,0.663369,0.840314,0,0.706504,0.717277,0,0.63642,0.591623,1,0.472751,0.657068,0,0.196721,0.643979,0,0.132257,0.743455,0,0,0,1,0,0,0
harbor,True,1,001000,Ap,,True,1,001000,Ap,,0.258,0.053,0.756,0.033,0.321,0.051,0.258157,0.840314,0,0.052989,0.717277,0,0.756192,0.591623,1,0.032534,0.657068,0,0.320735,0.643979,0,0.051062,0.743455,0,0,0,1,0,0,0
harden,False,0,000000,,,False,0,000000,,,0.622,0.483,0.031,0.517,0.164,0.613,0.621858,0.840314,0,0.483482,0.717277,0,0.03149,0.591623,0,0.517108,0.657068,0,0.164256,0.643979,0,0.612537,0.743455,0,0,0,0,0,0,0
hark,True,1,001000,Ap,,True,1,001000,Ap,,0.483,0.59,0.681,0.232,0.054,0.079,0.4828,0.840314,0,0.590294,0.717277,0,0.680856,0.591623,1,0.231979,0.657068,0,0.054119,0.643979,0,0.078761,0.743455,0,0,0,1,0,0,0
harm,True,1,001000,Ap,,True,2,001001,Ap,Ev,0.301,0.045,0.819,0.544,0.098,0.656,0.301457,0.840314,0,0.045026,0.717277,0,0.819427,0.591623,1,0.544008,0.657068,0,0.098055,0.643979,0,0.656265,0.743455,0,0,0,1,0,0,0
harmonise,False,0,000000,,,False,0,000000,,,0.228,0.134,0.422,0.131,0.539,0.307,0.227649,0.840314,0,0.134257,0.717277,0,0.422044,0.591623,0,0.130707,0.657068,0,0.539293,0.643979,0,0.306668,0.743455,0,0,0,0,0,0,0
harness,True,2,001100,Ap,An,True,2,001100,Ap,An,0.25,0.019,0.793,0.76,0.228,0.253,0.249944,0.840314,0,0.018667,0.717277,0,0.792707,0.591623,1,0.760146,0.657068,1,0.228219,0.643979,0,0.253051,0.743455,0,0,0,1,1,0,0
harvest,True,1,000100,An,,True,2,001100,An,Ap,0.691,0.024,0.892,0.979,0.073,0.109,0.691181,0.840314,0,0.023919,0.717277,0,0.892154,0.591623,1,0.978977,0.657068,1,0.073292,0.643979,0,0.108861,0.743455,0,0,0,0,1,0,0
hate,False,0,000000,,,True,2,000101,Ev,An,0.368,0.167,0.305,0.617,0.483,0.695,0.368304,0.840314,0,0.166894,0.717277,0,0.305204,0.591623,0,0.617221,0.657068,0,0.483032,0.643979,0,0.695125,0.743455,0,0,0,0,0,0,0
haunt,True,3,101100,Kn,"Ap, An",True,4,111100,Kn,"Cm, Ap, An",0.981,0.669,0.967,0.766,0.003,0.005,0.980766,0.840314,1,0.668953,0.717277,0,0.967396,0.591623,1,0.766105,0.657068,1,0.002618,0.643979,0,0.004666,0.743455,0,1,0,1,1,0,0
heal,False,0,000000,,,True,3,100011,Kn,"Sn, Ev",0.722,0.051,0.122,0.062,0.606,0.648,0.722389,0.840314,0,0.050677,0.717277,0,0.122306,0.591623,0,0.061541,0.657068,0,0.605801,0.643979,0,0.647968,0.743455,0,0,0,0,0,0,0
hear,True,1,100000,Kn,,True,1,100000,Kn,,0.86,0.259,0.194,0.025,0.341,0.17,0.859726,0.840314,1,0.258708,0.717277,0,0.194002,0.591623,0,0.025296,0.657068,0,0.341067,0.643979,0,0.169555,0.743455,0,1,0,0,0,0,0
heave,True,1,001000,Ap,,True,1,001000,Ap,,0.471,0.098,0.893,0.19,0.031,0.295,0.470621,0.840314,0,0.097961,0.717277,0,0.892956,0.591623,1,0.190077,0.657068,0,0.030738,0.643979,0,0.29525,0.743455,0,0,0,1,0,0,0
heed,True,1,100000,Kn,,True,2,100001,Kn,Ev,0.888,0.474,0.382,0.097,0.011,0.796,0.888194,0.840314,1,0.473517,0.717277,0,0.382289,0.591623,0,0.097244,0.657068,0,0.011457,0.643979,0,0.796071,0.743455,1,1,0,0,0,0,0
heighten,True,1,000010,Sn,,True,2,000110,Sn,An,0.131,0.067,0.148,0.586,0.831,0.267,0.130782,0.840314,0,0.066843,0.717277,0,0.148386,0.591623,0,0.585927,0.657068,0,0.831082,0.643979,1,0.267204,0.743455,0,0,0,0,0,1,0
help,True,1,001000,Ap,,True,1,001000,Ap,,0.346,0.534,0.705,0.469,0.221,0.497,0.345649,0.840314,0,0.53396,0.717277,0,0.704904,0.591623,1,0.468843,0.657068,0,0.221388,0.643979,0,0.497117,0.743455,0,0,0,1,0,0,0
hesitate,True,1,000100,An,,True,2,100100,Kn,An,0.75,0.109,0.388,0.661,0.342,0.53,0.749945,0.840314,0,0.108823,0.717277,0,0.388172,0.591623,0,0.661348,0.657068,1,0.341819,0.643979,0,0.530449,0.743455,0,0,0,0,1,0,0
hide,True,1,000100,An,,True,2,010100,An,Cm,0.694,0.647,0.465,0.775,0.268,0.295,0.694292,0.840314,0,0.646846,0.717277,0,0.465427,0.591623,0,0.775491,0.657068,1,0.268256,0.643979,0,0.294741,0.743455,0,0,0,0,1,0,0
highlight,True,3,110100,Cm,"Kn, An",True,3,110100,Cm,"Kn, An",0.898,0.955,0.098,0.776,0.05,0.217,0.898055,0.840314,1,0.955048,0.717277,1,0.098255,0.591623,0,0.776407,0.657068,1,0.050069,0.643979,0,0.216599,0.743455,0,1,1,0,1,0,0
hinder,True,1,001000,Ap,,True,1,001000,Ap,,0.214,0.019,0.881,0.315,0.117,0.574,0.213813,0.840314,0,0.018621,0.717277,0,0.88078,0.591623,1,0.314982,0.657068,0,0.116929,0.643979,0,0.574284,0.743455,0,0,0,1,0,0,0
hit,True,2,001100,An,Ap,True,4,111100,Kn,"Cm, Ap, An",0.832,0.647,0.789,0.79,0.006,0.147,0.831589,0.840314,0,0.647337,0.717277,0,0.789333,0.591623,1,0.789936,0.657068,1,0.006146,0.643979,0,0.147456,0.743455,0,0,0,1,1,0,0
hoist,False,0,000000,,,True,1,001000,Ap,,0.244,0.014,0.587,0.332,0.138,0.347,0.244448,0.840314,0,0.013634,0.717277,0,0.587251,0.591623,0,0.33199,0.657068,0,0.137839,0.643979,0,0.347348,0.743455,0,0,0,0,0,0,0
hold,True,1,001000,Ap,,True,2,101000,Ap,Kn,0.75,0.45,0.799,0.441,0.264,0.529,0.750113,0.840314,0,0.450093,0.717277,0,0.798573,0.591623,1,0.440916,0.657068,0,0.264348,0.643979,0,0.528573,0.743455,0,0,0,1,0,0,0
homogenize,False,0,000000,,,True,1,000100,An,,0.046,0.587,0.297,0.566,0.484,0.017,0.046433,0.840314,0,0.586906,0.717277,0,0.297074,0.591623,0,0.565906,0.657068,0,0.484057,0.643979,0,0.017461,0.743455,0,0,0,0,0,0,0
hone,False,0,000000,,,False,0,000000,,,0.172,0.067,0.426,0.526,0.118,0.476,0.172208,0.840314,0,0.066951,0.717277,0,0.425802,0.591623,0,0.525721,0.657068,0,0.11797,0.643979,0,0.476324,0.743455,0,0,0,0,0,0,0
hop,True,1,000100,An,,True,1,000100,An,,0.489,0.099,0.26,0.777,0.004,0.394,0.489241,0.840314,0,0.098708,0.717277,0,0.260397,0.591623,0,0.777118,0.657068,1,0.003814,0.643979,0,0.393926,0.743455,0,0,0,0,1,0,0
hope,False,0,000000,,,True,2,100010,Kn,Sn,0.719,0.544,0.005,0.018,0.636,0.343,0.719399,0.840314,0,0.543714,0.717277,0,0.005023,0.591623,0,0.018398,0.657068,0,0.635622,0.643979,0,0.342643,0.743455,0,0,0,0,0,0,0
humanize,False,0,000000,,,True,1,001000,Ap,,0.161,0.395,0.587,0.038,0.511,0.257,0.161363,0.840314,0,0.394812,0.717277,0,0.58672,0.591623,0,0.03824,0.657068,0,0.510926,0.643979,0,0.257337,0.743455,0,0,0,0,0,0,0
humidify,True,1,001000,Ap,,True,2,001001,Ap,Ev,0.025,0.243,0.915,0.149,0.268,0.66,0.024767,0.840314,0,0.24257,0.717277,0,0.915018,0.591623,1,0.149116,0.657068,0,0.267581,0.643979,0,0.660059,0.743455,0,0,0,1,0,0,0
hurt,True,1,000001,Ev,,True,4,110101,Ev,"Kn, Cm, An",0.73,0.757,0.133,0.749,0.219,0.925,0.730248,0.840314,0,0.757293,0.717277,1,0.132708,0.591623,0,0.749251,0.657068,1,0.218757,0.643979,0,0.925262,0.743455,1,0,0,0,0,0,1
hybridize,False,0,000000,,,True,1,000010,Sn,,0.093,0.5,0.314,0.323,0.582,0.221,0.092754,0.840314,0,0.499586,0.717277,0,0.313571,0.591623,0,0.322726,0.657068,0,0.581667,0.643979,0,0.220843,0.743455,0,0,0,0,0,0,0
hydrate,False,0,000000,,,False,0,000000,,,0.064,0.065,0.297,0.192,0.035,0.571,0.063791,0.840314,0,0.065087,0.717277,0,0.297207,0.591623,0,0.191697,0.657068,0,0.034873,0.643979,0,0.571499,0.743455,0,0,0,0,0,0,0
hydrogenate,False,0,000000,,,False,0,000000,,,0.162,0.542,0.087,0.414,0.046,0.295,0.1625,0.840314,0,0.542153,0.717277,0,0.086858,0.591623,0,0.413982,0.657068,0,0.046106,0.643979,0,0.294931,0.743455,0,0,0,0,0,0,0
hydrolyze,False,0,000000,,,True,1,001000,Ap,,0.065,0.07,0.552,0.354,0.154,0.28,0.06452,0.840314,0,0.069594,0.717277,0,0.551545,0.591623,0,0.35412,0.657068,0,0.153854,0.643979,0,0.280396,0.743455,0,0,0,0,0,0,0
idealize,True,1,000010,Sn,,True,1,000010,Sn,,0.201,0.289,0.071,0.051,0.693,0.111,0.200857,0.840314,0,0.288572,0.717277,0,0.071121,0.591623,0,0.051454,0.657068,0,0.692556,0.643979,1,0.110559,0.743455,0,0,0,0,0,1,0
ideate,True,1,000010,Sn,,True,2,010010,Cm,Sn,0.314,0.678,0.192,0.105,0.66,0.155,0.313876,0.840314,0,0.677849,0.717277,0,0.191603,0.591623,0,0.104843,0.657068,0,0.659581,0.643979,1,0.154959,0.743455,0,0,0,0,0,1,0
ignite,True,1,001000,Ap,,True,1,001000,Ap,,0.574,0.124,0.877,0.285,0.073,0.147,0.574297,0.840314,0,0.123946,0.717277,0,0.877355,0.591623,1,0.285026,0.657068,0,0.072644,0.643979,0,0.147097,0.743455,0,0,0,1,0,0,0
ignore,False,0,000000,,,False,0,000000,,,0.489,0.382,0.399,0.207,0.525,0.253,0.48874,0.840314,0,0.381596,0.717277,0,0.399117,0.591623,0,0.207259,0.657068,0,0.525029,0.643979,0,0.253453,0.743455,0,0,0,0,0,0,0
illuminate,False,0,000000,,,True,2,001010,Ap,Sn,0.35,0.21,0.591,0.384,0.549,0.146,0.350406,0.840314,0,0.209589,0.717277,0,0.590572,0.591623,0,0.383539,0.657068,0,0.549448,0.643979,0,0.145942,0.743455,0,0,0,0,0,0,0
imbibe,False,0,000000,,,True,2,100001,Kn,Ev,0.751,0.099,0.198,0.093,0.015,0.662,0.75118,0.840314,0,0.098649,0.717277,0,0.198119,0.591623,0,0.093382,0.657068,0,0.015256,0.643979,0,0.661718,0.743455,0,0,0,0,0,0,0
imbue,False,0,000000,,,True,1,000010,Sn,,0.067,0.067,0.359,0.091,0.609,0.601,0.067149,0.840314,0,0.067071,0.717277,0,0.358806,0.591623,0,0.09136,0.657068,0,0.609153,0.643979,0,0.600921,0.743455,0,0,0,0,0,0,0
immerse,False,0,000000,,,False,0,000000,,,0.042,0.105,0.352,0.039,0.278,0.592,0.041932,0.840314,0,0.104724,0.717277,0,0.352229,0.591623,0,0.038827,0.657068,0,0.278491,0.643979,0,0.592202,0.743455,0,0,0,0,0,0,0
immobilize,True,1,001000,Ap,,True,2,001001,Ap,Ev,0.013,0.019,0.949,0.53,0.09,0.748,0.013443,0.840314,0,0.019286,0.717277,0,0.948665,0.591623,1,0.529841,0.657068,0,0.090412,0.643979,0,0.747786,0.743455,1,0,0,1,0,0,0
immunize,True,1,001000,Ap,,True,2,001010,Ap,Sn,0.111,0.026,0.784,0.069,0.716,0.317,0.110587,0.840314,0,0.025955,0.717277,0,0.7843,0.591623,1,0.068963,0.657068,0,0.716488,0.643979,1,0.317111,0.743455,0,0,0,1,0,0,0
impair,True,1,001000,Ap,,True,1,001000,Ap,,0.078,0.134,0.895,0.025,0.012,0.139,0.078231,0.840314,0,0.133623,0.717277,0,0.895403,0.591623,1,0.025084,0.657068,0,0.012175,0.643979,0,0.138616,0.743455,0,0,0,1,0,0,0
impart,True,1,001000,Ap,,True,1,001000,Ap,,0.255,0.384,0.859,0.037,0.036,0.416,0.254826,0.840314,0,0.384042,0.717277,0,0.858823,0.591623,1,0.037256,0.657068,0,0.036137,0.643979,0,0.416139,0.743455,0,0,0,1,0,0,0
impede,True,1,001000,Ap,,True,1,001000,Ap,,0.081,0.024,0.902,0.381,0.073,0.286,0.081198,0.840314,0,0.023641,0.717277,0,0.902479,0.591623,1,0.381481,0.657068,0,0.073092,0.643979,0,0.28579,0.743455,0,0,0,1,0,0,0
impend,True,1,001000,Ap,,True,1,001000,Ap,,0.243,0.11,0.881,0.268,0.018,0.121,0.243443,0.840314,0,0.109625,0.717277,0,0.880832,0.591623,1,0.267739,0.657068,0,0.018229,0.643979,0,0.120792,0.743455,0,0,0,1,0,0,0
impinge,True,1,000001,Ev,,True,1,000001,Ev,,0.462,0.414,0.181,0.284,0.016,0.781,0.462331,0.840314,0,0.413622,0.717277,0,0.180702,0.591623,0,0.283982,0.657068,0,0.016427,0.643979,0,0.781284,0.743455,1,0,0,0,0,0,1
implicate,True,1,010000,Cm,,True,3,010101,Cm,"An, Ev",0.321,0.767,0.263,0.564,0.01,0.688,0.320879,0.840314,0,0.766877,0.717277,1,0.262673,0.591623,0,0.563666,0.657068,0,0.009626,0.643979,0,0.687578,0.743455,0,0,1,0,0,0,0
imply,True,1,010000,Cm,,True,3,010101,Cm,"An, Ev",0.145,0.892,0.201,0.803,0.18,0.763,0.145062,0.840314,0,0.89201,0.717277,1,0.200877,0.591623,0,0.803371,0.657068,1,0.180395,0.643979,0,0.762638,0.743455,1,0,1,0,0,0,0
impose,True,1,001000,Ap,,True,2,001001,Ap,Ev,0.173,0.195,0.835,0.267,0.429,0.761,0.172949,0.840314,0,0.194538,0.717277,0,0.835164,0.591623,1,0.266942,0.657068,0,0.428674,0.643979,0,0.761371,0.743455,1,0,0,1,0,0,0
impregnate,False,0,000000,,,True,1,000001,Ev,,0.618,0.025,0.283,0.144,0.177,0.634,0.617693,0.840314,0,0.025123,0.717277,0,0.282507,0.591623,0,0.144394,0.657068,0,0.177225,0.643979,0,0.633811,0.743455,0,0,0,0,0,0,0
impress,False,0,000000,,,True,2,001001,Ev,Ap,0.539,0.368,0.55,0.014,0.442,0.662,0.539473,0.840314,0,0.36757,0.717277,0,0.550165,0.591623,0,0.013612,0.657068,0,0.442061,0.643979,0,0.661641,0.743455,0,0,0,0,0,0,0
improvise,True,1,001000,Ap,,True,2,001010,Ap,Sn,0.187,0.15,0.997,0.331,0.653,0.083,0.186869,0.840314,0,0.14991,0.717277,0,0.996716,0.591623,1,0.331191,0.657068,0,0.652804,0.643979,1,0.08325,0.743455,0,0,0,1,0,0,0
impute,True,1,001000,Ap,,True,1,001000,Ap,,0.185,0.54,0.874,0.08,0.018,0.167,0.184747,0.840314,0,0.540425,0.717277,0,0.874167,0.591623,1,0.080259,0.657068,0,0.018103,0.643979,0,0.16729,0.743455,0,0,0,1,0,0,0
inactivate,True,1,001000,Ap,,True,2,001100,Ap,An,0.112,0.063,0.869,0.718,0.141,0.394,0.111623,0.840314,0,0.063105,0.717277,0,0.868914,0.591623,1,0.717661,0.657068,1,0.140606,0.643979,0,0.393656,0.743455,0,0,0,1,0,0,0
inaugurate,False,0,000000,,,True,1,000010,Sn,,0.443,0.154,0.263,0.514,0.624,0.359,0.443471,0.840314,0,0.154416,0.717277,0,0.262715,0.591623,0,0.514491,0.657068,0,0.624128,0.643979,0,0.358941,0.743455,0,0,0,0,0,0,0
incise,True,1,001000,Ap,,True,1,001000,Ap,,0.282,0.415,0.786,0.024,0.446,0.113,0.28166,0.840314,0,0.414544,0.717277,0,0.786244,0.591623,1,0.023922,0.657068,0,0.446394,0.643979,0,0.112667,0.743455,0,0,0,1,0,0,0
increase,True,1,001000,Ap,,True,2,001010,Ap,Sn,0.441,0.106,0.869,0.228,0.657,0.185,0.440682,0.840314,0,0.106361,0.717277,0,0.869089,0.591623,1,0.227525,0.657068,0,0.657186,0.643979,1,0.184553,0.743455,0,0,0,1,0,0,0
incubate,False,0,000000,,,False,0,000000,,,0.297,0.159,0.437,0.53,0.519,0.119,0.296864,0.840314,0,0.159413,0.717277,0,0.437105,0.591623,0,0.530257,0.657068,0,0.519151,0.643979,0,0.118681,0.743455,0,0,0,0,0,0,0
inculcate,False,0,000000,,,False,0,000000,,,0.192,0.09,0.324,0.131,0.071,0.389,0.192105,0.840314,0,0.089929,0.717277,0,0.324053,0.591623,0,0.131282,0.657068,0,0.071066,0.643979,0,0.389229,0.743455,0,0,0,0,0,0,0
incur,True,1,001000,Ap,,True,1,001000,Ap,,0.184,0.229,0.937,0.381,0.358,0.24,0.18432,0.840314,0,0.229327,0.717277,0,0.936943,0.591623,1,0.380922,0.657068,0,0.357753,0.643979,0,0.240491,0.743455,0,0,0,1,0,0,0
indict,True,1,001000,Ap,,True,1,001000,Ap,,0.206,0.025,0.698,0.044,0.072,0.456,0.205819,0.840314,0,0.025493,0.717277,0,0.698094,0.591623,1,0.044193,0.657068,0,0.071901,0.643979,0,0.45595,0.743455,0,0,0,1,0,0,0
induce,True,3,000111,Ev,"An, Sn",True,4,001111,Ev,"Ap, An, Sn",0.372,0.034,0.584,0.758,0.719,0.77,0.371944,0.840314,0,0.034184,0.717277,0,0.584039,0.591623,0,0.758313,0.657068,1,0.718546,0.643979,1,0.769888,0.743455,1,0,0,0,1,1,1
industrialize,True,1,001000,Ap,,True,1,001000,Ap,,0.068,0.472,0.936,0.229,0.498,0.199,0.067633,0.840314,0,0.471516,0.717277,0,0.935825,0.591623,1,0.229378,0.657068,0,0.497654,0.643979,0,0.198832,0.743455,0,0,0,1,0,0,0
infect,True,1,001000,Ap,,True,1,001000,Ap,,0.268,0.011,0.895,0.348,0.124,0.32,0.26811,0.840314,0,0.010762,0.717277,0,0.895261,0.591623,1,0.348003,0.657068,0,0.12392,0.643979,0,0.319926,0.743455,0,0,0,1,0,0,0
inflame,True,1,000100,An,,True,3,001101,An,"Ap, Ev",0.228,0.075,0.644,0.707,0.524,0.648,0.228432,0.840314,0,0.07482,0.717277,0,0.643858,0.591623,1,0.707128,0.657068,1,0.524212,0.643979,0,0.648218,0.743455,0,0,0,0,1,0,0
inflate,True,2,000110,Sn,An,True,3,000111,Sn,"An, Ev",0.057,0.096,0.274,0.813,0.822,0.687,0.056596,0.840314,0,0.095646,0.717277,0,0.273559,0.591623,0,0.812859,0.657068,1,0.822441,0.643979,1,0.686749,0.743455,0,0,0,0,1,1,0
infringe,True,3,001101,An,"Ap, Ev",True,4,101101,An,"Kn, Ap, Ev",0.727,0.281,0.597,0.87,0.058,0.843,0.727113,0.840314,0,0.281114,0.717277,0,0.596834,0.591623,1,0.86977,0.657068,1,0.058228,0.643979,0,0.843442,0.743455,1,0,0,1,1,0,1
infuse,True,1,000100,An,,True,1,000100,An,,0.07,0.136,0.486,0.911,0.241,0.416,0.070132,0.840314,0,0.136011,0.717277,0,0.486104,0.591623,0,0.91071,0.657068,1,0.240968,0.643979,0,0.415865,0.743455,0,0,0,0,1,0,0
ingest,True,1,000100,An,,True,2,001100,An,Ap,0.6,0.024,0.541,0.765,0.02,0.331,0.599657,0.840314,0,0.023795,0.717277,0,0.541313,0.591623,0,0.765375,0.657068,1,0.019954,0.643979,0,0.331479,0.743455,0,0,0,0,1,0,0
ingrain,False,0,000000,,,True,1,001000,Ap,,0.326,0.175,0.541,0.164,0.221,0.528,0.32589,0.840314,0,0.174844,0.717277,0,0.5408,0.591623,0,0.163886,0.657068,0,0.220546,0.643979,0,0.527788,0.743455,0,0,0,0,0,0,0
inhabit,True,1,001000,Ap,,True,2,011000,Ap,Cm,0.445,0.629,0.887,0.114,0.162,0.199,0.444695,0.840314,0,0.629091,0.717277,0,0.887284,0.591623,1,0.113668,0.657068,0,0.161849,0.643979,0,0.199309,0.743455,0,0,0,1,0,0,0
inherit,True,1,001000,Ap,,True,3,101100,Ap,"Kn, An",0.809,0.555,0.991,0.599,0.254,0.349,0.809401,0.840314,0,0.554781,0.717277,0,0.990523,0.591623,1,0.598785,0.657068,0,0.253581,0.643979,0,0.348867,0.743455,0,0,0,1,0,0,0
inhibit,True,1,001000,Ap,,True,2,001100,Ap,An,0.583,0.027,0.9,0.591,0.335,0.216,0.583419,0.840314,0,0.026771,0.717277,0,0.900319,0.591623,1,0.591305,0.657068,0,0.335311,0.643979,0,0.216355,0.743455,0,0,0,1,0,0,0
initialize,True,1,000010,Sn,,True,1,000010,Sn,,0.282,0.122,0.334,0.342,0.96,0.221,0.282266,0.840314,0,0.121828,0.717277,0,0.334321,0.591623,0,0.342479,0.657068,0,0.959618,0.643979,1,0.220928,0.743455,0,0,0,0,0,1,0
inject,True,1,000100,An,,True,3,001101,An,"Ap, Ev",0.05,0.014,0.644,0.916,0.127,0.778,0.050478,0.840314,0,0.014014,0.717277,0,0.643956,0.591623,1,0.915667,0.657068,1,0.127448,0.643979,0,0.7783,0.743455,1,0,0,0,1,0,0
injure,True,1,001000,Ap,,True,2,001001,Ap,Ev,0.268,0.435,0.909,0.317,0.245,0.656,0.2683,0.840314,0,0.43493,0.717277,0,0.908593,0.591623,1,0.317332,0.657068,0,0.245417,0.643979,0,0.655956,0.743455,0,0,0,1,0,0,0
innovate,True,1,000010,Sn,,True,3,001011,Ev,"Ap, Sn",0.136,0.143,0.596,0.522,0.718,0.735,0.135782,0.840314,0,0.142614,0.717277,0,0.595933,0.591623,1,0.521522,0.657068,0,0.718494,0.643979,1,0.735224,0.743455,0,0,0,0,0,1,0
inoculate,True,1,000010,Sn,,True,2,001010,Sn,Ap,0.263,0.021,0.585,0.037,0.705,0.053,0.263418,0.840314,0,0.020674,0.717277,0,0.584965,0.591623,0,0.037191,0.657068,0,0.705187,0.643979,1,0.053108,0.743455,0,0,0,0,0,1,0
input,True,1,000100,An,,True,2,010100,An,Cm,0.13,0.647,0.385,0.942,0.073,0.022,0.130069,0.840314,0,0.647069,0.717277,0,0.384683,0.591623,0,0.941733,0.657068,1,0.072792,0.643979,0,0.022031,0.743455,0,0,0,0,1,0,0
inscribe,False,0,000000,,,True,1,001000,Ap,,0.302,0.079,0.535,0.516,0.259,0.31,0.302172,0.840314,0,0.079052,0.717277,0,0.534971,0.591623,0,0.516271,0.657068,0,0.258985,0.643979,0,0.309709,0.743455,0,0,0,0,0,0,0
insert,True,1,000100,An,,True,1,000100,An,,0.491,0.52,0.388,0.976,0.038,0.565,0.490878,0.840314,0,0.520258,0.717277,0,0.387709,0.591623,0,0.976435,0.657068,1,0.037996,0.643979,0,0.564829,0.743455,0,0,0,0,1,0,0
insist,False,0,000000,,,True,1,000001,Ev,,0.617,0.067,0.219,0.201,0.395,0.641,0.616677,0.840314,0,0.066839,0.717277,0,0.219162,0.591623,0,0.201074,0.657068,0,0.395121,0.643979,0,0.641451,0.743455,0,0,0,0,0,0,0
inspire,True,1,000001,Ev,,True,3,001011,Ev,"Ap, Sn",0.242,0.197,0.552,0.516,0.615,0.798,0.241683,0.840314,0,0.197268,0.717277,0,0.551972,0.591623,0,0.515828,0.657068,0,0.614712,0.643979,0,0.79774,0.743455,1,0,0,0,0,0,1
install,True,2,001001,Ev,Ap,True,2,001001,Ev,Ap,0.288,0.099,0.796,0.236,0.031,0.835,0.288297,0.840314,0,0.098944,0.717277,0,0.795512,0.591623,1,0.235727,0.657068,0,0.0306,0.643979,0,0.83512,0.743455,1,0,0,1,0,0,1
instantiate,True,1,000010,Sn,,True,1,000010,Sn,,0.694,0.212,0.246,0.383,0.899,0.314,0.694095,0.840314,0,0.211844,0.717277,0,0.246113,0.591623,0,0.383432,0.657068,0,0.898839,0.643979,1,0.314217,0.743455,0,0,0,0,0,1,0
instigate,True,1,000010,Sn,,True,1,000010,Sn,,0.145,0.025,0.431,0.558,0.777,0.62,0.145268,0.840314,0,0.025077,0.717277,0,0.430891,0.591623,0,0.558394,0.657068,0,0.777272,0.643979,1,0.619638,0.743455,0,0,0,0,0,1,0
instill,True,1,001000,Ap,,True,2,001001,Ev,Ap,0.164,0.024,0.595,0.155,0.348,0.7,0.164157,0.840314,0,0.023715,0.717277,0,0.59475,0.591623,1,0.155027,0.657068,0,0.348181,0.643979,0,0.700183,0.743455,0,0,0,1,0,0,0
institutionalize,True,1,001000,Ap,,True,2,001010,Ap,Sn,0.093,0.121,0.595,0.423,0.551,0.271,0.093203,0.840314,0,0.120965,0.717277,0,0.594632,0.591623,1,0.423481,0.657068,0,0.550822,0.643979,0,0.271031,0.743455,0,0,0,1,0,0,0
insulate,True,1,001000,Ap,,True,1,001000,Ap,,0.077,0.46,0.79,0.078,0.324,0.261,0.076707,0.840314,0,0.459783,0.717277,0,0.790421,0.591623,1,0.078079,0.657068,0,0.323717,0.643979,0,0.26131,0.743455,0,0,0,1,0,0,0
insure,True,1,001000,Ap,,True,1,001000,Ap,,0.108,0.097,0.942,0.025,0.359,0.354,0.107726,0.840314,0,0.097332,0.717277,0,0.942042,0.591623,1,0.025327,0.657068,0,0.358556,0.643979,0,0.3544,0.743455,0,0,0,1,0,0,0
intend,True,1,000010,Sn,,True,1,000010,Sn,,0.643,0.116,0.05,0.181,0.95,0.119,0.642769,0.840314,0,0.116032,0.717277,0,0.050017,0.591623,0,0.181116,0.657068,0,0.949837,0.643979,1,0.118833,0.743455,0,0,0,0,0,1,0
intensify,False,0,000000,,,True,1,000010,Sn,,0.162,0.423,0.346,0.224,0.552,0.052,0.16236,0.840314,0,0.422501,0.717277,0,0.346067,0.591623,0,0.224358,0.657068,0,0.552306,0.643979,0,0.051852,0.743455,0,0,0,0,0,0,0
intercalate,True,1,010000,Cm,,True,2,011000,Cm,Ap,0.055,0.789,0.729,0.26,0.511,0.217,0.055161,0.840314,0,0.788778,0.717277,1,0.728689,0.591623,1,0.260461,0.657068,0,0.510704,0.643979,0,0.216882,0.743455,0,0,1,0,0,0,0
intercept,True,1,001000,Ap,,True,2,001010,Ap,Sn,0.626,0.288,0.97,0.179,0.61,0.118,0.625846,0.840314,0,0.288164,0.717277,0,0.970405,0.591623,1,0.178783,0.657068,0,0.610147,0.643979,0,0.1184,0.743455,0,0,0,1,0,0,0
interchange,True,1,000010,Sn,,True,2,001010,Sn,Ap,0.067,0.537,0.554,0.549,0.887,0.191,0.066687,0.840314,0,0.536591,0.717277,0,0.554025,0.591623,0,0.549004,0.657068,0,0.886855,0.643979,1,0.190636,0.743455,0,0,0,0,0,1,0
intercommunicate,False,0,000000,,,True,2,010010,Cm,Sn,0.225,0.69,0.457,0.008,0.601,0.042,0.224959,0.840314,0,0.690297,0.717277,0,0.457196,0.591623,0,0.007787,0.657068,0,0.600576,0.643979,0,0.041681,0.743455,0,0,0,0,0,0,0
interconnect,True,1,010000,Cm,,True,1,010000,Cm,,0.145,0.733,0.24,0.384,0.227,0.609,0.145366,0.840314,0,0.732889,0.717277,1,0.23969,0.591623,0,0.38365,0.657068,0,0.226516,0.643979,0,0.609215,0.743455,0,0,1,0,0,0,0
interfere,True,1,001000,Ap,,True,1,001000,Ap,,0.445,0.564,0.736,0.35,0.511,0.137,0.44457,0.840314,0,0.564105,0.717277,0,0.73603,0.591623,1,0.349736,0.657068,0,0.511224,0.643979,0,0.137112,0.743455,0,0,0,1,0,0,0
interject,True,1,010000,Cm,,True,1,010000,Cm,,0.291,0.795,0.346,0.283,0.426,0.405,0.290916,0.840314,0,0.794768,0.717277,1,0.346416,0.591623,0,0.282991,0.657068,0,0.425844,0.643979,0,0.405426,0.743455,0,0,1,0,0,0,0
interlace,True,1,010000,Cm,,True,2,011000,Cm,Ap,0.105,0.946,0.643,0.04,0.241,0.314,0.105358,0.840314,0,0.946459,0.717277,1,0.643386,0.591623,1,0.040411,0.657068,0,0.240831,0.643979,0,0.313872,0.743455,0,0,1,0,0,0,0
interleave,True,1,001000,Ap,,True,1,001000,Ap,,0.613,0.426,0.749,0.024,0.341,0.109,0.613017,0.840314,0,0.425754,0.717277,0,0.748611,0.591623,1,0.023878,0.657068,0,0.341375,0.643979,0,0.109267,0.743455,0,0,0,1,0,0,0
interlink,True,1,010000,Cm,,True,1,010000,Cm,,0.337,0.759,0.066,0.286,0.127,0.438,0.337431,0.840314,0,0.759238,0.717277,1,0.066332,0.591623,0,0.286082,0.657068,0,0.126853,0.643979,0,0.438355,0.743455,0,0,1,0,0,0,0
interlock,True,1,000001,Ev,,True,1,000001,Ev,,0.44,0.12,0.378,0.216,0.124,0.808,0.44035,0.840314,0,0.11991,0.717277,0,0.377906,0.591623,0,0.216202,0.657068,0,0.124159,0.643979,0,0.807843,0.743455,1,0,0,0,0,0,1
intermingle,True,1,010000,Cm,,True,2,011000,Cm,Ap,0.617,0.819,0.541,0.032,0.532,0.198,0.616983,0.840314,0,0.818675,0.717277,1,0.540772,0.591623,0,0.031513,0.657068,0,0.531815,0.643979,0,0.198295,0.743455,0,0,1,0,0,0,0
internalize,True,1,000010,Sn,,True,3,001011,Sn,"Ap, Ev",0.593,0.081,0.507,0.033,0.706,0.65,0.59293,0.840314,0,0.081044,0.717277,0,0.507241,0.591623,0,0.033001,0.657068,0,0.706044,0.643979,1,0.650374,0.743455,0,0,0,0,0,1,0
interpenetrate,False,0,000000,,,False,0,000000,,,0.154,0.54,0.304,0.149,0.13,0.471,0.154046,0.840314,0,0.53979,0.717277,0,0.304483,0.591623,0,0.148998,0.657068,0,0.12993,0.643979,0,0.470876,0.743455,0,0,0,0,0,0,0
interpose,True,1,001000,Ap,,True,2,011000,Ap,Cm,0.357,0.663,0.823,0.044,0.226,0.489,0.357461,0.840314,0,0.663191,0.717277,0,0.823312,0.591623,1,0.043737,0.657068,0,0.225519,0.643979,0,0.488917,0.743455,0,0,0,1,0,0,0
interrogate,True,3,001101,Ap,"An, Ev",True,3,001101,Ap,"An, Ev",0.092,0.309,0.863,0.68,0.12,0.812,0.092422,0.840314,0,0.308878,0.717277,0,0.863431,0.591623,1,0.680444,0.657068,1,0.11953,0.643979,0,0.812155,0.743455,1,0,0,1,1,0,1
intersect,True,3,110010,Kn,"Cm, Sn",True,3,110010,Kn,"Cm, Sn",0.876,0.838,0.355,0.147,0.832,0.019,0.875762,0.840314,1,0.838203,0.717277,1,0.354546,0.591623,0,0.146919,0.657068,0,0.832496,0.643979,1,0.018808,0.743455,0,1,1,0,0,1,0
intersperse,True,1,010000,Cm,,True,1,010000,Cm,,0.356,0.902,0.374,0.167,0.137,0.1,0.355886,0.840314,0,0.902044,0.717277,1,0.374022,0.591623,0,0.166946,0.657068,0,0.137112,0.643979,0,0.099596,0.743455,0,0,1,0,0,0,0
interstratify,True,1,010000,Cm,,True,2,011000,Cm,Ap,0.097,0.925,0.809,0.422,0.322,0.271,0.097438,0.840314,0,0.924928,0.717277,1,0.808609,0.591623,1,0.422485,0.657068,0,0.321761,0.643979,0,0.271351,0.743455,0,0,1,0,0,0,0
intertwine,False,0,000000,,,False,0,000000,,,0.486,0.555,0.173,0.078,0.182,0.295,0.486102,0.840314,0,0.555439,0.717277,0,0.173111,0.591623,0,0.078055,0.657068,0,0.182008,0.643979,0,0.295488,0.743455,0,0,0,0,0,0,0
interweave,False,0,000000,,,False,0,000000,,,0.214,0.443,0.391,0.163,0.314,0.248,0.214193,0.840314,0,0.442646,0.717277,0,0.390715,0.591623,0,0.163112,0.657068,0,0.313746,0.643979,0,0.248283,0.743455,0,0,0,0,0,0,0
intimidate,True,1,001000,Ap,,True,1,001000,Ap,,0.067,0.068,0.799,0.531,0.394,0.551,0.066859,0.840314,0,0.067681,0.717277,0,0.799413,0.591623,1,0.53139,0.657068,0,0.394309,0.643979,0,0.551476,0.743455,0,0,0,1,0,0,0
introduce,True,1,010000,Cm,,True,2,010010,Cm,Sn,0.521,0.925,0.361,0.499,0.726,0.54,0.520537,0.840314,0,0.924934,0.717277,1,0.361381,0.591623,0,0.49904,0.657068,0,0.726442,0.643979,1,0.540317,0.743455,0,0,1,0,0,0,0
inundate,True,1,001000,Ap,,True,1,001000,Ap,,0.172,0.098,0.859,0.184,0.086,0.181,0.171778,0.840314,0,0.098174,0.717277,0,0.859421,0.591623,1,0.183709,0.657068,0,0.086029,0.643979,0,0.180902,0.743455,0,0,0,1,0,0,0
invade,True,1,010000,Cm,,True,2,011000,Cm,Ap,0.531,0.738,0.666,0.164,0.319,0.372,0.53073,0.840314,0,0.738198,0.717277,1,0.666157,0.591623,1,0.164444,0.657068,0,0.318771,0.643979,0,0.372148,0.743455,0,0,1,0,0,0,0
invalidate,True,1,000001,Ev,,True,3,001011,Ev,"Ap, Sn",0.32,0.026,0.65,0.529,0.791,0.944,0.320463,0.840314,0,0.025829,0.717277,0,0.650032,0.591623,1,0.52928,0.657068,0,0.791331,0.643979,1,0.944071,0.743455,1,0,0,0,0,0,1
invert,True,1,001000,Ap,,True,2,001100,Ap,An,0.229,0.121,0.784,0.612,0.268,0.426,0.228582,0.840314,0,0.120613,0.717277,0,0.784005,0.591623,1,0.612334,0.657068,0,0.268225,0.643979,0,0.425627,0.743455,0,0,0,1,0,0,0
invest,True,1,001000,Ap,,True,2,001010,Ap,Sn,0.528,0.205,0.693,0.542,0.561,0.132,0.528048,0.840314,0,0.205242,0.717277,0,0.692708,0.591623,1,0.542099,0.657068,0,0.56087,0.643979,0,0.131903,0.743455,0,0,0,1,0,0,0
invite,True,1,010000,Cm,,True,2,010100,Cm,An,0.518,0.794,0.364,0.727,0.003,0.069,0.517625,0.840314,0,0.793605,0.717277,1,0.363685,0.591623,0,0.72672,0.657068,1,0.003329,0.643979,0,0.068631,0.743455,0,0,1,0,0,0,0
invoke,False,0,000000,,,True,1,001000,Ap,,0.249,0.316,0.535,0.289,0.096,0.155,0.24852,0.840314,0,0.316114,0.717277,0,0.534841,0.591623,0,0.289472,0.657068,0,0.096301,0.643979,0,0.154649,0.743455,0,0,0,0,0,0,0
involve,True,1,010000,Cm,,True,3,111000,Cm,"Kn, Ap",0.755,0.905,0.667,0.148,0.204,0.486,0.755126,0.840314,0,0.904825,0.717277,1,0.666739,0.591623,1,0.14845,0.657068,0,0.203708,0.643979,0,0.485622,0.743455,0,0,1,0,0,0,0
ionize,True,1,001000,Ap,,True,1,001000,Ap,,0.09,0.16,0.662,0.036,0.45,0.259,0.089995,0.840314,0,0.160047,0.717277,0,0.662064,0.591623,1,0.035674,0.657068,0,0.450351,0.643979,0,0.258637,0.743455,0,0,0,1,0,0,0
irrigate,True,1,001000,Ap,,True,1,001000,Ap,,0.056,0.099,0.915,0.164,0.108,0.295,0.056032,0.840314,0,0.098533,0.717277,0,0.914938,0.591623,1,0.164225,0.657068,0,0.107537,0.643979,0,0.295053,0.743455,0,0,0,1,0,0,0
issue,True,1,000100,An,,True,2,001100,An,Ap,0.425,0.393,0.507,0.786,0.105,0.282,0.424982,0.840314,0,0.3933,0.717277,0,0.506782,0.591623,0,0.785669,0.657068,1,0.105484,0.643979,0,0.282381,0.743455,0,0,0,0,1,0,0
italicize,True,1,100000,Kn,,True,3,111000,Kn,"Cm, Ap",0.946,0.628,0.706,0.137,0.368,0.027,0.946288,0.840314,1,0.628383,0.717277,0,0.706211,0.591623,1,0.137222,0.657068,0,0.368172,0.643979,0,0.027045,0.743455,0,1,0,0,0,0,0
iterate,True,1,100000,Kn,,True,2,101000,Kn,Ap,0.981,0.437,0.805,0.008,0.025,0.012,0.980684,0.840314,1,0.437128,0.717277,0,0.804737,0.591623,1,0.0083,0.657068,0,0.02519,0.643979,0,0.012281,0.743455,0,1,0,0,0,0,0
jeopardize,True,1,001000,Ap,,True,3,001101,Ap,"An, Ev",0.017,0.466,0.904,0.756,0.053,0.806,0.017254,0.840314,0,0.465515,0.717277,0,0.90371,0.591623,1,0.755632,0.657068,1,0.053154,0.643979,0,0.806308,0.743455,1,0,0,1,0,0,0
jump,False,0,000000,,,False,0,000000,,,0.203,0.38,0.187,0.337,0.204,0.406,0.203366,0.840314,0,0.380493,0.717277,0,0.187326,0.591623,0,0.33721,0.657068,0,0.203692,0.643979,0,0.40562,0.743455,0,0,0,0,0,0,0
juxtapose,True,1,000001,Ev,,True,1,000001,Ev,,0.425,0.288,0.016,0.505,0.255,0.905,0.42542,0.840314,0,0.287557,0.717277,0,0.016087,0.591623,0,0.504813,0.657068,0,0.255178,0.643979,0,0.904703,0.743455,1,0,0,0,0,0,1
keep,True,2,001001,Ev,Ap,True,2,001001,Ev,Ap,0.651,0.189,0.884,0.081,0.043,0.895,0.650891,0.840314,0,0.188765,0.717277,0,0.88407,0.591623,1,0.080761,0.657068,0,0.042817,0.643979,0,0.894911,0.743455,1,0,0,1,0,0,1
kick,True,1,010000,Cm,,True,3,011100,Cm,"Ap, An",0.308,0.936,0.85,0.765,0.056,0.541,0.307997,0.840314,0,0.936312,0.717277,1,0.850418,0.591623,1,0.765315,0.657068,1,0.056493,0.643979,0,0.540999,0.743455,0,0,1,0,0,0,0
kill,True,1,001000,Ap,,True,2,101000,Ap,Kn,0.819,0.143,0.86,0.473,0.023,0.562,0.818861,0.840314,0,0.143091,0.717277,0,0.860146,0.591623,1,0.47304,0.657068,0,0.023036,0.643979,0,0.562494,0.743455,0,0,0,1,0,0,0
kink,True,1,000100,An,,True,2,001100,An,Ap,0.357,0.185,0.6,0.877,0.073,0.309,0.357212,0.840314,0,0.184869,0.717277,0,0.600188,0.591623,1,0.877141,0.657068,1,0.072509,0.643979,0,0.309337,0.743455,0,0,0,0,1,0,0
knead,True,1,000100,An,,True,2,100100,An,Kn,0.752,0.021,0.484,0.995,0.447,0.246,0.751511,0.840314,0,0.02055,0.717277,0,0.484439,0.591623,0,0.994687,0.657068,1,0.446767,0.643979,0,0.246004,0.743455,0,0,0,0,1,0,0
knit,True,1,001000,Ap,,True,4,101110,Ap,"Kn, An, Sn",0.82,0.26,0.997,0.705,0.588,0.079,0.820492,0.840314,0,0.260287,0.717277,0,0.997382,0.591623,1,0.70487,0.657068,1,0.588003,0.643979,0,0.079307,0.743455,0,0,0,1,0,0,0
knock,True,2,001100,An,Ap,True,3,101100,Kn,"Ap, An",0.826,0.568,0.709,0.726,0.426,0.231,0.826105,0.840314,0,0.568321,0.717277,0,0.708816,0.591623,1,0.726477,0.657068,1,0.425544,0.643979,0,0.231452,0.743455,0,0,0,1,1,0,0
lag,True,2,010100,Cm,An,True,2,010100,Cm,An,0.407,0.783,0.169,0.738,0.127,0.572,0.407072,0.840314,0,0.782941,0.717277,1,0.168874,0.591623,0,0.737889,0.657068,1,0.127196,0.643979,0,0.572203,0.743455,0,0,1,0,1,0,0
laminate,True,1,000001,Ev,,True,1,000001,Ev,,0.204,0.513,0.373,0.312,0.003,0.751,0.203724,0.840314,0,0.512648,0.717277,0,0.373217,0.591623,0,0.31217,0.657068,0,0.002618,0.643979,0,0.751306,0.743455,1,0,0,0,0,0,1
latch,True,1,001000,Ap,,True,2,001100,Ap,An,0.501,0.009,0.742,0.656,0.358,0.559,0.50114,0.840314,0,0.008628,0.717277,0,0.741549,0.591623,1,0.656251,0.657068,0,0.357796,0.643979,0,0.559323,0.743455,0,0,0,1,0,0,0
laud,False,0,000000,,,True,1,000001,Ev,,0.664,0.536,0.326,0.435,0.005,0.648,0.664208,0.840314,0,0.535672,0.717277,0,0.32554,0.591623,0,0.434544,0.657068,0,0.004676,0.643979,0,0.648098,0.743455,0,0,0,0,0,0,0
launch,False,0,000000,,,True,3,000111,Ev,"An, Sn",0.094,0.01,0.363,0.596,0.572,0.731,0.093795,0.840314,0,0.009504,0.717277,0,0.362848,0.591623,0,0.595619,0.657068,0,0.571945,0.643979,0,0.730785,0.743455,0,0,0,0,0,0,0
lay,True,1,001000,Ap,,True,1,001000,Ap,,0.652,0.259,0.889,0.433,0.131,0.094,0.652139,0.840314,0,0.25889,0.717277,0,0.889324,0.591623,1,0.432606,0.657068,0,0.130932,0.643979,0,0.093908,0.743455,0,0,0,1,0,0,0
leach,True,1,001000,Ap,,True,2,001100,Ap,An,0.491,0.258,0.786,0.643,0.018,0.405,0.4915,0.840314,0,0.25756,0.717277,0,0.786489,0.591623,1,0.643061,0.657068,0,0.01809,0.643979,0,0.404511,0.743455,0,0,0,1,0,0,0
lead,True,1,000100,An,,True,2,001100,An,Ap,0.247,0.401,0.612,0.87,0.018,0.061,0.246779,0.840314,0,0.401069,0.717277,0,0.611926,0.591623,1,0.870454,0.657068,1,0.01791,0.643979,0,0.060662,0.743455,0,0,0,0,1,0,0
learn,True,1,001000,Ap,,True,2,101000,Ap,Kn,0.778,0.196,0.867,0.163,0.209,0.257,0.778137,0.840314,0,0.195661,0.717277,0,0.866644,0.591623,1,0.163136,0.657068,0,0.208657,0.643979,0,0.256678,0.743455,0,0,0,1,0,0,0
lease,True,1,001000,Ap,,True,2,001001,Ap,Ev,0.563,0.479,0.949,0.422,0.127,0.651,0.563208,0.840314,0,0.478594,0.717277,0,0.948809,0.591623,1,0.422379,0.657068,0,0.127364,0.643979,0,0.651294,0.743455,0,0,0,1,0,0,0
leave,True,1,000001,Ev,,True,3,001101,Ev,"Ap, An",0.353,0.497,0.716,0.802,0.126,0.959,0.35273,0.840314,0,0.497333,0.717277,0,0.715807,0.591623,1,0.802423,0.657068,1,0.126024,0.643979,0,0.959301,0.743455,1,0,0,0,0,0,1
legitimize,True,1,000100,An,,True,2,000101,An,Ev,0.07,0.071,0.015,0.813,0.269,0.641,0.070486,0.840314,0,0.07071,0.717277,0,0.015488,0.591623,0,0.812632,0.657068,1,0.269049,0.643979,0,0.641477,0.743455,0,0,0,0,1,0,0
lend,True,1,001000,Ap,,True,2,001100,Ap,An,0.518,0.143,0.75,0.657,0.325,0.293,0.517778,0.840314,0,0.142556,0.717277,0,0.749541,0.591623,1,0.656803,0.657068,0,0.324624,0.643979,0,0.293258,0.743455,0,0,0,1,0,0,0
lengthen,True,1,001000,Ap,,True,1,001000,Ap,,0.278,0.351,0.866,0.34,0.357,0.128,0.277953,0.840314,0,0.351235,0.717277,0,0.866447,0.591623,1,0.33964,0.657068,0,0.357083,0.643979,0,0.127822,0.743455,0,0,0,1,0,0,0
lessen,True,1,001000,Ap,,True,1,001000,Ap,,0.17,0.066,0.824,0.302,0.351,0.058,0.170379,0.840314,0,0.065633,0.717277,0,0.824241,0.591623,1,0.301761,0.657068,0,0.351302,0.643979,0,0.057575,0.743455,0,0,0,1,0,0,0
let,True,1,001000,Ap,,True,2,101000,Ap,Kn,0.796,0.112,0.896,0.526,0.071,0.106,0.795838,0.840314,0,0.111592,0.717277,0,0.895747,0.591623,1,0.525913,0.657068,0,0.070935,0.643979,0,0.106293,0.743455,0,0,0,1,0,0,0
liberate,True,1,001000,Ap,,True,1,001000,Ap,,0.32,0.067,0.901,0.061,0.053,0.473,0.319599,0.840314,0,0.067099,0.717277,0,0.900909,0.591623,1,0.060732,0.657068,0,0.053114,0.643979,0,0.473076,0.743455,0,0,0,1,0,0,0
lie,False,0,000000,,,True,1,000010,Sn,,0.529,0.424,0.116,0.423,0.6,0.405,0.528894,0.840314,0,0.424254,0.717277,0,0.115946,0.591623,0,0.423079,0.657068,0,0.599567,0.643979,0,0.405478,0.743455,0,0,0,0,0,0,0
lift,True,1,001000,Ap,,True,1,001000,Ap,,0.309,0.099,0.666,0.184,0.306,0.106,0.309462,0.840314,0,0.098625,0.717277,0,0.66578,0.591623,1,0.184157,0.657068,0,0.306491,0.643979,0,0.105808,0.743455,0,0,0,1,0,0,0
ligate,False,0,000000,,,True,1,000001,Ev,,0.113,0.15,0.352,0.438,0.226,0.742,0.112944,0.840314,0,0.149575,0.717277,0,0.351883,0.591623,0,0.438326,0.657068,0,0.226273,0.643979,0,0.742313,0.743455,0,0,0,0,0,0,0
liken,True,1,100000,Kn,,True,4,111001,Kn,"Cm, Ap, Ev",0.853,0.789,0.757,0.07,0.265,0.762,0.853454,0.840314,1,0.789485,0.717277,1,0.756505,0.591623,1,0.070478,0.657068,0,0.264554,0.643979,0,0.76237,0.743455,1,1,0,0,0,0,0
linearize,False,0,000000,,,True,1,001000,Ap,,0.02,0.109,0.585,0.498,0.472,0.018,0.019834,0.840314,0,0.109015,0.717277,0,0.584905,0.591623,0,0.498041,0.657068,0,0.472062,0.643979,0,0.017704,0.743455,0,0,0,0,0,0,0
liquefy,True,1,001000,Ap,,True,1,001000,Ap,,0.145,0.159,0.756,0.407,0.403,0.438,0.145125,0.840314,0,0.159197,0.717277,0,0.755591,0.591623,1,0.407012,0.657068,0,0.402903,0.643979,0,0.437953,0.743455,0,0,0,1,0,0,0
liquidize,True,1,000100,An,,True,2,001100,An,Ap,0.167,0.334,0.551,0.749,0.126,0.568,0.167354,0.840314,0,0.334248,0.717277,0,0.550699,0.591623,0,0.749383,0.657068,1,0.125667,0.643979,0,0.567967,0.743455,0,0,0,0,1,0,0
listen,False,0,000000,,,True,1,100000,Kn,,0.827,0.122,0.476,0.033,0.222,0.108,0.827135,0.840314,0,0.121548,0.717277,0,0.476359,0.591623,0,0.032796,0.657068,0,0.221573,0.643979,0,0.107601,0.743455,0,0,0,0,0,0,0
live,True,1,100000,Kn,,True,2,101000,Kn,Ap,0.862,0.554,0.641,0.147,0.039,0.202,0.861609,0.840314,1,0.554421,0.717277,0,0.640659,0.591623,1,0.146553,0.657068,0,0.039491,0.643979,0,0.202174,0.743455,0,1,0,0,0,0,0
load,True,1,000001,Ev,,True,2,001001,Ev,Ap,0.378,0.021,0.549,0.327,0.473,0.786,0.378308,0.840314,0,0.021378,0.717277,0,0.548735,0.591623,0,0.326807,0.657068,0,0.473284,0.643979,0,0.78593,0.743455,1,0,0,0,0,0,1
localize,True,3,011010,Ap,"Cm, Sn",True,3,011010,Ap,"Cm, Sn",0.287,0.823,0.837,0.022,0.794,0.474,0.28704,0.840314,0,0.822629,0.717277,1,0.836856,0.591623,1,0.021701,0.657068,0,0.794129,0.643979,1,0.474294,0.743455,0,0,1,1,0,1,0
lock,True,3,001101,Ap,"An, Ev",True,3,001101,Ap,"An, Ev",0.575,0.11,0.84,0.745,0.06,0.836,0.574803,0.840314,0,0.109809,0.717277,0,0.840092,0.591623,1,0.745268,0.657068,1,0.060291,0.643979,0,0.835555,0.743455,1,0,0,1,1,0,1
locomote,True,1,000100,An,,True,1,000100,An,,0.188,0.534,0.38,0.915,0.312,0.109,0.188156,0.840314,0,0.533942,0.717277,0,0.380144,0.591623,0,0.914874,0.657068,1,0.312337,0.643979,0,0.108724,0.743455,0,0,0,0,1,0,0
look,True,1,100000,Kn,,True,2,100100,Kn,An,0.986,0.57,0.193,0.917,0.047,0.044,0.986456,0.840314,1,0.5702,0.717277,0,0.192709,0.591623,0,0.916888,0.657068,1,0.046999,0.643979,0,0.04375,0.743455,0,1,0,0,0,0,0
loosen,True,1,001000,Ap,,True,2,001100,Ap,An,0.176,0.022,0.977,0.824,0.288,0.604,0.176257,0.840314,0,0.021933,0.717277,0,0.977114,0.591623,1,0.823517,0.657068,1,0.288328,0.643979,0,0.604358,0.743455,0,0,0,1,0,0,0
lose,True,1,001000,Ap,,True,4,111001,Ap,"Kn, Cm, Ev",0.87,0.751,0.988,0.341,0.225,0.924,0.870349,0.840314,1,0.751144,0.717277,1,0.987608,0.591623,1,0.340523,0.657068,0,0.224769,0.643979,0,0.924089,0.743455,1,0,0,1,0,0,0
love,True,1,100000,Kn,,True,3,110001,Kn,"Cm, Ev",0.901,0.752,0.018,0.134,0.393,0.692,0.900665,0.840314,1,0.751615,0.717277,1,0.017511,0.591623,0,0.13423,0.657068,0,0.393178,0.643979,0,0.692283,0.743455,0,1,0,0,0,0,0
lubricate,False,0,000000,,,False,0,000000,,,0.045,0.248,0.344,0.326,0.228,0.582,0.044653,0.840314,0,0.247571,0.717277,0,0.343503,0.591623,0,0.325601,0.657068,0,0.22754,0.643979,0,0.581532,0.743455,0,0,0,0,0,0,0
lure,True,1,100000,Kn,,True,1,100000,Kn,,0.889,0.5,0.312,0.384,0.014,0.182,0.888821,0.840314,1,0.49958,0.717277,0,0.311573,0.591623,0,0.383809,0.657068,0,0.013514,0.643979,0,0.182473,0.743455,0,1,0,0,0,0,0
lustrate,False,0,000000,,,False,0,000000,,,0.408,0.021,0.305,0.203,0.004,0.558,0.40805,0.840314,0,0.02099,0.717277,0,0.305216,0.591623,0,0.202587,0.657068,0,0.004487,0.643979,0,0.557995,0.743455,0,0,0,0,0,0,0
magnetize,True,1,001000,Ap,,True,1,001000,Ap,,0.346,0.415,0.795,0.317,0.016,0.484,0.346417,0.840314,0,0.415174,0.717277,0,0.794626,0.591623,1,0.317285,0.657068,0,0.016283,0.643979,0,0.48411,0.743455,0,0,0,1,0,0,0
magnify,False,0,000000,,,True,1,010000,Cm,,0.356,0.709,0.181,0.517,0.381,0.443,0.356417,0.840314,0,0.709356,0.717277,0,0.181169,0.591623,0,0.516891,0.657068,0,0.380991,0.643979,0,0.44337,0.743455,0,0,0,0,0,0,0
mandate,True,1,000010,Sn,,True,2,000110,Sn,An,0.242,0.025,0.392,0.602,0.723,0.414,0.24228,0.840314,0,0.02494,0.717277,0,0.392475,0.591623,0,0.602287,0.657068,0,0.723121,0.643979,1,0.413571,0.743455,0,0,0,0,0,1,0
manifest,False,0,000000,,,True,1,000100,An,,0.128,0.286,0.373,0.651,0.315,0.105,0.128319,0.840314,0,0.285967,0.717277,0,0.372514,0.591623,0,0.651072,0.657068,0,0.315212,0.643979,0,0.104893,0.743455,0,0,0,0,0,0,0
manufacture,True,1,001000,Ap,,True,2,001001,Ap,Ev,0.268,0.477,0.896,0.389,0.22,0.778,0.268469,0.840314,0,0.476901,0.717277,0,0.895977,0.591623,1,0.388604,0.657068,0,0.219938,0.643979,0,0.777798,0.743455,1,0,0,1,0,0,0
map,True,1,010000,Cm,,True,3,111000,Cm,"Kn, Ap",0.753,0.932,0.596,0.063,0.02,0.069,0.753121,0.840314,0,0.932389,0.717277,1,0.595933,0.591623,1,0.062645,0.657068,0,0.019875,0.643979,0,0.069148,0.743455,0,0,1,0,0,0,0
marginalize,True,1,010000,Cm,,True,2,011000,Cm,Ap,0.094,0.926,0.509,0.217,0.533,0.144,0.093578,0.840314,0,0.925753,0.717277,1,0.509219,0.591623,0,0.216976,0.657068,0,0.532698,0.643979,0,0.143731,0.743455,0,0,1,0,0,0,0
marry,True,2,100001,Kn,Ev,True,2,100001,Kn,Ev,0.945,0.404,0.148,0.268,0.462,0.911,0.945319,0.840314,1,0.403766,0.717277,0,0.147733,0.591623,0,0.268459,0.657068,0,0.461744,0.643979,0,0.910578,0.743455,1,1,0,0,0,0,1
marvel,False,0,000000,,,True,2,000011,Ev,Sn,0.067,0.443,0.394,0.513,0.586,0.685,0.06687,0.840314,0,0.442932,0.717277,0,0.394186,0.591623,0,0.513391,0.657068,0,0.586365,0.643979,0,0.68479,0.743455,0,0,0,0,0,0,0
mat,False,0,000000,,,True,1,010000,Cm,,0.695,0.63,0.13,0.526,0.164,0.526,0.694969,0.840314,0,0.630398,0.717277,0,0.130052,0.591623,0,0.526468,0.657068,0,0.163521,0.643979,0,0.526283,0.743455,0,0,0,0,0,0,0
mate,True,1,000001,Ev,,True,2,001001,Ev,Ap,0.527,0.417,0.614,0.488,0.092,0.79,0.527498,0.840314,0,0.416645,0.717277,0,0.61378,0.591623,1,0.488357,0.657068,0,0.09183,0.643979,0,0.790238,0.743455,1,0,0,0,0,0,1
materialize,False,0,000000,,,True,1,010000,Cm,,0.358,0.671,0.434,0.445,0.425,0.182,0.357974,0.840314,0,0.670621,0.717277,0,0.434315,0.591623,0,0.44522,0.657068,0,0.424965,0.643979,0,0.18176,0.743455,0,0,0,0,0,0,0
matter,True,2,010010,Cm,Sn,True,2,010010,Cm,Sn,0.488,0.853,0.197,0.223,0.814,0.315,0.48839,0.840314,0,0.853259,0.717277,1,0.196917,0.591623,0,0.222615,0.657068,0,0.814424,0.643979,1,0.314574,0.743455,0,0,1,0,0,1,0
mean,True,1,100000,Kn,,True,4,110101,Kn,"Cm, An, Ev",0.946,0.682,0.357,0.802,0.274,0.686,0.946327,0.840314,1,0.681693,0.717277,0,0.357259,0.591623,0,0.801858,0.657068,1,0.273594,0.643979,0,0.686348,0.743455,0,1,0,0,0,0,0
mechanize,True,1,001000,Ap,,True,2,001010,Ap,Sn,0.09,0.098,0.904,0.108,0.67,0.312,0.089677,0.840314,0,0.09809,0.717277,0,0.90358,0.591623,1,0.107715,0.657068,0,0.6697,0.643979,1,0.311672,0.743455,0,0,0,1,0,0,0
melt,True,1,000100,An,,True,2,000101,An,Ev,0.445,0.583,0.314,0.987,0.209,0.669,0.444726,0.840314,0,0.583447,0.717277,0,0.31375,0.591623,0,0.986921,0.657068,1,0.209078,0.643979,0,0.668956,0.743455,0,0,0,0,1,0,0
mend,False,0,000000,,,True,2,100001,Kn,Ev,0.784,0.286,0.067,0.163,0.084,0.64,0.78376,0.840314,0,0.285819,0.717277,0,0.067352,0.591623,0,0.163145,0.657068,0,0.083698,0.643979,0,0.64013,0.743455,0,0,0,0,0,0,0
mention,True,2,110000,Kn,Cm,True,2,110000,Kn,Cm,0.986,0.963,0.07,0.007,0.125,0.018,0.986438,0.840314,1,0.962882,0.717277,1,0.070409,0.591623,0,0.007255,0.657068,0,0.125317,0.643979,0,0.018063,0.743455,0,1,1,0,0,0,0
mentor,True,1,000010,Sn,,True,2,001010,Sn,Ap,0.282,0.194,0.613,0.408,0.815,0.56,0.28202,0.840314,0,0.194374,0.717277,0,0.612991,0.591623,1,0.408316,0.657068,0,0.814514,0.643979,1,0.560059,0.743455,0,0,0,0,0,1,0
merge,True,1,000010,Sn,,True,1,000010,Sn,,0.471,0.536,0.313,0.333,0.704,0.548,0.47114,0.840314,0,0.53589,0.717277,0,0.313168,0.591623,0,0.332764,0.657068,0,0.703681,0.643979,1,0.548189,0.743455,0,0,0,0,0,1,0
metabolize,True,1,000100,An,,True,2,000101,An,Ev,0.263,0.051,0.224,0.832,0.357,0.771,0.263499,0.840314,0,0.051158,0.717277,0,0.22386,0.591623,0,0.832043,0.657068,1,0.356959,0.643979,0,0.770835,0.743455,1,0,0,0,1,0,0
migrate,True,1,001000,Ap,,True,3,011001,Ap,"Cm, Ev",0.263,0.706,0.747,0.433,0.468,0.719,0.263206,0.840314,0,0.705676,0.717277,0,0.74696,0.591623,1,0.433294,0.657068,0,0.46817,0.643979,0,0.718755,0.743455,0,0,0,1,0,0,0
mimic,True,1,001000,Ap,,True,2,101000,Ap,Kn,0.843,0.306,0.955,0.093,0.347,0.041,0.843437,0.840314,1,0.306497,0.717277,0,0.955133,0.591623,1,0.092558,0.657068,0,0.34745,0.643979,0,0.040664,0.743455,0,0,0,1,0,0,0
mingle,False,0,000000,,,True,2,110000,Kn,Cm,0.729,0.625,0.225,0.131,0.341,0.244,0.72918,0.840314,0,0.624581,0.717277,0,0.225285,0.591623,0,0.13094,0.657068,0,0.341152,0.643979,0,0.244115,0.743455,0,0,0,0,0,0,0
miniaturize,True,2,001010,Ap,Sn,True,3,001110,Ap,"An, Sn",0.044,0.117,0.702,0.655,0.668,0.269,0.043582,0.840314,0,0.117009,0.717277,0,0.702002,0.591623,1,0.65505,0.657068,0,0.668485,0.643979,1,0.268889,0.743455,0,0,0,1,0,1,0
misalign,True,1,000100,An,,True,2,000101,An,Ev,0.645,0.218,0.119,0.828,0.258,0.764,0.644644,0.840314,0,0.217952,0.717277,0,0.11904,0.591623,0,0.828351,0.657068,1,0.257815,0.643979,0,0.763861,0.743455,1,0,0,0,1,0,0
misidentify,True,1,000010,Sn,,True,2,000110,Sn,An,0.633,0.479,0.223,0.561,0.662,0.112,0.633226,0.840314,0,0.479426,0.717277,0,0.22321,0.591623,0,0.560623,0.657068,0,0.661987,0.643979,1,0.112198,0.743455,0,0,0,0,0,1,0
misjudge,True,1,000001,Ev,,True,1,000001,Ev,,0.525,0.467,0.057,0.381,0.44,0.976,0.525437,0.840314,0,0.467144,0.717277,0,0.056717,0.591623,0,0.381439,0.657068,0,0.439519,0.643979,0,0.976269,0.743455,1,0,0,0,0,0,1
mislead,False,0,000000,,,True,1,000001,Ev,,0.173,0.334,0.226,0.287,0.358,0.665,0.173388,0.840314,0,0.333834,0.717277,0,0.226182,0.591623,0,0.286839,0.657068,0,0.357671,0.643979,0,0.664902,0.743455,0,0,0,0,0,0,0
misrepresent,True,1,010000,Cm,,True,2,010010,Cm,Sn,0.287,0.794,0.073,0.286,0.601,0.474,0.286836,0.840314,0,0.793879,0.717277,1,0.073353,0.591623,0,0.286494,0.657068,0,0.600613,0.643979,0,0.473989,0.743455,0,0,1,0,0,0,0
miss,True,1,010000,Cm,,True,3,110001,Kn,"Cm, Ev",0.803,0.777,0.083,0.534,0.061,0.688,0.802681,0.840314,0,0.776963,0.717277,1,0.08328,0.591623,0,0.534485,0.657068,0,0.061216,0.643979,0,0.687964,0.743455,0,0,1,0,0,0,0
mitigate,True,1,001000,Ap,,True,1,001000,Ap,,0.033,0.026,0.897,0.409,0.428,0.312,0.033422,0.840314,0,0.025622,0.717277,0,0.896905,0.591623,1,0.409236,0.657068,0,0.4276,0.643979,0,0.311783,0.743455,0,0,0,1,0,0,0
mix,False,0,000000,,,True,1,000100,An,,0.145,0.472,0.182,0.585,0.324,0.261,0.14517,0.840314,0,0.471857,0.717277,0,0.181669,0.591623,0,0.584691,0.657068,0,0.324165,0.643979,0,0.260628,0.743455,0,0,0,0,0,0,0
mobilize,False,0,000000,,,True,1,000010,Sn,,0.322,0.349,0.185,0.538,0.601,0.477,0.321746,0.840314,0,0.349241,0.717277,0,0.185036,0.591623,0,0.537616,0.657068,0,0.601243,0.643979,0,0.476892,0.743455,0,0,0,0,0,0,0
modulate,True,1,000010,Sn,,True,2,001010,Sn,Ap,0.091,0.075,0.591,0.309,0.881,0.147,0.091488,0.840314,0,0.07527,0.717277,0,0.591289,0.591623,0,0.309026,0.657068,0,0.88085,0.643979,1,0.146703,0.743455,0,0,0,0,0,1,0
moisten,False,0,000000,,,True,1,000001,Ev,,0.354,0.147,0.13,0.383,0.424,0.693,0.353805,0.840314,0,0.147159,0.717277,0,0.129557,0.591623,0,0.383018,0.657068,0,0.424402,0.643979,0,0.692522,0.743455,0,0,0,0,0,0,0
mold,False,0,000000,,,False,0,000000,,,0.321,0.098,0.39,0.454,0.516,0.43,0.321419,0.840314,0,0.098443,0.717277,0,0.389879,0.591623,0,0.454082,0.657068,0,0.515936,0.643979,0,0.429762,0.743455,0,0,0,0,0,0,0
monetize,True,1,000001,Ev,,True,3,000111,Ev,"An, Sn",0.259,0.174,0.229,0.757,0.648,0.839,0.25898,0.840314,0,0.174256,0.717277,0,0.228647,0.591623,0,0.756963,0.657068,1,0.648199,0.643979,1,0.83914,0.743455,1,0,0,0,0,0,1
morph,True,1,000010,Sn,,True,2,000110,Sn,An,0.313,0.367,0.264,0.744,0.83,0.087,0.312576,0.840314,0,0.367104,0.717277,0,0.264302,0.591623,0,0.743956,0.657068,1,0.830146,0.643979,1,0.086828,0.743455,0,0,0,0,0,1,0
motorize,True,1,001000,Ap,,True,1,001000,Ap,,0.264,0.184,0.754,0.467,0.511,0.061,0.264086,0.840314,0,0.18401,0.717277,0,0.753971,0.591623,1,0.467354,0.657068,0,0.51098,0.643979,0,0.061139,0.743455,0,0,0,1,0,0,0
mould,True,1,000010,Sn,,True,4,001111,Ev,"Ap, An, Sn",0.165,0.167,0.578,0.592,0.66,0.696,0.165172,0.840314,0,0.166885,0.717277,0,0.577516,0.591623,0,0.591998,0.657068,0,0.659543,0.643979,1,0.696023,0.743455,0,0,0,0,0,1,0
move,True,1,010000,Cm,,True,3,111000,Cm,"Kn, Ap",0.752,0.961,0.731,0.269,0.178,0.255,0.752278,0.840314,0,0.961297,0.717277,1,0.730674,0.591623,1,0.269196,0.657068,0,0.178275,0.643979,0,0.254936,0.743455,0,0,1,0,0,0,0
mutate,True,1,001000,Ap,,True,2,001100,Ap,An,0.666,0.027,0.886,0.776,0.289,0.032,0.666275,0.840314,0,0.027147,0.717277,0,0.885729,0.591623,1,0.77635,0.657068,1,0.288583,0.643979,0,0.032041,0.743455,0,0,0,1,0,0,0
nail,True,3,101100,Kn,"Ap, An",True,4,101101,Kn,"Ap, An, Ev",0.86,0.595,0.605,0.8,0.073,0.661,0.860066,0.840314,1,0.595086,0.717277,0,0.604731,0.591623,1,0.80012,0.657068,1,0.073202,0.643979,0,0.660963,0.743455,0,1,0,1,1,0,0
narrate,True,1,000010,Sn,,True,1,000010,Sn,,0.696,0.218,0.432,0.481,0.849,0.379,0.696293,0.840314,0,0.218098,0.717277,0,0.43241,0.591623,0,0.481063,0.657068,0,0.848665,0.643979,1,0.37898,0.743455,0,0,0,0,0,1,0
navigate,True,1,010000,Cm,,True,4,111100,Cm,"Kn, Ap, An",0.769,0.797,0.569,0.585,0.131,0.247,0.769325,0.840314,0,0.797244,0.717277,1,0.568697,0.591623,0,0.585298,0.657068,0,0.130818,0.643979,0,0.246695,0.743455,0,0,1,0,0,0,0
necessitate,False,0,000000,,,False,0,000000,,,0.248,0.098,0.352,0.409,0.467,0.631,0.247642,0.840314,0,0.098283,0.717277,0,0.352103,0.591623,0,0.40883,0.657068,0,0.466883,0.643979,0,0.631478,0.743455,0,0,0,0,0,0,0
need,True,1,000100,An,,True,1,000100,An,,0.705,0.477,0.355,0.663,0.373,0.373,0.705082,0.840314,0,0.476922,0.717277,0,0.355483,0.591623,0,0.662575,0.657068,1,0.373376,0.643979,0,0.372652,0.743455,0,0,0,0,1,0,0
negate,False,0,000000,,,True,2,010100,Cm,An,0.228,0.669,0.174,0.656,0.341,0.614,0.228253,0.840314,0,0.668944,0.717277,0,0.174329,0.591623,0,0.656324,0.657068,0,0.34081,0.643979,0,0.614321,0.743455,0,0,0,0,0,0,0
neglect,False,0,000000,,,True,1,100000,Kn,,0.736,0.235,0.406,0.525,0.38,0.233,0.7358,0.840314,0,0.235031,0.717277,0,0.406467,0.591623,0,0.524678,0.657068,0,0.379595,0.643979,0,0.232689,0.743455,0,0,0,0,0,0,0
neutralize,True,1,001000,Ap,,True,1,001000,Ap,,0.011,0.09,0.655,0.163,0.546,0.275,0.011098,0.840314,0,0.090396,0.717277,0,0.654846,0.591623,1,0.163386,0.657068,0,0.545782,0.643979,0,0.274615,0.743455,0,0,0,1,0,0,0
nominate,True,1,000100,An,,True,4,001111,An,"Ap, Sn, Ev",0.544,0.265,0.905,0.971,0.601,0.79,0.543598,0.840314,0,0.265008,0.717277,0,0.904743,0.591623,1,0.970883,0.657068,1,0.601398,0.643979,0,0.790257,0.743455,1,0,0,0,1,0,0
normalize,True,1,000010,Sn,,True,3,001110,Sn,"Ap, An",0.067,0.445,0.595,0.707,0.89,0.107,0.067359,0.840314,0,0.444526,0.717277,0,0.594735,0.591623,1,0.706864,0.657068,1,0.890253,0.643979,1,0.106515,0.743455,0,0,0,0,0,1,0
notate,False,0,000000,,,True,3,101010,Kn,"Ap, Sn",0.784,0.578,0.551,0.034,0.606,0.181,0.784073,0.840314,0,0.578153,0.717277,0,0.550517,0.591623,0,0.033984,0.657068,0,0.606328,0.643979,0,0.180538,0.743455,0,0,0,0,0,0,0
note,True,1,100000,Kn,,True,2,110000,Kn,Cm,0.886,0.73,0.124,0.335,0.021,0.14,0.886467,0.840314,1,0.73046,0.717277,1,0.123993,0.591623,0,0.33463,0.657068,0,0.021196,0.643979,0,0.139965,0.743455,0,1,0,0,0,0,0
notice,True,1,100000,Kn,,True,3,110100,Kn,"Cm, An",0.945,0.697,0.201,0.694,0.028,0.231,0.945208,0.840314,1,0.696858,0.717277,0,0.20082,0.591623,0,0.693854,0.657068,1,0.028147,0.643979,0,0.231374,0.743455,0,1,0,0,0,0,0
notify,True,1,001000,Ap,,True,1,001000,Ap,,0.633,0.589,0.791,0.184,0.029,0.052,0.633281,0.840314,0,0.589303,0.717277,0,0.791127,0.591623,1,0.183855,0.657068,0,0.028666,0.643979,0,0.05245,0.743455,0,0,0,1,0,0,0
nucleate,True,1,000001,Ev,,True,3,001101,Ev,"Ap, An",0.34,0.154,0.639,0.705,0.467,0.775,0.340241,0.840314,0,0.154108,0.717277,0,0.638776,0.591623,1,0.704935,0.657068,1,0.4672,0.643979,0,0.774587,0.743455,1,0,0,0,0,0,1
nudge,True,2,000101,An,Ev,True,2,000101,An,Ev,0.666,0.306,0.017,0.831,0.501,0.79,0.666221,0.840314,0,0.306499,0.717277,0,0.017023,0.591623,0,0.830912,0.657068,1,0.500632,0.643979,0,0.790094,0.743455,1,0,0,0,1,0,1
nullify,True,1,001000,Ap,,True,2,001010,Ap,Sn,0.346,0.252,0.737,0.215,0.634,0.526,0.345843,0.840314,0,0.252194,0.717277,0,0.737345,0.591623,1,0.21503,0.657068,0,0.633974,0.643979,0,0.526475,0.743455,0,0,0,1,0,0,0
nurture,True,1,000001,Ev,,True,3,001011,Ev,"Ap, Sn",0.337,0.03,0.599,0.41,0.595,0.789,0.337443,0.840314,0,0.030487,0.717277,0,0.598548,0.591623,1,0.410031,0.657068,0,0.594699,0.643979,0,0.789089,0.743455,1,0,0,0,0,0,1
obey,True,1,001000,Ap,,True,1,001000,Ap,,0.694,0.465,0.597,0.066,0.346,0.348,0.694079,0.840314,0,0.465133,0.717277,0,0.596542,0.591623,1,0.065896,0.657068,0,0.345862,0.643979,0,0.347562,0.743455,0,0,0,1,0,0,0
obfuscate,True,1,001000,Ap,,True,2,001010,Ap,Sn,0.043,0.604,0.887,0.19,0.63,0.106,0.04311,0.840314,0,0.604078,0.717277,0,0.886573,0.591623,1,0.189549,0.657068,0,0.629819,0.643979,0,0.106009,0.743455,0,0,0,1,0,0,0
object,True,3,011100,An,"Cm, Ap",True,4,111100,An,"Kn, Cm, Ap",0.732,0.798,0.693,0.83,0.334,0.167,0.731823,0.840314,0,0.797747,0.717277,1,0.6929,0.591623,1,0.830272,0.657068,1,0.333849,0.643979,0,0.166974,0.743455,0,0,1,1,1,0,0
oblige,False,0,000000,,,False,0,000000,,,0.213,0.054,0.361,0.197,0.372,0.2,0.213163,0.840314,0,0.054472,0.717277,0,0.361014,0.591623,0,0.197303,0.657068,0,0.371917,0.643979,0,0.199633,0.743455,0,0,0,0,0,0,0
obstruct,True,1,001000,Ap,,True,2,001100,Ap,An,0.092,0.498,0.94,0.563,0.352,0.479,0.092207,0.840314,0,0.498367,0.717277,0,0.940178,0.591623,1,0.56345,0.657068,0,0.351899,0.643979,0,0.479217,0.743455,0,0,0,1,0,0,0
obviate,True,1,001000,Ap,,True,1,001000,Ap,,0.129,0.414,0.793,0.204,0.308,0.41,0.129102,0.840314,0,0.414093,0.717277,0,0.792896,0.591623,1,0.203756,0.657068,0,0.308288,0.643979,0,0.409804,0.743455,0,0,0,1,0,0,0
occlude,False,0,000000,,,False,0,000000,,,0.406,0.521,0.483,0.48,0.128,0.53,0.406226,0.840314,0,0.520909,0.717277,0,0.482627,0.591623,0,0.480331,0.657068,0,0.128007,0.643979,0,0.5304,0.743455,0,0,0,0,0,0,0
occupy,True,1,001000,Ap,,True,2,011000,Ap,Cm,0.37,0.745,0.989,0.538,0.425,0.28,0.369957,0.840314,0,0.745192,0.717277,1,0.989427,0.591623,1,0.538172,0.657068,0,0.42504,0.643979,0,0.280339,0.743455,0,0,0,1,0,0,0
occur,True,1,100000,Kn,,True,3,111000,Kn,"Cm, Ap",0.89,0.752,0.75,0.522,0.453,0.005,0.889522,0.840314,1,0.751733,0.717277,1,0.750319,0.591623,1,0.522479,0.657068,0,0.452795,0.643979,0,0.004819,0.743455,0,1,0,0,0,0,0
offer,False,0,000000,,,False,0,000000,,,0.433,0.577,0.391,0.408,0.094,0.112,0.433271,0.840314,0,0.576704,0.717277,0,0.390756,0.591623,0,0.408327,0.657068,0,0.093797,0.643979,0,0.112317,0.743455,0,0,0,0,0,0,0
offload,False,0,000000,,,True,1,001000,Ap,,0.029,0.393,0.568,0.48,0.357,0.605,0.028733,0.840314,0,0.392909,0.717277,0,0.568171,0.591623,0,0.479571,0.657068,0,0.356789,0.643979,0,0.604813,0.743455,0,0,0,0,0,0,0
offset,False,0,000000,,,False,0,000000,,,0.666,0.174,0.419,0.269,0.047,0.052,0.666338,0.840314,0,0.174197,0.717277,0,0.418996,0.591623,0,0.269237,0.657068,0,0.046775,0.643979,0,0.051697,0.743455,0,0,0,0,0,0,0
omit,False,0,000000,,,True,1,010000,Cm,,0.617,0.63,0.3,0.024,0.301,0.091,0.617226,0.840314,0,0.629787,0.717277,0,0.299925,0.591623,0,0.023894,0.657068,0,0.300723,0.643979,0,0.090674,0.743455,0,0,0,0,0,0,0
open,True,1,000100,An,,True,2,001100,An,Ap,0.589,0.115,0.765,0.965,0.381,0.279,0.588746,0.840314,0,0.115074,0.717277,0,0.764731,0.591623,1,0.964919,0.657068,1,0.380711,0.643979,0,0.279243,0.743455,0,0,0,0,1,0,0
oppose,True,1,001000,Ap,,True,2,101000,Ap,Kn,0.752,0.595,0.946,0.306,0.5,0.147,0.751992,0.840314,0,0.595232,0.717277,0,0.946218,0.591623,1,0.306229,0.657068,0,0.499519,0.643979,0,0.146626,0.743455,0,0,0,1,0,0,0
opsonize,True,1,000010,Sn,,True,2,010010,Sn,Cm,0.154,0.692,0.072,0.558,0.705,0.167,0.154177,0.840314,0,0.691661,0.717277,0,0.071646,0.591623,0,0.558177,0.657068,0,0.704862,0.643979,1,0.167178,0.743455,0,0,0,0,0,1,0
opt,True,1,000001,Ev,,True,2,000011,Ev,Sn,0.077,0.024,0.432,0.379,0.634,0.764,0.077022,0.840314,0,0.024257,0.717277,0,0.431997,0.591623,0,0.378714,0.657068,0,0.633883,0.643979,0,0.763751,0.743455,1,0,0,0,0,0,1
orchestrate,True,1,000100,An,,True,2,010100,An,Cm,0.205,0.698,0.28,0.868,0.358,0.258,0.20479,0.840314,0,0.697852,0.717277,0,0.280418,0.591623,0,0.868143,0.657068,1,0.357752,0.643979,0,0.258051,0.743455,0,0,0,0,1,0,0
orient,True,1,010000,Cm,,True,3,111000,Cm,"Kn, Ap",0.749,0.901,0.594,0.08,0.429,0.221,0.749249,0.840314,0,0.901026,0.717277,1,0.593515,0.591623,1,0.079593,0.657068,0,0.429034,0.643979,0,0.221031,0.743455,0,0,1,0,0,0,0
orientate,False,0,000000,,,False,0,000000,,,0.645,0.483,0.362,0.217,0.473,0.408,0.645025,0.840314,0,0.482654,0.717277,0,0.361604,0.591623,0,0.217081,0.657068,0,0.472966,0.643979,0,0.407635,0.743455,0,0,0,0,0,0,0
oscillate,True,1,000100,An,,True,2,010100,An,Cm,0.309,0.75,0.394,0.822,0.06,0.106,0.308961,0.840314,0,0.74965,0.717277,1,0.394406,0.591623,0,0.821961,0.657068,1,0.06024,0.643979,0,0.105862,0.743455,0,0,0,0,1,0,0
outlaw,True,1,001000,Ap,,True,1,001000,Ap,,0.646,0.099,0.747,0.487,0.071,0.182,0.645542,0.840314,0,0.09936,0.717277,0,0.747382,0.591623,1,0.48697,0.657068,0,0.070945,0.643979,0,0.182452,0.743455,0,0,0,1,0,0,0
outnumber,True,1,100000,Kn,,True,2,100100,Kn,An,0.906,0.54,0.175,0.56,0.071,0.596,0.905592,0.840314,1,0.540268,0.717277,0,0.175278,0.591623,0,0.560045,0.657068,0,0.070813,0.643979,0,0.596195,0.743455,0,1,0,0,0,0,0
outpace,True,1,000100,An,,True,1,000100,An,,0.046,0.109,0.12,0.842,0.163,0.443,0.045762,0.840314,0,0.109206,0.717277,0,0.12015,0.591623,0,0.842211,0.657068,1,0.162911,0.643979,0,0.443312,0.743455,0,0,0,0,1,0,0
outperform,True,1,000010,Sn,,True,2,000011,Ev,Sn,0.338,0.557,0.486,0.385,0.658,0.688,0.338105,0.840314,0,0.556594,0.717277,0,0.486301,0.591623,0,0.384588,0.657068,0,0.657743,0.643979,1,0.687764,0.743455,0,0,0,0,0,1,0
outsource,True,1,001000,Ap,,True,3,011001,Ap,"Cm, Ev",0.043,0.633,0.908,0.516,0.518,0.65,0.04288,0.840314,0,0.632586,0.717277,0,0.907566,0.591623,1,0.515937,0.657068,0,0.517903,0.643979,0,0.649641,0.743455,0,0,0,1,0,0,0
outstrip,True,2,001100,Ap,An,True,2,001100,Ap,An,0.281,0.465,0.791,0.78,0.04,0.478,0.280814,0.840314,0,0.46472,0.717277,0,0.791263,0.591623,1,0.780085,0.657068,1,0.039777,0.643979,0,0.478295,0.743455,0,0,0,1,1,0,0
outweigh,True,1,000100,An,,True,3,001101,An,"Ap, Ev",0.438,0.545,0.55,0.826,0.269,0.721,0.43847,0.840314,0,0.544817,0.717277,0,0.550068,0.591623,0,0.82597,0.657068,1,0.268615,0.643979,0,0.720517,0.743455,0,0,0,0,1,0,0
overarch,True,1,000100,An,,True,2,100100,An,Kn,0.751,0.54,0.254,0.772,0.072,0.321,0.751058,0.840314,0,0.540166,0.717277,0,0.254076,0.591623,0,0.772402,0.657068,1,0.071743,0.643979,0,0.320825,0.743455,0,0,0,0,1,0,0
overcome,True,1,001000,Ap,,True,1,001000,Ap,,0.655,0.132,0.908,0.508,0.268,0.405,0.654863,0.840314,0,0.132102,0.717277,0,0.907563,0.591623,1,0.508032,0.657068,0,0.267643,0.643979,0,0.405056,0.743455,0,0,0,1,0,0,0
overcompensate,False,0,000000,,,False,0,000000,,,0.078,0.218,0.088,0.41,0.161,0.473,0.078073,0.840314,0,0.217803,0.717277,0,0.088207,0.591623,0,0.410424,0.657068,0,0.160655,0.643979,0,0.472569,0.743455,0,0,0,0,0,0,0
overemphasize,True,1,010000,Cm,,True,2,010100,Cm,An,0.568,0.945,0.103,0.814,0.101,0.189,0.568156,0.840314,0,0.945056,0.717277,1,0.103059,0.591623,0,0.813583,0.657068,1,0.101112,0.643979,0,0.188641,0.743455,0,0,1,0,0,0,0
overestimate,True,1,000001,Ev,,True,1,000001,Ev,,0.302,0.59,0.071,0.384,0.493,0.798,0.30207,0.840314,0,0.590213,0.717277,0,0.071194,0.591623,0,0.38396,0.657068,0,0.493304,0.643979,0,0.798192,0.743455,1,0,0,0,0,0,1
overexpose,True,1,001000,Ap,,True,3,111000,Kn,"Cm, Ap",0.727,0.703,0.715,0.423,0.072,0.107,0.726899,0.840314,0,0.702919,0.717277,0,0.715052,0.591623,1,0.42256,0.657068,0,0.071975,0.643979,0,0.10736,0.743455,0,0,0,1,0,0,0
overflow,True,1,000100,An,,True,2,010100,An,Cm,0.327,0.737,0.301,0.832,0.018,0.05,0.326766,0.840314,0,0.736743,0.717277,1,0.300872,0.591623,0,0.832426,0.657068,1,0.018102,0.643979,0,0.050123,0.743455,0,0,0,0,1,0,0
overhear,True,1,100000,Kn,,True,1,100000,Kn,,0.901,0.328,0.173,0.241,0.131,0.031,0.900605,0.840314,1,0.328362,0.717277,0,0.172964,0.591623,0,0.240552,0.657068,0,0.130772,0.643979,0,0.030895,0.743455,0,1,0,0,0,0,0
overlap,True,1,010000,Cm,,True,3,111000,Cm,"Kn, Ap",0.856,0.946,0.534,0.324,0.535,0.104,0.855539,0.840314,1,0.946258,0.717277,1,0.533541,0.591623,0,0.323948,0.657068,0,0.535164,0.643979,0,0.103798,0.743455,0,0,1,0,0,0,0
overlay,True,1,010000,Cm,,True,2,110000,Cm,Kn,0.726,0.819,0.082,0.518,0.021,0.039,0.725649,0.840314,0,0.818988,0.717277,1,0.082323,0.591623,0,0.517759,0.657068,0,0.021241,0.643979,0,0.039076,0.743455,0,0,1,0,0,0,0
overlie,True,1,100000,Kn,,True,2,100100,Kn,An,0.981,0.605,0.261,0.632,0.018,0.233,0.981269,0.840314,1,0.604737,0.717277,0,0.260893,0.591623,0,0.632442,0.657068,0,0.017791,0.643979,0,0.233129,0.743455,0,1,0,0,0,0,0
overload,True,1,001000,Ap,,True,1,001000,Ap,,0.174,0.098,0.667,0.486,0.153,0.293,0.173867,0.840314,0,0.097642,0.717277,0,0.666795,0.591623,1,0.485696,0.657068,0,0.152576,0.643979,0,0.293292,0.743455,0,0,0,1,0,0,0
overlook,True,1,100000,Kn,,True,2,100100,Kn,An,0.871,0.577,0.233,0.661,0.272,0.007,0.870678,0.840314,1,0.576819,0.717277,0,0.232512,0.591623,0,0.661136,0.657068,1,0.27233,0.643979,0,0.006824,0.743455,0,1,0,0,0,0,0
overproduce,True,1,000100,An,,True,2,001100,An,Ap,0.26,0.479,0.533,0.748,0.335,0.419,0.260007,0.840314,0,0.478751,0.717277,0,0.532824,0.591623,0,0.747966,0.657068,1,0.335207,0.643979,0,0.418784,0.743455,0,0,0,0,1,0,0
override,True,1,001000,Ap,,True,1,001000,Ap,,0.642,0.536,0.694,0.445,0.163,0.105,0.641737,0.840314,0,0.535907,0.717277,0,0.693504,0.591623,1,0.445211,0.657068,0,0.163417,0.643979,0,0.104758,0.743455,0,0,0,1,0,0,0
overrun,True,2,001100,Ap,An,True,2,001100,Ap,An,0.356,0.479,0.755,0.717,0.02,0.073,0.356473,0.840314,0,0.479008,0.717277,0,0.754567,0.591623,1,0.717228,0.657068,1,0.01964,0.643979,0,0.072546,0.743455,0,0,0,1,1,0,0
oversee,True,1,000100,An,,True,3,101100,Kn,"Ap, An",0.826,0.416,0.62,0.744,0.502,0.599,0.825552,0.840314,0,0.415738,0.717277,0,0.620389,0.591623,1,0.743854,0.657068,1,0.501897,0.643979,0,0.598541,0.743455,0,0,0,0,1,0,0
overshadow,True,1,010000,Cm,,True,2,010100,Cm,An,0.626,0.927,0.248,0.765,0.129,0.138,0.625975,0.840314,0,0.927195,0.717277,1,0.247758,0.591623,0,0.764521,0.657068,1,0.129201,0.643979,0,0.137859,0.743455,0,0,1,0,0,0,0
overshoot,True,1,000100,An,,True,1,000100,An,,0.32,0.59,0.076,0.917,0.003,0.405,0.319501,0.840314,0,0.589957,0.717277,0,0.076259,0.591623,0,0.917065,0.657068,1,0.003029,0.643979,0,0.404686,0.743455,0,0,0,0,1,0,0
overstate,True,1,010000,Cm,,True,2,010001,Cm,Ev,0.629,0.956,0.003,0.53,0.157,0.796,0.629109,0.840314,0,0.95618,0.717277,1,0.003149,0.591623,0,0.530385,0.657068,0,0.157338,0.643979,0,0.795774,0.743455,1,0,1,0,0,0,0
overstrain,True,1,000100,An,,True,2,001100,An,Ap,0.426,0.175,0.704,0.913,0.045,0.085,0.426402,0.840314,0,0.174634,0.717277,0,0.703717,0.591623,1,0.913368,0.657068,1,0.045227,0.643979,0,0.084848,0.743455,0,0,0,0,1,0,0
overstress,True,1,000100,An,,True,2,100100,An,Kn,0.758,0.117,0.498,0.909,0.071,0.41,0.75767,0.840314,0,0.117234,0.717277,0,0.497994,0.591623,0,0.908843,0.657068,1,0.070877,0.643979,0,0.410397,0.743455,0,0,0,0,1,0,0
overtake,True,1,100000,Kn,,True,3,111000,Kn,"Cm, Ap",0.847,0.738,0.754,0.52,0.055,0.071,0.846937,0.840314,1,0.737896,0.717277,1,0.754091,0.591623,1,0.520319,0.657068,0,0.054584,0.643979,0,0.070845,0.743455,0,1,0,0,0,0,0
overturn,True,1,000100,An,,True,4,111100,Kn,"Cm, Ap, An",0.837,0.648,0.638,0.784,0.005,0.24,0.837013,0.840314,0,0.647505,0.717277,0,0.638055,0.591623,1,0.783756,0.657068,1,0.004962,0.643979,0,0.23982,0.743455,0,0,0,0,1,0,0
overwhelm,False,0,000000,,,True,1,001000,Ap,,0.644,0.415,0.552,0.481,0.059,0.233,0.643879,0.840314,0,0.414726,0.717277,0,0.552183,0.591623,0,0.480725,0.657068,0,0.059304,0.643979,0,0.233011,0.743455,0,0,0,0,0,0,0
overwrite,True,1,100000,Kn,,True,3,111000,Kn,"Cm, Ap",0.905,0.706,0.794,0.18,0.326,0.067,0.904643,0.840314,1,0.705656,0.717277,0,0.793943,0.591623,1,0.180372,0.657068,0,0.326291,0.643979,0,0.066647,0.743455,0,1,0,0,0,0,0
owe,False,0,000000,,,True,3,110001,Kn,"Cm, Ev",0.807,0.621,0.351,0.229,0.084,0.695,0.806809,0.840314,0,0.620716,0.717277,0,0.350997,0.591623,0,0.229368,0.657068,0,0.083927,0.643979,0,0.694696,0.743455,0,0,0,0,0,0,0
own,True,1,100000,Kn,,True,3,101100,Kn,"Ap, An",0.986,0.482,0.84,0.599,0.162,0.325,0.986464,0.840314,1,0.481793,0.717277,0,0.839635,0.591623,1,0.599055,0.657068,0,0.162295,0.643979,0,0.324709,0.743455,0,1,0,0,0,0,0
oxidize,True,1,001000,Ap,,True,2,001100,Ap,An,0.288,0.484,0.897,0.83,0.071,0.304,0.287925,0.840314,0,0.483689,0.717277,0,0.896957,0.591623,1,0.830075,0.657068,1,0.070951,0.643979,0,0.303583,0.743455,0,0,0,1,0,0,0
pack,True,1,001000,Ap,,True,2,001010,Ap,Sn,0.665,0.122,0.64,0.439,0.628,0.426,0.665048,0.840314,0,0.121932,0.717277,0,0.640359,0.591623,1,0.439323,0.657068,0,0.627819,0.643979,0,0.426075,0.743455,0,0,0,1,0,0,0
parallelize,True,1,001000,Ap,,True,2,001010,Ap,Sn,0.205,0.37,0.791,0.481,0.634,0.058,0.204952,0.840314,0,0.369609,0.717277,0,0.790769,0.591623,1,0.481134,0.657068,0,0.634293,0.643979,0,0.058249,0.743455,0,0,0,1,0,0,0
paralyse,True,1,001000,Ap,,True,2,001100,Ap,An,0.069,0.097,0.997,0.881,0.086,0.189,0.068801,0.840314,0,0.097269,0.717277,0,0.997109,0.591623,1,0.88135,0.657068,1,0.085737,0.643979,0,0.189151,0.743455,0,0,0,1,0,0,0
pare,False,0,000000,,,True,1,001000,Ap,,0.153,0.436,0.535,0.473,0.343,0.182,0.152765,0.840314,0,0.43639,0.717277,0,0.534798,0.591623,0,0.4726,0.657068,0,0.342768,0.643979,0,0.181777,0.743455,0,0,0,0,0,0,0
parse,True,2,011000,Cm,Ap,True,3,011100,Cm,"Ap, An",0.063,0.729,0.717,0.617,0.532,0.121,0.063464,0.840314,0,0.728937,0.717277,1,0.716696,0.591623,1,0.616568,0.657068,0,0.531912,0.643979,0,0.12078,0.743455,0,0,1,1,0,0,0
pass,True,1,001000,Ap,,True,2,001100,Ap,An,0.488,0.186,0.876,0.692,0.066,0.182,0.487675,0.840314,0,0.185804,0.717277,0,0.876373,0.591623,1,0.691848,0.657068,1,0.065804,0.643979,0,0.182296,0.743455,0,0,0,1,0,0,0
paste,True,1,100000,Kn,,True,2,100100,Kn,An,0.902,0.352,0.339,0.757,0.289,0.208,0.902031,0.840314,1,0.352043,0.717277,0,0.338775,0.591623,0,0.756601,0.657068,1,0.288829,0.643979,0,0.207514,0.743455,0,1,0,0,0,0,0
patch,True,1,001000,Ap,,True,1,001000,Ap,,0.255,0.098,0.636,0.23,0.342,0.19,0.255377,0.840314,0,0.097542,0.717277,0,0.636161,0.591623,1,0.230183,0.657068,0,0.341749,0.643979,0,0.189785,0.743455,0,0,0,1,0,0,0
pause,True,1,000100,An,,True,2,100100,An,Kn,0.801,0.258,0.487,0.902,0.059,0.234,0.800799,0.840314,0,0.258163,0.717277,0,0.487159,0.591623,0,0.901931,0.657068,1,0.059376,0.643979,0,0.233542,0.743455,0,0,0,0,1,0,0
pave,True,1,001000,Ap,,True,3,011100,Ap,"Cm, An",0.609,0.691,0.977,0.655,0.005,0.246,0.608617,0.840314,0,0.690898,0.717277,0,0.977007,0.591623,1,0.655067,0.657068,0,0.004584,0.643979,0,0.245859,0.743455,0,0,0,1,0,0,0
pay,True,1,000100,An,,True,2,010100,Cm,An,0.711,0.696,0.304,0.674,0.242,0.269,0.71145,0.840314,0,0.695979,0.717277,0,0.30409,0.591623,0,0.673864,0.657068,1,0.241754,0.643979,0,0.269487,0.743455,0,0,0,0,1,0,0
peek,True,2,100100,Kn,An,True,2,100100,Kn,An,0.966,0.026,0.232,0.963,0.053,0.023,0.966116,0.840314,1,0.025879,0.717277,0,0.232235,0.591623,0,0.962679,0.657068,1,0.052812,0.643979,0,0.023194,0.743455,0,1,0,0,1,0,0
peel,True,1,000100,An,,True,1,000100,An,,0.593,0.066,0.384,0.699,0.125,0.482,0.593026,0.840314,0,0.065758,0.717277,0,0.383876,0.591623,0,0.698724,0.657068,1,0.125444,0.643979,0,0.482283,0.743455,0,0,0,0,1,0,0
peer,True,2,001100,Ap,An,True,2,001100,Ap,An,0.105,0.28,0.838,0.813,0.062,0.414,0.105016,0.840314,0,0.279966,0.717277,0,0.83773,0.591623,1,0.812765,0.657068,1,0.061852,0.643979,0,0.413653,0.743455,0,0,0,1,1,0,0
penalize,True,1,000001,Ev,,True,2,001001,Ev,Ap,0.069,0.031,0.793,0.301,0.285,0.905,0.069319,0.840314,0,0.031017,0.717277,0,0.793475,0.591623,1,0.30136,0.657068,0,0.284844,0.643979,0,0.904524,0.743455,1,0,0,0,0,0,1
penetrate,True,1,001000,Ap,,True,2,001100,Ap,An,0.406,0.404,0.609,0.599,0.072,0.126,0.406485,0.840314,0,0.403512,0.717277,0,0.609484,0.591623,1,0.599087,0.657068,0,0.071671,0.643979,0,0.126338,0.743455,0,0,0,1,0,0,0
perceive,True,2,110000,Kn,Cm,True,4,110110,Kn,"Cm, An, Sn",0.946,0.923,0.038,0.655,0.58,0.221,0.946482,0.840314,1,0.923374,0.717277,1,0.038392,0.591623,0,0.654581,0.657068,0,0.580226,0.643979,0,0.220639,0.743455,0,1,1,0,0,0,0
percolate,True,1,000100,An,,True,1,000100,An,,0.288,0.471,0.393,0.879,0.055,0.189,0.287869,0.840314,0,0.47137,0.717277,0,0.392943,0.591623,0,0.87863,0.657068,1,0.054895,0.643979,0,0.188651,0.743455,0,0,0,0,1,0,0
perforate,True,1,001000,Ap,,True,1,001000,Ap,,0.059,0.053,0.906,0.409,0.037,0.508,0.058908,0.840314,0,0.052539,0.717277,0,0.905507,0.591623,1,0.408526,0.657068,0,0.036755,0.643979,0,0.507581,0.743455,0,0,0,1,0,0,0
perish,True,1,001000,Ap,,True,1,001000,Ap,,0.299,0.397,0.957,0.197,0.003,0.444,0.298835,0.840314,0,0.397171,0.717277,0,0.956951,0.591623,1,0.196971,0.657068,0,0.002618,0.643979,0,0.443905,0.743455,0,0,0,1,0,0,0
permeate,False,0,000000,,,True,1,001000,Ap,,0.063,0.237,0.543,0.481,0.009,0.565,0.062975,0.840314,0,0.236622,0.717277,0,0.542809,0.591623,0,0.481049,0.657068,0,0.009365,0.643979,0,0.565442,0.743455,0,0,0,0,0,0,0
permit,False,0,000000,,,True,4,111100,Kn,"Cm, Ap, An",0.743,0.647,0.56,0.647,0.072,0.424,0.743179,0.840314,0,0.646573,0.717277,0,0.560269,0.591623,0,0.646661,0.657068,0,0.072179,0.643979,0,0.424204,0.743455,0,0,0,0,0,0,0
permute,True,1,001000,Ap,,True,1,001000,Ap,,0.479,0.443,0.881,0.284,0.356,0.108,0.478549,0.840314,0,0.442593,0.717277,0,0.880851,0.591623,1,0.283873,0.657068,0,0.356239,0.643979,0,0.108008,0.743455,0,0,0,1,0,0,0
perpetuate,True,1,001000,Ap,,True,1,001000,Ap,,0.609,0.022,0.595,0.301,0.059,0.25,0.609127,0.840314,0,0.02197,0.717277,0,0.594906,0.591623,1,0.30128,0.657068,0,0.058864,0.643979,0,0.250062,0.743455,0,0,0,1,0,0,0
persevere,True,2,001001,Ap,Ev,True,2,001001,Ap,Ev,0.47,0.115,0.795,0.07,0.19,0.746,0.469849,0.840314,0,0.115235,0.717277,0,0.794878,0.591623,1,0.069852,0.657068,0,0.189635,0.643979,0,0.746013,0.743455,1,0,0,1,0,0,1
persist,True,2,001100,An,Ap,True,2,001100,An,Ap,0.478,0.072,0.661,0.662,0.189,0.509,0.478116,0.840314,0,0.071629,0.717277,0,0.660538,0.591623,1,0.662349,0.657068,1,0.189464,0.643979,0,0.508941,0.743455,0,0,0,1,1,0,0
persuade,True,1,000001,Ev,,True,1,000001,Ev,,0.301,0.082,0.384,0.032,0.474,0.781,0.301212,0.840314,0,0.082467,0.717277,0,0.384487,0.591623,0,0.03211,0.657068,0,0.474369,0.643979,0,0.78092,0.743455,1,0,0,0,0,0,1
pertain,True,2,010001,Cm,Ev,True,2,010001,Cm,Ev,0.142,0.925,0.391,0.355,0.239,0.889,0.14153,0.840314,0,0.924761,0.717277,1,0.390735,0.591623,0,0.354657,0.657068,0,0.238566,0.643979,0,0.889321,0.743455,1,0,1,0,0,0,1
perturb,True,1,000100,An,,True,1,000100,An,,0.077,0.459,0.391,0.855,0.202,0.12,0.077083,0.840314,0,0.459447,0.717277,0,0.391401,0.591623,0,0.855336,0.657068,1,0.201936,0.643979,0,0.119589,0.743455,0,0,0,0,1,0,0
phase,True,1,001000,Ap,,True,3,011100,Cm,"Ap, An",0.657,0.694,0.619,0.65,0.092,0.022,0.656656,0.840314,0,0.693764,0.717277,0,0.61906,0.591623,1,0.650315,0.657068,0,0.092309,0.643979,0,0.021888,0.743455,0,0,0,1,0,0,0
photograph,False,0,000000,,,True,2,100100,Kn,An,0.753,0.591,0.274,0.622,0.162,0.51,0.753164,0.840314,0,0.591157,0.717277,0,0.273588,0.591623,0,0.622352,0.657068,0,0.162224,0.643979,0,0.509574,0.743455,0,0,0,0,0,0,0
pick,True,1,100000,Kn,,True,5,111101,Kn,"Cm, Ap, An, Ev",0.98,0.626,0.866,0.711,0.269,0.891,0.979983,0.840314,1,0.625597,0.717277,0,0.865721,0.591623,1,0.711437,0.657068,1,0.269013,0.643979,0,0.891494,0.743455,1,1,0,0,0,0,0
pile,True,2,001100,Ap,An,True,3,101100,Ap,"Kn, An",0.787,0.443,0.793,0.754,0.322,0.445,0.787391,0.840314,0,0.442851,0.717277,0,0.793042,0.591623,1,0.753951,0.657068,1,0.321958,0.643979,0,0.444892,0.743455,0,0,0,1,1,0,0
pinch,True,1,000100,An,,True,4,011101,An,"Cm, Ap, Ev",0.4,0.643,0.551,0.97,0.373,0.762,0.400285,0.840314,0,0.642907,0.717277,0,0.550968,0.591623,0,0.969636,0.657068,1,0.372713,0.643979,0,0.762104,0.743455,1,0,0,0,1,0,0
ping,True,1,010000,Cm,,True,2,110000,Cm,Kn,0.811,0.819,0.226,0.042,0.182,0.115,0.81127,0.840314,0,0.818842,0.717277,1,0.2263,0.591623,0,0.042041,0.657068,0,0.182166,0.643979,0,0.114563,0.743455,0,0,1,0,0,0,0
pinpoint,True,1,100000,Kn,,True,3,101100,Kn,"Ap, An",0.916,0.545,0.746,0.736,0.014,0.122,0.915555,0.840314,1,0.545253,0.717277,0,0.746276,0.591623,1,0.736435,0.657068,1,0.01399,0.643979,0,0.122162,0.743455,0,1,0,0,0,0,0
plagiarize,True,3,110100,Kn,"Cm, An",True,3,110100,Kn,"Cm, An",0.935,0.728,0.392,0.879,0.165,0.373,0.934965,0.840314,1,0.727513,0.717277,1,0.391856,0.591623,0,0.879448,0.657068,1,0.165241,0.643979,0,0.373183,0.743455,0,1,1,0,1,0,0
plasticize,True,1,001000,Ap,,True,3,011100,Ap,"Cm, An",0.031,0.641,0.845,0.759,0.534,0.073,0.030828,0.840314,0,0.641405,0.717277,0,0.844927,0.591623,1,0.75869,0.657068,1,0.534381,0.643979,0,0.072763,0.743455,0,0,0,1,0,0,0
play,True,1,001000,Ap,,True,3,111000,Ap,"Kn, Cm",0.832,0.776,0.986,0.388,0.343,0.085,0.831997,0.840314,0,0.775901,0.717277,1,0.986062,0.591623,1,0.388322,0.657068,0,0.342609,0.643979,0,0.085072,0.743455,0,0,0,1,0,0,0
please,True,2,001100,Ap,An,True,3,011100,Ap,"Cm, An",0.552,0.651,0.878,0.831,0.044,0.562,0.552453,0.840314,0,0.651297,0.717277,0,0.877827,0.591623,1,0.830528,0.657068,1,0.044243,0.643979,0,0.562075,0.743455,0,0,0,1,1,0,0
plicate,True,1,000100,An,,True,1,000100,An,,0.41,0.483,0.501,0.707,0.031,0.101,0.409872,0.840314,0,0.482717,0.717277,0,0.50073,0.591623,0,0.706512,0.657068,1,0.03091,0.643979,0,0.101499,0.743455,0,0,0,0,1,0,0
plow,True,1,000100,An,,True,2,001100,An,Ap,0.166,0.472,0.932,0.993,0.166,0.014,0.165638,0.840314,0,0.471725,0.717277,0,0.932406,0.591623,1,0.993337,0.657068,1,0.16613,0.643979,0,0.014174,0.743455,0,0,0,0,1,0,0
pluck,True,1,001000,Ap,,True,2,001100,Ap,An,0.709,0.111,0.891,0.612,0.072,0.016,0.709138,0.840314,0,0.11114,0.717277,0,0.891052,0.591623,1,0.6116,0.657068,0,0.072308,0.643979,0,0.015885,0.743455,0,0,0,1,0,0,0
plug,True,1,000100,An,,True,2,010100,An,Cm,0.137,0.764,0.38,0.997,0.058,0.283,0.13661,0.840314,0,0.764278,0.717277,1,0.380136,0.591623,0,0.996921,0.657068,1,0.058039,0.643979,0,0.282679,0.743455,0,0,0,0,1,0,0
plumb,True,1,000100,An,,True,1,000100,An,,0.154,0.223,0.083,0.984,0.143,0.546,0.153882,0.840314,0,0.222526,0.717277,0,0.082979,0.591623,0,0.984192,0.657068,1,0.142638,0.643979,0,0.54644,0.743455,0,0,0,0,1,0,0
plunge,True,1,000100,An,,True,2,001100,An,Ap,0.064,0.024,0.78,0.979,0.018,0.561,0.064098,0.840314,0,0.023884,0.717277,0,0.779528,0.591623,1,0.978682,0.657068,1,0.017565,0.643979,0,0.561384,0.743455,0,0,0,0,1,0,0
ply,False,0,000000,,,True,1,000100,An,,0.037,0.098,0.248,0.586,0.066,0.185,0.037113,0.840314,0,0.09776,0.717277,0,0.248363,0.591623,0,0.585653,0.657068,0,0.06644,0.643979,0,0.184596,0.743455,0,0,0,0,0,0,0
poke,True,1,000100,An,,True,4,111100,An,"Kn, Cm, Ap",0.856,0.626,0.661,0.959,0.227,0.228,0.855547,0.840314,1,0.625643,0.717277,0,0.66119,0.591623,1,0.958883,0.657068,1,0.227003,0.643979,0,0.228309,0.743455,0,0,0,0,1,0,0
polarize,True,1,010000,Cm,,True,2,011000,Cm,Ap,0.111,0.818,0.715,0.337,0.144,0.071,0.110952,0.840314,0,0.817711,0.717277,1,0.714954,0.591623,1,0.336555,0.657068,0,0.144498,0.643979,0,0.071107,0.743455,0,0,1,0,0,0,0
pollute,True,1,001000,Ap,,True,2,001100,Ap,An,0.104,0.395,0.988,0.912,0.004,0.148,0.103691,0.840314,0,0.394518,0.717277,0,0.988313,0.591623,1,0.912286,0.657068,1,0.003926,0.643979,0,0.147903,0.743455,0,0,0,1,0,0,0
polymerize,True,1,001000,Ap,,True,2,001100,Ap,An,0.154,0.558,0.872,0.611,0.322,0.29,0.154207,0.840314,0,0.557573,0.717277,0,0.872467,0.591623,1,0.611311,0.657068,0,0.322444,0.643979,0,0.289947,0.743455,0,0,0,1,0,0,0
ponder,True,1,001000,Ap,,True,2,001001,Ev,Ap,0.536,0.494,0.655,0.406,0.221,0.689,0.536418,0.840314,0,0.494274,0.717277,0,0.654502,0.591623,1,0.406323,0.657068,0,0.220612,0.643979,0,0.689371,0.743455,0,0,0,1,0,0,0
pop,True,1,000010,Sn,,True,1,000010,Sn,,0.614,0.011,0.138,0.439,0.846,0.142,0.61375,0.840314,0,0.011048,0.717277,0,0.137852,0.591623,0,0.438717,0.657068,0,0.845592,0.643979,1,0.142398,0.743455,0,0,0,0,0,1,0
popularize,True,2,001010,Sn,Ap,True,2,001010,Sn,Ap,0.368,0.089,0.661,0.068,0.716,0.245,0.36763,0.840314,0,0.089048,0.717277,0,0.661473,0.591623,1,0.068373,0.657068,0,0.715555,0.643979,1,0.245401,0.743455,0,0,0,1,0,1,0
populate,True,1,000010,Sn,,True,1,000010,Sn,,0.681,0.137,0.301,0.061,0.914,0.119,0.681102,0.840314,0,0.136915,0.717277,0,0.300747,0.591623,0,0.060864,0.657068,0,0.914302,0.643979,1,0.118807,0.743455,0,0,0,0,0,1,0
pore,False,0,000000,,,True,2,101000,Kn,Ap,0.786,0.482,0.559,0.097,0.189,0.11,0.786165,0.840314,0,0.481713,0.717277,0,0.55881,0.591623,0,0.0974,0.657068,0,0.189311,0.643979,0,0.110294,0.743455,0,0,0,0,0,0,0
port,True,1,001000,Ap,,True,1,001000,Ap,,0.09,0.367,0.626,0.089,0.461,0.528,0.09013,0.840314,0,0.367395,0.717277,0,0.626212,0.591623,1,0.089074,0.657068,0,0.46123,0.643979,0,0.527852,0.743455,0,0,0,1,0,0,0
pose,True,1,000010,Sn,,True,2,000110,Sn,An,0.503,0.122,0.418,0.745,0.824,0.387,0.503372,0.840314,0,0.122074,0.717277,0,0.418384,0.591623,0,0.745384,0.657068,1,0.823561,0.643979,1,0.386529,0.743455,0,0,0,0,0,1,0
posit,True,1,000010,Sn,,True,2,010010,Cm,Sn,0.57,0.693,0.263,0.227,0.654,0.11,0.569643,0.840314,0,0.693339,0.717277,0,0.263126,0.591623,0,0.2268,0.657068,0,0.653875,0.643979,1,0.109969,0.743455,0,0,0,0,0,1,0
position,False,0,000000,,,True,3,010101,Ev,"Cm, An",0.57,0.649,0.371,0.559,0.44,0.66,0.569762,0.840314,0,0.64917,0.717277,0,0.371303,0.591623,0,0.558604,0.657068,0,0.439613,0.643979,0,0.659545,0.743455,0,0,0,0,0,0,0
possess,True,2,101000,Ap,Kn,True,3,101100,Ap,"Kn, An",0.985,0.131,0.99,0.651,0.164,0.445,0.984625,0.840314,1,0.131238,0.717277,0,0.989902,0.591623,1,0.650969,0.657068,0,0.163991,0.643979,0,0.445006,0.743455,0,1,0,1,0,0,0
post,True,1,000100,An,,True,2,000101,An,Ev,0.426,0.112,0.474,0.704,0.38,0.665,0.426156,0.840314,0,0.11184,0.717277,0,0.474457,0.591623,0,0.703677,0.657068,1,0.380317,0.643979,0,0.665199,0.743455,0,0,0,0,1,0,0
postpone,True,1,001000,Ap,,True,3,001101,Ap,"An, Ev",0.268,0.228,0.977,0.585,0.437,0.845,0.268095,0.840314,0,0.227632,0.717277,0,0.976502,0.591623,1,0.584537,0.657068,0,0.436722,0.643979,0,0.844992,0.743455,1,0,0,1,0,0,0
postulate,True,1,000100,An,,True,2,000101,An,Ev,0.367,0.138,0.348,0.775,0.4,0.696,0.366696,0.840314,0,0.138265,0.717277,0,0.348427,0.591623,0,0.774551,0.657068,1,0.399596,0.643979,0,0.695669,0.743455,0,0,0,0,1,0,0
potentiate,True,2,001100,Ap,An,True,2,001100,Ap,An,0.542,0.011,0.754,0.751,0.342,0.241,0.541594,0.840314,0,0.011231,0.717277,0,0.75434,0.591623,1,0.7514,0.657068,1,0.341877,0.643979,0,0.240526,0.743455,0,0,0,1,1,0,0
pour,True,1,001000,Ap,,True,3,011100,Ap,"Cm, An",0.218,0.766,0.979,0.616,0.12,0.112,0.217983,0.840314,0,0.766203,0.717277,1,0.979021,0.591623,1,0.615968,0.657068,0,0.120016,0.643979,0,0.111995,0.743455,0,0,0,1,0,0,0
praise,False,0,000000,,,False,0,000000,,,0.569,0.589,0.499,0.034,0.018,0.575,0.568918,0.840314,0,0.588892,0.717277,0,0.498813,0.591623,0,0.03401,0.657068,0,0.017988,0.643979,0,0.57521,0.743455,0,0,0,0,0,0,0
preach,True,1,001000,Ap,,True,1,001000,Ap,,0.382,0.076,0.702,0.108,0.034,0.559,0.382187,0.840314,0,0.076247,0.717277,0,0.702156,0.591623,1,0.108331,0.657068,0,0.033821,0.643979,0,0.559337,0.743455,0,0,0,1,0,0,0
precede,True,1,001000,Ap,,True,3,001011,Ap,"Sn, Ev",0.646,0.545,0.754,0.53,0.646,0.742,0.645633,0.840314,0,0.544799,0.717277,0,0.754448,0.591623,1,0.53049,0.657068,0,0.645994,0.643979,1,0.742295,0.743455,0,0,0,1,0,0,0
precipitate,True,1,000100,An,,True,2,010100,An,Cm,0.176,0.626,0.39,0.997,0.124,0.481,0.175759,0.840314,0,0.625564,0.717277,0,0.389574,0.591623,0,0.997382,0.657068,1,0.124102,0.643979,0,0.480889,0.743455,0,0,0,0,1,0,0
preclude,True,1,000100,An,,True,4,001111,An,"Ap, Sn, Ev",0.069,0.029,0.619,0.813,0.595,0.672,0.068663,0.840314,0,0.028735,0.717277,0,0.618867,0.591623,1,0.813214,0.657068,1,0.595149,0.643979,0,0.671699,0.743455,0,0,0,0,1,0,0
predetermine,True,1,000100,An,,True,2,000101,An,Ev,0.312,0.028,0.16,0.985,0.467,0.836,0.312026,0.840314,0,0.028024,0.717277,0,0.159864,0.591623,0,0.985316,0.657068,1,0.467245,0.643979,0,0.835611,0.743455,1,0,0,0,1,0,0
predispose,True,3,001110,Ap,"An, Sn",True,3,001110,Ap,"An, Sn",0.152,0.022,0.986,0.97,0.66,0.602,0.151947,0.840314,0,0.02172,0.717277,0,0.986404,0.591623,1,0.969726,0.657068,1,0.659567,0.643979,1,0.602034,0.743455,0,0,0,1,1,1,0
predominate,False,0,000000,,,False,0,000000,,,0.453,0.495,0.364,0.506,0.229,0.272,0.4534,0.840314,0,0.495437,0.717277,0,0.364497,0.591623,0,0.50641,0.657068,0,0.229499,0.643979,0,0.271821,0.743455,0,0,0,0,0,0,0
prefabricate,True,1,001000,Ap,,True,3,001110,Ap,"An, Sn",0.01,0.066,0.905,0.585,0.59,0.443,0.009563,0.840314,0,0.066207,0.717277,0,0.904983,0.591623,1,0.584532,0.657068,0,0.590441,0.643979,0,0.44254,0.743455,0,0,0,1,0,0,0
prefer,True,1,000100,An,,True,3,010101,An,"Cm, Ev",0.426,0.67,0.497,0.718,0.18,0.688,0.425576,0.840314,0,0.670149,0.717277,0,0.497482,0.591623,0,0.718192,0.657068,1,0.17996,0.643979,0,0.687782,0.743455,0,0,0,0,1,0,0
preform,True,2,001010,Ap,Sn,True,2,001010,Ap,Sn,0.32,0.11,0.915,0.307,0.862,0.259,0.319786,0.840314,0,0.10961,0.717277,0,0.914585,0.591623,1,0.307279,0.657068,0,0.862084,0.643979,1,0.259064,0.743455,0,0,0,1,0,1,0
preheat,True,1,000100,An,,True,3,000111,An,"Sn, Ev",0.358,0.073,0.486,0.987,0.747,0.833,0.358316,0.840314,0,0.07266,0.717277,0,0.485728,0.591623,0,0.987126,0.657068,1,0.747169,0.643979,1,0.832982,0.743455,1,0,0,0,1,0,0
preoccupy,True,1,000100,An,,True,2,100100,An,Kn,0.89,0.142,0.249,0.964,0.061,0.493,0.889604,0.840314,1,0.141652,0.717277,0,0.249279,0.591623,0,0.964271,0.657068,1,0.060651,0.643979,0,0.493406,0.743455,0,0,0,0,1,0,0
present,True,3,110100,Cm,"Kn, An",True,3,110100,Cm,"Kn, An",0.859,0.914,0.174,0.871,0.125,0.24,0.859368,0.840314,1,0.913682,0.717277,1,0.17406,0.591623,0,0.870855,0.657068,1,0.125458,0.643979,0,0.239626,0.743455,0,1,1,0,1,0,0
pressure,True,1,000001,Ev,,True,2,001001,Ev,Ap,0.309,0.578,0.563,0.495,0.358,0.772,0.308641,0.840314,0,0.577745,0.717277,0,0.56337,0.591623,0,0.494616,0.657068,0,0.357512,0.643979,0,0.771717,0.743455,1,0,0,0,0,0,1
pressurize,True,1,000100,An,,True,4,001111,An,"Ap, Sn, Ev",0.043,0.062,0.536,0.909,0.728,0.734,0.042652,0.840314,0,0.061998,0.717277,0,0.536335,0.591623,0,0.909071,0.657068,1,0.728389,0.643979,1,0.733587,0.743455,0,0,0,0,1,0,0
presume,True,1,000001,Ev,,True,4,010111,Ev,"Cm, An, Sn",0.03,0.763,0.28,0.693,0.723,0.837,0.029829,0.840314,0,0.762538,0.717277,1,0.280193,0.591623,0,0.692696,0.657068,1,0.723344,0.643979,1,0.837427,0.743455,1,0,0,0,0,0,1
presuppose,False,0,000000,,,True,2,000011,Ev,Sn,0.129,0.425,0.07,0.49,0.634,0.686,0.129448,0.840314,0,0.42497,0.717277,0,0.069674,0.591623,0,0.48999,0.657068,0,0.63426,0.643979,0,0.685681,0.743455,0,0,0,0,0,0,0
prevail,True,1,001000,Ap,,True,2,001001,Ap,Ev,0.413,0.14,0.891,0.248,0.025,0.693,0.413258,0.840314,0,0.140209,0.717277,0,0.890865,0.591623,1,0.247672,0.657068,0,0.02468,0.643979,0,0.693254,0.743455,0,0,0,1,0,0,0
prevent,True,1,001000,Ap,,True,2,001100,Ap,An,0.251,0.023,0.884,0.703,0.34,0.478,0.251289,0.840314,0,0.023316,0.717277,0,0.883868,0.591623,1,0.70326,0.657068,1,0.340449,0.643979,0,0.477993,0.743455,0,0,0,1,0,0,0
print,True,1,000100,An,,True,3,001101,An,"Ap, Ev",0.529,0.483,0.656,0.735,0.127,0.692,0.52862,0.840314,0,0.483333,0.717277,0,0.656157,0.591623,1,0.735388,0.657068,1,0.127081,0.643979,0,0.691769,0.743455,0,0,0,0,1,0,0
prise,True,1,000100,An,,True,3,010101,An,"Cm, Ev",0.625,0.677,0.174,0.867,0.126,0.786,0.624669,0.840314,0,0.677349,0.717277,0,0.17416,0.591623,0,0.866651,0.657068,1,0.125903,0.643979,0,0.786153,0.743455,1,0,0,0,1,0,0
proceed,True,3,011100,An,"Cm, Ap",True,3,011100,An,"Cm, Ap",0.664,0.736,0.91,0.914,0.163,0.577,0.66392,0.840314,0,0.736251,0.717277,1,0.909628,0.591623,1,0.913921,0.657068,1,0.162722,0.643979,0,0.577422,0.743455,0,0,1,1,1,0,0
prod,True,1,000100,An,,True,3,011100,An,"Cm, Ap",0.086,0.624,0.608,0.776,0.071,0.561,0.08599,0.840314,0,0.624316,0.717277,0,0.607567,0.591623,1,0.776366,0.657068,1,0.071107,0.643979,0,0.560712,0.743455,0,0,0,0,1,0,0
profess,False,0,000000,,,False,0,000000,,,0.093,0.273,0.483,0.39,0.289,0.443,0.093201,0.840314,0,0.272651,0.717277,0,0.483232,0.591623,0,0.390107,0.657068,0,0.288661,0.643979,0,0.443205,0.743455,0,0,0,0,0,0,0
prohibit,True,2,001100,An,Ap,True,2,001100,An,Ap,0.667,0.014,0.892,0.94,0.426,0.62,0.667419,0.840314,0,0.013936,0.717277,0,0.89153,0.591623,1,0.940142,0.657068,1,0.425517,0.643979,0,0.620492,0.743455,0,0,0,1,1,0,0
proliferate,False,0,000000,,,False,0,000000,,,0.623,0.136,0.306,0.085,0.533,0.187,0.623045,0.840314,0,0.13567,0.717277,0,0.305801,0.591623,0,0.085257,0.657068,0,0.532851,0.643979,0,0.187121,0.743455,0,0,0,0,0,0,0
prolong,True,1,001000,Ap,,True,2,001100,Ap,An,0.094,0.595,0.858,0.725,0.06,0.355,0.093787,0.840314,0,0.594774,0.717277,0,0.857654,0.591623,1,0.72537,0.657068,1,0.05956,0.643979,0,0.354952,0.743455,0,0,0,1,0,0,0
promise,False,0,000000,,,True,1,100000,Kn,,0.751,0.143,0.177,0.354,0.094,0.24,0.751014,0.840314,0,0.142687,0.717277,0,0.177352,0.591623,0,0.354361,0.657068,0,0.093856,0.643979,0,0.240174,0.743455,0,0,0,0,0,0,0
promote,True,1,001000,Ap,,True,1,001000,Ap,,0.128,0.109,0.595,0.19,0.512,0.567,0.128451,0.840314,0,0.109221,0.717277,0,0.595463,0.591623,1,0.190204,0.657068,0,0.512347,0.643979,0,0.567442,0.743455,0,0,0,1,0,0,0
prompt,True,1,000100,An,,True,2,000110,An,Sn,0.527,0.026,0.341,0.871,0.571,0.432,0.527348,0.840314,0,0.025856,0.717277,0,0.341324,0.591623,0,0.8715,0.657068,1,0.570668,0.643979,0,0.432364,0.743455,0,0,0,0,1,0,0
pronounce,False,0,000000,,,True,1,010000,Cm,,0.286,0.624,0.357,0.016,0.467,0.604,0.286147,0.840314,0,0.624304,0.717277,0,0.35726,0.591623,0,0.016211,0.657068,0,0.467409,0.643979,0,0.603877,0.743455,0,0,0,0,0,0,0
propagate,False,0,000000,,,False,0,000000,,,0.185,0.335,0.478,0.51,0.268,0.09,0.184553,0.840314,0,0.334834,0.717277,0,0.477793,0.591623,0,0.510421,0.657068,0,0.268235,0.643979,0,0.089614,0.743455,0,0,0,0,0,0,0
propel,True,1,001000,Ap,,True,1,001000,Ap,,0.063,0.054,0.8,0.371,0.164,0.142,0.062983,0.840314,0,0.053584,0.717277,0,0.800192,0.591623,1,0.37112,0.657068,0,0.163888,0.643979,0,0.142043,0.743455,0,0,0,1,0,0,0
prosper,True,1,001000,Ap,,True,2,011000,Cm,Ap,0.329,0.689,0.682,0.26,0.245,0.374,0.328814,0.840314,0,0.688641,0.717277,0,0.68227,0.591623,1,0.259522,0.657068,0,0.245132,0.643979,0,0.374365,0.743455,0,0,0,1,0,0,0
protest,True,1,001000,Ap,,True,3,011100,Ap,"Cm, An",0.478,0.624,0.978,0.729,0.441,0.111,0.478214,0.840314,0,0.624323,0.717277,0,0.978288,0.591623,1,0.728573,0.657068,1,0.441132,0.643979,0,0.111431,0.743455,0,0,0,1,0,0,0
protrude,True,1,000100,An,,True,2,010100,An,Cm,0.36,0.72,0.408,0.982,0.073,0.109,0.359687,0.840314,0,0.719931,0.717277,1,0.408085,0.591623,0,0.98174,0.657068,1,0.073391,0.643979,0,0.109055,0.743455,0,0,0,0,1,0,0
provoke,True,1,001000,Ap,,True,2,001100,Ap,An,0.257,0.41,0.898,0.812,0.439,0.485,0.256539,0.840314,0,0.409859,0.717277,0,0.898352,0.591623,1,0.812223,0.657068,1,0.438531,0.643979,0,0.48513,0.743455,0,0,0,1,0,0,0
prune,True,1,001000,Ap,,True,2,001100,Ap,An,0.296,0.099,0.937,0.857,0.316,0.201,0.295885,0.840314,0,0.098699,0.717277,0,0.936672,0.591623,1,0.856583,0.657068,1,0.315884,0.643979,0,0.200739,0.743455,0,0,0,1,0,0,0
pry,True,1,001000,Ap,,True,2,001100,Ap,An,0.145,0.338,0.979,0.649,0.126,0.405,0.144653,0.840314,0,0.337794,0.717277,0,0.978641,0.591623,1,0.649144,0.657068,0,0.125916,0.643979,0,0.40533,0.743455,0,0,0,1,0,0,0
publicize,True,1,001000,Ap,,True,1,001000,Ap,,0.326,0.046,0.907,0.473,0.528,0.033,0.325935,0.840314,0,0.046441,0.717277,0,0.90747,0.591623,1,0.472514,0.657068,0,0.52799,0.643979,0,0.033018,0.743455,0,0,0,1,0,0,0
publish,True,1,000100,An,,True,2,001100,An,Ap,0.555,0.066,0.641,0.982,0.429,0.444,0.555026,0.840314,0,0.066369,0.717277,0,0.640924,0.591623,1,0.98228,0.657068,1,0.429033,0.643979,0,0.444396,0.743455,0,0,0,0,1,0,0
pull,True,1,001000,Ap,,True,2,101000,Ap,Kn,0.861,0.236,0.987,0.396,0.123,0.296,0.861456,0.840314,1,0.236215,0.717277,0,0.986886,0.591623,1,0.395938,0.657068,0,0.123129,0.643979,0,0.295517,0.743455,0,0,0,1,0,0,0
pulsate,True,1,000100,An,,True,1,000100,An,,0.662,0.415,0.363,0.728,0.357,0.028,0.661774,0.840314,0,0.415027,0.717277,0,0.363427,0.591623,0,0.727679,0.657068,1,0.356701,0.643979,0,0.027791,0.743455,0,0,0,0,1,0,0
pulverize,True,1,000100,An,,True,2,001100,An,Ap,0.078,0.061,0.903,0.982,0.437,0.295,0.07848,0.840314,0,0.061074,0.717277,0,0.903371,0.591623,1,0.981531,0.657068,1,0.43688,0.643979,0,0.295007,0.743455,0,0,0,0,1,0,0
pump,True,1,000100,An,,True,1,000100,An,,0.106,0.292,0.137,0.773,0.105,0.23,0.10593,0.840314,0,0.292092,0.717277,0,0.136586,0.591623,0,0.773327,0.657068,1,0.104583,0.643979,0,0.229663,0.743455,0,0,0,0,1,0,0
punch,True,2,001100,An,Ap,True,3,011100,An,"Cm, Ap",0.367,0.617,0.751,0.796,0.523,0.562,0.367332,0.840314,0,0.617024,0.717277,0,0.750538,0.591623,1,0.795819,0.657068,1,0.522587,0.643979,0,0.562372,0.743455,0,0,0,1,1,0,0
purchase,True,1,001000,Ap,,True,3,111000,Ap,"Kn, Cm",0.738,0.726,0.813,0.373,0.139,0.118,0.737602,0.840314,0,0.725684,0.717277,1,0.813115,0.591623,1,0.373341,0.657068,0,0.139425,0.643979,0,0.1181,0.743455,0,0,0,1,0,0,0
purge,True,1,001000,Ap,,True,1,001000,Ap,,0.184,0.01,0.964,0.473,0.092,0.528,0.183631,0.840314,0,0.010155,0.717277,0,0.963612,0.591623,1,0.472565,0.657068,0,0.091905,0.643979,0,0.528035,0.743455,0,0,0,1,0,0,0
purify,True,1,001000,Ap,,True,2,001100,Ap,An,0.042,0.009,0.904,0.737,0.163,0.166,0.041566,0.840314,0,0.008646,0.717277,0,0.904224,0.591623,1,0.73698,0.657068,1,0.163056,0.643979,0,0.166233,0.743455,0,0,0,1,0,0,0
pursue,True,1,001000,Ap,,True,2,101000,Ap,Kn,0.723,0.424,0.847,0.226,0.117,0.233,0.722899,0.840314,0,0.424431,0.717277,0,0.847003,0.591623,1,0.226373,0.657068,0,0.116994,0.643979,0,0.232748,0.743455,0,0,0,1,0,0,0
push,True,1,000100,An,,True,2,001100,An,Ap,0.409,0.378,0.642,0.796,0.161,0.069,0.409215,0.840314,0,0.378237,0.717277,0,0.641646,0.591623,1,0.795915,0.657068,1,0.160546,0.643979,0,0.06913,0.743455,0,0,0,0,1,0,0
put,True,1,000100,An,,True,2,001100,An,Ap,0.512,0.604,0.884,0.964,0.035,0.42,0.512048,0.840314,0,0.604169,0.717277,0,0.883621,0.591623,1,0.96398,0.657068,1,0.034854,0.643979,0,0.419651,0.743455,0,0,0,0,1,0,0
quadruple,True,1,001000,Ap,,True,2,101000,Kn,Ap,0.725,0.479,0.692,0.182,0.011,0.053,0.725345,0.840314,0,0.479383,0.717277,0,0.691606,0.591623,1,0.181733,0.657068,0,0.011066,0.643979,0,0.053402,0.743455,0,0,0,1,0,0,0
qualify,True,2,000101,An,Ev,True,3,001101,An,"Ap, Ev",0.51,0.443,0.551,0.878,0.382,0.823,0.51034,0.840314,0,0.442675,0.717277,0,0.550721,0.591623,0,0.878373,0.657068,1,0.38166,0.643979,0,0.822681,0.743455,1,0,0,0,1,0,1
quantify,True,3,010101,Ev,"Cm, An",True,3,010101,Ev,"Cm, An",0.218,0.853,0.351,0.705,0.532,0.906,0.21751,0.840314,0,0.852529,0.717277,1,0.351304,0.591623,0,0.704627,0.657068,1,0.532114,0.643979,0,0.905618,0.743455,1,0,1,0,1,0,1
quantize,True,1,000100,An,,True,2,000110,An,Sn,0.111,0.403,0.053,0.692,0.569,0.468,0.110796,0.840314,0,0.403116,0.717277,0,0.053322,0.591623,0,0.691622,0.657068,1,0.569317,0.643979,0,0.468453,0.743455,0,0,0,0,1,0,0
quarantine,True,1,001000,Ap,,True,3,001101,Ap,"An, Ev",0.03,0.033,0.809,0.642,0.141,0.69,0.030055,0.840314,0,0.033354,0.717277,0,0.808533,0.591623,1,0.641679,0.657068,0,0.140747,0.643979,0,0.689607,0.743455,0,0,0,1,0,0,0
quench,True,1,000100,An,,True,2,000101,An,Ev,0.508,0.025,0.37,0.988,0.025,0.867,0.508061,0.840314,0,0.024513,0.717277,0,0.370296,0.591623,0,0.988211,0.657068,1,0.025165,0.643979,0,0.867001,0.743455,1,0,0,0,1,0,0
quit,True,1,001000,Ap,,True,3,001011,Ap,"Sn, Ev",0.546,0.132,0.941,0.529,0.61,0.876,0.54618,0.840314,0,0.131676,0.717277,0,0.94087,0.591623,1,0.529392,0.657068,0,0.61007,0.643979,0,0.875536,0.743455,1,0,0,1,0,0,0
radiate,False,0,000000,,,True,1,010000,Cm,,0.164,0.642,0.215,0.475,0.126,0.47,0.164212,0.840314,0,0.642431,0.717277,0,0.215329,0.591623,0,0.474566,0.657068,0,0.126411,0.643979,0,0.469618,0.743455,0,0,0,0,0,0,0
raise,True,1,000100,An,,True,3,001110,An,"Ap, Sn",0.616,0.068,0.643,0.797,0.67,0.375,0.61604,0.840314,0,0.067501,0.717277,0,0.643113,0.591623,1,0.797381,0.657068,1,0.669867,0.643979,1,0.374783,0.743455,0,0,0,0,1,0,0
ramp,False,0,000000,,,True,1,001000,Ap,,0.135,0.084,0.52,0.544,0.25,0.456,0.135303,0.840314,0,0.083901,0.717277,0,0.520028,0.591623,0,0.543841,0.657068,0,0.249846,0.643979,0,0.455957,0.743455,0,0,0,0,0,0,0
randomize,True,1,001000,Ap,,True,2,001010,Ap,Sn,0.444,0.134,0.904,0.488,0.796,0.367,0.444118,0.840314,0,0.133708,0.717277,0,0.903604,0.591623,1,0.487829,0.657068,0,0.796116,0.643979,1,0.366899,0.743455,0,0,0,1,0,0,0
rasterize,True,1,000010,Sn,,True,2,001010,Sn,Ap,0.097,0.577,0.563,0.302,0.736,0.012,0.097488,0.840314,0,0.576816,0.717277,0,0.562823,0.591623,0,0.301743,0.657068,0,0.736147,0.643979,1,0.012292,0.743455,0,0,0,0,0,1,0
rationalize,True,3,011100,Cm,"Ap, An",True,3,011100,Cm,"Ap, An",0.031,0.798,0.784,0.779,0.245,0.445,0.031134,0.840314,0,0.797987,0.717277,1,0.784451,0.591623,1,0.779037,0.657068,1,0.244542,0.643979,0,0.444545,0.743455,0,0,1,1,1,0,0
ravel,True,1,010000,Cm,,True,3,110100,Cm,"Kn, An",0.855,0.929,0.317,0.61,0.12,0.378,0.85481,0.840314,1,0.928867,0.717277,1,0.317132,0.591623,0,0.610209,0.657068,0,0.119899,0.643979,0,0.37804,0.743455,0,0,1,0,0,0,0
re-create,True,1,000010,Sn,,True,1,000010,Sn,,0.617,0.098,0.478,0.053,0.911,0.503,0.617254,0.840314,0,0.098494,0.717277,0,0.478287,0.591623,0,0.053216,0.657068,0,0.911168,0.643979,1,0.503074,0.743455,0,0,0,0,0,1,0
re-examine,False,0,000000,,,True,1,100000,Kn,,0.726,0.194,0.255,0.379,0.482,0.608,0.725507,0.840314,0,0.194242,0.717277,0,0.254897,0.591623,0,0.378669,0.657068,0,0.482417,0.643979,0,0.607959,0.743455,0,0,0,0,0,0,0
re-introduce,True,1,000010,Sn,,True,1,000010,Sn,,0.242,0.483,0.191,0.051,0.792,0.314,0.241906,0.840314,0,0.482803,0.717277,0,0.191235,0.591623,0,0.051478,0.657068,0,0.792404,0.643979,1,0.313787,0.743455,0,0,0,0,0,1,0
reach,False,0,000000,,,True,1,000100,An,,0.615,0.123,0.277,0.592,0.072,0.343,0.614591,0.840314,0,0.122688,0.717277,0,0.277463,0.591623,0,0.591699,0.657068,0,0.071871,0.643979,0,0.34287,0.743455,0,0,0,0,0,0,0
react,True,1,000010,Sn,,True,3,010011,Sn,"Cm, Ev",0.609,0.665,0.392,0.113,0.898,0.746,0.609227,0.840314,0,0.664847,0.717277,0,0.392074,0.591623,0,0.113469,0.657068,0,0.898168,0.643979,1,0.745665,0.743455,1,0,0,0,0,1,0
reactivate,False,0,000000,,,False,0,000000,,,0.321,0.134,0.446,0.032,0.286,0.564,0.320525,0.840314,0,0.134107,0.717277,0,0.445654,0.591623,0,0.031638,0.657068,0,0.28576,0.643979,0,0.563641,0.743455,0,0,0,0,0,0,0
readjust,True,1,000100,An,,True,2,001100,An,Ap,0.346,0.074,0.702,0.776,0.404,0.527,0.345562,0.840314,0,0.074487,0.717277,0,0.702305,0.591623,1,0.775632,0.657068,1,0.40434,0.643979,0,0.527038,0.743455,0,0,0,0,1,0,0
realign,True,1,000001,Ev,,True,3,000111,Ev,"An, Sn",0.424,0.461,0.205,0.735,0.726,0.833,0.424358,0.840314,0,0.460509,0.717277,0,0.205334,0.591623,0,0.735247,0.657068,1,0.725668,0.643979,1,0.833447,0.743455,1,0,0,0,0,0,1
realize,True,1,100000,Kn,,True,1,100000,Kn,,0.888,0.195,0.074,0.411,0.381,0.045,0.888258,0.840314,1,0.194732,0.717277,0,0.073992,0.591623,0,0.410859,0.657068,0,0.380607,0.643979,0,0.045055,0.743455,0,1,0,0,0,0,0
reallocate,True,1,001000,Ap,,True,2,001100,Ap,An,0.185,0.538,0.791,0.598,0.373,0.401,0.184598,0.840314,0,0.537575,0.717277,0,0.791341,0.591623,1,0.59804,0.657068,0,0.373,0.643979,0,0.401155,0.743455,0,0,0,1,0,0,0
ream,True,1,000001,Ev,,True,2,000011,Ev,Sn,0.226,0.263,0.163,0.335,0.652,0.91,0.226117,0.840314,0,0.262908,0.717277,0,0.163104,0.591623,0,0.335092,0.657068,0,0.651884,0.643979,1,0.909842,0.743455,1,0,0,0,0,0,1
reap,True,1,000100,An,,True,3,101100,An,"Kn, Ap",0.753,0.086,0.618,0.87,0.096,0.443,0.753354,0.840314,0,0.085897,0.717277,0,0.618424,0.591623,1,0.869779,0.657068,1,0.096389,0.643979,0,0.443068,0.743455,0,0,0,0,1,0,0
reappear,True,1,100000,Kn,,True,2,110000,Kn,Cm,0.899,0.753,0.069,0.282,0.018,0.406,0.89921,0.840314,1,0.753245,0.717277,1,0.06934,0.591623,0,0.282424,0.657068,0,0.018382,0.643979,0,0.405589,0.743455,0,1,0,0,0,0,0
rear,False,0,000000,,,False,0,000000,,,0.111,0.144,0.388,0.521,0.451,0.306,0.110958,0.840314,0,0.143571,0.717277,0,0.387845,0.591623,0,0.521056,0.657068,0,0.451281,0.643979,0,0.306112,0.743455,0,0,0,0,0,0,0
reassemble,True,1,000010,Sn,,True,3,001011,Sn,"Ap, Ev",0.077,0.061,0.627,0.043,0.815,0.676,0.077342,0.840314,0,0.061131,0.717277,0,0.627182,0.591623,1,0.043387,0.657068,0,0.814527,0.643979,1,0.676449,0.743455,0,0,0,0,0,1,0
reassert,False,0,000000,,,False,0,000000,,,0.122,0.281,0.34,0.046,0.498,0.602,0.121903,0.840314,0,0.281343,0.717277,0,0.340463,0.591623,0,0.046473,0.657068,0,0.49769,0.643979,0,0.602176,0.743455,0,0,0,0,0,0,0
reassure,False,0,000000,,,False,0,000000,,,0.152,0.133,0.375,0.152,0.534,0.257,0.151852,0.840314,0,0.133091,0.717277,0,0.374789,0.591623,0,0.152102,0.657068,0,0.533718,0.643979,0,0.256813,0.743455,0,0,0,0,0,0,0
rebound,False,0,000000,,,True,1,100000,Kn,,0.727,0.534,0.118,0.051,0.16,0.373,0.727037,0.840314,0,0.53378,0.717277,0,0.117539,0.591623,0,0.051211,0.657068,0,0.160177,0.643979,0,0.373321,0.743455,0,0,0,0,0,0,0
rebuild,True,1,001000,Ap,,True,2,001010,Ap,Sn,0.257,0.224,0.881,0.016,0.578,0.234,0.257449,0.840314,0,0.224249,0.717277,0,0.88093,0.591623,1,0.016172,0.657068,0,0.578381,0.643979,0,0.234122,0.743455,0,0,0,1,0,0,0
recalculate,True,1,000010,Sn,,True,2,001010,Sn,Ap,0.172,0.458,0.57,0.039,0.646,0.424,0.172346,0.840314,0,0.457627,0.717277,0,0.569997,0.591623,0,0.038863,0.657068,0,0.645588,0.643979,1,0.424401,0.743455,0,0,0,0,0,1,0
recapitulate,False,0,000000,,,True,2,110000,Kn,Cm,0.788,0.613,0.388,0.008,0.357,0.13,0.787835,0.840314,0,0.61255,0.717277,0,0.38772,0.591623,0,0.007773,0.657068,0,0.356526,0.643979,0,0.12964,0.743455,0,0,0,0,0,0,0
recapture,True,2,101000,Ap,Kn,True,2,101000,Ap,Kn,0.844,0.012,0.892,0.006,0.166,0.417,0.843683,0.840314,1,0.011904,0.717277,0,0.891738,0.591623,1,0.006272,0.657068,0,0.166452,0.643979,0,0.41697,0.743455,0,1,0,1,0,0,0
recast,True,1,000001,Ev,,True,1,000001,Ev,,0.152,0.22,0.305,0.473,0.439,0.814,0.151919,0.840314,0,0.219607,0.717277,0,0.305301,0.591623,0,0.473488,0.657068,0,0.438908,0.643979,0,0.813587,0.743455,1,0,0,0,0,0,1
recede,False,0,000000,,,True,1,001000,Ap,,0.361,0.153,0.539,0.18,0.141,0.22,0.361159,0.840314,0,0.15259,0.717277,0,0.539334,0.591623,0,0.179549,0.657068,0,0.14114,0.643979,0,0.220482,0.743455,0,0,0,0,0,0,0
receive,True,1,001000,Ap,,True,3,111000,Ap,"Kn, Cm",0.75,0.71,0.924,0.146,0.163,0.006,0.750314,0.840314,0,0.709529,0.717277,0,0.923878,0.591623,1,0.146383,0.657068,0,0.162836,0.643979,0,0.006054,0.743455,0,0,0,1,0,0,0
recharge,False,0,000000,,,True,1,001000,Ap,,0.047,0.109,0.506,0.101,0.343,0.502,0.046808,0.840314,0,0.109056,0.717277,0,0.50567,0.591623,0,0.100768,0.657068,0,0.342802,0.643979,0,0.501806,0.743455,0,0,0,0,0,0,0
reciprocate,False,0,000000,,,True,1,010000,Cm,,0.671,0.629,0.23,0.06,0.004,0.082,0.670863,0.840314,0,0.629387,0.717277,0,0.230379,0.591623,0,0.06042,0.657068,0,0.003705,0.643979,0,0.081961,0.743455,0,0,0,0,0,0,0
reckon,True,2,000011,Ev,Sn,True,2,000011,Ev,Sn,0.328,0.112,0.344,0.286,0.936,0.952,0.328498,0.840314,0,0.112373,0.717277,0,0.344409,0.591623,0,0.286167,0.657068,0,0.936133,0.643979,1,0.951677,0.743455,1,0,0,0,0,1,1
reclaim,True,1,001000,Ap,,True,1,001000,Ap,,0.299,0.287,0.979,0.04,0.046,0.529,0.298502,0.840314,0,0.286977,0.717277,0,0.978819,0.591623,1,0.039506,0.657068,0,0.045952,0.643979,0,0.528767,0.743455,0,0,0,1,0,0,0
reclassify,True,2,000011,Sn,Ev,True,3,001011,Sn,"Ap, Ev",0.293,0.474,0.551,0.066,0.917,0.89,0.292871,0.840314,0,0.474453,0.717277,0,0.551398,0.591623,0,0.066264,0.657068,0,0.917169,0.643979,1,0.890267,0.743455,1,0,0,0,0,1,1
recode,False,0,000000,,,True,1,001000,Ap,,0.111,0.205,0.509,0.204,0.342,0.248,0.110755,0.840314,0,0.20489,0.717277,0,0.509313,0.591623,0,0.203896,0.657068,0,0.341603,0.643979,0,0.248366,0.743455,0,0,0,0,0,0,0
recollect,True,1,100000,Kn,,True,2,110000,Kn,Cm,0.981,0.629,0.068,0.246,0.127,0.051,0.980501,0.840314,1,0.628609,0.717277,0,0.068272,0.591623,0,0.245878,0.657068,0,0.127404,0.643979,0,0.05061,0.743455,0,1,0,0,0,0,0
recombine,True,1,001000,Ap,,True,3,001011,Ap,"Sn, Ev",0.193,0.024,0.928,0.109,0.678,0.702,0.192508,0.840314,0,0.024235,0.717277,0,0.928448,0.591623,1,0.108797,0.657068,0,0.678162,0.643979,1,0.70158,0.743455,0,0,0,1,0,0,0
recondition,True,1,001000,Ap,,True,1,001000,Ap,,0.046,0.114,0.88,0.007,0.489,0.565,0.046367,0.840314,0,0.113802,0.717277,0,0.88036,0.591623,1,0.007256,0.657068,0,0.489118,0.643979,0,0.564935,0.743455,0,0,0,1,0,0,0
reconsider,False,0,000000,,,True,2,110000,Kn,Cm,0.736,0.648,0.333,0.119,0.163,0.608,0.735862,0.840314,0,0.648075,0.717277,0,0.332788,0.591623,0,0.119412,0.657068,0,0.162802,0.643979,0,0.607674,0.743455,0,0,0,0,0,0,0
reconstitute,True,1,001000,Ap,,True,1,001000,Ap,,0.173,0.069,0.799,0.025,0.404,0.551,0.172571,0.840314,0,0.069499,0.717277,0,0.798642,0.591623,1,0.025472,0.657068,0,0.403829,0.643979,0,0.551089,0.743455,0,0,0,1,0,0,0
recopy,True,1,001000,Ap,,True,1,001000,Ap,,0.168,0.142,0.908,0.062,0.447,0.114,0.16837,0.840314,0,0.142044,0.717277,0,0.90812,0.591623,1,0.061749,0.657068,0,0.447369,0.643979,0,0.113713,0.743455,0,0,0,1,0,0,0
recount,False,0,000000,,,True,3,100101,Kn,"An, Ev",0.784,0.576,0.276,0.565,0.136,0.637,0.783804,0.840314,0,0.575934,0.717277,0,0.275693,0.591623,0,0.565026,0.657068,0,0.136055,0.643979,0,0.637419,0.743455,0,0,0,0,0,0,0
recover,True,1,000001,Ev,,True,1,000001,Ev,,0.381,0.228,0.399,0.118,0.337,0.798,0.381187,0.840314,0,0.228399,0.717277,0,0.398675,0.591623,0,0.118416,0.657068,0,0.336892,0.643979,0,0.797793,0.743455,1,0,0,0,0,0,1
recreate,True,1,000010,Sn,,True,2,001010,Sn,Ap,0.643,0.136,0.511,0.033,0.795,0.509,0.643096,0.840314,0,0.136009,0.717277,0,0.511303,0.591623,0,0.032612,0.657068,0,0.795286,0.643979,1,0.508662,0.743455,0,0,0,0,0,1,0
recruit,True,1,000001,Ev,,True,1,000001,Ev,,0.151,0.112,0.442,0.194,0.335,0.781,0.151092,0.840314,0,0.111746,0.717277,0,0.441637,0.591623,0,0.194493,0.657068,0,0.335206,0.643979,0,0.781454,0.743455,1,0,0,0,0,0,1
rectify,False,0,000000,,,True,1,000001,Ev,,0.298,0.214,0.334,0.14,0.547,0.635,0.298122,0.840314,0,0.213548,0.717277,0,0.333654,0.591623,0,0.14021,0.657068,0,0.546921,0.643979,0,0.635094,0.743455,0,0,0,0,0,0,0
recur,True,1,100000,Kn,,True,1,100000,Kn,,0.885,0.404,0.284,0.107,0.162,0.165,0.884939,0.840314,1,0.403762,0.717277,0,0.283885,0.591623,0,0.107035,0.657068,0,0.16204,0.643979,0,0.164878,0.743455,0,1,0,0,0,0,0
recycle,True,1,001000,Ap,,True,1,001000,Ap,,0.146,0.154,0.994,0.374,0.152,0.443,0.146348,0.840314,0,0.153753,0.717277,0,0.994062,0.591623,1,0.374119,0.657068,0,0.152211,0.643979,0,0.442651,0.743455,0,0,0,1,0,0,0
redefine,True,1,000010,Sn,,True,1,000010,Sn,,0.184,0.308,0.486,0.043,0.794,0.394,0.184106,0.840314,0,0.308133,0.717277,0,0.485513,0.591623,0,0.043092,0.657068,0,0.794356,0.643979,1,0.393926,0.743455,0,0,0,0,0,1,0
redeposit,True,1,010000,Cm,,True,1,010000,Cm,,0.664,0.827,0.462,0.451,0.003,0.142,0.663909,0.840314,0,0.826888,0.717277,1,0.461946,0.591623,0,0.451406,0.657068,0,0.002618,0.643979,0,0.141818,0.743455,0,0,1,0,0,0,0
redesign,True,1,000010,Sn,,True,4,001111,Sn,"Ap, An, Ev",0.045,0.067,0.729,0.673,0.889,0.683,0.04466,0.840314,0,0.066703,0.717277,0,0.729331,0.591623,1,0.672637,0.657068,1,0.88942,0.643979,1,0.683326,0.743455,0,0,0,0,0,1,0
redevelop,False,0,000000,,,True,2,001010,Sn,Ap,0.577,0.459,0.56,0.115,0.609,0.071,0.57671,0.840314,0,0.459018,0.717277,0,0.560357,0.591623,0,0.114641,0.657068,0,0.60923,0.643979,0,0.070857,0.743455,0,0,0,0,0,0,0
redirect,True,1,001000,Ap,,True,1,001000,Ap,,0.117,0.537,0.793,0.517,0.182,0.558,0.116904,0.840314,0,0.536969,0.717277,0,0.792879,0.591623,1,0.517339,0.657068,0,0.181739,0.643979,0,0.55821,0.743455,0,0,0,1,0,0,0
rediscover,False,0,000000,,,True,1,100000,Kn,,0.833,0.232,0.352,0.039,0.109,0.356,0.832552,0.840314,0,0.232288,0.717277,0,0.352319,0.591623,0,0.039147,0.657068,0,0.109417,0.643979,0,0.355698,0.743455,0,0,0,0,0,0,0
redistribute,True,1,001000,Ap,,True,1,001000,Ap,,0.105,0.095,0.855,0.18,0.444,0.022,0.104869,0.840314,0,0.095203,0.717277,0,0.854688,0.591623,1,0.179813,0.657068,0,0.444104,0.643979,0,0.022311,0.743455,0,0,0,1,0,0,0
redo,False,0,000000,,,False,0,000000,,,0.712,0.603,0.388,0.12,0.067,0.373,0.712138,0.840314,0,0.603401,0.717277,0,0.388058,0.591623,0,0.120298,0.657068,0,0.06739,0.643979,0,0.373049,0.743455,0,0,0,0,0,0,0
reduce,True,1,001000,Ap,,True,2,001100,Ap,An,0.065,0.076,0.981,0.776,0.401,0.165,0.065011,0.840314,0,0.075686,0.717277,0,0.980661,0.591623,1,0.775998,0.657068,1,0.401139,0.643979,0,0.165179,0.743455,0,0,0,1,0,0,0
reestablish,False,0,000000,,,False,0,000000,,,0.259,0.047,0.298,0.013,0.534,0.348,0.259364,0.840314,0,0.046659,0.717277,0,0.297961,0.591623,0,0.013237,0.657068,0,0.534499,0.643979,0,0.347788,0.743455,0,0,0,0,0,0,0
reevaluate,True,1,000001,Ev,,True,2,000011,Ev,Sn,0.645,0.316,0.252,0.318,0.567,0.807,0.645241,0.840314,0,0.315618,0.717277,0,0.251829,0.591623,0,0.317969,0.657068,0,0.567185,0.643979,0,0.80668,0.743455,1,0,0,0,0,0,1
reexamine,False,0,000000,,,True,1,100000,Kn,,0.768,0.226,0.123,0.266,0.198,0.594,0.768321,0.840314,0,0.226212,0.717277,0,0.123095,0.591623,0,0.266347,0.657068,0,0.198104,0.643979,0,0.593903,0.743455,0,0,0,0,0,0,0
refine,True,1,000100,An,,True,3,001101,An,"Ap, Ev",0.043,0.098,0.563,0.708,0.427,0.677,0.043041,0.840314,0,0.097604,0.717277,0,0.562543,0.591623,0,0.708086,0.657068,1,0.427072,0.643979,0,0.677466,0.743455,0,0,0,0,1,0,0
reflect,True,1,001000,Ap,,True,2,011000,Ap,Cm,0.624,0.623,0.659,0.064,0.073,0.106,0.624434,0.840314,0,0.623354,0.717277,0,0.658896,0.591623,1,0.063674,0.657068,0,0.073231,0.643979,0,0.106299,0.743455,0,0,0,1,0,0,0
refocus,False,0,000000,,,True,2,100100,Kn,An,0.729,0.138,0.003,0.564,0.239,0.293,0.729246,0.840314,0,0.138217,0.717277,0,0.002618,0.591623,0,0.564156,0.657068,0,0.238905,0.643979,0,0.293427,0.743455,0,0,0,0,0,0,0
reformulate,True,1,000010,Sn,,True,2,001010,Sn,Ap,0.043,0.42,0.683,0.382,0.953,0.353,0.04289,0.840314,0,0.420262,0.717277,0,0.682985,0.591623,1,0.381575,0.657068,0,0.953098,0.643979,1,0.35295,0.743455,0,0,0,0,0,1,0
refract,False,0,000000,,,True,1,010000,Cm,,0.298,0.624,0.495,0.286,0.015,0.311,0.298428,0.840314,0,0.624001,0.717277,0,0.494872,0.591623,0,0.285534,0.657068,0,0.01539,0.643979,0,0.311356,0.743455,0,0,0,0,0,0,0
refrain,False,0,000000,,,False,0,000000,,,0.645,0.006,0.425,0.04,0.242,0.54,0.644908,0.840314,0,0.00595,0.717277,0,0.425058,0.591623,0,0.039944,0.657068,0,0.242104,0.643979,0,0.54029,0.743455,0,0,0,0,0,0,0
refresh,False,0,000000,,,False,0,000000,,,0.645,0.461,0.088,0.234,0.312,0.477,0.645024,0.840314,0,0.461484,0.717277,0,0.088282,0.591623,0,0.234367,0.657068,0,0.312395,0.643979,0,0.477182,0.743455,0,0,0,0,0,0,0
refrigerate,True,1,000100,An,,True,2,000101,An,Ev,0.153,0.126,0.384,0.919,0.225,0.677,0.153171,0.840314,0,0.12642,0.717277,0,0.383931,0.591623,0,0.918637,0.657068,1,0.225351,0.643979,0,0.676609,0.743455,0,0,0,0,1,0,0
refuel,False,0,000000,,,False,0,000000,,,0.183,0.121,0.411,0.556,0.033,0.528,0.183482,0.840314,0,0.121255,0.717277,0,0.410926,0.591623,0,0.556355,0.657068,0,0.032903,0.643979,0,0.527866,0.743455,0,0,0,0,0,0,0
refurbish,True,1,001000,Ap,,True,1,001000,Ap,,0.135,0.108,0.879,0.033,0.446,0.273,0.13464,0.840314,0,0.108123,0.717277,0,0.879254,0.591623,1,0.03334,0.657068,0,0.445666,0.643979,0,0.272567,0.743455,0,0,0,1,0,0,0
refuse,True,4,001111,Ev,"Ap, An, Sn",True,5,101111,Ev,"Kn, Ap, An, Sn",0.728,0.098,0.876,0.658,0.803,0.877,0.727645,0.840314,0,0.097791,0.717277,0,0.876419,0.591623,1,0.658415,0.657068,1,0.803432,0.643979,1,0.876737,0.743455,1,0,0,1,1,1,1
refute,True,1,000001,Ev,,True,2,000101,Ev,An,0.147,0.557,0.447,0.585,0.186,0.903,0.146521,0.840314,0,0.556592,0.717277,0,0.446744,0.591623,0,0.58471,0.657068,0,0.186147,0.643979,0,0.903187,0.743455,1,0,0,0,0,0,1
regain,True,2,001001,Ev,Ap,True,2,001001,Ev,Ap,0.704,0.116,0.746,0.008,0.073,0.759,0.704128,0.840314,0,0.115559,0.717277,0,0.746377,0.591623,1,0.007841,0.657068,0,0.072764,0.643979,0,0.759215,0.743455,1,0,0,1,0,0,1
regard,True,1,010000,Cm,,True,2,010010,Cm,Sn,0.544,0.926,0.36,0.228,0.728,0.474,0.543596,0.840314,0,0.926203,0.717277,1,0.360085,0.591623,0,0.228356,0.657068,0,0.72773,0.643979,1,0.473876,0.743455,0,0,1,0,0,0,0
regenerate,False,0,000000,,,True,1,000010,Sn,,0.388,0.085,0.27,0.038,0.6,0.433,0.388034,0.840314,0,0.085297,0.717277,0,0.270223,0.591623,0,0.038241,0.657068,0,0.599812,0.643979,0,0.433043,0.743455,0,0,0,0,0,0,0
register,True,1,000010,Sn,,True,1,000010,Sn,,0.6,0.483,0.368,0.229,0.737,0.24,0.599534,0.840314,0,0.482676,0.717277,0,0.367843,0.591623,0,0.229137,0.657068,0,0.737036,0.643979,1,0.239911,0.743455,0,0,0,0,0,1,0
regret,True,1,100000,Kn,,True,2,100001,Kn,Ev,0.992,0.472,0.253,0.266,0.036,0.82,0.992208,0.840314,1,0.471821,0.717277,0,0.253105,0.591623,0,0.265612,0.657068,0,0.035708,0.643979,0,0.819722,0.743455,1,1,0,0,0,0,0
regroup,True,1,000010,Sn,,True,2,100010,Kn,Sn,0.763,0.47,0.067,0.285,0.71,0.287,0.763015,0.840314,0,0.469582,0.717277,0,0.067476,0.591623,0,0.285177,0.657068,0,0.710048,0.643979,1,0.287334,0.743455,0,0,0,0,0,1,0
regularize,True,1,001000,Ap,,True,2,001100,Ap,An,0.164,0.391,0.903,0.565,0.329,0.022,0.164022,0.840314,0,0.391208,0.717277,0,0.903465,0.591623,1,0.565249,0.657068,0,0.328582,0.643979,0,0.022163,0.743455,0,0,0,1,0,0,0
regulate,True,3,001110,Sn,"Ap, An",True,4,001111,Sn,"Ap, An, Ev",0.112,0.01,0.666,0.831,0.845,0.685,0.112433,0.840314,0,0.010281,0.717277,0,0.665513,0.591623,1,0.831302,0.657068,1,0.844544,0.643979,1,0.685198,0.743455,0,0,0,1,1,1,0
rehabilitate,False,0,000000,,,True,1,000001,Ev,,0.443,0.025,0.175,0.047,0.43,0.676,0.443303,0.840314,0,0.024912,0.717277,0,0.175473,0.591623,0,0.047255,0.657068,0,0.429818,0.643979,0,0.675731,0.743455,0,0,0,0,0,0,0
reify,False,0,000000,,,False,0,000000,,,0.369,0.563,0.14,0.046,0.404,0.532,0.369096,0.840314,0,0.563246,0.717277,0,0.139608,0.591623,0,0.04587,0.657068,0,0.403576,0.643979,0,0.531872,0.743455,0,0,0,0,0,0,0
reignite,False,0,000000,,,True,2,101000,Kn,Ap,0.784,0.043,0.579,0.008,0.031,0.205,0.783729,0.840314,0,0.042751,0.717277,0,0.578727,0.591623,0,0.007742,0.657068,0,0.031042,0.643979,0,0.205063,0.743455,0,0,0,0,0,0,0
reimpose,True,1,001000,Ap,,True,2,001001,Ev,Ap,0.185,0.434,0.607,0.303,0.243,0.636,0.185121,0.840314,0,0.433549,0.717277,0,0.606675,0.591623,1,0.303467,0.657068,0,0.242956,0.643979,0,0.635577,0.743455,0,0,0,1,0,0,0
reintroduce,False,0,000000,,,False,0,000000,,,0.321,0.073,0.502,0.015,0.278,0.1,0.321392,0.840314,0,0.072786,0.717277,0,0.501593,0.591623,0,0.014748,0.657068,0,0.278143,0.643979,0,0.099967,0.743455,0,0,0,0,0,0,0
reinvent,True,1,000010,Sn,,True,3,001011,Sn,"Ap, Ev",0.406,0.182,0.68,0.046,0.887,0.693,0.406188,0.840314,0,0.182065,0.717277,0,0.679918,0.591623,1,0.045673,0.657068,0,0.887323,0.643979,1,0.693485,0.743455,0,0,0,0,0,1,0
reinvigorate,False,0,000000,,,False,0,000000,,,0.427,0.02,0.42,0.061,0.536,0.54,0.426582,0.840314,0,0.019705,0.717277,0,0.420309,0.591623,0,0.06132,0.657068,0,0.535552,0.643979,0,0.539697,0.743455,0,0,0,0,0,0,0
reiterate,True,1,010000,Cm,,True,2,110000,Cm,Kn,0.763,0.901,0.13,0.043,0.167,0.248,0.763321,0.840314,0,0.901269,0.717277,1,0.129853,0.591623,0,0.042656,0.657068,0,0.167394,0.643979,0,0.247723,0.743455,0,0,1,0,0,0,0
reject,True,1,001000,Ap,,True,3,101100,Ap,"Kn, An",0.83,0.109,0.899,0.83,0.357,0.601,0.830105,0.840314,0,0.108796,0.717277,0,0.899255,0.591623,1,0.829846,0.657068,1,0.357058,0.643979,0,0.600804,0.743455,0,0,0,1,0,0,0
rejoin,True,1,000001,Ev,,True,1,000001,Ev,,0.446,0.46,0.114,0.228,0.201,0.797,0.445641,0.840314,0,0.46045,0.717277,0,0.113829,0.591623,0,0.227976,0.657068,0,0.200684,0.643979,0,0.797036,0.743455,1,0,0,0,0,0,1
rejuvenate,False,0,000000,,,True,2,000011,Ev,Sn,0.277,0.067,0.183,0.021,0.602,0.695,0.277184,0.840314,0,0.067399,0.717277,0,0.182536,0.591623,0,0.020958,0.657068,0,0.601529,0.643979,0,0.694645,0.743455,0,0,0,0,0,0,0
relax,True,1,000100,An,,True,1,000100,An,,0.154,0.483,0.389,0.776,0.073,0.241,0.153518,0.840314,0,0.482659,0.717277,0,0.389138,0.591623,0,0.77638,0.657068,1,0.072629,0.643979,0,0.240568,0.743455,0,0,0,0,1,0,0
relegate,False,0,000000,,,True,1,000001,Ev,,0.488,0.091,0.457,0.033,0.24,0.691,0.488066,0.840314,0,0.091288,0.717277,0,0.456804,0.591623,0,0.033443,0.657068,0,0.240112,0.643979,0,0.691192,0.743455,0,0,0,0,0,0,0
relieve,True,2,001001,Ev,Ap,True,3,001101,Ev,"Ap, An",0.138,0.053,0.765,0.602,0.252,0.818,0.138421,0.840314,0,0.05265,0.717277,0,0.764897,0.591623,1,0.602469,0.657068,0,0.25178,0.643979,0,0.81802,0.743455,1,0,0,1,0,0,1
reload,False,0,000000,,,False,0,000000,,,0.336,0.22,0.424,0.032,0.35,0.519,0.336011,0.840314,0,0.219606,0.717277,0,0.42413,0.591623,0,0.032319,0.657068,0,0.350082,0.643979,0,0.519422,0.743455,0,0,0,0,0,0,0
relocate,True,1,010000,Cm,,True,2,011000,Cm,Ap,0.291,0.92,0.808,0.415,0.289,0.217,0.291296,0.840314,0,0.919922,0.717277,1,0.807793,0.591623,1,0.414982,0.657068,0,0.289276,0.643979,0,0.217277,0.743455,0,0,1,0,0,0,0
rely,False,0,000000,,,False,0,000000,,,0.583,0.185,0.215,0.106,0.349,0.568,0.582671,0.840314,0,0.185493,0.717277,0,0.214834,0.591623,0,0.105795,0.657068,0,0.349246,0.643979,0,0.567528,0.743455,0,0,0,0,0,0,0
remain,True,1,000001,Ev,,True,2,001001,Ev,Ap,0.49,0.548,0.783,0.061,0.374,0.944,0.489788,0.840314,0,0.548095,0.717277,0,0.783243,0.591623,1,0.061038,0.657068,0,0.374392,0.643979,0,0.943714,0.743455,1,0,0,0,0,0,1
remake,True,1,000010,Sn,,True,2,100010,Sn,Kn,0.726,0.071,0.229,0.042,0.751,0.444,0.726385,0.840314,0,0.070563,0.717277,0,0.228534,0.591623,0,0.042248,0.657068,0,0.750943,0.643979,1,0.444205,0.743455,0,0,0,0,0,1,0
remediate,True,1,000001,Ev,,True,1,000001,Ev,,0.047,0.09,0.392,0.296,0.336,0.76,0.046781,0.840314,0,0.089925,0.717277,0,0.392448,0.591623,0,0.296258,0.657068,0,0.335842,0.643979,0,0.760168,0.743455,1,0,0,0,0,0,1
remember,True,1,100000,Kn,,True,2,110000,Kn,Cm,0.846,0.663,0.346,0.388,0.056,0.072,0.845649,0.840314,1,0.663017,0.717277,0,0.345956,0.591623,0,0.387951,0.657068,0,0.055729,0.643979,0,0.071917,0.743455,0,1,0,0,0,0,0
remind,True,1,001000,Ap,,True,1,001000,Ap,,0.708,0.602,0.737,0.281,0.071,0.314,0.708304,0.840314,0,0.601785,0.717277,0,0.737257,0.591623,1,0.28057,0.657068,0,0.071366,0.643979,0,0.314053,0.743455,0,0,0,1,0,0,0
remodel,True,1,001000,Ap,,True,2,001010,Ap,Sn,0.165,0.397,0.805,0.155,0.585,0.395,0.164959,0.840314,0,0.397458,0.717277,0,0.805119,0.591623,1,0.154627,0.657068,0,0.584565,0.643979,0,0.394518,0.743455,0,0,0,1,0,0,0
remold,False,0,000000,,,True,1,001000,Ap,,0.137,0.259,0.57,0.181,0.473,0.608,0.13707,0.840314,0,0.25945,0.717277,0,0.570356,0.591623,0,0.181146,0.657068,0,0.473169,0.643979,0,0.60835,0.743455,0,0,0,0,0,0,0
remove,True,1,001000,Ap,,True,3,001101,Ap,"An, Ev",0.281,0.111,0.873,0.61,0.129,0.681,0.281266,0.840314,0,0.111164,0.717277,0,0.87345,0.591623,1,0.61047,0.657068,0,0.128713,0.643979,0,0.681397,0.743455,0,0,0,1,0,0,0
rename,True,1,000001,Ev,,True,3,001011,Ev,"Ap, Sn",0.548,0.272,0.716,0.021,0.717,0.838,0.547568,0.840314,0,0.271905,0.717277,0,0.715605,0.591623,1,0.020605,0.657068,0,0.716895,0.643979,1,0.837589,0.743455,1,0,0,0,0,0,1
render,True,1,000010,Sn,,True,1,000010,Sn,,0.154,0.434,0.186,0.229,0.717,0.6,0.154186,0.840314,0,0.434353,0.717277,0,0.186493,0.591623,0,0.229172,0.657068,0,0.717249,0.643979,1,0.600389,0.743455,0,0,0,0,0,1,0
renew,True,1,001000,Ap,,True,3,011010,Ap,"Cm, Sn",0.616,0.693,0.839,0.038,0.634,0.486,0.615889,0.840314,0,0.69315,0.717277,0,0.839233,0.591623,1,0.038304,0.657068,0,0.633804,0.643979,0,0.486186,0.743455,0,0,0,1,0,0,0
renormalize,True,1,000010,Sn,,True,1,000010,Sn,,0.01,0.577,0.017,0.339,0.795,0.24,0.009753,0.840314,0,0.577444,0.717277,0,0.017261,0.591623,0,0.339243,0.657068,0,0.795489,0.643979,1,0.239645,0.743455,0,0,0,0,0,1,0
renounce,True,1,000001,Ev,,True,2,001001,Ev,Ap,0.287,0.203,0.656,0.443,0.336,0.95,0.287209,0.840314,0,0.202501,0.717277,0,0.655554,0.591623,1,0.443304,0.657068,0,0.336113,0.643979,0,0.949941,0.743455,1,0,0,0,0,0,1
renovate,True,1,001000,Ap,,True,1,001000,Ap,,0.077,0.378,0.949,0.142,0.254,0.243,0.077122,0.840314,0,0.378184,0.717277,0,0.948702,0.591623,1,0.141813,0.657068,0,0.253953,0.643979,0,0.243205,0.743455,0,0,0,1,0,0,0
reorder,True,1,100000,Kn,,True,4,111001,Kn,"Cm, Ap, Ev",0.901,0.728,0.759,0.378,0.204,0.706,0.900986,0.840314,1,0.728499,0.717277,1,0.759434,0.591623,1,0.378181,0.657068,0,0.20369,0.643979,0,0.706099,0.743455,0,1,0,0,0,0,0
reorient,False,0,000000,,,False,0,000000,,,0.512,0.194,0.479,0.18,0.254,0.478,0.512488,0.840314,0,0.19432,0.717277,0,0.478558,0.591623,0,0.179681,0.657068,0,0.254319,0.643979,0,0.477731,0.743455,0,0,0,0,0,0,0
repaint,True,1,001000,Ap,,True,1,001000,Ap,,0.667,0.577,0.955,0.008,0.018,0.073,0.666675,0.840314,0,0.576894,0.717277,0,0.95515,0.591623,1,0.008274,0.657068,0,0.017661,0.643979,0,0.073012,0.743455,0,0,0,1,0,0,0
repay,False,0,000000,,,False,0,000000,,,0.673,0.116,0.498,0.382,0.024,0.479,0.673341,0.840314,0,0.116322,0.717277,0,0.497933,0.591623,0,0.382449,0.657068,0,0.02429,0.643979,0,0.478972,0.743455,0,0,0,0,0,0,0
repel,True,1,001000,Ap,,True,1,001000,Ap,,0.152,0.089,0.948,0.287,0.099,0.469,0.151547,0.840314,0,0.089362,0.717277,0,0.948407,0.591623,1,0.287069,0.657068,0,0.099319,0.643979,0,0.469005,0.743455,0,0,0,1,0,0,0
rephrase,True,1,010000,Cm,,True,2,010001,Cm,Ev,0.174,0.946,0.339,0.384,0.192,0.685,0.173659,0.840314,0,0.945629,0.717277,1,0.338883,0.591623,0,0.384236,0.657068,0,0.19196,0.643979,0,0.685317,0.743455,0,0,1,0,0,0,0
replace,True,1,001000,Ap,,True,2,001010,Ap,Sn,0.235,0.29,0.935,0.094,0.703,0.295,0.234887,0.840314,0,0.289903,0.717277,0,0.934935,0.591623,1,0.093713,0.657068,0,0.702523,0.643979,1,0.295482,0.743455,0,0,0,1,0,0,0
replant,True,1,001000,Ap,,True,1,001000,Ap,,0.255,0.272,0.983,0.226,0.077,0.22,0.254976,0.840314,0,0.272411,0.717277,0,0.982997,0.591623,1,0.226061,0.657068,0,0.077214,0.643979,0,0.219957,0.743455,0,0,0,1,0,0,0
replenish,True,1,001000,Ap,,True,1,001000,Ap,,0.528,0.048,0.704,0.02,0.191,0.181,0.527994,0.840314,0,0.048494,0.717277,0,0.704372,0.591623,1,0.019765,0.657068,0,0.190701,0.643979,0,0.181374,0.743455,0,0,0,1,0,0,0
replicate,True,1,001000,Ap,,True,3,101100,Ap,"Kn, An",0.778,0.074,0.873,0.786,0.357,0.148,0.77824,0.840314,0,0.074433,0.717277,0,0.873257,0.591623,1,0.78602,0.657068,1,0.356785,0.643979,0,0.148057,0.743455,0,0,0,1,0,0,0
reposition,True,3,011001,Cm,"Ap, Ev",True,3,011001,Cm,"Ap, Ev",0.635,0.831,0.747,0.319,0.329,0.812,0.635335,0.840314,0,0.830773,0.717277,1,0.746615,0.591623,1,0.318625,0.657068,0,0.329363,0.643979,0,0.812211,0.743455,1,0,1,1,0,0,1
repress,True,1,001000,Ap,,True,1,001000,Ap,,0.242,0.01,0.882,0.341,0.122,0.295,0.24154,0.840314,0,0.009697,0.717277,0,0.881653,0.591623,1,0.340796,0.657068,0,0.121656,0.643979,0,0.295305,0.743455,0,0,0,1,0,0,0
reprint,True,1,100000,Kn,,True,1,100000,Kn,,0.877,0.086,0.498,0.408,0.075,0.155,0.876737,0.840314,1,0.085522,0.717277,0,0.498106,0.591623,0,0.407887,0.657068,0,0.075094,0.643979,0,0.154919,0.743455,0,1,0,0,0,0,0
republish,True,1,000100,An,,True,1,000100,An,,0.528,0.31,0.231,0.659,0.161,0.215,0.528132,0.840314,0,0.309685,0.717277,0,0.231258,0.591623,0,0.659399,0.657068,1,0.160981,0.643979,0,0.21478,0.743455,0,0,0,0,1,0,0
request,True,1,000100,An,,True,3,011100,An,"Cm, Ap",0.547,0.669,0.742,0.888,0.127,0.165,0.547276,0.840314,0,0.669007,0.717277,0,0.742308,0.591623,1,0.888286,0.657068,1,0.127327,0.643979,0,0.165,0.743455,0,0,0,0,1,0,0
require,True,3,001110,An,"Ap, Sn",True,3,001110,An,"Ap, Sn",0.185,0.367,0.73,0.774,0.768,0.445,0.185034,0.840314,0,0.366971,0.717277,0,0.729671,0.591623,1,0.77358,0.657068,1,0.768311,0.643979,1,0.444762,0.743455,0,0,0,1,1,1,0
reread,True,1,100000,Kn,,True,2,110000,Kn,Cm,0.852,0.696,0.029,0.266,0.127,0.39,0.851913,0.840314,1,0.696243,0.717277,0,0.028659,0.591623,0,0.265555,0.657068,0,0.127295,0.643979,0,0.390108,0.743455,0,1,0,0,0,0,0
rescale,True,1,000010,Sn,,True,2,010010,Sn,Cm,0.085,0.738,0.188,0.433,0.836,0.42,0.085158,0.840314,0,0.737965,0.717277,1,0.188236,0.591623,0,0.433099,0.657068,0,0.836413,0.643979,1,0.419909,0.743455,0,0,0,0,0,1,0
reschedule,True,1,001000,Ap,,True,3,011001,Ap,"Cm, Ev",0.242,0.746,0.987,0.239,0.382,0.675,0.242291,0.840314,0,0.745525,0.717277,1,0.987164,0.591623,1,0.238664,0.657068,0,0.381794,0.643979,0,0.675492,0.743455,0,0,0,1,0,0,0
reseed,False,0,000000,,,True,1,001000,Ap,,0.444,0.187,0.546,0.092,0.467,0.605,0.44355,0.840314,0,0.186889,0.717277,0,0.546444,0.591623,0,0.092119,0.657068,0,0.467235,0.643979,0,0.604939,0.743455,0,0,0,0,0,0,0
resemble,True,1,100000,Kn,,True,3,110010,Kn,"Cm, Sn",0.983,0.868,0.482,0.105,0.645,0.147,0.982837,0.840314,1,0.867881,0.717277,1,0.482054,0.591623,0,0.105411,0.657068,0,0.64537,0.643979,1,0.147057,0.743455,0,1,0,0,0,0,0
resent,True,2,010001,Ev,Cm,True,2,010001,Ev,Cm,0.296,0.722,0.344,0.093,0.036,0.749,0.296331,0.840314,0,0.721751,0.717277,1,0.343915,0.591623,0,0.092947,0.657068,0,0.035859,0.643979,0,0.748582,0.743455,1,0,1,0,0,0,1
reserve,True,3,001101,Ap,"An, Ev",True,3,001101,Ap,"An, Ev",0.135,0.393,0.902,0.76,0.428,0.895,0.134712,0.840314,0,0.393106,0.717277,0,0.902455,0.591623,1,0.759852,0.657068,1,0.427885,0.643979,0,0.894977,0.743455,1,0,0,1,1,0,1
reset,True,1,001000,Ap,,True,1,001000,Ap,,0.502,0.086,0.732,0.145,0.533,0.105,0.502249,0.840314,0,0.086057,0.717277,0,0.731635,0.591623,1,0.145373,0.657068,0,0.532852,0.643979,0,0.104556,0.743455,0,0,0,1,0,0,0
reshape,True,1,000100,An,,True,3,010110,An,"Cm, Sn",0.15,0.731,0.332,0.868,0.631,0.095,0.150348,0.840314,0,0.731469,0.717277,1,0.332124,0.591623,0,0.867818,0.657068,1,0.631032,0.643979,0,0.094687,0.743455,0,0,0,0,1,0,0
reside,True,1,001000,Ap,,True,1,001000,Ap,,0.492,0.402,0.866,0.319,0.327,0.113,0.491705,0.840314,0,0.402319,0.717277,0,0.866088,0.591623,1,0.318872,0.657068,0,0.327147,0.643979,0,0.112816,0.743455,0,0,0,1,0,0,0
resist,True,1,001000,Ap,,True,3,001101,Ap,"An, Ev",0.685,0.022,0.934,0.578,0.533,0.691,0.684559,0.840314,0,0.022116,0.717277,0,0.933829,0.591623,1,0.577935,0.657068,0,0.533052,0.643979,0,0.690688,0.743455,0,0,0,1,0,0,0
resize,True,1,000100,An,,True,4,010111,An,"Cm, Sn, Ev",0.101,0.745,0.304,0.912,0.601,0.695,0.100512,0.840314,0,0.744515,0.717277,1,0.303771,0.591623,0,0.9121,0.657068,1,0.600679,0.643979,0,0.695489,0.743455,0,0,0,0,1,0,0
resonate,True,1,000001,Ev,,True,1,000001,Ev,,0.444,0.504,0.029,0.105,0.209,0.948,0.443603,0.840314,0,0.503681,0.717277,0,0.028726,0.591623,0,0.104769,0.657068,0,0.209281,0.643979,0,0.948143,0.743455,1,0,0,0,0,0,1
rest,True,2,001100,An,Ap,True,2,001100,An,Ap,0.268,0.232,0.748,0.786,0.032,0.389,0.268444,0.840314,0,0.232182,0.717277,0,0.747746,0.591623,1,0.78567,0.657068,1,0.031983,0.643979,0,0.388607,0.743455,0,0,0,1,1,0,0
restart,False,0,000000,,,True,1,000100,An,,0.524,0.324,0.385,0.578,0.458,0.312,0.524271,0.840314,0,0.324053,0.717277,0,0.385331,0.591623,0,0.578446,0.657068,0,0.458021,0.643979,0,0.311639,0.743455,0,0,0,0,0,0,0
restore,True,1,001000,Ap,,True,1,001000,Ap,,0.173,0.115,0.618,0.133,0.046,0.29,0.172719,0.840314,0,0.115377,0.717277,0,0.618145,0.591623,1,0.133211,0.657068,0,0.045883,0.643979,0,0.290219,0.743455,0,0,0,1,0,0,0
restrain,True,1,000001,Ev,,True,3,001101,Ev,"Ap, An",0.067,0.011,0.747,0.87,0.358,0.942,0.066634,0.840314,0,0.011129,0.717277,0,0.746561,0.591623,1,0.87025,0.657068,1,0.357872,0.643979,0,0.942494,0.743455,1,0,0,0,0,0,1
restrict,True,3,001101,An,"Ap, Ev",True,3,001101,An,"Ap, Ev",0.116,0.025,0.814,0.963,0.391,0.923,0.115675,0.840314,0,0.024751,0.717277,0,0.814129,0.591623,1,0.96252,0.657068,1,0.39059,0.643979,0,0.923018,0.743455,1,0,0,1,1,0,1
result,True,3,010101,Ev,"Cm, An",True,3,010101,Ev,"Cm, An",0.694,0.914,0.456,0.801,0.03,0.97,0.69427,0.840314,0,0.914357,0.717277,1,0.456084,0.591623,0,0.801066,0.657068,1,0.029596,0.643979,0,0.970226,0.743455,1,0,1,0,1,0,1
resume,True,1,000100,An,,True,2,001100,An,Ap,0.598,0.077,0.702,0.902,0.06,0.534,0.598371,0.840314,0,0.076807,0.717277,0,0.702187,0.591623,1,0.902012,0.657068,1,0.059509,0.643979,0,0.533667,0.743455,0,0,0,0,1,0,0
resuspend,True,1,001000,Ap,,True,2,001001,Ev,Ap,0.387,0.184,0.633,0.021,0.13,0.674,0.387306,0.840314,0,0.18408,0.717277,0,0.633232,0.591623,1,0.021106,0.657068,0,0.130484,0.643979,0,0.673744,0.743455,0,0,0,1,0,0,0
retain,True,1,001000,Ap,,True,2,001001,Ap,Ev,0.643,0.168,0.9,0.032,0.119,0.695,0.64294,0.840314,0,0.167896,0.717277,0,0.900058,0.591623,1,0.031804,0.657068,0,0.119065,0.643979,0,0.694574,0.743455,0,0,0,1,0,0,0
rethink,True,1,000001,Ev,,True,1,000001,Ev,,0.544,0.377,0.2,0.155,0.308,0.795,0.544319,0.840314,0,0.37719,0.717277,0,0.199871,0.591623,0,0.154616,0.657068,0,0.308248,0.643979,0,0.794516,0.743455,1,0,0,0,0,0,1
retire,True,3,001011,Ev,"Ap, Sn",True,3,001011,Ev,"Ap, Sn",0.457,0.099,0.84,0.379,0.659,0.882,0.456909,0.840314,0,0.098755,0.717277,0,0.840097,0.591623,1,0.378623,0.657068,0,0.658599,0.643979,1,0.882386,0.743455,1,0,0,1,0,1,1
retrace,True,1,001000,Ap,,True,3,111000,Kn,"Cm, Ap",0.808,0.632,0.596,0.042,0.023,0.182,0.808234,0.840314,0,0.632391,0.717277,0,0.595501,0.591623,1,0.042119,0.657068,0,0.022502,0.643979,0,0.182211,0.743455,0,0,0,1,0,0,0
retract,True,1,001000,Ap,,True,1,001000,Ap,,0.593,0.29,0.857,0.148,0.053,0.276,0.592795,0.840314,0,0.289778,0.717277,0,0.857426,0.591623,1,0.147694,0.657068,0,0.052766,0.643979,0,0.275888,0.743455,0,0,0,1,0,0,0
retrain,True,1,001000,Ap,,True,2,001010,Ap,Sn,0.164,0.025,0.836,0.245,0.558,0.05,0.164101,0.840314,0,0.025257,0.717277,0,0.8356,0.591623,1,0.244668,0.657068,0,0.557586,0.643979,0,0.050243,0.743455,0,0,0,1,0,0,0
retreat,False,0,000000,,,True,1,000001,Ev,,0.043,0.5,0.457,0.318,0.341,0.688,0.043296,0.840314,0,0.500366,0.717277,0,0.457456,0.591623,0,0.31805,0.657068,0,0.340916,0.643979,0,0.688132,0.743455,0,0,0,0,0,0,0
retry,False,0,000000,,,False,0,000000,,,0.567,0.543,0.26,0.191,0.021,0.564,0.567321,0.840314,0,0.542546,0.717277,0,0.259577,0.591623,0,0.191057,0.657068,0,0.020997,0.643979,0,0.564273,0.743455,0,0,0,0,0,0,0
return,True,1,000001,Ev,,True,3,011001,Ev,"Cm, Ap",0.495,0.664,0.561,0.109,0.026,0.762,0.495452,0.840314,0,0.663565,0.717277,0,0.561176,0.591623,0,0.108915,0.657068,0,0.026104,0.643979,0,0.761727,0.743455,1,0,0,0,0,0,1
reunify,False,0,000000,,,True,2,100001,Kn,Ev,0.817,0.484,0.066,0.025,0.372,0.723,0.81667,0.840314,0,0.483786,0.717277,0,0.065555,0.591623,0,0.02494,0.657068,0,0.372129,0.643979,0,0.723049,0.743455,0,0,0,0,0,0,0
reunite,True,1,100000,Kn,,True,2,100001,Kn,Ev,0.921,0.242,0.003,0.106,0.204,0.684,0.921482,0.840314,1,0.242034,0.717277,0,0.003061,0.591623,0,0.105877,0.657068,0,0.204105,0.643979,0,0.684167,0.743455,0,1,0,0,0,0,0
reuse,True,1,001000,Ap,,True,1,001000,Ap,,0.406,0.167,0.978,0.381,0.532,0.595,0.406282,0.840314,0,0.16655,0.717277,0,0.978017,0.591623,1,0.381198,0.657068,0,0.532254,0.643979,0,0.594501,0.743455,0,0,0,1,0,0,0
reveal,True,3,101100,Kn,"Ap, An",True,3,101100,Kn,"Ap, An",0.891,0.153,0.873,0.754,0.335,0.189,0.891281,0.840314,1,0.153306,0.717277,0,0.872929,0.591623,1,0.754298,0.657068,1,0.33516,0.643979,0,0.189272,0.743455,0,1,0,1,1,0,0
reverse,True,1,001000,Ap,,True,2,001100,Ap,An,0.455,0.113,0.96,0.796,0.123,0.246,0.454622,0.840314,0,0.113107,0.717277,0,0.959978,0.591623,1,0.796181,0.657068,1,0.123148,0.643979,0,0.245544,0.743455,0,0,0,1,0,0,0
revert,True,1,000001,Ev,,True,2,001001,Ev,Ap,0.098,0.259,0.698,0.288,0.227,0.762,0.098365,0.840314,0,0.259391,0.717277,0,0.697815,0.591623,1,0.287912,0.657068,0,0.227114,0.643979,0,0.762108,0.743455,1,0,0,0,0,0,1
revisit,True,1,100000,Kn,,True,2,100001,Kn,Ev,0.865,0.263,0.339,0.408,0.402,0.781,0.865221,0.840314,1,0.263436,0.717277,0,0.339133,0.591623,0,0.407984,0.657068,0,0.401562,0.643979,0,0.780905,0.743455,1,1,0,0,0,0,0
revive,True,1,000001,Ev,,True,1,000001,Ev,,0.711,0.101,0.016,0.033,0.317,0.843,0.710594,0.840314,0,0.101495,0.717277,0,0.015815,0.591623,0,0.032533,0.657068,0,0.316595,0.643979,0,0.843071,0.743455,1,0,0,0,0,0,1
revolutionize,True,3,001110,Sn,"Ap, An",True,3,001110,Sn,"Ap, An",0.033,0.434,0.786,0.66,0.844,0.282,0.032821,0.840314,0,0.433995,0.717277,0,0.785696,0.591623,1,0.660058,0.657068,1,0.843742,0.643979,1,0.282447,0.743455,0,0,0,1,1,1,0
revolve,True,1,010000,Cm,,True,2,011000,Cm,Ap,0.206,0.801,0.728,0.225,0.309,0.295,0.205769,0.840314,0,0.800668,0.717277,1,0.727713,0.591623,1,0.22459,0.657068,0,0.308734,0.643979,0,0.29457,0.743455,0,0,1,0,0,0,0
rewire,True,2,001100,Ap,An,True,2,001100,Ap,An,0.111,0.108,0.838,0.832,0.342,0.194,0.110613,0.840314,0,0.107739,0.717277,0,0.838417,0.591623,1,0.832081,0.657068,1,0.342346,0.643979,0,0.193737,0.743455,0,0,0,1,1,0,0
reword,True,1,010000,Cm,,True,1,010000,Cm,,0.461,0.921,0.027,0.382,0.073,0.425,0.460874,0.840314,0,0.921033,0.717277,1,0.026657,0.591623,0,0.382442,0.657068,0,0.072855,0.643979,0,0.425055,0.743455,0,0,1,0,0,0,0
rework,False,0,000000,,,False,0,000000,,,0.105,0.377,0.373,0.131,0.443,0.222,0.105055,0.840314,0,0.377498,0.717277,0,0.372531,0.591623,0,0.131102,0.657068,0,0.443419,0.643979,0,0.222222,0.743455,0,0,0,0,0,0,0
ride,True,1,001000,Ap,,True,2,101000,Ap,Kn,0.719,0.278,0.954,0.341,0.025,0.081,0.718505,0.840314,0,0.278311,0.717277,0,0.953911,0.591623,1,0.340968,0.657068,0,0.02517,0.643979,0,0.08108,0.743455,0,0,0,1,0,0,0
ring,False,0,000000,,,True,2,100001,Kn,Ev,0.749,0.287,0.419,0.179,0.452,0.669,0.749486,0.840314,0,0.28746,0.717277,0,0.418673,0.591623,0,0.179417,0.657068,0,0.451756,0.643979,0,0.669105,0.743455,0,0,0,0,0,0,0
rinse,False,0,000000,,,True,1,000001,Ev,,0.37,0.009,0.102,0.093,0.365,0.634,0.36975,0.840314,0,0.008641,0.717277,0,0.101946,0.591623,0,0.093409,0.657068,0,0.365172,0.643979,0,0.634138,0.743455,0,0,0,0,0,0,0
rip,True,1,001000,Ap,,True,1,001000,Ap,,0.603,0.505,0.865,0.283,0.023,0.453,0.603334,0.840314,0,0.504511,0.717277,0,0.865097,0.591623,1,0.282927,0.657068,0,0.022639,0.643979,0,0.452553,0.743455,0,0,0,1,0,0,0
ripple,True,1,000100,An,,True,1,000100,An,,0.231,0.113,0.008,0.658,0.202,0.092,0.231408,0.840314,0,0.112891,0.717277,0,0.007949,0.591623,0,0.657844,0.657068,1,0.201622,0.643979,0,0.092012,0.743455,0,0,0,0,1,0,0
rise,False,0,000000,,,True,1,000010,Sn,,0.663,0.066,0.367,0.179,0.6,0.478,0.663236,0.840314,0,0.066158,0.717277,0,0.367397,0.591623,0,0.179057,0.657068,0,0.599923,0.643979,0,0.478356,0.743455,0,0,0,0,0,0,0
roam,True,1,001000,Ap,,True,1,001000,Ap,,0.311,0.572,0.64,0.246,0.054,0.119,0.311451,0.840314,0,0.571525,0.717277,0,0.639689,0.591623,1,0.246336,0.657068,0,0.05373,0.643979,0,0.118989,0.743455,0,0,0,1,0,0,0
rob,True,1,001000,Ap,,True,2,001100,Ap,An,0.52,0.603,0.682,0.561,0.038,0.12,0.52033,0.840314,0,0.603482,0.717277,0,0.682166,0.591623,1,0.561492,0.657068,0,0.037606,0.643979,0,0.119657,0.743455,0,0,0,1,0,0,0
roll,True,2,001001,Ap,Ev,True,2,001001,Ap,Ev,0.582,0.455,0.902,0.326,0.357,0.844,0.581945,0.840314,0,0.454762,0.717277,0,0.90186,0.591623,1,0.326006,0.657068,0,0.356797,0.643979,0,0.843844,0.743455,1,0,0,1,0,0,1
rotate,True,1,000001,Ev,,True,2,010001,Ev,Cm,0.443,0.742,0.433,0.495,0.517,0.909,0.442506,0.840314,0,0.742258,0.717277,1,0.432594,0.591623,0,0.495073,0.657068,0,0.516855,0.643979,0,0.909188,0.743455,1,0,0,0,0,0,1
roughen,True,1,001000,Ap,,True,2,001001,Ap,Ev,0.321,0.204,0.859,0.406,0.324,0.693,0.32107,0.840314,0,0.203555,0.717277,0,0.85906,0.591623,1,0.406475,0.657068,0,0.324406,0.643979,0,0.692754,0.743455,0,0,0,1,0,0,0
round,True,1,001000,Ap,,True,2,011000,Ap,Cm,0.445,0.651,0.902,0.472,0.119,0.258,0.44464,0.840314,0,0.6506,0.717277,0,0.90156,0.591623,1,0.472332,0.657068,0,0.118969,0.643979,0,0.258032,0.743455,0,0,0,1,0,0,0
rout,True,1,010000,Cm,,True,3,011100,Cm,"Ap, An",0.588,0.934,0.618,0.726,0.02,0.215,0.588191,0.840314,0,0.934476,0.717277,1,0.618203,0.591623,1,0.726115,0.657068,1,0.020289,0.643979,0,0.214818,0.743455,0,0,1,0,0,0,0
rove,True,1,000100,An,,True,1,000100,An,,0.377,0.459,0.387,0.798,0.243,0.281,0.376525,0.840314,0,0.459152,0.717277,0,0.387492,0.591623,0,0.798176,0.657068,1,0.242909,0.643979,0,0.280677,0.743455,0,0,0,0,1,0,0
rub,True,1,100000,Kn,,True,1,100000,Kn,,0.854,0.377,0.153,0.343,0.274,0.339,0.854444,0.840314,1,0.377432,0.717277,0,0.152593,0.591623,0,0.343339,0.657068,0,0.273746,0.643979,0,0.338852,0.743455,0,1,0,0,0,0,0
ruin,True,1,001000,Ap,,True,1,001000,Ap,,0.664,0.442,0.979,0.196,0.105,0.425,0.664121,0.840314,0,0.442466,0.717277,0,0.978964,0.591623,1,0.196451,0.657068,0,0.104647,0.643979,0,0.424572,0.743455,0,0,0,1,0,0,0
rule,False,0,000000,,,True,2,000101,Ev,An,0.671,0.072,0.225,0.585,0.047,0.634,0.670868,0.840314,0,0.071723,0.717277,0,0.225202,0.591623,0,0.585377,0.657068,0,0.046705,0.643979,0,0.634394,0.743455,0,0,0,0,0,0,0
run,True,2,001100,An,Ap,True,2,001100,An,Ap,0.235,0.425,0.783,0.784,0.428,0.196,0.235121,0.840314,0,0.425346,0.717277,0,0.78304,0.591623,1,0.783691,0.657068,1,0.428453,0.643979,0,0.196497,0.743455,0,0,0,1,1,0,0
rupture,True,1,001000,Ap,,True,2,001100,Ap,An,0.066,0.455,0.935,0.8,0.067,0.231,0.065615,0.840314,0,0.454703,0.717277,0,0.935245,0.591623,1,0.799848,0.657068,1,0.067286,0.643979,0,0.230862,0.743455,0,0,0,1,0,0,0
safeguard,True,1,001000,Ap,,True,1,001000,Ap,,0.017,0.024,0.897,0.46,0.167,0.404,0.016621,0.840314,0,0.023716,0.717277,0,0.897009,0.591623,1,0.460478,0.657068,0,0.167295,0.643979,0,0.403835,0.743455,0,0,0,1,0,0,0
sail,True,1,001000,Ap,,True,1,001000,Ap,,0.277,0.171,0.898,0.06,0.429,0.096,0.276925,0.840314,0,0.170839,0.717277,0,0.898406,0.591623,1,0.060303,0.657068,0,0.429287,0.643979,0,0.095725,0.743455,0,0,0,1,0,0,0
satisfy,True,1,001000,Ap,,True,1,001000,Ap,,0.455,0.01,0.68,0.16,0.343,0.348,0.454726,0.840314,0,0.010387,0.717277,0,0.679746,0.591623,1,0.160289,0.657068,0,0.342765,0.643979,0,0.347731,0.743455,0,0,0,1,0,0,0
saturate,False,0,000000,,,True,1,000100,An,,0.063,0.043,0.351,0.57,0.023,0.358,0.062863,0.840314,0,0.042741,0.717277,0,0.351392,0.591623,0,0.569664,0.657068,0,0.023462,0.643979,0,0.358408,0.743455,0,0,0,0,0,0,0
save,True,1,000001,Ev,,True,2,000101,Ev,An,0.666,0.531,0.334,0.777,0.445,0.953,0.665717,0.840314,0,0.530843,0.717277,0,0.334442,0.591623,0,0.776784,0.657068,1,0.444692,0.643979,0,0.953162,0.743455,1,0,0,0,0,0,1
saw,True,2,100100,Kn,An,True,2,100100,Kn,An,0.98,0.535,0.463,0.979,0.072,0.135,0.979738,0.840314,1,0.534521,0.717277,0,0.462623,0.591623,0,0.979016,0.657068,1,0.071506,0.643979,0,0.134707,0.743455,0,1,0,0,1,0,0
say,True,1,010000,Cm,,True,2,110000,Cm,Kn,0.765,0.798,0.436,0.439,0.445,0.447,0.765408,0.840314,0,0.797521,0.717277,1,0.436452,0.591623,0,0.439107,0.657068,0,0.445068,0.643979,0,0.447187,0.743455,0,0,1,0,0,0,0
scale,True,1,000100,An,,True,2,000110,An,Sn,0.243,0.574,0.233,0.862,0.719,0.574,0.242853,0.840314,0,0.574287,0.717277,0,0.233319,0.591623,0,0.862483,0.657068,1,0.719091,0.643979,1,0.573513,0.743455,0,0,0,0,1,0,0
scan,True,1,000100,An,,True,2,010100,An,Cm,0.655,0.624,0.486,0.901,0.32,0.294,0.654981,0.840314,0,0.623527,0.717277,0,0.485594,0.591623,0,0.900995,0.657068,1,0.319575,0.643979,0,0.293816,0.743455,0,0,0,0,1,0,0
scarify,True,1,001000,Ap,,True,2,001100,Ap,An,0.46,0.245,0.878,0.741,0.052,0.602,0.459833,0.840314,0,0.24494,0.717277,0,0.878144,0.591623,1,0.740881,0.657068,1,0.052488,0.643979,0,0.602052,0.743455,0,0,0,1,0,0,0
scatter,True,1,001000,Ap,,True,3,011100,Ap,"Cm, An",0.465,0.678,0.806,0.746,0.1,0.023,0.464915,0.840314,0,0.678075,0.717277,0,0.80581,0.591623,1,0.745755,0.657068,1,0.099511,0.643979,0,0.022985,0.743455,0,0,0,1,0,0,0
scavenge,True,1,000100,An,,True,3,101100,An,"Kn, Ap",0.75,0.131,0.887,0.981,0.014,0.425,0.750477,0.840314,0,0.130783,0.717277,0,0.886823,0.591623,1,0.980644,0.657068,1,0.013837,0.643979,0,0.425389,0.743455,0,0,0,0,1,0,0
scour,True,1,001000,Ap,,True,2,001100,Ap,An,0.49,0.137,0.995,0.734,0.003,0.312,0.489981,0.840314,0,0.137353,0.717277,0,0.995326,0.591623,1,0.733509,0.657068,1,0.00308,0.643979,0,0.311762,0.743455,0,0,0,1,0,0,0
scramble,True,1,000100,An,,True,2,001100,An,Ap,0.708,0.453,0.596,0.94,0.354,0.17,0.708347,0.840314,0,0.453103,0.717277,0,0.595512,0.591623,1,0.940447,0.657068,1,0.353937,0.643979,0,0.170123,0.743455,0,0,0,0,1,0,0
scrape,True,3,101100,Kn,"Ap, An",True,3,101100,Kn,"Ap, An",0.981,0.494,0.867,0.96,0.015,0.228,0.980567,0.840314,1,0.494245,0.717277,0,0.866815,0.591623,1,0.95961,0.657068,1,0.014841,0.643979,0,0.227884,0.743455,0,1,0,1,1,0,0
scratch,True,1,100000,Kn,,True,2,101000,Kn,Ap,0.968,0.415,0.905,0.337,0.524,0.023,0.967504,0.840314,1,0.414683,0.717277,0,0.905199,0.591623,1,0.337314,0.657068,0,0.523878,0.643979,0,0.023464,0.743455,0,1,0,0,0,0,0
screw,True,1,001000,Ap,,True,2,001001,Ap,Ev,0.616,0.213,0.878,0.377,0.225,0.743,0.61559,0.840314,0,0.212829,0.717277,0,0.878006,0.591623,1,0.376968,0.657068,0,0.225038,0.643979,0,0.743138,0.743455,0,0,0,1,0,0,0
scribe,True,1,100000,Kn,,True,4,101101,Kn,"Ap, An, Ev",0.977,0.096,0.879,0.903,0.273,0.724,0.976991,0.840314,1,0.095676,0.717277,0,0.879486,0.591623,1,0.902803,0.657068,1,0.273309,0.643979,0,0.72378,0.743455,0,1,0,0,0,0,0
scroll,True,1,100000,Kn,,True,3,101100,Kn,"Ap, An",0.856,0.028,0.658,0.787,0.035,0.483,0.855893,0.840314,1,0.028167,0.717277,0,0.657687,0.591623,1,0.787047,0.657068,1,0.035408,0.643979,0,0.48259,0.743455,0,1,0,0,0,0,0
sculpt,True,1,000100,An,,True,4,111100,An,"Kn, Cm, Ap",0.816,0.797,0.836,0.914,0.06,0.19,0.816149,0.840314,0,0.79704,0.717277,1,0.835953,0.591623,1,0.914486,0.657068,1,0.060151,0.643979,0,0.190258,0.743455,0,0,0,0,1,0,0
seal,True,1,000001,Ev,,True,1,000001,Ev,,0.277,0.34,0.264,0.229,0.228,0.943,0.276684,0.840314,0,0.339825,0.717277,0,0.264397,0.591623,0,0.229205,0.657068,0,0.227577,0.643979,0,0.943178,0.743455,1,0,0,0,0,0,1
seat,True,3,101001,Kn,"Ap, Ev",True,3,101001,Kn,"Ap, Ev",0.847,0.068,0.696,0.166,0.063,0.788,0.847335,0.840314,1,0.067817,0.717277,0,0.696468,0.591623,1,0.166139,0.657068,0,0.062981,0.643979,0,0.787637,0.743455,1,1,0,1,0,0,1
secrete,True,1,001000,Ap,,True,1,001000,Ap,,0.078,0.024,0.787,0.515,0.128,0.527,0.078433,0.840314,0,0.024099,0.717277,0,0.786841,0.591623,1,0.515441,0.657068,0,0.127994,0.643979,0,0.527425,0.743455,0,0,0,1,0,0,0
sectionalize,True,1,001000,Ap,,True,3,001110,Ap,"An, Sn",0.157,0.547,0.749,0.611,0.614,0.287,0.156654,0.840314,0,0.547215,0.717277,0,0.749227,0.591623,1,0.610882,0.657068,0,0.614157,0.643979,0,0.286913,0.743455,0,0,0,1,0,0,0
secure,True,1,000001,Ev,,True,4,011101,Ev,"Cm, Ap, An",0.064,0.641,0.715,0.775,0.058,0.91,0.064226,0.840314,0,0.640806,0.717277,0,0.714939,0.591623,1,0.774609,0.657068,1,0.058293,0.643979,0,0.909831,0.743455,1,0,0,0,0,0,1
sediment,True,2,001100,An,Ap,True,2,001100,An,Ap,0.164,0.106,0.842,0.856,0.06,0.54,0.163738,0.840314,0,0.106432,0.717277,0,0.84237,0.591623,1,0.855572,0.657068,1,0.059585,0.643979,0,0.539979,0.743455,0,0,0,1,1,0,0
see,True,4,111100,An,"Kn, Cm, Ap",True,4,111100,An,"Kn, Cm, Ap",0.955,0.856,0.73,0.971,0.209,0.343,0.954504,0.840314,1,0.855732,0.717277,1,0.730196,0.591623,1,0.970742,0.657068,1,0.2093,0.643979,0,0.342626,0.743455,0,1,1,1,1,0,0
seek,True,1,100000,Kn,,True,1,100000,Kn,,0.974,0.16,0.199,0.36,0.045,0.068,0.973613,0.840314,1,0.159648,0.717277,0,0.198573,0.591623,0,0.360107,0.657068,0,0.045079,0.643979,0,0.068331,0.743455,0,1,0,0,0,0,0
seem,True,1,010000,Cm,,True,2,110000,Cm,Kn,0.826,0.932,0.003,0.173,0.534,0.443,0.825741,0.840314,0,0.931958,0.717277,1,0.002618,0.591623,0,0.173476,0.657068,0,0.533599,0.643979,0,0.443166,0.743455,0,0,1,0,0,0,0
seep,True,1,000100,An,,True,3,011100,An,"Cm, Ap",0.53,0.649,0.639,0.988,0.018,0.106,0.530489,0.840314,0,0.648646,0.717277,0,0.638698,0.591623,1,0.98757,0.657068,1,0.01779,0.643979,0,0.106106,0.743455,0,0,0,0,1,0,0
segregate,True,1,000100,An,,True,3,001110,An,"Ap, Sn",0.476,0.548,0.605,0.909,0.567,0.328,0.476132,0.840314,0,0.547582,0.717277,0,0.604995,0.591623,1,0.908523,0.657068,1,0.566901,0.643979,0,0.327918,0.743455,0,0,0,0,1,0,0
sell,True,1,001000,Ap,,True,2,001100,Ap,An,0.368,0.405,0.838,0.651,0.222,0.415,0.3678,0.840314,0,0.405234,0.717277,0,0.838389,0.591623,1,0.651255,0.657068,0,0.222109,0.643979,0,0.414831,0.743455,0,0,0,1,0,0,0
send,True,1,001000,Ap,,True,2,011000,Ap,Cm,0.298,0.695,0.705,0.287,0.042,0.012,0.298081,0.840314,0,0.694833,0.717277,0,0.704553,0.591623,1,0.287415,0.657068,0,0.042255,0.643979,0,0.011619,0.743455,0,0,0,1,0,0,0
sensitize,True,1,001000,Ap,,True,3,001110,Ap,"An, Sn",0.171,0.138,0.839,0.734,0.608,0.051,0.171457,0.840314,0,0.138034,0.717277,0,0.838673,0.591623,1,0.734172,0.657068,1,0.607919,0.643979,0,0.050605,0.743455,0,0,0,1,0,0,0
sequester,True,1,001000,Ap,,True,2,001001,Ap,Ev,0.034,0.192,0.838,0.324,0.129,0.656,0.034274,0.840314,0,0.192144,0.717277,0,0.837682,0.591623,1,0.323783,0.657068,0,0.129365,0.643979,0,0.656338,0.743455,0,0,0,1,0,0,0
serve,True,1,001000,Ap,,True,2,001010,Ap,Sn,0.369,0.346,0.877,0.163,0.58,0.167,0.369086,0.840314,0,0.345687,0.717277,0,0.877178,0.591623,1,0.162959,0.657068,0,0.579726,0.643979,0,0.166567,0.743455,0,0,0,1,0,0,0
set,True,1,001000,Ap,,True,1,001000,Ap,,0.476,0.123,0.928,0.131,0.533,0.068,0.476288,0.840314,0,0.123018,0.717277,0,0.927987,0.591623,1,0.130978,0.657068,0,0.532527,0.643979,0,0.068408,0.743455,0,0,0,1,0,0,0
settle,True,1,000100,An,,True,2,001100,An,Ap,0.488,0.089,0.573,0.91,0.518,0.609,0.488076,0.840314,0,0.089072,0.717277,0,0.573096,0.591623,0,0.909631,0.657068,1,0.517966,0.643979,0,0.608573,0.743455,0,0,0,0,1,0,0
shadow,True,2,010100,Cm,An,True,4,111100,Cm,"Kn, Ap, An",0.748,0.765,0.551,0.727,0.039,0.119,0.74763,0.840314,0,0.765217,0.717277,1,0.55086,0.591623,0,0.726567,0.657068,1,0.038733,0.643979,0,0.118957,0.743455,0,0,1,0,1,0,0
shake,True,1,000100,An,,True,2,000110,An,Sn,0.543,0.286,0.152,0.714,0.618,0.374,0.543482,0.840314,0,0.286475,0.717277,0,0.151883,0.591623,0,0.713866,0.657068,1,0.618001,0.643979,0,0.37365,0.743455,0,0,0,0,1,0,0
share,True,1,001000,Ap,,True,2,101000,Kn,Ap,0.786,0.414,0.756,0.479,0.254,0.168,0.786245,0.840314,0,0.413806,0.717277,0,0.755628,0.591623,1,0.479371,0.657068,0,0.254328,0.643979,0,0.168039,0.743455,0,0,0,1,0,0,0
sharpen,True,1,000100,An,,True,2,001100,An,Ap,0.352,0.07,0.697,0.918,0.272,0.342,0.352301,0.840314,0,0.069832,0.717277,0,0.697421,0.591623,1,0.918265,0.657068,1,0.271538,0.643979,0,0.34153,0.743455,0,0,0,0,1,0,0
shatter,False,0,000000,,,True,1,000100,An,,0.366,0.158,0.241,0.64,0.425,0.082,0.366333,0.840314,0,0.158314,0.717277,0,0.240669,0.591623,0,0.639706,0.657068,0,0.424937,0.643979,0,0.082151,0.743455,0,0,0,0,0,0,0
shave,True,1,000010,Sn,,True,2,100010,Sn,Kn,0.767,0.372,0.138,0.026,0.834,0.062,0.766823,0.840314,0,0.372098,0.717277,0,0.138089,0.591623,0,0.026111,0.657068,0,0.833775,0.643979,1,0.061668,0.743455,0,0,0,0,0,1,0
shear,True,1,001000,Ap,,True,1,001000,Ap,,0.187,0.026,0.901,0.474,0.338,0.232,0.187332,0.840314,0,0.025786,0.717277,0,0.900967,0.591623,1,0.474247,0.657068,0,0.338089,0.643979,0,0.231906,0.743455,0,0,0,1,0,0,0
shed,True,1,001000,Ap,,True,1,001000,Ap,,0.572,0.138,0.994,0.347,0.264,0.07,0.572427,0.840314,0,0.138276,0.717277,0,0.994405,0.591623,1,0.346689,0.657068,0,0.264085,0.643979,0,0.069843,0.743455,0,0,0,1,0,0,0
shield,False,0,000000,,,True,1,000010,Sn,,0.065,0.459,0.337,0.164,0.578,0.168,0.064762,0.840314,0,0.458946,0.717277,0,0.336842,0.591623,0,0.164136,0.657068,0,0.578431,0.643979,0,0.167559,0.743455,0,0,0,0,0,0,0
shift,True,1,000100,An,,True,2,010100,An,Cm,0.543,0.623,0.394,0.986,0.327,0.073,0.543111,0.840314,0,0.623046,0.717277,0,0.394048,0.591623,0,0.985553,0.657068,1,0.327007,0.643979,0,0.073114,0.743455,0,0,0,0,1,0,0
shine,False,0,000000,,,True,1,100000,Kn,,0.736,0.437,0.251,0.334,0.167,0.248,0.736269,0.840314,0,0.437152,0.717277,0,0.251217,0.591623,0,0.33402,0.657068,0,0.166932,0.643979,0,0.247608,0.743455,0,0,0,0,0,0,0
ship,False,0,000000,,,True,1,000010,Sn,,0.247,0.213,0.305,0.107,0.611,0.503,0.246767,0.840314,0,0.212761,0.717277,0,0.30514,0.591623,0,0.106737,0.657068,0,0.6106,0.643979,0,0.503147,0.743455,0,0,0,0,0,0,0
shoot,False,0,000000,,,True,1,000100,An,,0.662,0.479,0.489,0.616,0.072,0.531,0.66204,0.840314,0,0.478628,0.717277,0,0.489222,0.591623,0,0.615887,0.657068,0,0.071541,0.643979,0,0.530891,0.743455,0,0,0,0,0,0,0
shorten,True,1,001000,Ap,,True,2,001010,Ap,Sn,0.151,0.194,0.809,0.239,0.567,0.362,0.150874,0.840314,0,0.193662,0.717277,0,0.808659,0.591623,1,0.239329,0.657068,0,0.56684,0.643979,0,0.361736,0.743455,0,0,0,1,0,0,0
shove,True,1,001000,Ap,,True,2,001100,Ap,An,0.296,0.496,0.969,0.8,0.283,0.346,0.296272,0.840314,0,0.496324,0.717277,0,0.969074,0.591623,1,0.800346,0.657068,1,0.283023,0.643979,0,0.346448,0.743455,0,0,0,1,0,0,0
shovel,True,2,001100,An,Ap,True,2,001100,An,Ap,0.098,0.338,0.991,0.997,0.16,0.201,0.098473,0.840314,0,0.337874,0.717277,0,0.991192,0.591623,1,0.997382,0.657068,1,0.160143,0.643979,0,0.201214,0.743455,0,0,0,1,1,0,0
shrink,True,1,000100,An,,True,3,001110,An,"Ap, Sn",0.131,0.302,0.766,0.892,0.831,0.473,0.130878,0.840314,0,0.30201,0.717277,0,0.766339,0.591623,1,0.891522,0.657068,1,0.831213,0.643979,1,0.472975,0.743455,0,0,0,0,1,0,0
shuffle,True,1,100000,Kn,,True,2,100010,Kn,Sn,0.842,0.159,0.417,0.487,0.716,0.545,0.842106,0.840314,1,0.158947,0.717277,0,0.417119,0.591623,0,0.486724,0.657068,0,0.715788,0.643979,1,0.544856,0.743455,0,1,0,0,0,0,0
shut,True,1,001000,Ap,,True,4,101101,Ap,"Kn, An, Ev",0.738,0.022,0.896,0.696,0.195,0.652,0.737928,0.840314,0,0.022234,0.717277,0,0.895859,0.591623,1,0.695939,0.657068,1,0.195458,0.643979,0,0.6515,0.743455,0,0,0,1,0,0,0
side,True,2,001100,Ap,An,True,3,101100,Kn,"Ap, An",0.814,0.536,0.799,0.774,0.014,0.356,0.813718,0.840314,0,0.535786,0.717277,0,0.799012,0.591623,1,0.773958,0.657068,1,0.01399,0.643979,0,0.355638,0.743455,0,0,0,1,1,0,0
sidestep,True,1,000100,An,,True,2,001100,An,Ap,0.092,0.307,0.728,0.866,0.071,0.444,0.09174,0.840314,0,0.307101,0.717277,0,0.72817,0.591623,1,0.866103,0.657068,1,0.071236,0.643979,0,0.444415,0.743455,0,0,0,0,1,0,0
sign,True,2,010100,An,Cm,True,3,110100,An,"Kn, Cm",0.726,0.917,0.36,0.923,0.467,0.273,0.725847,0.840314,0,0.917204,0.717277,1,0.359619,0.591623,0,0.923268,0.657068,1,0.466899,0.643979,0,0.272598,0.743455,0,0,1,0,1,0,0
signal,True,1,000100,An,,True,2,010100,An,Cm,0.512,0.675,0.232,0.917,0.44,0.057,0.512405,0.840314,0,0.674755,0.717277,0,0.231585,0.591623,0,0.916724,0.657068,1,0.439785,0.643979,0,0.05719,0.743455,0,0,0,0,1,0,0
signify,True,1,010000,Cm,,True,3,010110,Cm,"An, Sn",0.628,0.781,0.182,0.622,0.706,0.166,0.628116,0.840314,0,0.781218,0.717277,1,0.182015,0.591623,0,0.622174,0.657068,0,0.705544,0.643979,1,0.16639,0.743455,0,0,1,0,0,0,0
silt,True,1,000100,An,,True,1,000100,An,,0.202,0.132,0.382,0.723,0.13,0.561,0.202316,0.840314,0,0.131989,0.717277,0,0.382242,0.591623,0,0.722964,0.657068,1,0.129672,0.643979,0,0.561148,0.743455,0,0,0,0,1,0,0
sin,True,1,000001,Ev,,True,2,001001,Ev,Ap,0.704,0.135,0.705,0.287,0.003,0.887,0.704345,0.840314,0,0.135088,0.717277,0,0.704568,0.591623,1,0.286956,0.657068,0,0.003234,0.643979,0,0.886526,0.743455,1,0,0,0,0,0,1
sing,True,2,001010,Ap,Sn,True,3,101010,Ap,"Kn, Sn",0.717,0.01,0.9,0.015,0.843,0.178,0.717172,0.840314,0,0.010447,0.717277,0,0.900124,0.591623,1,0.014864,0.657068,0,0.842642,0.643979,1,0.178363,0.743455,0,0,0,1,0,1,0
sink,True,1,000100,An,,True,2,001100,An,Ap,0.32,0.099,0.62,0.953,0.038,0.036,0.319567,0.840314,0,0.098747,0.717277,0,0.619891,0.591623,1,0.952537,0.657068,1,0.038095,0.643979,0,0.036433,0.743455,0,0,0,0,1,0,0
siphon,True,2,001100,An,Ap,True,2,001100,An,Ap,0.311,0.103,0.905,0.96,0.003,0.096,0.311483,0.840314,0,0.103451,0.717277,0,0.905391,0.591623,1,0.959898,0.657068,1,0.003111,0.643979,0,0.096368,0.743455,0,0,0,1,1,0,0
sit,True,1,000001,Ev,,True,4,101101,Kn,"Ap, An, Ev",0.826,0.097,0.656,0.587,0.198,0.814,0.826468,0.840314,0,0.096746,0.717277,0,0.65596,0.591623,1,0.586595,0.657068,0,0.198311,0.643979,0,0.8136,0.743455,1,0,0,0,0,0,1
situate,True,1,010000,Cm,,True,3,010101,Cm,"An, Ev",0.604,0.81,0.387,0.598,0.405,0.728,0.604108,0.840314,0,0.809939,0.717277,1,0.386975,0.591623,0,0.598112,0.657068,0,0.405374,0.643979,0,0.72789,0.743455,0,0,1,0,0,0,0
skew,True,1,000100,An,,True,1,000100,An,,0.311,0.459,0.062,0.868,0.093,0.356,0.311094,0.840314,0,0.458811,0.717277,0,0.062041,0.591623,0,0.868354,0.657068,1,0.092755,0.643979,0,0.355723,0.743455,0,0,0,0,1,0,0
skip,True,1,100000,Kn,,True,2,101000,Kn,Ap,0.946,0.535,0.655,0.342,0.222,0.071,0.946299,0.840314,1,0.535482,0.717277,0,0.6548,0.591623,1,0.342162,0.657068,0,0.221908,0.643979,0,0.071427,0.743455,0,1,0,0,0,0,0
slap,True,1,000100,An,,True,1,000100,An,,0.371,0.426,0.352,0.969,0.128,0.599,0.371475,0.840314,0,0.425785,0.717277,0,0.351532,0.591623,0,0.969472,0.657068,1,0.127747,0.643979,0,0.599024,0.743455,0,0,0,0,1,0,0
slice,True,1,000100,An,,True,2,001100,An,Ap,0.527,0.415,0.595,0.979,0.047,0.404,0.527287,0.840314,0,0.415182,0.717277,0,0.594742,0.591623,1,0.979329,0.657068,1,0.046671,0.643979,0,0.403852,0.743455,0,0,0,0,1,0,0
slide,True,1,001000,Ap,,True,2,001100,Ap,An,0.321,0.308,0.977,0.656,0.054,0.021,0.320958,0.840314,0,0.307614,0.717277,0,0.976983,0.591623,1,0.655942,0.657068,0,0.054325,0.643979,0,0.021289,0.743455,0,0,0,1,0,0,0
slip,True,1,001000,Ap,,True,1,001000,Ap,,0.488,0.509,0.905,0.457,0.004,0.171,0.488244,0.840314,0,0.509134,0.717277,0,0.90522,0.591623,1,0.457412,0.657068,0,0.004092,0.643979,0,0.171067,0.743455,0,0,0,1,0,0,0
slither,True,1,000100,An,,True,2,001100,An,Ap,0.37,0.026,0.596,0.928,0.167,0.204,0.370384,0.840314,0,0.026179,0.717277,0,0.595912,0.591623,1,0.928407,0.657068,1,0.166966,0.643979,0,0.204463,0.743455,0,0,0,0,1,0,0
slosh,True,2,010100,An,Cm,True,2,010100,An,Cm,0.065,0.795,0.123,0.798,0.022,0.631,0.064962,0.840314,0,0.794517,0.717277,1,0.123408,0.591623,0,0.797864,0.657068,1,0.022158,0.643979,0,0.630767,0.743455,0,0,1,0,1,0,0
slow,True,3,001101,An,"Ap, Ev",True,3,001101,An,"Ap, Ev",0.685,0.185,0.607,0.796,0.226,0.747,0.685284,0.840314,0,0.184953,0.717277,0,0.606761,0.591623,1,0.795923,0.657068,1,0.225698,0.643979,0,0.746985,0.743455,1,0,0,1,1,0,1
smear,True,1,000100,An,,True,1,000100,An,,0.617,0.576,0.3,0.898,0.045,0.307,0.616968,0.840314,0,0.576224,0.717277,0,0.299971,0.591623,0,0.897802,0.657068,1,0.045335,0.643979,0,0.306731,0.743455,0,0,0,0,1,0,0
smile,True,1,000010,Sn,,True,1,000010,Sn,,0.599,0.23,0.068,0.378,0.868,0.006,0.599135,0.840314,0,0.229807,0.717277,0,0.068066,0.591623,0,0.377502,0.657068,0,0.867777,0.643979,1,0.006322,0.743455,0,0,0,0,0,1,0
smoke,True,1,001000,Ap,,True,3,001101,Ap,"An, Ev",0.411,0.143,0.961,0.736,0.381,0.724,0.411056,0.840314,0,0.14348,0.717277,0,0.960579,0.591623,1,0.736117,0.657068,1,0.381342,0.643979,0,0.723738,0.743455,0,0,0,1,0,0,0
smooth,True,1,000100,An,,True,1,000100,An,,0.256,0.238,0.371,0.735,0.155,0.11,0.256197,0.840314,0,0.237703,0.717277,0,0.370585,0.591623,0,0.73491,0.657068,1,0.155273,0.643979,0,0.110042,0.743455,0,0,0,0,1,0,0
smoothen,False,0,000000,,,False,0,000000,,,0.221,0.068,0.35,0.377,0.357,0.02,0.220765,0.840314,0,0.067561,0.717277,0,0.349593,0.591623,0,0.377301,0.657068,0,0.356668,0.643979,0,0.020136,0.743455,0,0,0,0,0,0,0
smudge,True,1,000100,An,,True,3,110100,An,"Kn, Cm",0.765,0.624,0.374,0.83,0.055,0.141,0.764589,0.840314,0,0.624077,0.717277,0,0.373807,0.591623,0,0.830189,0.657068,1,0.054855,0.643979,0,0.141011,0.743455,0,0,0,0,1,0,0
snap,True,1,000001,Ev,,True,2,000101,Ev,An,0.407,0.562,0.352,0.868,0.273,0.976,0.407183,0.840314,0,0.562462,0.717277,0,0.35187,0.591623,0,0.868476,0.657068,1,0.272553,0.643979,0,0.975804,0.743455,1,0,0,0,0,0,1
soak,True,1,001000,Ap,,True,2,001100,Ap,An,0.298,0.129,0.875,0.643,0.004,0.105,0.298464,0.840314,0,0.128731,0.717277,0,0.874691,0.591623,1,0.643333,0.657068,0,0.003949,0.643979,0,0.105026,0.743455,0,0,0,1,0,0,0
soar,True,1,001000,Ap,,True,1,001000,Ap,,0.276,0.416,0.595,0.228,0.016,0.405,0.275633,0.840314,0,0.415739,0.717277,0,0.595289,0.591623,1,0.228,0.657068,0,0.016084,0.643979,0,0.405088,0.743455,0,0,0,1,0,0,0
socialize,True,1,010000,Cm,,True,2,110000,Cm,Kn,0.825,0.904,0.349,0.046,0.38,0.028,0.825309,0.840314,0,0.903718,0.717277,1,0.348617,0.591623,0,0.046454,0.657068,0,0.380445,0.643979,0,0.028269,0.743455,0,0,1,0,0,0,0
soften,True,1,000010,Sn,,True,2,000110,Sn,An,0.204,0.108,0.053,0.632,0.667,0.31,0.204456,0.840314,0,0.108057,0.717277,0,0.053372,0.591623,0,0.63185,0.657068,0,0.666826,0.643979,1,0.309513,0.743455,0,0,0,0,0,1,0
solicit,False,0,000000,,,True,1,000100,An,,0.129,0.134,0.211,0.633,0.183,0.052,0.128978,0.840314,0,0.133786,0.717277,0,0.210795,0.591623,0,0.632637,0.657068,0,0.182979,0.643979,0,0.052089,0.743455,0,0,0,0,0,0,0
solidify,True,2,001100,An,Ap,True,2,001100,An,Ap,0.042,0.596,0.656,0.686,0.312,0.258,0.042281,0.840314,0,0.596247,0.717277,0,0.655546,0.591623,1,0.686045,0.657068,1,0.311964,0.643979,0,0.257818,0.743455,0,0,0,1,1,0,0
sound,False,0,000000,,,False,0,000000,,,0.103,0.467,0.15,0.285,0.533,0.613,0.103163,0.840314,0,0.467214,0.717277,0,0.150098,0.591623,0,0.285286,0.657068,0,0.53325,0.643979,0,0.61299,0.743455,0,0,0,0,0,0,0
sow,True,2,001100,An,Ap,True,2,001100,An,Ap,0.487,0.48,0.95,0.993,0.015,0.372,0.487169,0.840314,0,0.480166,0.717277,0,0.949773,0.591623,1,0.993228,0.657068,1,0.015265,0.643979,0,0.371999,0.743455,0,0,0,1,1,0,0
sparge,False,0,000000,,,True,1,000001,Ev,,0.297,0.161,0.269,0.185,0.092,0.668,0.296813,0.840314,0,0.160519,0.717277,0,0.269154,0.591623,0,0.184953,0.657068,0,0.092487,0.643979,0,0.667582,0.743455,0,0,0,0,0,0,0
spark,False,0,000000,,,True,1,000100,An,,0.582,0.478,0.287,0.565,0.228,0.136,0.582197,0.840314,0,0.478011,0.717277,0,0.286789,0.591623,0,0.564614,0.657068,0,0.227583,0.643979,0,0.136149,0.743455,0,0,0,0,0,0,0
spawn,False,0,000000,,,False,0,000000,,,0.634,0.436,0.1,0.507,0.426,0.181,0.633926,0.840314,0,0.435927,0.717277,0,0.099673,0.591623,0,0.506548,0.657068,0,0.425885,0.643979,0,0.180991,0.743455,0,0,0,0,0,0,0
speak,True,1,001000,Ap,,True,2,001010,Ap,Sn,0.604,0.546,0.841,0.023,0.733,0.022,0.603557,0.840314,0,0.54637,0.717277,0,0.840902,0.591623,1,0.023091,0.657068,0,0.73272,0.643979,1,0.021917,0.743455,0,0,0,1,0,0,0
spearhead,True,1,000100,An,,True,1,000100,An,,0.255,0.009,0.145,0.915,0.14,0.293,0.255047,0.840314,0,0.009289,0.717277,0,0.145182,0.591623,0,0.915418,0.657068,1,0.139789,0.643979,0,0.293428,0.743455,0,0,0,0,1,0,0
specialize,True,1,001000,Ap,,True,2,001010,Ap,Sn,0.171,0.482,0.878,0.479,0.588,0.173,0.170823,0.840314,0,0.482379,0.717277,0,0.878224,0.591623,1,0.47925,0.657068,0,0.587683,0.643979,0,0.173343,0.743455,0,0,0,1,0,0,0
spell,True,1,100000,Kn,,True,2,110000,Kn,Cm,0.88,0.624,0.164,0.408,0.054,0.477,0.879853,0.840314,1,0.623814,0.717277,0,0.163651,0.591623,0,0.408078,0.657068,0,0.054425,0.643979,0,0.477319,0.743455,0,1,0,0,0,0,0
spend,True,3,111000,Kn,"Cm, Ap",True,3,111000,Kn,"Cm, Ap",0.883,0.737,0.838,0.236,0.116,0.21,0.882846,0.840314,1,0.736617,0.717277,1,0.838005,0.591623,1,0.235531,0.657068,0,0.115677,0.643979,0,0.20952,0.743455,0,1,1,1,0,0,0
spin,True,1,000001,Ev,,True,3,001011,Ev,"Ap, Sn",0.654,0.548,0.596,0.185,0.568,0.814,0.654052,0.840314,0,0.548123,0.717277,0,0.596211,0.591623,1,0.184559,0.657068,0,0.568046,0.643979,0,0.813543,0.743455,1,0,0,0,0,0,1
splash,False,0,000000,,,False,0,000000,,,0.399,0.263,0.009,0.381,0.022,0.426,0.39885,0.840314,0,0.262762,0.717277,0,0.008763,0.591623,0,0.380704,0.657068,0,0.022154,0.643979,0,0.425511,0.743455,0,0,0,0,0,0,0
splice,False,0,000000,,,True,1,010000,Cm,,0.32,0.623,0.222,0.333,0.163,0.138,0.319765,0.840314,0,0.622772,0.717277,0,0.221572,0.591623,0,0.332512,0.657068,0,0.163186,0.643979,0,0.138272,0.743455,0,0,0,0,0,0,0
split,True,1,000100,An,,True,1,000100,An,,0.401,0.379,0.077,0.958,0.13,0.191,0.401193,0.840314,0,0.378696,0.717277,0,0.077056,0.591623,0,0.958413,0.657068,1,0.129575,0.643979,0,0.190666,0.743455,0,0,0,0,1,0,0
spoil,True,2,001100,Ap,An,True,2,001100,Ap,An,0.645,0.083,0.886,0.871,0.046,0.53,0.644742,0.840314,0,0.083318,0.717277,0,0.885533,0.591623,1,0.870656,0.657068,1,0.046188,0.643979,0,0.529842,0.743455,0,0,0,1,1,0,0
sponsor,True,1,010000,Cm,,True,2,010100,Cm,An,0.477,0.799,0.393,0.736,0.445,0.149,0.476525,0.840314,0,0.799258,0.717277,1,0.392809,0.591623,0,0.73608,0.657068,1,0.445159,0.643979,0,0.148854,0.743455,0,0,1,0,0,0,0
sporulate,True,2,010010,Cm,Sn,True,2,010010,Cm,Sn,0.26,0.724,0.39,0.29,0.705,0.063,0.26017,0.840314,0,0.72353,0.717277,1,0.389891,0.591623,0,0.289969,0.657068,0,0.705172,0.643979,1,0.062774,0.743455,0,0,1,0,0,1,0
spray,True,1,001000,Ap,,True,1,001000,Ap,,0.107,0.212,0.783,0.515,0.052,0.191,0.107092,0.840314,0,0.212446,0.717277,0,0.783253,0.591623,1,0.51527,0.657068,0,0.051669,0.643979,0,0.191099,0.743455,0,0,0,1,0,0,0
spread,True,1,001000,Ap,,True,1,001000,Ap,,0.218,0.066,0.617,0.547,0.058,0.47,0.21803,0.840314,0,0.066,0.717277,0,0.617154,0.591623,1,0.5469,0.657068,0,0.058309,0.643979,0,0.469508,0.743455,0,0,0,1,0,0,0
sprinkle,False,0,000000,,,True,1,001000,Ap,,0.256,0.577,0.533,0.524,0.268,0.012,0.256276,0.840314,0,0.576609,0.717277,0,0.532919,0.591623,0,0.524241,0.657068,0,0.267684,0.643979,0,0.012491,0.743455,0,0,0,0,0,0,0
sputter,False,0,000000,,,False,0,000000,,,0.188,0.425,0.305,0.094,0.463,0.079,0.188245,0.840314,0,0.424781,0.717277,0,0.30548,0.591623,0,0.094286,0.657068,0,0.463074,0.643979,0,0.079118,0.743455,0,0,0,0,0,0,0
squander,True,2,001100,Ap,An,True,3,001101,Ap,"An, Ev",0.34,0.498,0.914,0.911,0.003,0.649,0.339552,0.840314,0,0.497661,0.717277,0,0.914081,0.591623,1,0.911215,0.657068,1,0.002935,0.643979,0,0.649421,0.743455,0,0,0,1,1,0,0
squash,True,1,000100,An,,True,3,001110,An,"Ap, Sn",0.203,0.374,0.708,0.882,0.589,0.091,0.202546,0.840314,0,0.373519,0.717277,0,0.70806,0.591623,1,0.882041,0.657068,1,0.588972,0.643979,0,0.091382,0.743455,0,0,0,0,1,0,0
squeeze,True,3,010101,An,"Cm, Ev",True,4,011101,An,"Cm, Ap, Ev",0.531,0.729,0.532,0.943,0.227,0.91,0.530851,0.840314,0,0.72894,0.717277,1,0.531638,0.591623,0,0.943091,0.657068,1,0.226585,0.643979,0,0.910369,0.743455,1,0,1,0,1,0,1
squirt,True,1,000100,An,,True,2,010100,An,Cm,0.154,0.736,0.349,0.824,0.013,0.113,0.154076,0.840314,0,0.73593,0.717277,1,0.348536,0.591623,0,0.824009,0.657068,1,0.012679,0.643979,0,0.113377,0.743455,0,0,0,0,1,0,0
stabilize,True,1,000001,Ev,,True,3,000111,Ev,"An, Sn",0.135,0.024,0.151,0.627,0.724,0.819,0.134738,0.840314,0,0.024262,0.717277,0,0.150909,0.591623,0,0.626716,0.657068,0,0.724319,0.643979,1,0.81902,0.743455,1,0,0,0,0,0,1
stack,False,0,000000,,,False,0,000000,,,0.387,0.029,0.492,0.439,0.225,0.062,0.386686,0.840314,0,0.029066,0.717277,0,0.491846,0.591623,0,0.438851,0.657068,0,0.224691,0.643979,0,0.061733,0.743455,0,0,0,0,0,0,0
stagger,True,1,001000,Ap,,True,1,001000,Ap,,0.307,0.061,0.88,0.397,0.021,0.42,0.307487,0.840314,0,0.060887,0.717277,0,0.880467,0.591623,1,0.396672,0.657068,0,0.020994,0.643979,0,0.419517,0.743455,0,0,0,1,0,0,0
stagnate,True,1,001000,Ap,,True,3,001110,Ap,"An, Sn",0.357,0.024,0.801,0.657,0.548,0.167,0.356699,0.840314,0,0.023723,0.717277,0,0.800737,0.591623,1,0.65651,0.657068,0,0.548247,0.643979,0,0.167268,0.743455,0,0,0,1,0,0,0
stall,True,1,001000,Ap,,True,1,001000,Ap,,0.297,0.066,0.775,0.165,0.128,0.259,0.296939,0.840314,0,0.066337,0.717277,0,0.77485,0.591623,1,0.164872,0.657068,0,0.128476,0.643979,0,0.258726,0.743455,0,0,0,1,0,0,0
stamp,True,1,100000,Kn,,True,3,111000,Kn,"Cm, Ap",0.981,0.753,0.708,0.533,0.096,0.404,0.980535,0.840314,1,0.753131,0.717277,1,0.708494,0.591623,1,0.533469,0.657068,0,0.096107,0.643979,0,0.403916,0.743455,0,1,0,0,0,0,0
stand,True,1,100000,Kn,,True,4,110011,Kn,"Cm, Sn, Ev",0.912,0.726,0.201,0.481,0.834,0.808,0.911655,0.840314,1,0.726204,0.717277,1,0.200612,0.591623,0,0.480673,0.657068,0,0.833616,0.643979,1,0.807745,0.743455,1,1,0,0,0,0,0
standardize,True,1,000010,Sn,,True,2,001010,Sn,Ap,0.009,0.16,0.737,0.429,0.993,0.405,0.008884,0.840314,0,0.159566,0.717277,0,0.736535,0.591623,1,0.428676,0.657068,0,0.992929,0.643979,1,0.404805,0.743455,0,0,0,0,0,1,0
start,False,0,000000,,,True,2,100010,Kn,Sn,0.741,0.499,0.39,0.475,0.634,0.282,0.741491,0.840314,0,0.498974,0.717277,0,0.389907,0.591623,0,0.474793,0.657068,0,0.633739,0.643979,0,0.281969,0.743455,0,0,0,0,0,0,0
starve,True,1,001000,Ap,,True,2,001100,Ap,An,0.614,0.082,0.983,0.651,0.084,0.547,0.613857,0.840314,0,0.081577,0.717277,0,0.982694,0.591623,1,0.651297,0.657068,0,0.083862,0.643979,0,0.547383,0.743455,0,0,0,1,0,0,0
stay,True,1,000001,Ev,,True,1,000001,Ev,,0.593,0.602,0.352,0.385,0.051,0.95,0.593091,0.840314,0,0.602428,0.717277,0,0.351842,0.591623,0,0.384516,0.657068,0,0.051347,0.643979,0,0.949853,0.743455,1,0,0,0,0,0,1
steal,True,3,101100,Kn,"Ap, An",True,4,111100,Kn,"Cm, Ap, An",0.981,0.705,0.951,0.706,0.144,0.106,0.981138,0.840314,1,0.705294,0.717277,0,0.951185,0.591623,1,0.705605,0.657068,1,0.144133,0.643979,0,0.105968,0.743455,0,1,0,1,1,0,0
steer,True,1,000100,An,,True,2,001100,An,Ap,0.321,0.577,0.613,0.965,0.352,0.382,0.320649,0.840314,0,0.57694,0.717277,0,0.612645,0.591623,1,0.964504,0.657068,1,0.351563,0.643979,0,0.381506,0.743455,0,0,0,0,1,0,0
stick,True,2,001100,An,Ap,True,2,001100,An,Ap,0.554,0.394,0.905,0.94,0.01,0.393,0.554047,0.840314,0,0.393935,0.717277,0,0.905233,0.591623,1,0.939673,0.657068,1,0.010212,0.643979,0,0.392777,0.743455,0,0,0,1,1,0,0
stiffen,True,1,000100,An,,True,1,000100,An,,0.13,0.142,0.173,0.779,0.462,0.298,0.130017,0.840314,0,0.142239,0.717277,0,0.173095,0.591623,0,0.779326,0.657068,1,0.462261,0.643979,0,0.298136,0.743455,0,0,0,0,1,0,0
stifle,True,1,001000,Ap,,True,1,001000,Ap,,0.144,0.024,0.987,0.53,0.269,0.189,0.144108,0.840314,0,0.024417,0.717277,0,0.987268,0.591623,1,0.529861,0.657068,0,0.269222,0.643979,0,0.189427,0.743455,0,0,0,1,0,0,0
stimulate,False,0,000000,,,False,0,000000,,,0.512,0.026,0.36,0.48,0.532,0.051,0.511978,0.840314,0,0.026166,0.717277,0,0.359784,0.591623,0,0.479818,0.657068,0,0.531688,0.643979,0,0.050805,0.743455,0,0,0,0,0,0,0
stipulate,False,0,000000,,,False,0,000000,,,0.136,0.259,0.223,0.43,0.244,0.383,0.135976,0.840314,0,0.259439,0.717277,0,0.223261,0.591623,0,0.429906,0.657068,0,0.243502,0.643979,0,0.383225,0.743455,0,0,0,0,0,0,0
stir,True,1,000100,An,,True,2,000110,An,Sn,0.663,0.516,0.137,0.997,0.723,0.574,0.663198,0.840314,0,0.515805,0.717277,0,0.137499,0.591623,0,0.997382,0.657068,1,0.723102,0.643979,1,0.574143,0.743455,0,0,0,0,1,0,0
stitch,True,2,101000,Ap,Kn,True,2,101000,Ap,Kn,0.936,0.028,0.978,0.493,0.164,0.07,0.935947,0.840314,1,0.028393,0.717277,0,0.977804,0.591623,1,0.492646,0.657068,0,0.16409,0.643979,0,0.070267,0.743455,0,1,0,1,0,0,0
stockpile,True,1,000100,An,,True,2,001100,An,Ap,0.321,0.02,0.874,0.96,0.356,0.592,0.320946,0.840314,0,0.019731,0.717277,0,0.874062,0.591623,1,0.959851,0.657068,1,0.356469,0.643979,0,0.592126,0.743455,0,0,0,0,1,0,0
stomp,True,1,001000,Ap,,True,2,001100,Ap,An,0.185,0.315,0.915,0.585,0.01,0.385,0.18454,0.840314,0,0.315294,0.717277,0,0.915257,0.591623,1,0.585094,0.657068,0,0.009603,0.643979,0,0.385003,0.743455,0,0,0,1,0,0,0
stoop,True,1,001000,Ap,,True,2,001100,Ap,An,0.308,0.113,0.89,0.737,0.015,0.068,0.308482,0.840314,0,0.112627,0.717277,0,0.89013,0.591623,1,0.736722,0.657068,1,0.014929,0.643979,0,0.067915,0.743455,0,0,0,1,0,0,0
stop,True,1,000100,An,,True,3,101100,An,"Kn, Ap",0.736,0.28,0.506,0.811,0.128,0.485,0.735751,0.840314,0,0.279831,0.717277,0,0.506173,0.591623,0,0.810648,0.657068,1,0.12777,0.643979,0,0.484508,0.743455,0,0,0,0,1,0,0
store,True,1,001000,Ap,,True,1,001000,Ap,,0.686,0.571,0.978,0.507,0.307,0.103,0.686243,0.840314,0,0.570795,0.717277,0,0.978191,0.591623,1,0.507352,0.657068,0,0.30673,0.643979,0,0.102933,0.743455,0,0,0,1,0,0,0
straddle,True,1,000100,An,,True,2,001100,An,Ap,0.642,0.105,0.657,0.8,0.183,0.071,0.642145,0.840314,0,0.104893,0.717277,0,0.656696,0.591623,1,0.800445,0.657068,1,0.183146,0.643979,0,0.071434,0.743455,0,0,0,0,1,0,0
straighten,True,1,000100,An,,True,2,000101,An,Ev,0.622,0.069,0.154,0.735,0.532,0.655,0.622015,0.840314,0,0.068644,0.717277,0,0.154117,0.591623,0,0.735186,0.657068,1,0.531724,0.643979,0,0.65468,0.743455,0,0,0,0,1,0,0
stratify,True,1,001000,Ap,,True,1,001000,Ap,,0.206,0.114,0.917,0.41,0.5,0.167,0.205838,0.840314,0,0.113671,0.717277,0,0.917179,0.591623,1,0.409908,0.657068,0,0.499869,0.643979,0,0.167205,0.743455,0,0,0,1,0,0,0
stray,True,1,000100,An,,True,3,101100,An,"Kn, Ap",0.764,0.541,0.887,0.971,0.162,0.069,0.764148,0.840314,0,0.540934,0.717277,0,0.886845,0.591623,1,0.971383,0.657068,1,0.161877,0.643979,0,0.068974,0.743455,0,0,0,0,1,0,0
streamline,False,0,000000,,,False,0,000000,,,0.489,0.122,0.199,0.438,0.077,0.071,0.489486,0.840314,0,0.122275,0.717277,0,0.198759,0.591623,0,0.437519,0.657068,0,0.076524,0.643979,0,0.071303,0.743455,0,0,0,0,0,0,0
strengthen,True,1,000010,Sn,,True,1,000010,Sn,,0.045,0.093,0.441,0.246,0.725,0.355,0.045396,0.840314,0,0.092824,0.717277,0,0.441083,0.591623,0,0.246282,0.657068,0,0.725278,0.643979,1,0.354725,0.743455,0,0,0,0,0,1,0
stretch,True,1,000100,An,,True,3,011100,An,"Cm, Ap",0.16,0.707,0.523,0.956,0.161,0.189,0.159912,0.840314,0,0.706659,0.717277,0,0.522857,0.591623,0,0.956018,0.657068,1,0.160698,0.643979,0,0.188512,0.743455,0,0,0,0,1,0,0
strike,True,1,001000,Ap,,True,2,001100,Ap,An,0.598,0.298,0.873,0.776,0.339,0.354,0.597521,0.840314,0,0.297956,0.717277,0,0.872691,0.591623,1,0.776425,0.657068,1,0.339421,0.643979,0,0.353508,0.743455,0,0,0,1,0,0,0
strive,False,0,000000,,,False,0,000000,,,0.25,0.009,0.345,0.433,0.452,0.356,0.250241,0.840314,0,0.009294,0.717277,0,0.345032,0.591623,0,0.432682,0.657068,0,0.452277,0.643979,0,0.355524,0.743455,0,0,0,0,0,0,0
struggle,True,1,001000,Ap,,True,4,101110,Ap,"Kn, An, Sn",0.809,0.533,0.896,0.706,0.6,0.559,0.809435,0.840314,0,0.533096,0.717277,0,0.896463,0.591623,1,0.705891,0.657068,1,0.599848,0.643979,0,0.558941,0.743455,0,0,0,1,0,0,0
stutter,True,1,000100,An,,True,1,000100,An,,0.623,0.416,0.274,0.663,0.501,0.199,0.622674,0.840314,0,0.415622,0.717277,0,0.274283,0.591623,0,0.663,0.657068,1,0.500983,0.643979,0,0.199229,0.743455,0,0,0,0,1,0,0
stylize,True,1,001000,Ap,,True,1,001000,Ap,,0.337,0.395,0.755,0.437,0.268,0.069,0.336718,0.840314,0,0.394624,0.717277,0,0.755081,0.591623,1,0.437422,0.657068,0,0.267579,0.643979,0,0.0694,0.743455,0,0,0,1,0,0,0
stymy,True,1,001000,Ap,,True,2,001100,Ap,An,0.225,0.203,0.908,0.831,0.072,0.149,0.224504,0.840314,0,0.203071,0.717277,0,0.908069,0.591623,1,0.831022,0.657068,1,0.071736,0.643979,0,0.148818,0.743455,0,0,0,1,0,0,0
subdue,False,0,000000,,,False,0,000000,,,0.249,0.105,0.304,0.246,0.046,0.486,0.249173,0.840314,0,0.104981,0.717277,0,0.304409,0.591623,0,0.246398,0.657068,0,0.045808,0.643979,0,0.485874,0.743455,0,0,0,0,0,0,0
submerge,True,1,001000,Ap,,True,1,001000,Ap,,0.077,0.131,0.616,0.411,0.036,0.224,0.076621,0.840314,0,0.131,0.717277,0,0.616069,0.591623,1,0.411404,0.657068,0,0.036275,0.643979,0,0.223951,0.743455,0,0,0,1,0,0,0
submit,True,4,001111,Ap,"An, Sn, Ev",True,4,001111,Ap,"An, Sn, Ev",0.298,0.578,0.975,0.963,0.712,0.789,0.29845,0.840314,0,0.578047,0.717277,0,0.975396,0.591623,1,0.96315,0.657068,1,0.711567,0.643979,1,0.789437,0.743455,1,0,0,1,1,1,1
subside,False,0,000000,,,True,1,010000,Cm,,0.166,0.67,0.342,0.384,0.053,0.241,0.166499,0.840314,0,0.669672,0.717277,0,0.341804,0.591623,0,0.384099,0.657068,0,0.052826,0.643979,0,0.24065,0.743455,0,0,0,0,0,0,0
substantiate,True,1,000100,An,,True,3,010101,An,"Cm, Ev",0.208,0.738,0.019,0.879,0.073,0.764,0.207773,0.840314,0,0.73751,0.717277,1,0.019389,0.591623,0,0.879025,0.657068,1,0.072715,0.643979,0,0.763527,0.743455,1,0,0,0,1,0,0
subsume,True,1,000010,Sn,,True,1,000010,Sn,,0.016,0.393,0.161,0.381,0.705,0.521,0.016447,0.840314,0,0.39288,0.717277,0,0.160965,0.591623,0,0.38106,0.657068,0,0.705402,0.643979,1,0.520646,0.743455,0,0,0,0,0,1,0
subtend,False,0,000000,,,False,0,000000,,,0.098,0.132,0.412,0.488,0.258,0.217,0.09785,0.840314,0,0.132048,0.717277,0,0.411507,0.591623,0,0.488093,0.657068,0,0.257565,0.643979,0,0.217021,0.743455,0,0,0,0,0,0,0
succeed,True,1,000010,Sn,,True,3,101010,Kn,"Ap, Sn",0.729,0.085,0.661,0.092,0.727,0.575,0.728514,0.840314,0,0.084597,0.717277,0,0.660641,0.591623,1,0.091578,0.657068,0,0.726514,0.643979,1,0.574658,0.743455,0,0,0,0,0,1,0
sue,True,1,001000,Ap,,True,2,101000,Ap,Kn,0.722,0.477,0.948,0.174,0.139,0.414,0.722045,0.840314,0,0.476951,0.717277,0,0.948256,0.591623,1,0.173689,0.657068,0,0.139071,0.643979,0,0.413775,0.743455,0,0,0,1,0,0,0
suffer,True,1,001000,Ap,,True,2,101000,Ap,Kn,0.79,0.098,0.933,0.543,0.265,0.21,0.790449,0.840314,0,0.097559,0.717277,0,0.933259,0.591623,1,0.543475,0.657068,0,0.265245,0.643979,0,0.209843,0.743455,0,0,0,1,0,0,0
suffice,False,0,000000,,,False,0,000000,,,0.031,0.073,0.388,0.284,0.225,0.221,0.031447,0.840314,0,0.073068,0.717277,0,0.387522,0.591623,0,0.283595,0.657068,0,0.225455,0.643979,0,0.220701,0.743455,0,0,0,0,0,0,0
superimpose,False,0,000000,,,True,1,100000,Kn,,0.726,0.48,0.345,0.163,0.426,0.245,0.725656,0.840314,0,0.479739,0.717277,0,0.345196,0.591623,0,0.162546,0.657068,0,0.426193,0.643979,0,0.244778,0.743455,0,0,0,0,0,0,0
supersede,True,1,000100,An,,True,2,001100,An,Ap,0.334,0.454,0.517,0.706,0.228,0.504,0.333774,0.840314,0,0.45398,0.717277,0,0.51685,0.591623,0,0.705712,0.657068,1,0.227592,0.643979,0,0.504295,0.743455,0,0,0,0,1,0,0
supplant,True,1,001000,Ap,,True,1,001000,Ap,,0.088,0.349,0.814,0.146,0.289,0.583,0.088073,0.840314,0,0.348714,0.717277,0,0.813813,0.591623,1,0.146241,0.657068,0,0.288706,0.643979,0,0.583229,0.743455,0,0,0,1,0,0,0
suppose,True,1,000010,Sn,,True,2,000011,Sn,Ev,0.088,0.466,0.249,0.223,0.855,0.761,0.08759,0.840314,0,0.465558,0.717277,0,0.248762,0.591623,0,0.223129,0.657068,0,0.855445,0.643979,1,0.760711,0.743455,1,0,0,0,0,1,0
suppress,True,1,001000,Ap,,True,1,001000,Ap,,0.316,0.067,0.904,0.284,0.428,0.216,0.315837,0.840314,0,0.067224,0.717277,0,0.904246,0.591623,1,0.284225,0.657068,0,0.427992,0.643979,0,0.216462,0.743455,0,0,0,1,0,0,0
surpass,True,1,001000,Ap,,True,1,001000,Ap,,0.429,0.286,0.681,0.06,0.514,0.221,0.429037,0.840314,0,0.286077,0.717277,0,0.681376,0.591623,1,0.060235,0.657068,0,0.514188,0.643979,0,0.221498,0.743455,0,0,0,1,0,0,0
surround,True,1,000010,Sn,,True,1,000010,Sn,,0.057,0.464,0.004,0.071,0.735,0.471,0.057256,0.840314,0,0.464088,0.717277,0,0.003824,0.591623,0,0.070593,0.657068,0,0.735177,0.643979,1,0.471153,0.743455,0,0,0,0,0,1,0
survive,True,1,001000,Ap,,True,1,001000,Ap,,0.536,0.478,0.791,0.095,0.513,0.602,0.535695,0.840314,0,0.478474,0.717277,0,0.790838,0.591623,1,0.094749,0.657068,0,0.512501,0.643979,0,0.601752,0.743455,0,0,0,1,0,0,0
suspect,True,2,010100,Cm,An,True,2,010100,Cm,An,0.077,0.763,0.353,0.717,0.037,0.101,0.077358,0.840314,0,0.762977,0.717277,1,0.35282,0.591623,0,0.717326,0.657068,1,0.036604,0.643979,0,0.100856,0.743455,0,0,1,0,1,0,0
suspend,True,1,001000,Ap,,True,2,001001,Ev,Ap,0.072,0.113,0.649,0.456,0.03,0.664,0.072242,0.840314,0,0.112607,0.717277,0,0.649081,0.591623,1,0.456109,0.657068,0,0.029929,0.643979,0,0.664498,0.743455,0,0,0,1,0,0,0
sustain,False,0,000000,,,False,0,000000,,,0.148,0.108,0.499,0.558,0.425,0.522,0.147645,0.840314,0,0.108359,0.717277,0,0.499415,0.591623,0,0.557794,0.657068,0,0.425296,0.643979,0,0.522215,0.743455,0,0,0,0,0,0,0
sway,False,0,000000,,,False,0,000000,,,0.183,0.219,0.42,0.395,0.109,0.41,0.183404,0.840314,0,0.218684,0.717277,0,0.419639,0.591623,0,0.395354,0.657068,0,0.108649,0.643979,0,0.409881,0.743455,0,0,0,0,0,0,0
sweep,True,1,001000,Ap,,True,2,101000,Ap,Kn,0.767,0.605,0.791,0.456,0.222,0.048,0.766732,0.840314,0,0.604927,0.717277,0,0.791337,0.591623,1,0.456467,0.657068,0,0.222021,0.643979,0,0.047567,0.743455,0,0,0,1,0,0,0
swell,True,1,000010,Sn,,True,3,000111,Sn,"An, Ev",0.313,0.064,0.003,0.662,0.74,0.643,0.313346,0.840314,0,0.063633,0.717277,0,0.002618,0.591623,0,0.661831,0.657068,1,0.740257,0.643979,1,0.643114,0.743455,0,0,0,0,0,1,0
switch,True,1,000100,An,,True,2,000110,An,Sn,0.322,0.072,0.323,0.963,0.706,0.259,0.321644,0.840314,0,0.072192,0.717277,0,0.323152,0.591623,0,0.963377,0.657068,1,0.705551,0.643979,1,0.258785,0.743455,0,0,0,0,1,0,0
swivel,True,2,000101,Ev,An,True,2,000101,Ev,An,0.288,0.555,0.069,0.737,0.06,0.789,0.287741,0.840314,0,0.554859,0.717277,0,0.06941,0.591623,0,0.737136,0.657068,1,0.059636,0.643979,0,0.788777,0.743455,1,0,0,0,1,0,1
symbolize,True,1,010000,Cm,,True,3,111000,Cm,"Kn, Ap",0.844,0.943,0.819,0.556,0.204,0.022,0.843664,0.840314,1,0.942952,0.717277,1,0.819445,0.591623,1,0.556265,0.657068,0,0.203754,0.643979,0,0.022404,0.743455,0,0,1,0,0,0,0
symmetrize,False,0,000000,,,False,0,000000,,,0.164,0.61,0.445,0.314,0.095,0.17,0.164011,0.840314,0,0.609664,0.717277,0,0.444699,0.591623,0,0.313654,0.657068,0,0.094737,0.643979,0,0.170026,0.743455,0,0,0,0,0,0,0
synchronize,False,0,000000,,,False,0,000000,,,0.569,0.151,0.089,0.184,0.503,0.281,0.568633,0.840314,0,0.15109,0.717277,0,0.088791,0.591623,0,0.184194,0.657068,0,0.503336,0.643979,0,0.28052,0.743455,0,0,0,0,0,0,0
systematize,True,1,000010,Sn,,True,1,000010,Sn,,0.01,0.092,0.342,0.298,0.762,0.12,0.010118,0.840314,0,0.091635,0.717277,0,0.342007,0.591623,0,0.297946,0.657068,0,0.76234,0.643979,1,0.119789,0.743455,0,0,0,0,0,1,0
tackle,True,1,010000,Cm,,True,2,010010,Cm,Sn,0.646,0.908,0.251,0.377,0.666,0.405,0.6464,0.840314,0,0.90764,0.717277,1,0.251491,0.591623,0,0.377422,0.657068,0,0.665641,0.643979,1,0.404565,0.743455,0,0,1,0,0,0,0
take,False,0,000000,,,True,4,011101,Ev,"Cm, Ap, An",0.666,0.669,0.546,0.591,0.103,0.736,0.666479,0.840314,0,0.669352,0.717277,0,0.545667,0.591623,0,0.590535,0.657068,0,0.10341,0.643979,0,0.736263,0.743455,0,0,0,0,0,0,0
talk,True,1,000010,Sn,,True,2,100010,Sn,Kn,0.788,0.578,0.199,0.012,0.888,0.096,0.787884,0.840314,0,0.577707,0.717277,0,0.198514,0.591623,0,0.012046,0.657068,0,0.887598,0.643979,1,0.096215,0.743455,0,0,0,0,0,1,0
tame,True,1,000100,An,,True,3,001110,An,"Ap, Sn",0.352,0.026,0.766,0.87,0.613,0.273,0.351751,0.840314,0,0.026055,0.717277,0,0.765695,0.591623,1,0.870194,0.657068,1,0.613175,0.643979,0,0.272729,0.743455,0,0,0,0,1,0,0
tamper,True,1,000100,An,,True,3,001101,An,"Ap, Ev",0.098,0.09,0.884,0.958,0.161,0.689,0.098374,0.840314,0,0.090499,0.717277,0,0.883793,0.591623,1,0.958381,0.657068,1,0.161456,0.643979,0,0.68946,0.743455,0,0,0,0,1,0,0
taper,True,1,000100,An,,True,2,001100,An,Ap,0.058,0.026,0.617,0.767,0.204,0.53,0.057997,0.840314,0,0.026184,0.717277,0,0.617367,0.591623,1,0.766704,0.657068,1,0.204038,0.643979,0,0.529809,0.743455,0,0,0,0,1,0,0
target,True,1,001000,Ap,,True,3,101100,Ap,"Kn, An",0.762,0.48,0.787,0.597,0.105,0.011,0.76198,0.840314,0,0.480377,0.717277,0,0.786516,0.591623,1,0.597083,0.657068,0,0.104805,0.643979,0,0.010797,0.743455,0,0,0,1,0,0,0
tear,True,1,100000,Kn,,True,2,101000,Kn,Ap,0.88,0.221,0.506,0.474,0.16,0.56,0.879775,0.840314,1,0.22086,0.717277,0,0.505824,0.591623,0,0.474125,0.657068,0,0.160329,0.643979,0,0.560353,0.743455,0,1,0,0,0,0,0
tease,True,1,000100,An,,True,1,000100,An,,0.664,0.067,0.437,0.658,0.192,0.484,0.663678,0.840314,0,0.066673,0.717277,0,0.436892,0.591623,0,0.657563,0.657068,1,0.191559,0.643979,0,0.484355,0.743455,0,0,0,0,1,0,0
teleport,False,0,000000,,,False,0,000000,,,0.145,0.578,0.447,0.229,0.22,0.598,0.144528,0.840314,0,0.577654,0.717277,0,0.447127,0.591623,0,0.228575,0.657068,0,0.220159,0.643979,0,0.598054,0.743455,0,0,0,0,0,0,0
tempt,True,1,000100,An,,True,2,001100,An,Ap,0.596,0.061,0.681,0.867,0.283,0.53,0.596029,0.840314,0,0.061183,0.717277,0,0.681152,0.591623,1,0.866545,0.657068,1,0.282816,0.643979,0,0.530201,0.743455,0,0,0,0,1,0,0
tend,True,1,000010,Sn,,True,2,100010,Kn,Sn,0.742,0.536,0.491,0.542,0.693,0.235,0.741635,0.840314,0,0.536402,0.717277,0,0.490937,0.591623,0,0.54192,0.657068,0,0.692515,0.643979,1,0.234823,0.743455,0,0,0,0,0,1,0
terminate,True,2,001001,Ev,Ap,True,3,001101,Ev,"Ap, An",0.336,0.309,0.935,0.595,0.16,0.949,0.335923,0.840314,0,0.308544,0.717277,0,0.934703,0.591623,1,0.594828,0.657068,0,0.159788,0.643979,0,0.949438,0.743455,1,0,0,1,0,0,1
terrorize,True,1,001000,Ap,,True,2,001100,Ap,An,0.184,0.065,0.977,0.844,0.123,0.07,0.183678,0.840314,0,0.065282,0.717277,0,0.976593,0.591623,1,0.844094,0.657068,1,0.123497,0.643979,0,0.070475,0.743455,0,0,0,1,0,0,0
testify,False,0,000000,,,True,1,000001,Ev,,0.531,0.402,0.361,0.215,0.427,0.741,0.531151,0.840314,0,0.402107,0.717277,0,0.360635,0.591623,0,0.214821,0.657068,0,0.426674,0.643979,0,0.741335,0.743455,0,0,0,0,0,0,0
thank,True,1,000100,An,,True,2,001100,An,Ap,0.445,0.359,0.506,0.856,0.209,0.405,0.444665,0.840314,0,0.359098,0.717277,0,0.505876,0.591623,0,0.856343,0.657068,1,0.208939,0.643979,0,0.404767,0.743455,0,0,0,0,1,0,0
thaw,True,2,010100,An,Cm,True,3,011100,An,"Cm, Ap",0.6,0.915,0.586,0.96,0.24,0.223,0.600234,0.840314,0,0.914534,0.717277,1,0.585853,0.591623,0,0.959557,0.657068,1,0.239616,0.643979,0,0.222659,0.743455,0,0,1,0,1,0,0
theorize,True,1,000100,An,,True,3,001110,An,"Ap, Sn",0.371,0.36,0.506,0.887,0.749,0.54,0.370529,0.840314,0,0.359563,0.717277,0,0.505889,0.591623,0,0.886993,0.657068,1,0.749091,0.643979,1,0.540431,0.743455,0,0,0,0,1,0,0
thicken,False,0,000000,,,True,1,000010,Sn,,0.347,0.081,0.153,0.337,0.586,0.273,0.346698,0.840314,0,0.081364,0.717277,0,0.152797,0.591623,0,0.336609,0.657068,0,0.586059,0.643979,0,0.272899,0.743455,0,0,0,0,0,0,0
think,True,2,000110,Sn,An,True,4,100111,Kn,"An, Sn, Ev",0.721,0.167,0.226,0.658,0.707,0.692,0.721156,0.840314,0,0.167002,0.717277,0,0.225639,0.591623,0,0.658315,0.657068,1,0.706596,0.643979,1,0.692065,0.743455,0,0,0,0,1,1,0
threaten,True,1,001000,Ap,,True,3,011100,Ap,"Cm, An",0.077,0.694,0.96,0.797,0.22,0.477,0.077442,0.840314,0,0.694424,0.717277,0,0.960434,0.591623,1,0.797494,0.657068,1,0.219917,0.643979,0,0.477414,0.743455,0,0,0,1,0,0,0
thrive,True,1,000010,Sn,,True,1,000010,Sn,,0.487,0.073,0.346,0.144,0.705,0.442,0.487316,0.840314,0,0.072623,0.717277,0,0.345893,0.591623,0,0.144061,0.657068,0,0.705105,0.643979,1,0.442468,0.743455,0,0,0,0,0,1,0
throttle,True,1,001000,Ap,,True,1,001000,Ap,,0.076,0.027,0.82,0.407,0.245,0.32,0.076098,0.840314,0,0.027325,0.717277,0,0.820355,0.591623,1,0.406688,0.657068,0,0.245412,0.643979,0,0.320219,0.743455,0,0,0,1,0,0,0
throw,True,1,001000,Ap,,True,1,001000,Ap,,0.126,0.561,0.97,0.389,0.403,0.6,0.126378,0.840314,0,0.56112,0.717277,0,0.970022,0.591623,1,0.388656,0.657068,0,0.403297,0.643979,0,0.600003,0.743455,0,0,0,1,0,0,0
thumb,True,3,110100,Cm,"Kn, An",True,3,110100,Cm,"Kn, An",0.881,0.914,0.358,0.776,0.458,0.552,0.88143,0.840314,1,0.913834,0.717277,1,0.358034,0.591623,0,0.775918,0.657068,1,0.457984,0.643979,0,0.551806,0.743455,0,1,1,0,1,0,0
thwart,True,1,001000,Ap,,True,2,001100,Ap,An,0.188,0.015,0.995,0.674,0.063,0.426,0.188474,0.840314,0,0.014675,0.717277,0,0.994959,0.591623,1,0.673798,0.657068,1,0.063356,0.643979,0,0.425721,0.743455,0,0,0,1,0,0,0
tick,True,2,100100,An,Kn,True,3,101100,An,"Kn, Ap",0.954,0.029,0.587,0.96,0.094,0.107,0.954118,0.840314,1,0.029431,0.717277,0,0.586604,0.591623,0,0.959706,0.657068,1,0.093615,0.643979,0,0.106652,0.743455,0,1,0,0,1,0,0
tie,True,1,000100,An,,True,5,111101,An,"Kn, Cm, Ap, Ev",0.909,0.762,0.785,0.97,0.072,0.883,0.908722,0.840314,1,0.761953,0.717277,1,0.784557,0.591623,1,0.969671,0.657068,1,0.072313,0.643979,0,0.883304,0.743455,1,0,0,0,1,0,0
tighten,True,1,000001,Ev,,True,2,001001,Ev,Ap,0.444,0.066,0.84,0.544,0.209,0.955,0.443698,0.840314,0,0.066482,0.717277,0,0.839971,0.591623,1,0.544226,0.657068,0,0.208502,0.643979,0,0.955153,0.743455,1,0,0,0,0,0,1
tile,False,0,000000,,,True,1,001000,Ap,,0.425,0.494,0.518,0.261,0.011,0.093,0.425169,0.840314,0,0.493776,0.717277,0,0.517611,0.591623,0,0.260978,0.657068,0,0.011145,0.643979,0,0.093419,0.743455,0,0,0,0,0,0,0
tilt,False,0,000000,,,False,0,000000,,,0.37,0.098,0.131,0.518,0.373,0.287,0.370215,0.840314,0,0.097596,0.717277,0,0.130546,0.591623,0,0.517671,0.657068,0,0.373437,0.643979,0,0.287274,0.743455,0,0,0,0,0,0,0
tink,True,1,001000,Ap,,True,4,101101,Ap,"Kn, An, Ev",0.749,0.578,0.905,0.814,0.023,0.661,0.748663,0.840314,0,0.578393,0.717277,0,0.905081,0.591623,1,0.813599,0.657068,1,0.023249,0.643979,0,0.660792,0.743455,0,0,0,1,0,0,0
tinker,True,1,001000,Ap,,True,2,001100,Ap,An,0.626,0.416,0.948,0.612,0.026,0.421,0.626456,0.840314,0,0.415891,0.717277,0,0.9478,0.591623,1,0.612,0.657068,0,0.026484,0.643979,0,0.420627,0.743455,0,0,0,1,0,0,0
tint,False,0,000000,,,True,2,010100,Cm,An,0.321,0.676,0.216,0.625,0.029,0.221,0.32119,0.840314,0,0.676285,0.717277,0,0.215534,0.591623,0,0.62522,0.657068,0,0.02888,0.643979,0,0.221101,0.743455,0,0,0,0,0,0,0
titrate,False,0,000000,,,True,2,001100,An,Ap,0.09,0.463,0.515,0.649,0.128,0.607,0.090048,0.840314,0,0.462747,0.717277,0,0.514736,0.591623,0,0.648904,0.657068,0,0.128205,0.643979,0,0.607495,0.743455,0,0,0,0,0,0,0
toggle,True,1,000100,An,,True,4,101101,An,"Kn, Ap, Ev",0.73,0.108,0.517,0.981,0.246,0.662,0.730005,0.840314,0,0.108125,0.717277,0,0.51671,0.591623,0,0.980564,0.657068,1,0.245784,0.643979,0,0.66201,0.743455,0,0,0,0,1,0,0
tolerate,True,1,000100,An,,True,3,001110,An,"Ap, Sn",0.185,0.322,0.523,0.942,0.597,0.354,0.184541,0.840314,0,0.321609,0.717277,0,0.522641,0.591623,0,0.941923,0.657068,1,0.596512,0.643979,0,0.354198,0.743455,0,0,0,0,1,0,0
toss,True,1,001000,Ap,,True,2,001010,Ap,Sn,0.191,0.358,0.977,0.181,0.585,0.541,0.191478,0.840314,0,0.357664,0.717277,0,0.977296,0.591623,1,0.180787,0.657068,0,0.585002,0.643979,0,0.541102,0.743455,0,0,0,1,0,0,0
total,False,0,000000,,,True,1,001000,Ap,,0.357,0.257,0.534,0.097,0.446,0.277,0.356688,0.840314,0,0.256715,0.717277,0,0.533909,0.591623,0,0.097416,0.657068,0,0.445502,0.643979,0,0.277252,0.743455,0,0,0,0,0,0,0
touch,True,1,010000,Cm,,True,3,110100,Cm,"Kn, An",0.883,0.963,0.353,0.659,0.017,0.295,0.883184,0.840314,1,0.96319,0.717277,1,0.35285,0.591623,0,0.658971,0.657068,1,0.016888,0.643979,0,0.295217,0.743455,0,0,1,0,0,0,0
toughen,True,1,000001,Ev,,True,2,000101,Ev,An,0.192,0.069,0.262,0.651,0.497,0.96,0.191847,0.840314,0,0.069481,0.717277,0,0.26231,0.591623,0,0.650598,0.657068,0,0.497102,0.643979,0,0.959738,0.743455,1,0,0,0,0,0,1
tour,True,1,001000,Ap,,True,2,101000,Ap,Kn,0.728,0.457,0.887,0.203,0.127,0.22,0.728034,0.840314,0,0.456666,0.717277,0,0.88711,0.591623,1,0.203244,0.657068,0,0.126577,0.643979,0,0.220183,0.743455,0,0,0,1,0,0,0
track,True,1,001000,Ap,,True,3,111000,Ap,"Kn, Cm",0.763,0.754,0.858,0.457,0.083,0.072,0.763251,0.840314,0,0.754272,0.717277,1,0.85829,0.591623,1,0.457394,0.657068,0,0.082971,0.643979,0,0.072135,0.743455,0,0,0,1,0,0,0
transcend,False,0,000000,,,False,0,000000,,,0.267,0.419,0.483,0.514,0.094,0.21,0.267328,0.840314,0,0.419326,0.717277,0,0.483486,0.591623,0,0.513992,0.657068,0,0.094446,0.643979,0,0.21024,0.743455,0,0,0,0,0,0,0
transect,True,2,001100,Ap,An,True,3,011100,Ap,"Cm, An",0.221,0.706,0.906,0.867,0.129,0.2,0.220947,0.840314,0,0.705836,0.717277,0,0.906145,0.591623,1,0.866743,0.657068,1,0.129145,0.643979,0,0.200115,0.743455,0,0,0,1,1,0,0
transgress,True,1,001000,Ap,,True,2,001100,Ap,An,0.443,0.278,0.906,0.672,0.072,0.233,0.442532,0.840314,0,0.277919,0.717277,0,0.905596,0.591623,1,0.671642,0.657068,1,0.071741,0.643979,0,0.232843,0.743455,0,0,0,1,0,0,0
transistorize,True,1,001000,Ap,,True,3,011100,Ap,"Cm, An",0.299,0.707,0.875,0.813,0.409,0.186,0.298624,0.840314,0,0.707265,0.717277,0,0.875288,0.591623,1,0.813035,0.657068,1,0.40858,0.643979,0,0.185634,0.743455,0,0,0,1,0,0,0
transmit,True,1,001000,Ap,,True,1,001000,Ap,,0.416,0.285,0.942,0.034,0.256,0.023,0.416025,0.840314,0,0.285424,0.717277,0,0.942263,0.591623,1,0.033877,0.657068,0,0.255578,0.643979,0,0.02251,0.743455,0,0,0,1,0,0,0
transport,True,1,001000,Ap,,True,2,001100,Ap,An,0.124,0.379,0.845,0.587,0.38,0.38,0.124176,0.840314,0,0.378927,0.717277,0,0.844568,0.591623,1,0.586986,0.657068,0,0.379757,0.643979,0,0.380122,0.743455,0,0,0,1,0,0,0
transpose,True,1,001000,Ap,,True,1,001000,Ap,,0.596,0.502,0.89,0.396,0.446,0.54,0.595535,0.840314,0,0.502426,0.717277,0,0.89011,0.591623,1,0.395813,0.657068,0,0.445771,0.643979,0,0.539731,0.743455,0,0,0,1,0,0,0
travel,True,1,001000,Ap,,True,2,011000,Ap,Cm,0.594,0.836,0.953,0.164,0.427,0.17,0.594046,0.840314,0,0.836086,0.717277,1,0.952815,0.591623,1,0.164034,0.657068,0,0.42679,0.643979,0,0.169775,0.743455,0,0,0,1,0,0,0
traverse,True,2,101000,Kn,Ap,True,2,101000,Kn,Ap,0.884,0.605,0.838,0.473,0.096,0.03,0.884427,0.840314,1,0.604868,0.717277,0,0.838035,0.591623,1,0.473348,0.657068,0,0.096181,0.643979,0,0.029508,0.743455,0,1,0,1,0,0,0
treat,False,0,000000,,,False,0,000000,,,0.637,0.232,0.305,0.518,0.336,0.485,0.636529,0.840314,0,0.232067,0.717277,0,0.305186,0.591623,0,0.517635,0.657068,0,0.336314,0.643979,0,0.485068,0.743455,0,0,0,0,0,0,0
triangulate,True,1,010000,Cm,,True,2,011000,Cm,Ap,0.637,0.873,0.737,0.185,0.126,0.121,0.636668,0.840314,0,0.872507,0.717277,1,0.737185,0.591623,1,0.184716,0.657068,0,0.126279,0.643979,0,0.121304,0.743455,0,0,1,0,0,0,0
trick,True,2,001100,Ap,An,True,2,001100,Ap,An,0.486,0.128,0.67,0.659,0.086,0.572,0.485977,0.840314,0,0.127779,0.717277,0,0.670316,0.591623,1,0.6585,0.657068,1,0.086177,0.643979,0,0.57217,0.743455,0,0,0,1,1,0,0
trigger,True,1,100000,Kn,,True,2,100100,Kn,An,0.966,0.473,0.104,0.796,0.447,0.374,0.965526,0.840314,1,0.473447,0.717277,0,0.104185,0.591623,0,0.795951,0.657068,1,0.447433,0.643979,0,0.373999,0.743455,0,1,0,0,0,0,0
trim,True,1,001000,Ap,,True,1,001000,Ap,,0.147,0.115,0.615,0.319,0.18,0.244,0.147045,0.840314,0,0.114816,0.717277,0,0.615028,0.591623,1,0.31888,0.657068,0,0.179509,0.643979,0,0.244095,0.743455,0,0,0,1,0,0,0
truncate,True,1,001000,Ap,,True,1,001000,Ap,,0.357,0.576,0.962,0.247,0.307,0.211,0.357406,0.840314,0,0.57589,0.717277,0,0.9616,0.591623,1,0.247139,0.657068,0,0.30714,0.643979,0,0.211208,0.743455,0,0,0,1,0,0,0
trust,False,0,000000,,,True,1,000001,Ev,,0.277,0.378,0.051,0.037,0.269,0.743,0.276623,0.840314,0,0.377569,0.717277,0,0.051204,0.591623,0,0.036683,0.657068,0,0.269162,0.643979,0,0.74289,0.743455,0,0,0,0,0,0,0
try,True,1,000001,Ev,,True,3,110001,Kn,"Cm, Ev",0.81,0.707,0.335,0.408,0.452,0.773,0.809708,0.840314,0,0.706715,0.717277,0,0.334897,0.591623,0,0.408336,0.657068,0,0.451921,0.643979,0,0.773122,0.743455,1,0,0,0,0,0,1
tuck,True,1,001000,Ap,,True,2,001100,Ap,An,0.522,0.225,0.957,0.831,0.109,0.022,0.522184,0.840314,0,0.224511,0.717277,0,0.957025,0.591623,1,0.831259,0.657068,1,0.109367,0.643979,0,0.021785,0.743455,0,0,0,1,0,0,0
tumble,True,1,001000,Ap,,True,2,001100,Ap,An,0.09,0.073,0.991,0.728,0.065,0.19,0.089681,0.840314,0,0.073151,0.717277,0,0.991243,0.591623,1,0.727741,0.657068,1,0.065041,0.643979,0,0.189676,0.743455,0,0,0,1,0,0,0
tune,True,1,001000,Ap,,True,2,001001,Ap,Ev,0.204,0.064,0.873,0.523,0.524,0.661,0.203561,0.840314,0,0.0644,0.717277,0,0.872751,0.591623,1,0.523148,0.657068,0,0.524099,0.643979,0,0.661333,0.743455,0,0,0,1,0,0,0
turn,True,2,010100,Cm,An,True,4,011101,Cm,"Ap, An, Ev",0.693,0.819,0.583,0.778,0.209,0.676,0.692517,0.840314,0,0.818746,0.717277,1,0.582702,0.591623,0,0.778104,0.657068,1,0.208578,0.643979,0,0.675864,0.743455,0,0,1,0,1,0,0
tweak,True,1,000100,An,,True,2,000110,An,Sn,0.031,0.066,0.34,0.909,0.611,0.282,0.031037,0.840314,0,0.066047,0.717277,0,0.339746,0.591623,0,0.909297,0.657068,1,0.611298,0.643979,0,0.282295,0.743455,0,0,0,0,1,0,0
twist,True,1,000100,An,,True,1,000100,An,,0.489,0.333,0.229,0.867,0.354,0.294,0.489294,0.840314,0,0.332716,0.717277,0,0.228664,0.591623,0,0.867116,0.657068,1,0.354327,0.643979,0,0.293775,0.743455,0,0,0,0,1,0,0
typify,False,0,000000,,,True,1,000100,An,,0.164,0.497,0.484,0.595,0.426,0.286,0.164123,0.840314,0,0.496635,0.717277,0,0.484454,0.591623,0,0.594602,0.657068,0,0.426139,0.643979,0,0.286031,0.743455,0,0,0,0,0,0,0
unblock,True,1,000100,An,,True,1,000100,An,,0.303,0.086,0.457,0.71,0.073,0.46,0.302796,0.840314,0,0.085851,0.717277,0,0.456908,0.591623,0,0.709585,0.657068,1,0.073297,0.643979,0,0.459876,0.743455,0,0,0,0,1,0,0
uncouple,True,1,000100,An,,True,2,001100,An,Ap,0.287,0.059,0.562,0.797,0.401,0.527,0.286818,0.840314,0,0.059341,0.717277,0,0.562019,0.591623,0,0.797491,0.657068,1,0.400664,0.643979,0,0.527202,0.743455,0,0,0,0,1,0,0
uncover,True,3,101100,Kn,"Ap, An",True,3,101100,Kn,"Ap, An",0.948,0.419,0.935,0.911,0.173,0.011,0.947554,0.840314,1,0.419394,0.717277,0,0.934686,0.591623,1,0.910814,0.657068,1,0.173172,0.643979,0,0.011356,0.743455,0,1,0,1,1,0,0
underdevelop,True,1,000010,Sn,,True,3,001110,Sn,"Ap, An",0.13,0.466,0.518,0.584,0.647,0.425,0.129832,0.840314,0,0.466484,0.717277,0,0.517936,0.591623,0,0.584059,0.657068,0,0.646584,0.643979,1,0.424829,0.743455,0,0,0,0,0,1,0
underestimate,True,1,000001,Ev,,True,2,000011,Ev,Sn,0.296,0.386,0.205,0.231,0.725,0.859,0.296303,0.840314,0,0.386418,0.717277,0,0.205092,0.591623,0,0.231454,0.657068,0,0.725498,0.643979,1,0.859,0.743455,1,0,0,0,0,0,1
undergird,False,0,000000,,,True,1,000100,An,,0.346,0.137,0.26,0.559,0.072,0.477,0.346019,0.840314,0,0.137289,0.717277,0,0.259932,0.591623,0,0.559145,0.657068,0,0.071794,0.643979,0,0.476777,0.743455,0,0,0,0,0,0,0
undergo,True,2,001010,Ap,Sn,True,2,001010,Ap,Sn,0.644,0.316,0.973,0.075,0.94,0.061,0.643747,0.840314,0,0.315507,0.717277,0,0.973477,0.591623,1,0.074881,0.657068,0,0.939999,0.643979,1,0.061259,0.743455,0,0,0,1,0,1,0
underlie,False,0,000000,,,True,1,100000,Kn,,0.815,0.334,0.382,0.196,0.072,0.165,0.814981,0.840314,0,0.334037,0.717277,0,0.382125,0.591623,0,0.19556,0.657068,0,0.072391,0.643979,0,0.165314,0.743455,0,0,0,0,0,0,0
undermine,True,2,001100,An,Ap,True,2,001100,An,Ap,0.154,0.086,0.905,0.959,0.357,0.375,0.153681,0.840314,0,0.08643,0.717277,0,0.904734,0.591623,1,0.958949,0.657068,1,0.357458,0.643979,0,0.375236,0.743455,0,0,0,1,1,0,0
underperform,True,2,001010,Sn,Ap,True,4,011011,Sn,"Cm, Ap, Ev",0.428,0.631,0.65,0.098,0.71,0.647,0.428405,0.840314,0,0.631177,0.717277,0,0.650256,0.591623,1,0.097827,0.657068,0,0.709712,0.643979,1,0.647313,0.743455,0,0,0,1,0,1,0
underpin,False,0,000000,,,True,1,000100,An,,0.68,0.069,0.44,0.618,0.059,0.223,0.679901,0.840314,0,0.068588,0.717277,0,0.439985,0.591623,0,0.617655,0.657068,0,0.05878,0.643979,0,0.222715,0.743455,0,0,0,0,0,0,0
underscore,True,1,100000,Kn,,True,2,110000,Kn,Cm,0.887,0.619,0.219,0.226,0.337,0.031,0.887117,0.840314,1,0.619157,0.717277,0,0.219294,0.591623,0,0.225741,0.657068,0,0.336896,0.643979,0,0.031225,0.743455,0,1,0,0,0,0,0
undertake,True,1,001000,Ap,,True,2,001010,Ap,Sn,0.673,0.132,0.941,0.163,0.725,0.038,0.672547,0.840314,0,0.131921,0.717277,0,0.940703,0.591623,1,0.162911,0.657068,0,0.725135,0.643979,1,0.038381,0.743455,0,0,0,1,0,0,0
undo,True,1,100000,Kn,,True,3,101100,Kn,"Ap, An",0.889,0.339,0.536,0.59,0.102,0.247,0.889371,0.840314,1,0.339111,0.717277,0,0.536166,0.591623,0,0.590321,0.657068,0,0.102241,0.643979,0,0.247312,0.743455,0,1,0,0,0,0,0
undulate,True,1,001000,Ap,,True,1,001000,Ap,,0.35,0.04,0.994,0.523,0.426,0.12,0.350146,0.840314,0,0.040202,0.717277,0,0.99363,0.591623,1,0.523294,0.657068,0,0.426499,0.643979,0,0.120346,0.743455,0,0,0,1,0,0,0
unfold,True,1,000100,An,,True,2,100100,An,Kn,0.769,0.05,0.457,0.841,0.471,0.107,0.769087,0.840314,0,0.049645,0.717277,0,0.457356,0.591623,0,0.840825,0.657068,1,0.471299,0.643979,0,0.106848,0.743455,0,0,0,0,1,0,0
unite,False,0,000000,,,True,4,100111,Kn,"An, Sn, Ev",0.725,0.536,0.132,0.564,0.628,0.687,0.724925,0.840314,0,0.535761,0.717277,0,0.132367,0.591623,0,0.563823,0.657068,0,0.62795,0.643979,0,0.687373,0.743455,0,0,0,0,0,0,0
unitize,True,1,000010,Sn,,True,2,010010,Sn,Cm,0.109,0.696,0.358,0.38,0.725,0.295,0.1093,0.840314,0,0.695689,0.717277,0,0.358443,0.591623,0,0.379834,0.657068,0,0.725062,0.643979,1,0.295401,0.743455,0,0,0,0,0,1,0
unleash,True,1,001000,Ap,,True,1,001000,Ap,,0.09,0.024,0.905,0.526,0.065,0.259,0.090184,0.840314,0,0.024057,0.717277,0,0.9049,0.591623,1,0.525513,0.657068,0,0.064696,0.643979,0,0.258767,0.743455,0,0,0,1,0,0,0
unload,True,1,001000,Ap,,True,2,001001,Ap,Ev,0.112,0.019,0.896,0.348,0.311,0.76,0.11211,0.840314,0,0.019177,0.717277,0,0.896383,0.591623,1,0.347779,0.657068,0,0.31091,0.643979,0,0.759551,0.743455,1,0,0,1,0,0,0
unlock,True,1,000001,Ev,,True,3,001101,Ev,"Ap, An",0.25,0.027,0.773,0.703,0.342,0.925,0.25005,0.840314,0,0.026613,0.717277,0,0.773285,0.591623,1,0.70298,0.657068,1,0.342483,0.643979,0,0.925368,0.743455,1,0,0,0,0,0,1
unpack,True,1,001000,Ap,,True,4,001111,Ap,"An, Sn, Ev",0.322,0.158,0.891,0.813,0.7,0.789,0.321939,0.840314,0,0.157845,0.717277,0,0.89056,0.591623,1,0.812731,0.657068,1,0.700219,0.643979,1,0.788944,0.743455,1,0,0,1,0,0,0
unravel,True,1,000100,An,,True,3,101100,An,"Kn, Ap",0.747,0.395,0.89,0.981,0.083,0.528,0.747114,0.840314,0,0.394926,0.717277,0,0.890428,0.591623,1,0.980838,0.657068,1,0.08289,0.643979,0,0.527635,0.743455,0,0,0,0,1,0,0
unroll,True,2,001100,An,Ap,True,3,001101,An,"Ap, Ev",0.684,0.066,0.896,0.898,0.221,0.685,0.684367,0.840314,0,0.066257,0.717277,0,0.89587,0.591623,1,0.897796,0.657068,1,0.221305,0.643979,0,0.684763,0.743455,0,0,0,1,1,0,0
unveil,True,1,000100,An,,True,2,001100,An,Ap,0.372,0.073,0.651,0.781,0.278,0.288,0.371728,0.840314,0,0.072921,0.717277,0,0.650506,0.591623,1,0.780608,0.657068,1,0.277927,0.643979,0,0.287952,0.743455,0,0,0,0,1,0,0
unwrap,True,2,001100,Ap,An,True,3,101100,Kn,"Ap, An",0.8,0.097,0.674,0.665,0.416,0.458,0.800479,0.840314,0,0.097421,0.717277,0,0.673578,0.591623,1,0.664908,0.657068,1,0.416209,0.643979,0,0.458048,0.743455,0,0,0,1,1,0,0
upgrade,True,2,001010,Ap,Sn,True,3,001011,Ap,"Sn, Ev",0.066,0.113,0.728,0.291,0.725,0.677,0.065723,0.840314,0,0.113343,0.717277,0,0.727615,0.591623,1,0.291027,0.657068,0,0.72498,0.643979,1,0.676903,0.743455,0,0,0,1,0,1,0
uplift,False,0,000000,,,False,0,000000,,,0.179,0.062,0.066,0.157,0.426,0.231,0.179463,0.840314,0,0.0618,0.717277,0,0.066464,0.591623,0,0.156725,0.657068,0,0.426081,0.643979,0,0.230607,0.743455,0,0,0,0,0,0,0
upload,True,1,000001,Ev,,True,2,000101,Ev,An,0.031,0.328,0.339,0.563,0.473,0.797,0.030675,0.840314,0,0.328241,0.717277,0,0.338546,0.591623,0,0.563351,0.657068,0,0.472953,0.643979,0,0.796858,0.743455,1,0,0,0,0,0,1
upset,True,1,000100,An,,True,3,101100,An,"Kn, Ap",0.749,0.455,0.589,0.797,0.163,0.293,0.749345,0.840314,0,0.455071,0.717277,0,0.588982,0.591623,0,0.796956,0.657068,1,0.162584,0.643979,0,0.293361,0.743455,0,0,0,0,1,0,0
urge,True,1,100000,Kn,,True,2,101000,Kn,Ap,0.886,0.153,0.534,0.186,0.504,0.328,0.885909,0.840314,1,0.152953,0.717277,0,0.533969,0.591623,0,0.185661,0.657068,0,0.504325,0.643979,0,0.327613,0.743455,0,1,0,0,0,0,0
usher,False,0,000000,,,True,2,101000,Kn,Ap,0.736,0.537,0.558,0.542,0.022,0.163,0.736034,0.840314,0,0.536812,0.717277,0,0.557794,0.591623,0,0.541972,0.657068,0,0.02175,0.643979,0,0.162971,0.743455,0,0,0,0,0,0,0
vaccinate,True,2,001010,Ap,Sn,True,2,001010,Ap,Sn,0.086,0.015,0.87,0.077,0.844,0.135,0.085609,0.840314,0,0.01507,0.717277,0,0.869837,0.591623,1,0.077318,0.657068,0,0.843575,0.643979,1,0.135115,0.743455,0,0,0,1,0,1,0
vanish,True,1,010000,Cm,,True,2,011000,Cm,Ap,0.299,0.773,0.65,0.203,0.198,0.154,0.299156,0.840314,0,0.773326,0.717277,1,0.650458,0.591623,1,0.2032,0.657068,0,0.19808,0.643979,0,0.153947,0.743455,0,0,1,0,0,0,0
vaporize,True,1,001000,Ap,,True,3,001101,Ap,"An, Ev",0.092,0.327,0.91,0.764,0.121,0.762,0.092192,0.840314,0,0.326983,0.717277,0,0.90995,0.591623,1,0.764498,0.657068,1,0.121387,0.643979,0,0.762432,0.743455,1,0,0,1,0,0,0
vary,True,1,000100,An,,True,4,011110,An,"Cm, Ap, Sn",0.321,0.737,0.837,0.912,0.584,0.083,0.320598,0.840314,0,0.737494,0.717277,1,0.836821,0.591623,1,0.912168,0.657068,1,0.584289,0.643979,0,0.082685,0.743455,0,0,0,0,1,0,0
vascularize,True,1,000100,An,,True,1,000100,An,,0.265,0.333,0.426,0.829,0.38,0.205,0.26456,0.840314,0,0.332729,0.717277,0,0.425746,0.591623,0,0.828797,0.657068,1,0.380067,0.643979,0,0.204654,0.743455,0,0,0,0,1,0,0
veer,False,0,000000,,,True,1,001000,Ap,,0.299,0.561,0.551,0.495,0.164,0.515,0.298556,0.840314,0,0.560706,0.717277,0,0.550633,0.591623,0,0.495018,0.657068,0,0.164129,0.643979,0,0.51546,0.743455,0,0,0,0,0,0,0
vegetate,True,1,000100,An,,True,2,000110,An,Sn,0.406,0.258,0.305,0.748,0.618,0.281,0.406282,0.840314,0,0.258005,0.717277,0,0.305254,0.591623,0,0.748041,0.657068,1,0.618081,0.643979,0,0.280889,0.743455,0,0,0,0,1,0,0
vent,True,1,001000,Ap,,True,1,001000,Ap,,0.151,0.219,0.971,0.413,0.532,0.542,0.151365,0.840314,0,0.218998,0.717277,0,0.970581,0.591623,1,0.413275,0.657068,0,0.531587,0.643979,0,0.541767,0.743455,0,0,0,1,0,0,0
ventilate,False,0,000000,,,True,2,001001,Ev,Ap,0.03,0.078,0.59,0.073,0.342,0.684,0.029732,0.840314,0,0.077729,0.717277,0,0.590135,0.591623,0,0.073305,0.657068,0,0.34208,0.643979,0,0.684096,0.743455,0,0,0,0,0,0,0
verbalize,True,1,010000,Cm,,True,1,010000,Cm,,0.46,0.737,0.42,0.161,0.467,0.059,0.45972,0.840314,0,0.737462,0.717277,1,0.420192,0.591623,0,0.161156,0.657068,0,0.467273,0.643979,0,0.058724,0.743455,0,0,1,0,0,0,0
verge,True,1,000100,An,,True,2,000101,An,Ev,0.415,0.089,0.226,0.979,0.069,0.797,0.415254,0.840314,0,0.089364,0.717277,0,0.226088,0.591623,0,0.97911,0.657068,1,0.069131,0.643979,0,0.79714,0.743455,1,0,0,0,1,0,0
vest,True,1,001000,Ap,,True,1,001000,Ap,,0.066,0.01,0.794,0.038,0.14,0.113,0.065859,0.840314,0,0.01024,0.717277,0,0.793747,0.591623,1,0.037995,0.657068,0,0.139596,0.643979,0,0.112693,0.743455,0,0,0,1,0,0,0
vibrate,False,0,000000,,,False,0,000000,,,0.185,0.37,0.151,0.392,0.354,0.51,0.185238,0.840314,0,0.370126,0.717277,0,0.150873,0.591623,0,0.392244,0.657068,0,0.353708,0.643979,0,0.510025,0.743455,0,0,0,0,0,0,0
violate,True,1,000100,An,,True,2,001100,An,Ap,0.521,0.097,0.863,0.959,0.152,0.528,0.521079,0.840314,0,0.097161,0.717277,0,0.863382,0.591623,1,0.958612,0.657068,1,0.15224,0.643979,0,0.527511,0.743455,0,0,0,0,1,0,0
visit,True,2,110000,Cm,Kn,True,3,111000,Cm,"Kn, Ap",0.901,0.933,0.518,0.328,0.037,0.058,0.90081,0.840314,1,0.93322,0.717277,1,0.518017,0.591623,0,0.327851,0.657068,0,0.036954,0.643979,0,0.057729,0.743455,0,1,1,0,0,0,0
void,False,0,000000,,,True,1,001000,Ap,,0.486,0.57,0.57,0.179,0.131,0.055,0.486114,0.840314,0,0.56969,0.717277,0,0.570296,0.591623,0,0.179034,0.657068,0,0.130646,0.643979,0,0.054526,0.743455,0,0,0,0,0,0,0
vote,True,1,001000,Ap,,True,4,111100,Ap,"Kn, Cm, An",0.759,0.809,0.881,0.622,0.289,0.24,0.759153,0.840314,0,0.808975,0.717277,1,0.880797,0.591623,1,0.621801,0.657068,0,0.288738,0.643979,0,0.240101,0.743455,0,0,0,1,0,0,0
vow,False,0,000000,,,True,1,100000,Kn,,0.726,0.233,0.061,0.062,0.209,0.458,0.726008,0.840314,0,0.232716,0.717277,0,0.061311,0.591623,0,0.061841,0.657068,0,0.208569,0.643979,0,0.457683,0.743455,0,0,0,0,0,0,0
wait,True,1,000100,An,,True,3,101100,An,"Kn, Ap",0.764,0.464,0.733,0.923,0.198,0.593,0.763629,0.840314,0,0.463654,0.717277,0,0.73269,0.591623,1,0.922504,0.657068,1,0.198336,0.643979,0,0.592975,0.743455,0,0,0,0,1,0,0
wake,False,0,000000,,,False,0,000000,,,0.442,0.545,0.133,0.365,0.335,0.296,0.441599,0.840314,0,0.5452,0.717277,0,0.133298,0.591623,0,0.364957,0.657068,0,0.335486,0.643979,0,0.296203,0.743455,0,0,0,0,0,0,0
walk,True,1,001000,Ap,,True,3,101100,Ap,"Kn, An",0.812,0.591,0.971,0.856,0.047,0.108,0.812008,0.840314,0,0.590956,0.717277,0,0.970636,0.591623,1,0.856369,0.657068,1,0.047105,0.643979,0,0.108189,0.743455,0,0,0,1,0,0,0
want,True,1,100000,Kn,,True,1,100000,Kn,,0.889,0.453,0.12,0.497,0.337,0.12,0.888929,0.840314,1,0.453413,0.717277,0,0.120108,0.591623,0,0.497459,0.657068,0,0.336992,0.643979,0,0.119759,0.743455,0,1,0,0,0,0,0
warn,True,1,001000,Ap,,True,2,001010,Ap,Sn,0.185,0.231,0.862,0.437,0.666,0.282,0.184522,0.840314,0,0.230851,0.717277,0,0.861839,0.591623,1,0.437253,0.657068,0,0.666173,0.643979,1,0.282248,0.743455,0,0,0,1,0,0,0
warp,True,1,000100,An,,True,2,000101,An,Ev,0.147,0.409,0.19,0.965,0.299,0.688,0.146831,0.840314,0,0.409013,0.717277,0,0.190099,0.591623,0,0.965379,0.657068,1,0.29917,0.643979,0,0.688469,0.743455,0,0,0,0,1,0,0
wash,True,1,001000,Ap,,True,1,001000,Ap,,0.192,0.066,0.891,0.041,0.516,0.121,0.191516,0.840314,0,0.066323,0.717277,0,0.890878,0.591623,1,0.0412,0.657068,0,0.516005,0.643979,0,0.121233,0.743455,0,0,0,1,0,0,0
watch,True,1,100000,Kn,,True,3,111000,Kn,"Cm, Ap",0.987,0.631,0.865,0.23,0.073,0.232,0.987131,0.840314,1,0.630646,0.717277,0,0.864745,0.591623,1,0.230171,0.657068,0,0.073165,0.643979,0,0.23246,0.743455,0,1,0,0,0,0,0
weaken,True,1,001000,Ap,,True,2,001100,Ap,An,0.243,0.135,0.782,0.719,0.524,0.341,0.243141,0.840314,0,0.134783,0.717277,0,0.782249,0.591623,1,0.718511,0.657068,1,0.523652,0.643979,0,0.340792,0.743455,0,0,0,1,0,0,0
wear,True,1,001000,Ap,,True,1,001000,Ap,,0.634,0.326,0.989,0.351,0.202,0.181,0.633963,0.840314,0,0.326478,0.717277,0,0.98896,0.591623,1,0.350965,0.657068,0,0.202272,0.643979,0,0.181429,0.743455,0,0,0,1,0,0,0
weave,True,1,001000,Ap,,True,1,001000,Ap,,0.497,0.236,0.793,0.114,0.382,0.252,0.497399,0.840314,0,0.236353,0.717277,0,0.792847,0.591623,1,0.113644,0.657068,0,0.381891,0.643979,0,0.252212,0.743455,0,0,0,1,0,0,0
weep,True,3,101100,Kn,"Ap, An",True,3,101100,Kn,"Ap, An",0.861,0.123,0.749,0.858,0.163,0.111,0.860926,0.840314,1,0.122842,0.717277,0,0.748956,0.591623,1,0.858415,0.657068,1,0.162736,0.643979,0,0.111025,0.743455,0,1,0,1,1,0,0
welcome,True,1,000100,An,,True,2,000101,An,Ev,0.231,0.154,0.394,0.879,0.223,0.781,0.230527,0.840314,0,0.153781,0.717277,0,0.393537,0.591623,0,0.878923,0.657068,1,0.222602,0.643979,0,0.781105,0.743455,1,0,0,0,1,0,0
weld,True,1,001000,Ap,,True,1,001000,Ap,,0.319,0.333,0.769,0.313,0.125,0.622,0.319453,0.840314,0,0.33327,0.717277,0,0.768553,0.591623,1,0.313167,0.657068,0,0.125206,0.643979,0,0.621549,0.743455,0,0,0,1,0,0,0
wend,True,1,001000,Ap,,True,2,001001,Ap,Ev,0.597,0.325,0.897,0.341,0.045,0.662,0.597248,0.840314,0,0.324682,0.717277,0,0.896862,0.591623,1,0.341452,0.657068,0,0.044618,0.643979,0,0.66151,0.743455,0,0,0,1,0,0,0
whiten,True,1,000010,Sn,,True,1,000010,Sn,,0.352,0.023,0.419,0.044,0.658,0.103,0.352285,0.840314,0,0.023298,0.717277,0,0.418706,0.591623,0,0.044125,0.657068,0,0.657782,0.643979,1,0.102745,0.743455,0,0,0,0,0,1,0
widen,False,0,000000,,,True,1,000100,An,,0.322,0.287,0.498,0.609,0.255,0.261,0.321925,0.840314,0,0.287308,0.717277,0,0.498495,0.591623,0,0.609351,0.657068,0,0.254637,0.643979,0,0.261406,0.743455,0,0,0,0,0,0,0
wield,True,1,001000,Ap,,True,2,001100,Ap,An,0.25,0.121,0.941,0.735,0.071,0.606,0.249855,0.840314,0,0.12061,0.717277,0,0.940592,0.591623,1,0.735283,0.657068,1,0.07138,0.643979,0,0.605575,0.743455,0,0,0,1,0,0,0
wiggle,True,1,000100,An,,True,3,011100,An,"Cm, Ap",0.502,0.61,0.682,0.78,0.191,0.115,0.501733,0.840314,0,0.609772,0.717277,0,0.682453,0.591623,1,0.780391,0.657068,1,0.190765,0.643979,0,0.114942,0.743455,0,0,0,0,1,0,0
will,True,2,101000,Ap,Kn,True,2,101000,Ap,Kn,0.884,0.541,0.896,0.502,0.126,0.253,0.883921,0.840314,1,0.540828,0.717277,0,0.895631,0.591623,1,0.501962,0.657068,0,0.126367,0.643979,0,0.253036,0.743455,0,1,0,1,0,0,0
win,True,2,101000,Ap,Kn,True,3,111000,Ap,"Kn, Cm",0.875,0.623,0.904,0.215,0.226,0.566,0.874633,0.840314,1,0.623211,0.717277,0,0.903892,0.591623,1,0.215469,0.657068,0,0.225798,0.643979,0,0.566272,0.743455,0,1,0,1,0,0,0
winnow,True,1,000100,An,,True,2,001100,An,Ap,0.038,0.069,0.611,0.798,0.429,0.111,0.038499,0.840314,0,0.069085,0.717277,0,0.611086,0.591623,1,0.797579,0.657068,1,0.428788,0.643979,0,0.110752,0.743455,0,0,0,0,1,0,0
wipe,True,1,001000,Ap,,True,1,001000,Ap,,0.663,0.142,0.806,0.472,0.166,0.23,0.663139,0.840314,0,0.142342,0.717277,0,0.806434,0.591623,1,0.472446,0.657068,0,0.166191,0.643979,0,0.229793,0.743455,0,0,0,1,0,0,0
wish,False,0,000000,,,True,1,000010,Sn,,0.685,0.477,0.003,0.229,0.633,0.222,0.684926,0.840314,0,0.476939,0.717277,0,0.002771,0.591623,0,0.228531,0.657068,0,0.633432,0.643979,0,0.222119,0.743455,0,0,0,0,0,0,0
withdraw,True,1,000100,An,,True,2,001100,An,Ap,0.232,0.151,0.796,0.963,0.365,0.509,0.232012,0.840314,0,0.151396,0.717277,0,0.795601,0.591623,1,0.963174,0.657068,1,0.364903,0.643979,0,0.509305,0.743455,0,0,0,0,1,0,0
withhold,True,2,001100,An,Ap,True,2,001100,An,Ap,0.526,0.371,0.949,0.963,0.055,0.55,0.526214,0.840314,0,0.37104,0.717277,0,0.948689,0.591623,1,0.963384,0.657068,1,0.054618,0.643979,0,0.55013,0.743455,0,0,0,1,1,0,0
withstand,True,1,001000,Ap,,True,2,001010,Ap,Sn,0.073,0.445,0.978,0.325,0.613,0.567,0.073423,0.840314,0,0.444992,0.717277,0,0.978408,0.591623,1,0.324845,0.657068,0,0.613365,0.643979,0,0.567426,0.743455,0,0,0,1,0,0,0
witness,True,1,000010,Sn,,True,2,100010,Kn,Sn,0.825,0.545,0.271,0.183,0.707,0.567,0.824708,0.840314,0,0.54474,0.717277,0,0.271044,0.591623,0,0.182625,0.657068,0,0.706719,0.643979,1,0.567152,0.743455,0,0,0,0,0,1,0
wonder,True,2,001100,An,Ap,True,3,001110,An,"Ap, Sn",0.65,0.378,0.91,0.94,0.63,0.281,0.649791,0.840314,0,0.377922,0.717277,0,0.910357,0.591623,1,0.940198,0.657068,1,0.629726,0.643979,0,0.280691,0.743455,0,0,0,1,1,0,0
work,True,1,001000,Ap,,True,3,011100,Ap,"Cm, An",0.186,0.719,0.905,0.83,0.35,0.303,0.185773,0.840314,0,0.7194,0.717277,1,0.905001,0.591623,1,0.830103,0.657068,1,0.349833,0.643979,0,0.302629,0.743455,0,0,0,1,0,0,0
worry,True,1,000100,An,,True,1,000100,An,,0.337,0.395,0.343,0.733,0.163,0.043,0.337397,0.840314,0,0.395114,0.717277,0,0.34256,0.591623,0,0.733131,0.657068,1,0.162789,0.643979,0,0.042965,0.743455,0,0,0,0,1,0,0
worsen,False,0,000000,,,True,2,001100,An,Ap,0.562,0.139,0.543,0.565,0.473,0.53,0.561881,0.840314,0,0.139425,0.717277,0,0.542822,0.591623,0,0.565255,0.657068,0,0.473246,0.643979,0,0.530289,0.743455,0,0,0,0,0,0,0
wrap,True,1,000001,Ev,,True,3,100011,Ev,"Kn, Sn",0.725,0.415,0.388,0.545,0.601,0.788,0.725325,0.840314,0,0.414882,0.717277,0,0.388005,0.591623,0,0.544554,0.657068,0,0.600528,0.643979,0,0.787806,0.743455,1,0,0,0,0,0,1
wring,True,1,001000,Ap,,True,1,001000,Ap,,0.231,0.385,0.855,0.479,0.164,0.136,0.231232,0.840314,0,0.384643,0.717277,0,0.855184,0.591623,1,0.479447,0.657068,0,0.164011,0.643979,0,0.135789,0.743455,0,0,0,1,0,0,0
yield,True,2,001010,Sn,Ap,True,3,001011,Sn,"Ap, Ev",0.297,0.084,0.78,0.384,0.815,0.664,0.297428,0.840314,0,0.08439,0.717277,0,0.779585,0.591623,1,0.383548,0.657068,0,0.815399,0.643979,1,0.664486,0.743455,0,0,0,1,0,1,0
zoom,False,0,000000,,,False,0,000000,,,0.218,0.326,0.263,0.285,0.522,0.191,0.217934,0.840314,0,0.325667,0.717277,0,0.263193,0.591623,0,0.284708,0.657068,0,0.521575,0.643979,0,0.190873,0.743455,0,0,0,0,0,0,0
