Verb,Accepted,AcceptedCount,AcceptedPattern,PrimaryDomain,OtherDomains,SoftAccepted,SoftAcceptedCount,SoftPattern,SoftPrimaryDomain,SoftOtherDomains,score_Kn,score_Cm,score_Ap,score_An,score_Sn,score_Ev,cal_score_Kn,thr_Kn,meets_thr_Kn,cal_score_Cm,thr_Cm,meets_thr_Cm,cal_score_Ap,thr_Ap,meets_thr_Ap,cal_score_An,thr_An,meets_thr_An,cal_score_Sn,thr_Sn,meets_thr_Sn,cal_score_Ev,thr_Ev,meets_thr_Ev,accept_Kn,accept_Cm,accept_Ap,accept_An,accept_Sn,accept_Ev
abandon,True,1,000001,Ev,,True,2,001001,Ev,Ap,0.248,0.247,0.561,0.456,0.032,0.851,0.248449,0.853403,0,0.24712,0.827225,0,0.56114,0.581152,0,0.455987,0.63089,0,0.031538,0.651832,0,0.850895,0.772251,1,0,0,0,0,0,1
abbreviate,True,1,001000,Ap,,True,2,001010,Ap,Sn,0.412,0.558,0.679,0.101,0.558,0.368,0.411628,0.853403,0,0.558242,0.827225,0,0.679121,0.581152,1,0.101236,0.63089,0,0.558141,0.651832,0,0.36808,0.772251,0,0,0,1,0,0,0
abet,True,1,001000,Ap,,True,1,001000,Ap,,0.714,0.56,0.846,0.017,0.183,0.496,0.713679,0.853403,0,0.560024,0.827225,0,0.846212,0.581152,1,0.017197,0.63089,0,0.183482,0.651832,0,0.496079,0.772251,0,0,0,1,0,0,0
abide,True,1,000001,Ev,,True,1,000001,Ev,,0.442,0.24,0.476,0.17,0.309,0.847,0.441836,0.853403,0,0.239636,0.827225,0,0.476378,0.581152,0,0.170012,0.63089,0,0.308685,0.651832,0,0.846818,0.772251,1,0,0,0,0,0,1
ablate,True,1,000010,Sn,,True,2,001010,Sn,Ap,0.443,0.402,0.532,0.229,0.702,0.485,0.442977,0.853403,0,0.401766,0.827225,0,0.532497,0.581152,0,0.229298,0.63089,0,0.701899,0.651832,1,0.484601,0.772251,0,0,0,0,0,1,0
abort,True,1,000001,Ev,,True,3,001011,Ev,"Ap, Sn",0.323,0.164,0.558,0.095,0.556,0.854,0.323459,0.853403,0,0.163903,0.827225,0,0.55779,0.581152,0,0.095401,0.63089,0,0.5565,0.651832,0,0.854161,0.772251,1,0,0,0,0,0,1
abound,True,1,100000,Kn,,True,1,100000,Kn,,0.918,0.534,0.419,0.194,0.514,0.175,0.918127,0.853403,1,0.533937,0.827225,0,0.419258,0.581152,0,0.194201,0.63089,0,0.514478,0.651832,0,0.174745,0.772251,0,1,0,0,0,0,0
absorb,True,1,001000,Ap,,True,1,001000,Ap,,0.387,0.081,0.97,0.348,0.037,0.062,0.387144,0.853403,0,0.081264,0.827225,0,0.970488,0.581152,1,0.347847,0.63089,0,0.03716,0.651832,0,0.061686,0.772251,0,0,0,1,0,0,0
abut,True,1,000001,Ev,,True,1,000001,Ev,,0.607,0.536,0.411,0.05,0.529,0.853,0.607017,0.853403,0,0.536178,0.827225,0,0.411358,0.581152,0,0.050356,0.63089,0,0.528545,0.651832,0,0.852564,0.772251,1,0,0,0,0,0,1
accelerate,True,1,001000,Ap,,True,2,001010,Ap,Sn,0.149,0.18,0.904,0.232,0.784,0.008,0.149215,0.853403,0,0.180166,0.827225,0,0.904239,0.581152,1,0.232064,0.63089,0,0.784122,0.651832,1,0.007853,0.772251,0,0,0,1,0,0,0
accentuate,False,0,000000,,,True,1,000010,Sn,,0.643,0.544,0.49,0.224,0.612,0.215,0.64322,0.853403,0,0.54388,0.827225,0,0.490042,0.581152,0,0.223809,0.63089,0,0.611959,0.651832,0,0.215282,0.772251,0,0,0,0,0,0,0
accommodate,True,1,000010,Sn,,True,2,001010,Sn,Ap,0.276,0.265,0.87,0.232,0.941,0.599,0.276202,0.853403,0,0.264516,0.827225,0,0.869834,0.581152,1,0.232159,0.63089,0,0.941162,0.651832,1,0.598651,0.772251,0,0,0,0,0,1,0
accompany,True,1,000010,Sn,,True,2,100010,Sn,Kn,0.76,0.205,0.449,0.003,0.84,0.612,0.759999,0.853403,0,0.204544,0.827225,0,0.449121,0.581152,0,0.003123,0.63089,0,0.840277,0.651832,1,0.611756,0.772251,0,0,0,0,0,1,0
accomplish,True,2,001010,Sn,Ap,True,2,001010,Sn,Ap,0.149,0.063,0.733,0.037,0.758,0.425,0.149215,0.853403,0,0.063212,0.827225,0,0.733414,0.581152,1,0.03722,0.63089,0,0.758455,0.651832,1,0.424713,0.772251,0,0,0,1,0,1,0
account,True,1,000001,Ev,,True,3,100101,Ev,"Kn, An",0.736,0.086,0.289,0.624,0.414,0.806,0.73569,0.853403,0,0.086085,0.827225,0,0.288897,0.581152,0,0.623733,0.63089,0,0.414195,0.651832,0,0.806466,0.772251,1,0,0,0,0,0,1
accrue,True,1,001000,Ap,,True,1,001000,Ap,,0.65,0.393,0.872,0.153,0.27,0.348,0.649932,0.853403,0,0.393091,0.827225,0,0.872408,0.581152,1,0.152957,0.63089,0,0.269518,0.651832,0,0.34799,0.772251,0,0,0,1,0,0,0
accumulate,True,2,101000,Ap,Kn,True,2,101000,Ap,Kn,0.938,0.459,0.958,0.341,0.458,0.443,0.938398,0.853403,1,0.458557,0.827225,0,0.958299,0.581152,1,0.341267,0.63089,0,0.458124,0.651832,0,0.442571,0.772251,0,1,0,1,0,0,0
accustom,True,1,000001,Ev,,True,3,001011,Ev,"Ap, Sn",0.308,0.394,0.598,0.037,0.733,0.837,0.307615,0.853403,0,0.394141,0.827225,0,0.598305,0.581152,1,0.037432,0.63089,0,0.732879,0.651832,1,0.836637,0.772251,1,0,0,0,0,0,1
achieve,True,1,000010,Sn,,True,2,001010,Sn,Ap,0.183,0.038,0.743,0.037,0.813,0.255,0.182573,0.853403,0,0.037822,0.827225,0,0.742809,0.581152,1,0.037449,0.63089,0,0.812794,0.651832,1,0.25482,0.772251,0,0,0,0,0,1,0
acidify,True,1,000010,Sn,,True,2,000011,Sn,Ev,0.149,0.156,0.288,0.322,0.922,0.686,0.149215,0.853403,0,0.155825,0.827225,0,0.288144,0.581152,0,0.321596,0.63089,0,0.92227,0.651832,1,0.68613,0.772251,0,0,0,0,0,1,0
acknowledge,False,0,000000,,,False,0,000000,,,0.639,0.406,0.178,0.384,0.387,0.522,0.638858,0.853403,0,0.40628,0.827225,0,0.177745,0.581152,0,0.383704,0.63089,0,0.386685,0.651832,0,0.521612,0.772251,0,0,0,0,0,0,0
acquaint,False,0,000000,,,False,0,000000,,,0.309,0.611,0.021,0.218,0.352,0.245,0.309144,0.853403,0,0.611353,0.827225,0,0.020913,0.581152,0,0.21819,0.63089,0,0.351688,0.651832,0,0.245195,0.772251,0,0,0,0,0,0,0
activate,True,1,001000,Ap,,True,1,001000,Ap,,0.373,0.109,0.99,0.058,0.441,0.296,0.372732,0.853403,0,0.108638,0.827225,0,0.989559,0.581152,1,0.057603,0.63089,0,0.44078,0.651832,0,0.295918,0.772251,0,0,0,1,0,0,0
actualize,True,1,001000,Ap,,True,2,001010,Ap,Sn,0.47,0.259,0.987,0.218,0.569,0.11,0.469641,0.853403,0,0.258528,0.827225,0,0.986507,0.581152,1,0.217653,0.63089,0,0.569172,0.651832,0,0.110335,0.772251,0,0,0,1,0,0,0
actuate,True,1,001000,Ap,,True,2,001010,Ap,Sn,0.307,0.318,0.954,0.217,0.645,0.066,0.307311,0.853403,0,0.318134,0.827225,0,0.953857,0.581152,1,0.216905,0.63089,0,0.645355,0.651832,0,0.065637,0.772251,0,0,0,1,0,0,0
address,True,1,100000,Kn,,True,1,100000,Kn,,0.99,0.586,0.197,0.305,0.087,0.123,0.989933,0.853403,1,0.586181,0.827225,0,0.19691,0.581152,0,0.30474,0.63089,0,0.086879,0.651832,0,0.123361,0.772251,0,1,0,0,0,0,0
adhere,True,1,001000,Ap,,True,3,001011,Ap,"Sn, Ev",0.393,0.087,0.774,0.014,0.568,0.686,0.393214,0.853403,0,0.087392,0.827225,0,0.77409,0.581152,1,0.014289,0.63089,0,0.568138,0.651832,0,0.68552,0.772251,0,0,0,1,0,0,0
adjoin,True,1,000010,Sn,,True,1,000010,Sn,,0.399,0.542,0.017,0.299,0.918,0.449,0.399312,0.853403,0,0.541717,0.827225,0,0.016765,0.581152,0,0.29864,0.63089,0,0.917773,0.651832,1,0.44859,0.772251,0,0,0,0,0,1,0
adjudicate,True,1,000001,Ev,,True,2,000101,Ev,An,0.246,0.632,0.183,0.752,0.24,0.93,0.245667,0.853403,0,0.632487,0.827225,0,0.182998,0.581152,0,0.752243,0.63089,1,0.239936,0.651832,0,0.929519,0.772251,1,0,0,0,0,0,1
adjust,True,1,000010,Sn,,True,3,001110,Sn,"Ap, An",0.307,0.315,0.558,0.632,0.813,0.593,0.306803,0.853403,0,0.314858,0.827225,0,0.558286,0.581152,0,0.631833,0.63089,1,0.813453,0.651832,1,0.593258,0.772251,0,0,0,0,0,1,0
administrate,True,1,000100,An,,True,4,001111,An,"Ap, Sn, Ev",0.149,0.401,0.715,0.797,0.639,0.669,0.149215,0.853403,0,0.400668,0.827225,0,0.715329,0.581152,1,0.796924,0.63089,1,0.639176,0.651832,0,0.668884,0.772251,0,0,0,0,1,0,0
admire,False,0,000000,,,True,1,000001,Ev,,0.655,0.391,0.478,0.249,0.352,0.676,0.655423,0.853403,0,0.391357,0.827225,0,0.47786,0.581152,0,0.248734,0.63089,0,0.351597,0.651832,0,0.67614,0.772251,0,0,0,0,0,0,0
admit,True,1,000001,Ev,,True,2,000101,Ev,An,0.64,0.554,0.176,0.738,0.106,0.857,0.639658,0.853403,0,0.554036,0.827225,0,0.17556,0.581152,0,0.738493,0.63089,1,0.105576,0.651832,0,0.857104,0.772251,1,0,0,0,0,0,1
adopt,True,2,001010,Ap,Sn,True,2,001010,Ap,Sn,0.492,0.186,0.834,0.018,0.784,0.208,0.49228,0.853403,0,0.186209,0.827225,0,0.833563,0.581152,1,0.018369,0.63089,0,0.784371,0.651832,1,0.207827,0.772251,0,0,0,1,0,1,0
adsorb,False,0,000000,,,True,1,001000,Ap,,0.149,0.096,0.537,0.357,0.416,0.354,0.149215,0.853403,0,0.095734,0.827225,0,0.537169,0.581152,0,0.357155,0.63089,0,0.416335,0.651832,0,0.354164,0.772251,0,0,0,0,0,0,0
advect,False,0,000000,,,True,1,001000,Ap,,0.415,0.701,0.549,0.348,0.432,0.008,0.414671,0.853403,0,0.701135,0.827225,0,0.549416,0.581152,0,0.348034,0.63089,0,0.431847,0.651832,0,0.007853,0.772251,0,0,0,0,0,0,0
advertise,True,1,001000,Ap,,True,1,001000,Ap,,0.259,0.497,0.943,0.342,0.08,0.367,0.259023,0.853403,0,0.496715,0.827225,0,0.94306,0.581152,1,0.342071,0.63089,0,0.079546,0.651832,0,0.366668,0.772251,0,0,0,1,0,0,0
advocate,True,1,000001,Ev,,True,2,000011,Ev,Sn,0.149,0.617,0.329,0.067,0.593,0.942,0.149215,0.853403,0,0.617462,0.827225,0,0.329459,0.581152,0,0.066918,0.63089,0,0.59262,0.651832,0,0.94193,0.772251,1,0,0,0,0,0,1
aerate,True,1,000010,Sn,,True,2,001010,Sn,Ap,0.149,0.225,0.538,0.038,0.786,0.355,0.149215,0.853403,0,0.224966,0.827225,0,0.538237,0.581152,0,0.038083,0.63089,0,0.785567,0.651832,1,0.355289,0.772251,0,0,0,0,0,1,0
affect,True,1,001000,Ap,,True,2,001010,Ap,Sn,0.635,0.554,0.761,0.332,0.569,0.507,0.634761,0.853403,0,0.553932,0.827225,0,0.761399,0.581152,1,0.332346,0.63089,0,0.569163,0.651832,0,0.507423,0.772251,0,0,0,1,0,0,0
affirm,True,1,000001,Ev,,True,2,000101,Ev,An,0.174,0.192,0.074,0.716,0.172,0.939,0.173895,0.853403,0,0.191544,0.827225,0,0.073686,0.581152,0,0.715911,0.63089,1,0.172333,0.651832,0,0.938735,0.772251,1,0,0,0,0,0,1
affix,False,0,000000,,,True,1,010000,Cm,,0.149,0.771,0.303,0.185,0.158,0.381,0.149215,0.853403,0,0.770515,0.827225,0,0.303246,0.581152,0,0.185463,0.63089,0,0.157805,0.651832,0,0.380617,0.772251,0,0,0,0,0,0,0
afford,True,1,001000,Ap,,True,1,001000,Ap,,0.434,0.334,0.996,0.018,0.308,0.223,0.433805,0.853403,0,0.333861,0.827225,0,0.995977,0.581152,1,0.01833,0.63089,0,0.307631,0.651832,0,0.222585,0.772251,0,0,0,1,0,0,0
aggravate,True,1,000001,Ev,,True,2,001001,Ev,Ap,0.149,0.079,0.589,0.503,0.412,0.849,0.149215,0.853403,0,0.078679,0.827225,0,0.588644,0.581152,1,0.503229,0.63089,0,0.411516,0.651832,0,0.848777,0.772251,1,0,0,0,0,0,1
aggregate,True,1,000010,Sn,,True,5,110111,Sn,"Kn, Cm, An, Ev",0.737,0.772,0.254,0.776,0.913,0.658,0.736854,0.853403,0,0.771753,0.827225,0,0.253764,0.581152,0,0.77638,0.63089,1,0.912672,0.651832,1,0.658382,0.772251,0,0,0,0,0,1,0
agitate,True,1,000001,Ev,,True,1,000001,Ev,,0.312,0.169,0.277,0.187,0.459,0.847,0.311566,0.853403,0,0.169273,0.827225,0,0.277398,0.581152,0,0.186909,0.63089,0,0.45907,0.651832,0,0.847404,0.772251,1,0,0,0,0,0,1
agonize,True,1,000100,An,,True,2,000101,An,Ev,0.26,0.026,0.287,0.916,0.199,0.852,0.259952,0.853403,0,0.026178,0.827225,0,0.286735,0.581152,0,0.916172,0.63089,1,0.19886,0.651832,0,0.851829,0.772251,1,0,0,0,1,0,0
agree,True,1,000001,Ev,,True,1,000001,Ev,,0.441,0.669,0.006,0.038,0.402,0.951,0.441004,0.853403,0,0.669026,0.827225,0,0.005598,0.581152,0,0.037851,0.63089,0,0.402392,0.651832,0,0.951036,0.772251,1,0,0,0,0,0,1
aim,False,0,000000,,,True,3,101010,Kn,"Ap, Sn",0.734,0.637,0.548,0.152,0.557,0.22,0.734414,0.853403,0,0.637076,0.827225,0,0.547914,0.581152,0,0.152085,0.63089,0,0.556612,0.651832,0,0.219996,0.772251,0,0,0,0,0,0,0
align,True,1,000010,Sn,,True,2,000011,Sn,Ev,0.33,0.28,0.253,0.382,0.942,0.73,0.330365,0.853403,0,0.280186,0.827225,0,0.253166,0.581152,0,0.381877,0.63089,0,0.941676,0.651832,1,0.729539,0.772251,0,0,0,0,0,1,0
alleviate,True,1,000010,Sn,,True,3,001011,Sn,"Ap, Ev",0.149,0.057,0.502,0.156,0.78,0.71,0.149215,0.853403,0,0.057301,0.827225,0,0.50203,0.581152,0,0.155959,0.63089,0,0.780436,0.651832,1,0.71025,0.772251,0,0,0,0,0,1,0
allot,True,1,001000,Ap,,True,1,001000,Ap,,0.616,0.69,0.683,0.345,0.512,0.362,0.616482,0.853403,0,0.689883,0.827225,0,0.682736,0.581152,1,0.34458,0.63089,0,0.511592,0.651832,0,0.362082,0.772251,0,0,0,1,0,0,0
allude,True,1,001000,Ap,,True,2,101000,Ap,Kn,0.754,0.422,0.936,0.124,0.4,0.008,0.753867,0.853403,0,0.422356,0.827225,0,0.935788,0.581152,1,0.12438,0.63089,0,0.399664,0.651832,0,0.007853,0.772251,0,0,0,1,0,0,0
alter,True,1,000010,Sn,,True,2,001010,Sn,Ap,0.149,0.309,0.671,0.365,0.866,0.403,0.149215,0.853403,0,0.308876,0.827225,0,0.671299,0.581152,1,0.36539,0.63089,0,0.865557,0.651832,1,0.402894,0.772251,0,0,0,0,0,1,0
alternate,True,1,000010,Sn,,True,2,000011,Sn,Ev,0.63,0.656,0.038,0.44,0.866,0.753,0.629516,0.853403,0,0.6555,0.827225,0,0.038472,0.581152,0,0.440371,0.63089,0,0.865772,0.651832,1,0.753227,0.772251,0,0,0,0,0,1,0
ameliorate,True,1,000010,Sn,,True,2,000011,Sn,Ev,0.149,0.342,0.366,0.018,0.859,0.689,0.149215,0.853403,0,0.341516,0.827225,0,0.366465,0.581152,0,0.018241,0.63089,0,0.859469,0.651832,1,0.688736,0.772251,0,0,0,0,0,1,0
amortize,True,1,001000,Ap,,True,3,001011,Ap,"Sn, Ev",0.308,0.039,0.753,0.419,0.603,0.689,0.307638,0.853403,0,0.039452,0.827225,0,0.75256,0.581152,1,0.418723,0.63089,0,0.603268,0.651832,0,0.689003,0.772251,0,0,0,1,0,0,0
amplify,True,1,001000,Ap,,True,2,011000,Cm,Ap,0.196,0.826,0.761,0.298,0.342,0.013,0.196131,0.853403,0,0.825683,0.827225,0,0.761497,0.581152,1,0.29844,0.63089,0,0.342051,0.651832,0,0.012852,0.772251,0,0,0,1,0,0,0
analogize,True,1,010000,Cm,,True,6,111111,Cm,"Kn, Ap, An, Sn, Ev",0.815,0.993,0.688,0.715,0.783,0.835,0.815275,0.853403,0,0.99311,0.827225,1,0.688141,0.581152,1,0.714818,0.63089,1,0.782671,0.651832,1,0.834918,0.772251,1,0,1,0,0,0,0
anneal,True,2,000110,An,Sn,True,3,001110,An,"Ap, Sn",0.293,0.682,0.543,0.718,0.702,0.52,0.292656,0.853403,0,0.682399,0.827225,0,0.542529,0.581152,0,0.717703,0.63089,1,0.702473,0.651832,1,0.519621,0.772251,0,0,0,0,1,1,0
annihilate,True,1,001000,Ap,,True,2,001001,Ap,Ev,0.231,0.163,0.773,0.475,0.261,0.757,0.230974,0.853403,0,0.16277,0.827225,0,0.773056,0.581152,1,0.475324,0.63089,0,0.260855,0.651832,0,0.756821,0.772251,0,0,0,1,0,0,0
annotate,True,1,010000,Cm,,True,2,110000,Cm,Kn,0.804,0.866,0.379,0.429,0.259,0.037,0.803618,0.853403,0,0.866286,0.827225,1,0.378736,0.581152,0,0.429103,0.63089,0,0.258659,0.651832,0,0.037162,0.772251,0,0,1,0,0,0,0
announce,True,1,001000,Ap,,True,2,101000,Ap,Kn,0.843,0.537,0.862,0.112,0.37,0.084,0.843076,0.853403,0,0.53655,0.827225,0,0.861558,0.581152,1,0.11152,0.63089,0,0.370241,0.651832,0,0.083785,0.772251,0,0,0,1,0,0,0
anodize,True,2,001010,Ap,Sn,True,2,001010,Ap,Sn,0.149,0.18,0.76,0.347,0.718,0.231,0.149215,0.853403,0,0.180339,0.827225,0,0.759692,0.581152,1,0.346943,0.63089,0,0.717609,0.651832,1,0.230853,0.772251,0,0,0,1,0,1,0
answer,True,2,001100,Ap,An,True,2,001100,Ap,An,0.513,0.647,0.808,0.77,0.049,0.654,0.513334,0.853403,0,0.647192,0.827225,0,0.807783,0.581152,1,0.769651,0.63089,1,0.048762,0.651832,0,0.654223,0.772251,0,0,0,1,1,0,0
antagonize,True,1,000001,Ev,,True,2,000101,Ev,An,0.149,0.224,0.115,0.539,0.257,0.939,0.149215,0.853403,0,0.223846,0.827225,0,0.114689,0.581152,0,0.53889,0.63089,0,0.256622,0.651832,0,0.938895,0.772251,1,0,0,0,0,0,1
apologize,True,1,000001,Ev,,True,1,000001,Ev,,0.429,0.666,0.093,0.497,0.171,0.855,0.42916,0.853403,0,0.666092,0.827225,0,0.093254,0.581152,0,0.49677,0.63089,0,0.171431,0.651832,0,0.854662,0.772251,1,0,0,0,0,0,1
appeal,True,1,000001,Ev,,True,1,000001,Ev,,0.383,0.107,0.17,0.331,0.191,0.973,0.383428,0.853403,0,0.107415,0.827225,0,0.169872,0.581152,0,0.330993,0.63089,0,0.190649,0.651832,0,0.973087,0.772251,1,0,0,0,0,0,1
appear,True,1,100000,Kn,,True,3,111000,Kn,"Cm, Ap",0.935,0.871,0.699,0.157,0.353,0.008,0.934918,0.853403,1,0.870903,0.827225,1,0.699335,0.581152,1,0.15709,0.63089,0,0.3529,0.651832,0,0.007853,0.772251,0,1,0,0,0,0,0
append,False,0,000000,,,False,0,000000,,,0.512,0.573,0.306,0.037,0.229,0.23,0.512201,0.853403,0,0.573255,0.827225,0,0.306442,0.581152,0,0.037036,0.63089,0,0.229261,0.651832,0,0.229875,0.772251,0,0,0,0,0,0,0
appoint,True,1,001000,Ap,,True,2,001100,Ap,An,0.149,0.087,0.811,0.56,0.473,0.591,0.149215,0.853403,0,0.087298,0.827225,0,0.810956,0.581152,1,0.55999,0.63089,0,0.472877,0.651832,0,0.590748,0.772251,0,0,0,1,0,0,0
apportion,True,1,100000,Kn,,True,3,101001,Kn,"Ap, Ev",0.876,0.409,0.683,0.376,0.416,0.687,0.876441,0.853403,1,0.408954,0.827225,0,0.682552,0.581152,1,0.375928,0.63089,0,0.416018,0.651832,0,0.686536,0.772251,0,1,0,0,0,0,0
appreciate,True,1,000001,Ev,,True,1,000001,Ev,,0.284,0.406,0.039,0.352,0.172,0.85,0.284157,0.853403,0,0.406354,0.827225,0,0.039198,0.581152,0,0.351678,0.63089,0,0.171991,0.651832,0,0.849941,0.772251,1,0,0,0,0,0,1
apprehend,True,1,000100,An,,True,3,010101,An,"Cm, Ev",0.633,0.708,0.281,0.851,0.033,0.697,0.633094,0.853403,0,0.707684,0.827225,0,0.280867,0.581152,0,0.85057,0.63089,1,0.033196,0.651832,0,0.696548,0.772251,0,0,0,0,1,0,0
approach,True,1,001000,Ap,,True,2,001010,Ap,Sn,0.149,0.408,0.9,0.453,0.707,0.217,0.149215,0.853403,0,0.408387,0.827225,0,0.90007,0.581152,1,0.452543,0.63089,0,0.707456,0.651832,1,0.216772,0.772251,0,0,0,1,0,0,0
appropriate,False,0,000000,,,True,1,000001,Ev,,0.441,0.682,0.453,0.501,0.418,0.661,0.441176,0.853403,0,0.681659,0.827225,0,0.452777,0.581152,0,0.501244,0.63089,0,0.417522,0.651832,0,0.660535,0.772251,0,0,0,0,0,0,0
approve,True,1,000001,Ev,,True,1,000001,Ev,,0.33,0.407,0.02,0.417,0.411,0.994,0.32963,0.853403,0,0.406726,0.827225,0,0.020264,0.581152,0,0.416609,0.63089,0,0.411355,0.651832,0,0.993945,0.772251,1,0,0,0,0,0,1
arise,True,1,000010,Sn,,True,1,000010,Sn,,0.451,0.083,0.199,0.238,0.953,0.513,0.450596,0.853403,0,0.082685,0.827225,0,0.198838,0.581152,0,0.238475,0.63089,0,0.953058,0.651832,1,0.513154,0.772251,0,0,0,0,0,1,0
arouse,True,1,000001,Ev,,True,1,000001,Ev,,0.276,0.082,0.113,0.115,0.552,0.793,0.276029,0.853403,0,0.08248,0.827225,0,0.11266,0.581152,0,0.114825,0.63089,0,0.551776,0.651832,0,0.79318,0.772251,1,0,0,0,0,0,1
array,True,1,100000,Kn,,True,1,100000,Kn,,0.96,0.375,0.451,0.194,0.362,0.3,0.959967,0.853403,1,0.37518,0.827225,0,0.450534,0.581152,0,0.193934,0.63089,0,0.362406,0.651832,0,0.300409,0.772251,0,1,0,0,0,0,0
arrest,True,1,000001,Ev,,True,1,000001,Ev,,0.581,0.233,0.439,0.331,0.164,0.808,0.581444,0.853403,0,0.233372,0.827225,0,0.439192,0.581152,0,0.331276,0.63089,0,0.164349,0.651832,0,0.807585,0.772251,1,0,0,0,0,0,1
arrive,False,0,000000,,,True,2,100100,Kn,An,0.83,0.329,0.315,0.578,0.293,0.533,0.830477,0.853403,0,0.329459,0.827225,0,0.314702,0.581152,0,0.577618,0.63089,0,0.292715,0.651832,0,0.533398,0.772251,0,0,0,0,0,0,0
ascend,False,0,000000,,,True,2,001001,Ev,Ap,0.41,0.073,0.566,0.113,0.393,0.671,0.410431,0.853403,0,0.072942,0.827225,0,0.566435,0.581152,0,0.113266,0.63089,0,0.39332,0.651832,0,0.670604,0.772251,0,0,0,0,0,0,0
ascribe,True,1,000010,Sn,,True,2,001010,Sn,Ap,0.427,0.481,0.565,0.082,0.681,0.113,0.42703,0.853403,0,0.481398,0.827225,0,0.564864,0.581152,0,0.081838,0.63089,0,0.681495,0.651832,1,0.113387,0.772251,0,0,0,0,0,1,0
ask,True,1,000100,An,,True,2,001100,An,Ap,0.597,0.624,0.675,0.886,0.07,0.111,0.597279,0.853403,0,0.624116,0.827225,0,0.674587,0.581152,1,0.885687,0.63089,1,0.069649,0.651832,0,0.110758,0.772251,0,0,0,0,1,0,0
aspirate,False,0,000000,,,True,1,001000,Ap,,0.409,0.214,0.547,0.137,0.416,0.632,0.408605,0.853403,0,0.214172,0.827225,0,0.54673,0.581152,0,0.136667,0.63089,0,0.415952,0.651832,0,0.632076,0.772251,0,0,0,0,0,0,0
aspire,True,1,001000,Ap,,True,2,001001,Ap,Ev,0.246,0.084,0.79,0.114,0.512,0.668,0.246046,0.853403,0,0.08358,0.827225,0,0.790246,0.581152,1,0.114008,0.63089,0,0.511816,0.651832,0,0.667637,0.772251,0,0,0,1,0,0,0
assert,True,1,000001,Ev,,True,2,000101,Ev,An,0.359,0.625,0.3,0.742,0.204,0.967,0.358744,0.853403,0,0.625196,0.827225,0,0.299851,0.581152,0,0.742326,0.63089,1,0.203825,0.651832,0,0.967343,0.772251,1,0,0,0,0,0,1
assimilate,True,1,000010,Sn,,True,2,000011,Sn,Ev,0.149,0.507,0.481,0.195,0.943,0.732,0.149215,0.853403,0,0.50739,0.827225,0,0.481193,0.581152,0,0.194834,0.63089,0,0.943205,0.651832,1,0.732333,0.772251,0,0,0,0,0,1,0
assist,True,1,000010,Sn,,True,3,001011,Sn,"Ap, Ev",0.248,0.34,0.637,0.003,0.759,0.691,0.248194,0.853403,0,0.34036,0.827225,0,0.636792,0.581152,1,0.002618,0.63089,0,0.758594,0.651832,1,0.690537,0.772251,0,0,0,0,0,1,0
assume,True,3,000111,Ev,"An, Sn",True,4,010111,Ev,"Cm, An, Sn",0.149,0.779,0.114,0.719,0.788,0.83,0.149215,0.853403,0,0.779358,0.827225,0,0.114261,0.581152,0,0.718978,0.63089,1,0.787824,0.651832,1,0.830436,0.772251,1,0,0,0,1,1,1
assure,True,1,000001,Ev,,True,1,000001,Ev,,0.374,0.19,0.378,0.243,0.138,0.798,0.374174,0.853403,0,0.190413,0.827225,0,0.377643,0.581152,0,0.242951,0.63089,0,0.138227,0.651832,0,0.798096,0.772251,1,0,0,0,0,0,1
astonish,True,1,001000,Ap,,True,4,111100,Ap,"Kn, Cm, An",0.769,0.707,0.968,0.608,0.006,0.061,0.76924,0.853403,0,0.707211,0.827225,0,0.967601,0.581152,1,0.608074,0.63089,0,0.00583,0.651832,0,0.060875,0.772251,0,0,0,1,0,0,0
atomize,True,1,000010,Sn,,True,2,000110,Sn,An,0.247,0.342,0.281,0.714,0.854,0.386,0.247104,0.853403,0,0.341514,0.827225,0,0.280675,0.581152,0,0.713934,0.63089,1,0.854314,0.651832,1,0.385501,0.772251,0,0,0,0,0,1,0
attack,True,1,001000,Ap,,True,2,001001,Ap,Ev,0.4,0.427,0.759,0.299,0.233,0.709,0.400251,0.853403,0,0.427089,0.827225,0,0.758555,0.581152,1,0.298637,0.63089,0,0.232642,0.651832,0,0.70881,0.772251,0,0,0,1,0,0,0
attempt,False,0,000000,,,False,0,000000,,,0.45,0.381,0.407,0.454,0.196,0.649,0.450497,0.853403,0,0.380829,0.827225,0,0.407401,0.581152,0,0.45364,0.63089,0,0.195628,0.651832,0,0.648935,0.772251,0,0,0,0,0,0,0
attend,True,1,001000,Ap,,True,2,101000,Ap,Kn,0.752,0.103,0.768,0.176,0.296,0.035,0.75153,0.853403,0,0.103202,0.827225,0,0.768293,0.581152,1,0.176437,0.63089,0,0.295791,0.651832,0,0.034726,0.772251,0,0,0,1,0,0,0
attenuate,True,1,000100,An,,True,2,001100,An,Ap,0.149,0.172,0.562,0.695,0.223,0.294,0.149215,0.853403,0,0.172406,0.827225,0,0.562144,0.581152,0,0.694663,0.63089,1,0.22279,0.651832,0,0.294331,0.772251,0,0,0,0,1,0,0
attest,True,1,000100,An,,True,3,001101,An,"Ap, Ev",0.427,0.24,0.578,0.958,0.01,0.884,0.426929,0.853403,0,0.240446,0.827225,0,0.577627,0.581152,0,0.958451,0.63089,1,0.009787,0.651832,0,0.883986,0.772251,1,0,0,0,1,0,0
attract,True,1,001000,Ap,,True,1,001000,Ap,,0.477,0.099,0.767,0.016,0.302,0.593,0.477077,0.853403,0,0.098931,0.827225,0,0.767371,0.581152,1,0.016414,0.63089,0,0.302042,0.651832,0,0.592903,0.772251,0,0,0,1,0,0,0
attribute,False,0,000000,,,True,1,010000,Cm,,0.617,0.814,0.438,0.461,0.404,0.511,0.61742,0.853403,0,0.813533,0.827225,0,0.437703,0.581152,0,0.461305,0.63089,0,0.403974,0.651832,0,0.510739,0.772251,0,0,0,0,0,0,0
augment,True,1,000010,Sn,,True,2,001010,Sn,Ap,0.149,0.284,0.751,0.018,0.943,0.087,0.149215,0.853403,0,0.283609,0.827225,0,0.750708,0.581152,1,0.017689,0.63089,0,0.942982,0.651832,1,0.0874,0.772251,0,0,0,0,0,1,0
authorize,False,0,000000,,,True,3,000111,Ev,"An, Sn",0.173,0.147,0.143,0.563,0.587,0.711,0.172634,0.853403,0,0.147105,0.827225,0,0.142917,0.581152,0,0.563477,0.63089,0,0.587155,0.651832,0,0.711173,0.772251,0,0,0,0,0,0,0
autoclave,True,1,000100,An,,True,2,001100,An,Ap,0.294,0.083,0.548,0.821,0.265,0.525,0.294261,0.853403,0,0.082916,0.827225,0,0.547826,0.581152,0,0.820541,0.63089,1,0.264961,0.651832,0,0.524847,0.772251,0,0,0,0,1,0,0
automate,True,1,000010,Sn,,True,2,001010,Sn,Ap,0.606,0.026,0.69,0.198,0.784,0.512,0.605516,0.853403,0,0.026178,0.827225,0,0.690483,0.581152,1,0.198132,0.63089,0,0.784002,0.651832,1,0.511774,0.772251,0,0,0,0,0,1,0
automatize,True,1,000010,Sn,,True,1,000010,Sn,,0.611,0.352,0.403,0.318,0.864,0.22,0.61149,0.853403,0,0.351904,0.827225,0,0.403432,0.581152,0,0.318164,0.63089,0,0.864187,0.651832,1,0.220079,0.772251,0,0,0,0,0,1,0
avail,True,1,001000,Ap,,True,2,001001,Ev,Ap,0.573,0.381,0.764,0.367,0.005,0.769,0.572533,0.853403,0,0.381159,0.827225,0,0.763953,0.581152,1,0.366962,0.63089,0,0.005168,0.651832,0,0.768659,0.772251,0,0,0,1,0,0,0
average,True,1,000001,Ev,,True,3,010101,Ev,"Cm, An",0.372,0.87,0.252,0.705,0.436,0.967,0.372065,0.853403,0,0.870265,0.827225,1,0.252096,0.581152,0,0.704901,0.63089,1,0.435573,0.651832,0,0.967363,0.772251,1,0,0,0,0,0,1
avert,False,0,000000,,,True,1,000001,Ev,,0.437,0.483,0.328,0.017,0.346,0.749,0.43746,0.853403,0,0.482714,0.827225,0,0.327646,0.581152,0,0.01662,0.63089,0,0.346318,0.651832,0,0.748527,0.772251,0,0,0,0,0,0,0
await,True,1,000010,Sn,,True,2,001010,Sn,Ap,0.631,0.394,0.692,0.113,0.782,0.486,0.630637,0.853403,0,0.394252,0.827225,0,0.691765,0.581152,1,0.113295,0.63089,0,0.782281,0.651832,1,0.486236,0.772251,0,0,0,0,0,1,0
backscatter,True,1,001000,Ap,,True,2,101000,Kn,Ap,0.738,0.495,0.704,0.332,0.37,0.332,0.737879,0.853403,0,0.495304,0.827225,0,0.703616,0.581152,1,0.332007,0.63089,0,0.370071,0.651832,0,0.331607,0.772251,0,0,0,1,0,0,0
bail,True,1,000001,Ev,,True,1,000001,Ev,,0.374,0.507,0.263,0.128,0.257,0.883,0.373724,0.853403,0,0.507493,0.827225,0,0.263191,0.581152,0,0.127886,0.63089,0,0.25715,0.651832,0,0.883234,0.772251,1,0,0,0,0,0,1
bake,True,1,000010,Sn,,True,2,001010,Sn,Ap,0.624,0.082,0.567,0.497,0.875,0.655,0.623546,0.853403,0,0.082282,0.827225,0,0.566721,0.581152,0,0.497191,0.63089,0,0.875473,0.651832,1,0.654841,0.772251,0,0,0,0,0,1,0
balance,True,1,100000,Kn,,True,4,101101,Kn,"Ap, An, Ev",0.923,0.353,0.597,0.716,0.497,0.777,0.923106,0.853403,1,0.353329,0.827225,0,0.597133,0.581152,1,0.716286,0.63089,1,0.497202,0.651832,0,0.776715,0.772251,1,1,0,0,0,0,0
base,True,1,000100,An,,True,2,000101,Ev,An,0.427,0.514,0.039,0.632,0.25,0.69,0.427191,0.853403,0,0.514056,0.827225,0,0.039149,0.581152,0,0.631875,0.63089,1,0.250423,0.651832,0,0.689677,0.772251,0,0,0,0,1,0,0
bate,False,0,000000,,,True,1,000100,An,,0.427,0.377,0.385,0.617,0.302,0.175,0.427318,0.853403,0,0.376666,0.827225,0,0.385334,0.581152,0,0.617096,0.63089,0,0.302429,0.651832,0,0.175403,0.772251,0,0,0,0,0,0,0
bathe,True,1,001000,Ap,,True,1,001000,Ap,,0.606,0.083,0.971,0.33,0.258,0.489,0.605519,0.853403,0,0.082755,0.827225,0,0.970534,0.581152,1,0.330424,0.63089,0,0.258007,0.651832,0,0.489096,0.772251,0,0,0,1,0,0,0
bear,True,4,111100,Kn,"Cm, Ap, An",True,4,111100,Kn,"Cm, Ap, An",0.923,0.849,0.922,0.818,0.531,0.181,0.922997,0.853403,1,0.849003,0.827225,1,0.921646,0.581152,1,0.817784,0.63089,1,0.530756,0.651832,0,0.181205,0.772251,0,1,1,1,1,0,0
beat,True,1,100000,Kn,,True,1,100000,Kn,,0.918,0.399,0.283,0.038,0.005,0.555,0.917537,0.853403,1,0.399159,0.827225,0,0.282968,0.581152,0,0.037741,0.63089,0,0.005158,0.651832,0,0.554729,0.772251,0,1,0,0,0,0,0
beautify,True,1,000010,Sn,,True,1,000010,Sn,,0.149,0.154,0.326,0.3,0.828,0.428,0.149215,0.853403,0,0.154166,0.827225,0,0.325784,0.581152,0,0.300029,0.63089,0,0.827549,0.651832,1,0.428372,0.772251,0,0,0,0,0,1,0
become,True,1,000010,Sn,,True,3,001011,Ev,"Ap, Sn",0.344,0.098,0.626,0.252,0.711,0.73,0.34381,0.853403,0,0.098338,0.827225,0,0.625822,0.581152,1,0.252162,0.63089,0,0.711409,0.651832,1,0.730294,0.772251,0,0,0,0,0,1,0
bed,True,1,000100,An,,True,1,000100,An,,0.427,0.253,0.364,0.88,0.393,0.486,0.427083,0.853403,0,0.252503,0.827225,0,0.364283,0.581152,0,0.879572,0.63089,1,0.393154,0.651832,0,0.486062,0.772251,0,0,0,0,1,0,0
beg,False,0,000000,,,True,1,001000,Ap,,0.686,0.627,0.535,0.358,0.553,0.345,0.68558,0.853403,0,0.626886,0.827225,0,0.534979,0.581152,0,0.357911,0.63089,0,0.552764,0.651832,0,0.344836,0.772251,0,0,0,0,0,0,0
begin,True,1,000010,Sn,,True,1,000010,Sn,,0.688,0.233,0.183,0.49,0.986,0.649,0.687941,0.853403,0,0.232572,0.827225,0,0.182673,0.581152,0,0.489652,0.63089,0,0.986178,0.651832,1,0.648685,0.772251,0,0,0,0,0,1,0
behave,False,0,000000,,,True,1,000010,Sn,,0.373,0.318,0.487,0.03,0.592,0.617,0.372622,0.853403,0,0.318313,0.827225,0,0.486634,0.581152,0,0.029702,0.63089,0,0.592071,0.651832,0,0.616835,0.772251,0,0,0,0,0,0,0
behold,True,1,100000,Kn,,True,4,111100,Kn,"Cm, Ap, An",0.961,0.73,0.54,0.72,0.08,0.108,0.961268,0.853403,1,0.730253,0.827225,0,0.540497,0.581152,0,0.719767,0.63089,1,0.079809,0.651832,0,0.10842,0.772251,0,1,0,0,0,0,0
behoove,False,0,000000,,,True,2,100001,Kn,Ev,0.846,0.258,0.442,0.332,0.038,0.769,0.846005,0.853403,0,0.257823,0.827225,0,0.441989,0.581152,0,0.331554,0.63089,0,0.037979,0.651832,0,0.768656,0.772251,0,0,0,0,0,0,0
believe,True,1,000001,Ev,,True,1,000001,Ev,,0.693,0.376,0.198,0.218,0.037,0.866,0.693107,0.853403,0,0.37597,0.827225,0,0.198443,0.581152,0,0.217955,0.63089,0,0.036858,0.651832,0,0.865808,0.772251,1,0,0,0,0,0,1
belong,True,1,000010,Sn,,True,1,000010,Sn,,0.428,0.386,0.432,0.038,0.722,0.651,0.427571,0.853403,0,0.386318,0.827225,0,0.431884,0.581152,0,0.038295,0.63089,0,0.721888,0.651832,1,0.650966,0.772251,0,0,0,0,0,1,0
bend,True,3,011100,An,"Cm, Ap",True,4,111100,An,"Kn, Cm, Ap",0.846,0.93,0.846,0.955,0.418,0.053,0.845547,0.853403,0,0.929955,0.827225,1,0.845954,0.581152,1,0.954764,0.63089,1,0.418426,0.651832,0,0.052655,0.772251,0,0,1,1,1,0,0
benefit,True,1,000001,Ev,,True,2,001001,Ev,Ap,0.225,0.052,0.678,0.017,0.315,0.907,0.22535,0.853403,0,0.051612,0.827225,0,0.678397,0.581152,1,0.01687,0.63089,0,0.315304,0.651832,0,0.907244,0.772251,1,0,0,0,0,0,1
bet,True,1,000001,Ev,,True,2,000101,Ev,An,0.585,0.422,0.118,0.752,0.2,0.966,0.584624,0.853403,0,0.421857,0.827225,0,0.117883,0.581152,0,0.751956,0.63089,1,0.199911,0.651832,0,0.965739,0.772251,1,0,0,0,0,0,1
bevel,True,1,000010,Sn,,True,2,001010,Sn,Ap,0.429,0.379,0.681,0.219,0.786,0.066,0.429059,0.853403,0,0.378655,0.827225,0,0.680725,0.581152,1,0.219009,0.63089,0,0.785765,0.651832,1,0.06556,0.772251,0,0,0,0,0,1,0
bias,True,2,000101,An,Ev,True,2,000101,An,Ev,0.258,0.518,0.106,0.968,0.284,0.937,0.257821,0.853403,0,0.517897,0.827225,0,0.106257,0.581152,0,0.967814,0.63089,1,0.283533,0.651832,0,0.936651,0.772251,1,0,0,0,1,0,1
bicycle,True,1,000100,An,,True,2,001100,An,Ap,0.276,0.358,0.539,0.742,0.418,0.147,0.275516,0.853403,0,0.357967,0.827225,0,0.539333,0.581152,0,0.741711,0.63089,1,0.418094,0.651832,0,0.147084,0.772251,0,0,0,0,1,0,0
bind,False,0,000000,,,True,2,101000,Kn,Ap,0.766,0.41,0.548,0.485,0.179,0.52,0.766096,0.853403,0,0.41042,0.827225,0,0.54793,0.581152,0,0.485261,0.63089,0,0.178895,0.651832,0,0.520293,0.772251,0,0,0,0,0,0,0
biodegrade,True,1,000100,An,,True,1,000100,An,,0.22,0.245,0.23,0.951,0.159,0.633,0.219638,0.853403,0,0.24519,0.827225,0,0.230075,0.581152,0,0.950557,0.63089,1,0.158704,0.651832,0,0.633328,0.772251,0,0,0,0,1,0,0
bisect,True,1,000100,An,,True,2,000110,An,Sn,0.606,0.627,0.315,0.956,0.758,0.616,0.605973,0.853403,0,0.627078,0.827225,0,0.315397,0.581152,0,0.956272,0.63089,1,0.758071,0.651832,1,0.616485,0.772251,0,0,0,0,1,0,0
blacklist,True,1,000100,An,,True,2,100100,Kn,An,0.851,0.357,0.047,0.633,0.033,0.382,0.851233,0.853403,0,0.357281,0.827225,0,0.047218,0.581152,0,0.633383,0.63089,1,0.033128,0.651832,0,0.381543,0.772251,0,0,0,0,1,0,0
blame,True,2,001001,Ev,Ap,True,2,001001,Ev,Ap,0.259,0.68,0.772,0.46,0.172,0.797,0.258914,0.853403,0,0.680456,0.827225,0,0.772326,0.581152,1,0.459641,0.63089,0,0.171825,0.651832,0,0.797315,0.772251,1,0,0,1,0,0,1
blend,True,1,000010,Sn,,True,3,010110,Sn,"Cm, An",0.413,0.839,0.189,0.719,0.931,0.362,0.413238,0.853403,0,0.838736,0.827225,1,0.188945,0.581152,0,0.718625,0.63089,1,0.930518,0.651832,1,0.361915,0.772251,0,0,0,0,0,1,0
bless,False,0,000000,,,True,3,100101,Kn,"An, Ev",0.742,0.373,0.112,0.616,0.091,0.659,0.742189,0.853403,0,0.372874,0.827225,0,0.111826,0.581152,0,0.616057,0.63089,0,0.091436,0.651832,0,0.659297,0.772251,0,0,0,0,0,0,0
blink,True,1,100000,Kn,,True,2,100100,Kn,An,0.919,0.553,0.196,0.617,0.278,0.066,0.918929,0.853403,1,0.552586,0.827225,0,0.195648,0.581152,0,0.616627,0.63089,0,0.277588,0.651832,0,0.066006,0.772251,0,1,0,0,0,0,0
bloat,True,1,000100,An,,True,1,000100,An,,0.247,0.069,0.212,0.713,0.244,0.377,0.247062,0.853403,0,0.069087,0.827225,0,0.21178,0.581152,0,0.71327,0.63089,1,0.24439,0.651832,0,0.376758,0.772251,0,0,0,0,1,0,0
block,False,0,000000,,,False,0,000000,,,0.423,0.191,0.199,0.491,0.164,0.654,0.42288,0.853403,0,0.190668,0.827225,0,0.198885,0.581152,0,0.490668,0.63089,0,0.163674,0.651832,0,0.653802,0.772251,0,0,0,0,0,0,0
blossom,False,0,000000,,,True,3,101100,Kn,"Ap, An",0.844,0.363,0.533,0.612,0.451,0.18,0.844349,0.853403,0,0.363077,0.827225,0,0.532942,0.581152,0,0.611896,0.63089,0,0.45101,0.651832,0,0.179593,0.772251,0,0,0,0,0,0,0
blow,True,1,001000,Ap,,True,2,001100,Ap,An,0.435,0.556,0.768,0.582,0.517,0.068,0.434525,0.853403,0,0.555895,0.827225,0,0.768217,0.581152,1,0.582232,0.63089,0,0.51704,0.651832,0,0.067999,0.772251,0,0,0,1,0,0,0
blur,True,1,000100,An,,True,3,110100,An,"Kn, Cm",0.747,0.79,0.253,0.925,0.294,0.485,0.747307,0.853403,0,0.790183,0.827225,0,0.253348,0.581152,0,0.92481,0.63089,1,0.294274,0.651832,0,0.484809,0.772251,0,0,0,0,1,0,0
boast,True,1,001000,Ap,,True,2,011000,Ap,Cm,0.61,0.712,0.936,0.373,0.261,0.534,0.609759,0.853403,0,0.712463,0.827225,0,0.93614,0.581152,1,0.372698,0.63089,0,0.260796,0.651832,0,0.534406,0.772251,0,0,0,1,0,0,0
boil,True,1,001000,Ap,,True,2,001100,Ap,An,0.427,0.026,0.919,0.811,0.279,0.362,0.426746,0.853403,0,0.026178,0.827225,0,0.919357,0.581152,1,0.810743,0.63089,1,0.279022,0.651832,0,0.362412,0.772251,0,0,0,1,0,0,0
bolster,True,2,000011,Ev,Sn,True,2,000011,Ev,Sn,0.149,0.394,0.161,0.184,0.787,0.8,0.149215,0.853403,0,0.393531,0.827225,0,0.160884,0.581152,0,0.183657,0.63089,0,0.786616,0.651832,1,0.799658,0.772251,1,0,0,0,0,1,1
boost,True,1,000010,Sn,,True,1,000010,Sn,,0.566,0.367,0.052,0.309,0.733,0.368,0.566281,0.853403,0,0.367137,0.827225,0,0.051808,0.581152,0,0.309136,0.63089,0,0.732785,0.651832,1,0.367964,0.772251,0,0,0,0,0,1,0
bore,True,1,001000,Ap,,True,2,001010,Ap,Sn,0.427,0.228,0.964,0.33,0.695,0.176,0.426886,0.853403,0,0.227958,0.827225,0,0.964112,0.581152,1,0.33048,0.63089,0,0.695056,0.651832,1,0.175538,0.772251,0,0,0,1,0,0,0
borrow,True,1,001000,Ap,,True,2,101000,Ap,Kn,0.801,0.353,0.972,0.016,0.106,0.494,0.800993,0.853403,0,0.352607,0.827225,0,0.972254,0.581152,1,0.016466,0.63089,0,0.10568,0.651832,0,0.493672,0.772251,0,0,0,1,0,0,0
bother,False,0,000000,,,True,1,000001,Ev,,0.429,0.377,0.448,0.195,0.199,0.753,0.428752,0.853403,0,0.376934,0.827225,0,0.447753,0.581152,0,0.195364,0.63089,0,0.198761,0.651832,0,0.753422,0.772251,0,0,0,0,0,0,0
bounce,True,1,001000,Ap,,True,1,001000,Ap,,0.474,0.252,0.667,0.038,0.28,0.355,0.474388,0.853403,0,0.251749,0.827225,0,0.666608,0.581152,1,0.037978,0.63089,0,0.280099,0.651832,0,0.35506,0.772251,0,0,0,1,0,0,0
bow,True,1,000100,An,,True,2,010100,An,Cm,0.642,0.707,0.413,0.72,0.416,0.633,0.642392,0.853403,0,0.707103,0.827225,0,0.412964,0.581152,0,0.719519,0.63089,1,0.415588,0.651832,0,0.632749,0.772251,0,0,0,0,1,0,0
brainstorm,True,1,000010,Sn,,True,1,000010,Sn,,0.295,0.533,0.36,0.209,0.927,0.361,0.295036,0.853403,0,0.533166,0.827225,0,0.359884,0.581152,0,0.209111,0.63089,0,0.926902,0.651832,1,0.36117,0.772251,0,0,0,0,0,1,0
breathe,True,1,001000,Ap,,True,2,001010,Ap,Sn,0.427,0.363,0.76,0.32,0.577,0.14,0.42673,0.853403,0,0.362686,0.827225,0,0.760238,0.581152,1,0.319983,0.63089,0,0.576505,0.651832,0,0.139794,0.772251,0,0,0,1,0,0,0
brighten,True,1,000010,Sn,,True,1,000010,Sn,,0.428,0.284,0.281,0.239,0.957,0.522,0.427879,0.853403,0,0.283561,0.827225,0,0.28063,0.581152,0,0.239195,0.63089,0,0.956608,0.651832,1,0.52205,0.772251,0,0,0,0,0,1,0
bring,False,0,000000,,,True,2,001010,Sn,Ap,0.606,0.355,0.567,0.117,0.569,0.477,0.605635,0.853403,0,0.355327,0.827225,0,0.566718,0.581152,0,0.116972,0.63089,0,0.568699,0.651832,0,0.477282,0.772251,0,0,0,0,0,0,0
broadcast,True,1,001000,Ap,,True,2,101000,Kn,Ap,0.843,0.632,0.773,0.116,0.199,0.054,0.843309,0.853403,0,0.632445,0.827225,0,0.772999,0.581152,1,0.115741,0.63089,0,0.199315,0.651832,0,0.053666,0.772251,0,0,0,1,0,0,0
broaden,True,1,000010,Sn,,True,4,011011,Sn,"Cm, Ap, Ev",0.149,0.728,0.598,0.068,0.985,0.709,0.149215,0.853403,0,0.727825,0.827225,0,0.598227,0.581152,1,0.067816,0.63089,0,0.984851,0.651832,1,0.709313,0.772251,0,0,0,0,0,1,0
brominate,True,1,000100,An,,True,3,110100,An,"Kn, Cm",0.844,0.78,0.048,0.914,0.19,0.208,0.843901,0.853403,0,0.780356,0.827225,0,0.048227,0.581152,0,0.914168,0.63089,1,0.190288,0.651832,0,0.207793,0.772251,0,0,0,0,1,0,0
broom,True,1,000100,An,,True,2,100100,Kn,An,0.834,0.631,0.301,0.74,0.201,0.12,0.833654,0.853403,0,0.631016,0.827225,0,0.300823,0.581152,0,0.73955,0.63089,1,0.200993,0.651832,0,0.119606,0.772251,0,0,0,0,1,0,0
browse,True,1,100000,Kn,,True,3,101100,Kn,"Ap, An",0.943,0.655,0.72,0.835,0.008,0.068,0.942742,0.853403,1,0.654675,0.827225,0,0.720075,0.581152,1,0.835106,0.63089,1,0.008447,0.651832,0,0.068195,0.772251,0,1,0,0,0,0,0
buckle,True,1,000100,An,,True,2,001100,An,Ap,0.612,0.082,0.538,0.634,0.163,0.519,0.612006,0.853403,0,0.082022,0.827225,0,0.537886,0.581152,0,0.634281,0.63089,1,0.162825,0.651832,0,0.519163,0.772251,0,0,0,0,1,0,0
buffer,True,1,000100,An,,True,2,000101,An,Ev,0.429,0.104,0.207,0.741,0.544,0.665,0.429315,0.853403,0,0.104395,0.827225,0,0.206689,0.581152,0,0.740684,0.63089,1,0.543912,0.651832,0,0.664666,0.772251,0,0,0,0,1,0,0
burgeon,True,1,000100,An,,True,3,110100,An,"Kn, Cm",0.847,0.789,0.186,0.917,0.53,0.355,0.847425,0.853403,0,0.789401,0.827225,0,0.186284,0.581152,0,0.916725,0.63089,1,0.530054,0.651832,0,0.355086,0.772251,0,0,0,0,1,0,0
burn,False,0,000000,,,True,2,101000,Kn,Ap,0.75,0.679,0.564,0.216,0.281,0.653,0.7498,0.853403,0,0.678929,0.827225,0,0.563647,0.581152,0,0.21644,0.63089,0,0.280824,0.651832,0,0.652544,0.772251,0,0,0,0,0,0,0
burrow,True,1,000010,Sn,,True,3,001110,Sn,"Ap, An",0.572,0.353,0.674,0.635,0.785,0.076,0.572145,0.853403,0,0.353402,0.827225,0,0.673997,0.581152,1,0.635153,0.63089,1,0.784757,0.651832,1,0.075702,0.772251,0,0,0,0,0,1,0
burst,True,1,000100,An,,True,1,000100,An,,0.566,0.048,0.089,0.831,0.139,0.222,0.566458,0.853403,0,0.048124,0.827225,0,0.088551,0.581152,0,0.831178,0.63089,1,0.138772,0.651832,0,0.222213,0.772251,0,0,0,0,1,0,0
bury,True,2,101000,Kn,Ap,True,3,101100,Kn,"Ap, An",0.855,0.518,0.851,0.607,0.282,0.222,0.854615,0.853403,1,0.517735,0.827225,0,0.850826,0.581152,1,0.606797,0.63089,0,0.282106,0.651832,0,0.222415,0.772251,0,1,0,1,0,0,0
buy,False,0,000000,,,False,0,000000,,,0.662,0.69,0.481,0.208,0.156,0.485,0.661789,0.853403,0,0.690112,0.827225,0,0.480515,0.581152,0,0.208087,0.63089,0,0.155801,0.651832,0,0.4854,0.772251,0,0,0,0,0,0,0
bypass,True,2,001010,Sn,Ap,True,2,001010,Sn,Ap,0.149,0.256,0.771,0.039,0.778,0.363,0.149215,0.853403,0,0.25555,0.827225,0,0.770501,0.581152,1,0.038803,0.63089,0,0.77846,0.651832,1,0.363436,0.772251,0,0,0,1,0,1,0
cache,True,1,000100,An,,True,3,100101,Kn,"An, Ev",0.785,0.104,0.196,0.721,0.096,0.756,0.784567,0.853403,0,0.103739,0.827225,0,0.196374,0.581152,0,0.721465,0.63089,1,0.096143,0.651832,0,0.756294,0.772251,0,0,0,0,1,0,0
calibrate,True,1,000010,Sn,,True,2,001010,Sn,Ap,0.149,0.24,0.565,0.486,0.783,0.654,0.149215,0.853403,0,0.239679,0.827225,0,0.564666,0.581152,0,0.486132,0.63089,0,0.783301,0.651832,1,0.653881,0.772251,0,0,0,0,0,1,0
call,False,0,000000,,,True,2,001001,Ev,Ap,0.603,0.641,0.567,0.019,0.277,0.701,0.602725,0.853403,0,0.640894,0.827225,0,0.56724,0.581152,0,0.018503,0.63089,0,0.276851,0.651832,0,0.700963,0.772251,0,0,0,0,0,0,0
camouflage,True,1,010000,Cm,,True,3,110100,Cm,"Kn, An",0.845,0.905,0.121,0.726,0.441,0.533,0.845253,0.853403,0,0.904928,0.827225,1,0.121041,0.581152,0,0.726485,0.63089,1,0.440567,0.651832,0,0.53313,0.772251,0,0,1,0,0,0,0
cancel,True,1,000001,Ev,,True,1,000001,Ev,,0.566,0.374,0.113,0.242,0.374,0.848,0.566401,0.853403,0,0.37423,0.827225,0,0.112932,0.581152,0,0.24193,0.63089,0,0.373966,0.651832,0,0.848468,0.772251,1,0,0,0,0,0,1
cant,False,0,000000,,,False,0,000000,,,0.613,0.239,0.194,0.355,0.19,0.495,0.612513,0.853403,0,0.238657,0.827225,0,0.194314,0.581152,0,0.354614,0.63089,0,0.189562,0.651832,0,0.495123,0.772251,0,0,0,0,0,0,0
capitalize,False,0,000000,,,True,2,100010,Kn,Sn,0.844,0.643,0.196,0.359,0.566,0.635,0.844423,0.853403,0,0.64258,0.827225,0,0.196363,0.581152,0,0.358634,0.63089,0,0.566435,0.651832,0,0.635085,0.772251,0,0,0,0,0,0,0
carboxylate,True,1,000100,An,,True,2,000110,An,Sn,0.423,0.362,0.167,0.807,0.704,0.521,0.423131,0.853403,0,0.361934,0.827225,0,0.166576,0.581152,0,0.807365,0.63089,1,0.703802,0.651832,1,0.520824,0.772251,0,0,0,0,1,0,0
care,True,1,000010,Sn,,True,3,101010,Kn,"Ap, Sn",0.853,0.67,0.674,0.037,0.784,0.329,0.852931,0.853403,0,0.670057,0.827225,0,0.6744,0.581152,1,0.037487,0.63089,0,0.783536,0.651832,1,0.329378,0.772251,0,0,0,0,0,1,0
carry,True,1,001000,Ap,,True,1,001000,Ap,,0.441,0.202,0.956,0.05,0.105,0.472,0.441228,0.853403,0,0.202387,0.827225,0,0.955563,0.581152,1,0.050406,0.63089,0,0.105152,0.651832,0,0.472301,0.772251,0,0,0,1,0,0,0
carve,True,1,001000,Ap,,True,3,001110,Ap,"An, Sn",0.581,0.516,0.874,0.578,0.783,0.444,0.581292,0.853403,0,0.516311,0.827225,0,0.87403,0.581152,1,0.578374,0.63089,0,0.783292,0.651832,1,0.444012,0.772251,0,0,0,1,0,0,0
cast,False,0,000000,,,True,2,001010,Sn,Ap,0.722,0.214,0.557,0.195,0.565,0.49,0.72206,0.853403,0,0.214208,0.827225,0,0.556582,0.581152,0,0.195251,0.63089,0,0.56541,0.651832,0,0.490447,0.772251,0,0,0,0,0,0,0
catalyze,False,0,000000,,,True,1,000010,Sn,,0.149,0.318,0.249,0.342,0.624,0.569,0.149215,0.853403,0,0.318391,0.827225,0,0.248577,0.581152,0,0.341652,0.63089,0,0.623879,0.651832,0,0.569098,0.772251,0,0,0,0,0,0,0
catch,True,1,000100,An,,True,3,100101,An,"Kn, Ev",0.765,0.176,0.244,0.893,0.039,0.747,0.765103,0.853403,0,0.17562,0.827225,0,0.243528,0.581152,0,0.893071,0.63089,1,0.038859,0.651832,0,0.746997,0.772251,0,0,0,0,1,0,0
cater,True,1,000010,Sn,,True,3,001110,Sn,"Ap, An",0.149,0.084,0.684,0.634,0.781,0.061,0.149215,0.853403,0,0.083514,0.827225,0,0.683832,0.581152,1,0.634435,0.63089,1,0.781314,0.651832,1,0.060564,0.772251,0,0,0,0,0,1,0
cause,True,1,000100,An,,True,3,010101,Cm,"An, Ev",0.632,0.714,0.301,0.632,0.159,0.689,0.631619,0.853403,0,0.714394,0.827225,0,0.30095,0.581152,0,0.631956,0.63089,1,0.158602,0.651832,0,0.688867,0.772251,0,0,0,0,1,0,0
caution,True,2,001001,Ev,Ap,True,2,001001,Ev,Ap,0.383,0.24,0.808,0.081,0.281,0.836,0.383305,0.853403,0,0.239882,0.827225,0,0.80839,0.581152,1,0.081038,0.63089,0,0.280948,0.651832,0,0.83571,0.772251,1,0,0,1,0,0,1
cave,True,1,000100,An,,True,2,001100,An,Ap,0.65,0.681,0.539,0.911,0.009,0.196,0.649588,0.853403,0,0.6809,0.827225,0,0.538914,0.581152,0,0.911476,0.63089,1,0.008799,0.651832,0,0.196266,0.772251,0,0,0,0,1,0,0
cease,True,1,000001,Ev,,True,2,001001,Ev,Ap,0.149,0.23,0.588,0.222,0.405,0.909,0.149215,0.853403,0,0.229924,0.827225,0,0.58771,0.581152,1,0.22168,0.63089,0,0.405453,0.651832,0,0.90915,0.772251,1,0,0,0,0,0,1
cede,True,1,000100,An,,True,2,001100,An,Ap,0.149,0.375,0.542,0.635,0.454,0.33,0.149215,0.853403,0,0.374631,0.827225,0,0.542318,0.581152,0,0.634555,0.63089,1,0.454075,0.651832,0,0.329879,0.772251,0,0,0,0,1,0,0
celebrate,False,0,000000,,,True,1,001000,Ap,,0.569,0.678,0.548,0.038,0.314,0.647,0.569464,0.853403,0,0.678175,0.827225,0,0.547619,0.581152,0,0.038225,0.63089,0,0.31424,0.651832,0,0.646841,0.772251,0,0,0,0,0,0,0
censor,True,1,000100,An,,True,2,000101,Ev,An,0.149,0.223,0.289,0.642,0.396,0.69,0.149215,0.853403,0,0.223069,0.827225,0,0.288839,0.581152,0,0.641855,0.63089,1,0.395504,0.651832,0,0.689585,0.772251,0,0,0,0,1,0,0
centralize,True,1,000010,Sn,,True,2,001010,Sn,Ap,0.149,0.425,0.505,0.304,0.994,0.493,0.149215,0.853403,0,0.424765,0.827225,0,0.505195,0.581152,0,0.304454,0.63089,0,0.994066,0.651832,1,0.493491,0.772251,0,0,0,0,0,1,0
centrifuge,True,1,001000,Ap,,True,2,001100,Ap,An,0.149,0.367,0.853,0.728,0.164,0.523,0.149215,0.853403,0,0.366935,0.827225,0,0.852733,0.581152,1,0.727889,0.63089,1,0.163604,0.651832,0,0.522732,0.772251,0,0,0,1,0,0,0
certify,True,1,000100,An,,True,2,000101,An,Ev,0.149,0.038,0.264,0.875,0.112,0.751,0.149215,0.853403,0,0.037651,0.827225,0,0.263691,0.581152,0,0.874976,0.63089,1,0.112278,0.651832,0,0.751331,0.772251,0,0,0,0,1,0,0
chance,True,2,100001,Kn,Ev,True,2,100001,Kn,Ev,0.949,0.526,0.198,0.117,0.192,0.916,0.948573,0.853403,1,0.526309,0.827225,0,0.19772,0.581152,0,0.117493,0.63089,0,0.191663,0.651832,0,0.916343,0.772251,1,1,0,0,0,0,1
channelize,True,1,001000,Ap,,True,1,001000,Ap,,0.311,0.376,0.664,0.348,0.437,0.14,0.311408,0.853403,0,0.375853,0.827225,0,0.663915,0.581152,1,0.347819,0.63089,0,0.4368,0.651832,0,0.140053,0.772251,0,0,0,1,0,0,0
charge,True,1,000001,Ev,,True,3,101001,Ev,"Kn, Ap",0.737,0.255,0.773,0.114,0.264,0.837,0.736569,0.853403,0,0.254719,0.827225,0,0.773416,0.581152,1,0.114344,0.63089,0,0.263665,0.651832,0,0.836901,0.772251,1,0,0,0,0,0,1
chase,True,2,101000,Ap,Kn,True,2,101000,Ap,Kn,0.921,0.41,0.926,0.016,0.19,0.192,0.920947,0.853403,1,0.410044,0.827225,0,0.925613,0.581152,1,0.016275,0.63089,0,0.190259,0.651832,0,0.19199,0.772251,0,1,0,1,0,0,0
cheat,True,1,001000,Ap,,True,2,001100,Ap,An,0.259,0.083,0.784,0.61,0.107,0.362,0.258831,0.853403,0,0.083382,0.827225,0,0.784092,0.581152,1,0.610046,0.63089,0,0.106759,0.651832,0,0.362196,0.772251,0,0,0,1,0,0,0
chill,False,0,000000,,,True,1,000001,Ev,,0.558,0.508,0.252,0.113,0.464,0.691,0.558081,0.853403,0,0.507762,0.827225,0,0.252193,0.581152,0,0.112935,0.63089,0,0.463744,0.651832,0,0.690895,0.772251,0,0,0,0,0,0,0
chisel,True,1,000100,An,,True,3,001110,An,"Ap, Sn",0.273,0.2,0.559,0.823,0.668,0.481,0.273057,0.853403,0,0.199618,0.827225,0,0.558875,0.581152,0,0.823042,0.63089,1,0.66751,0.651832,1,0.480642,0.772251,0,0,0,0,1,0,0
chlorinate,True,1,000001,Ev,,True,2,000011,Ev,Sn,0.416,0.254,0.107,0.196,0.57,0.801,0.416301,0.853403,0,0.254155,0.827225,0,0.106699,0.581152,0,0.196177,0.63089,0,0.569908,0.651832,0,0.800551,0.772251,1,0,0,0,0,0,1
choke,True,1,001000,Ap,,True,1,001000,Ap,,0.308,0.386,0.678,0.335,0.423,0.512,0.308276,0.853403,0,0.385753,0.827225,0,0.67841,0.581152,1,0.335148,0.63089,0,0.423006,0.651832,0,0.512499,0.772251,0,0,0,1,0,0,0
churn,True,1,000010,Sn,,True,1,000010,Sn,,0.585,0.201,0.421,0.111,0.785,0.533,0.58528,0.853403,0,0.201313,0.827225,0,0.420544,0.581152,0,0.11119,0.63089,0,0.784662,0.651832,1,0.533037,0.772251,0,0,0,0,0,1,0
circularize,True,1,001000,Ap,,True,3,011100,Ap,"Cm, An",0.312,0.815,0.838,0.719,0.5,0.156,0.312299,0.853403,0,0.814511,0.827225,0,0.838109,0.581152,1,0.719452,0.63089,1,0.500009,0.651832,0,0.155716,0.772251,0,0,0,1,0,0,0
circulate,True,1,001000,Ap,,True,2,101000,Ap,Kn,0.769,0.386,0.924,0.113,0.422,0.209,0.769471,0.853403,0,0.386429,0.827225,0,0.924086,0.581152,1,0.112621,0.63089,0,0.422419,0.651832,0,0.208934,0.772251,0,0,0,1,0,0,0
circumscribe,True,1,000010,Sn,,True,2,001010,Sn,Ap,0.452,0.215,0.558,0.118,0.863,0.06,0.452251,0.853403,0,0.214795,0.827225,0,0.558287,0.581152,0,0.117843,0.63089,0,0.862903,0.651832,1,0.060486,0.772251,0,0,0,0,0,1,0
circumvent,True,1,001000,Ap,,True,1,001000,Ap,,0.234,0.252,0.703,0.346,0.279,0.515,0.233571,0.853403,0,0.25179,0.827225,0,0.702943,0.581152,1,0.345836,0.63089,0,0.27938,0.651832,0,0.514648,0.772251,0,0,0,1,0,0,0
claim,True,1,000001,Ev,,True,2,000101,Ev,An,0.632,0.344,0.3,0.805,0.302,0.908,0.631974,0.853403,0,0.34355,0.827225,0,0.300473,0.581152,0,0.804651,0.63089,1,0.301861,0.651832,0,0.908093,0.772251,1,0,0,0,0,0,1
clamp,True,1,000001,Ev,,True,1,000001,Ev,,0.41,0.214,0.419,0.319,0.257,0.799,0.410386,0.853403,0,0.213521,0.827225,0,0.418945,0.581152,0,0.318915,0.63089,0,0.257144,0.651832,0,0.799175,0.772251,1,0,0,0,0,0,1
clap,False,0,000000,,,True,2,100001,Kn,Ev,0.779,0.693,0.283,0.102,0.26,0.657,0.779207,0.853403,0,0.69293,0.827225,0,0.282516,0.581152,0,0.102402,0.63089,0,0.260414,0.651832,0,0.656592,0.772251,0,0,0,0,0,0,0
clash,True,1,000001,Ev,,True,2,010001,Ev,Cm,0.661,0.815,0.004,0.306,0.554,0.946,0.660511,0.853403,0,0.814747,0.827225,0,0.003656,0.581152,0,0.30578,0.63089,0,0.553805,0.651832,0,0.94581,0.772251,1,0,0,0,0,0,1
cleave,True,2,001100,An,Ap,True,3,001101,An,"Ap, Ev",0.149,0.082,0.689,0.733,0.16,0.662,0.149215,0.853403,0,0.082147,0.827225,0,0.689091,0.581152,1,0.732933,0.63089,1,0.159682,0.651832,0,0.662126,0.772251,0,0,0,1,1,0,0
click,True,1,000100,An,,True,2,100100,An,Kn,0.838,0.352,0.359,0.956,0.005,0.305,0.837968,0.853403,0,0.352256,0.827225,0,0.358629,0.581152,0,0.95607,0.63089,1,0.005123,0.651832,0,0.3053,0.772251,0,0,0,0,1,0,0
climb,True,1,001000,Ap,,True,1,001000,Ap,,0.248,0.026,0.593,0.06,0.373,0.473,0.248303,0.853403,0,0.026178,0.827225,0,0.593243,0.581152,1,0.060102,0.63089,0,0.372877,0.651832,0,0.473342,0.772251,0,0,0,1,0,0,0
cling,True,1,000010,Sn,,True,2,000011,Sn,Ev,0.429,0.096,0.253,0.018,0.903,0.822,0.429079,0.853403,0,0.096166,0.827225,0,0.253482,0.581152,0,0.018453,0.63089,0,0.902958,0.651832,1,0.82236,0.772251,1,0,0,0,0,1,0
cloak,False,0,000000,,,True,1,100000,Kn,,0.851,0.68,0.212,0.336,0.542,0.299,0.851421,0.853403,0,0.679591,0.827225,0,0.211996,0.581152,0,0.335541,0.63089,0,0.542205,0.651832,0,0.299185,0.772251,0,0,0,0,0,0,0
clobber,True,1,000100,An,,True,2,100100,Kn,An,0.736,0.511,0.118,0.732,0.417,0.323,0.735787,0.853403,0,0.511011,0.827225,0,0.117924,0.581152,0,0.731523,0.63089,1,0.416558,0.651832,0,0.32267,0.772251,0,0,0,0,1,0,0
clock,True,1,000100,An,,True,3,011100,Cm,"Ap, An",0.598,0.709,0.594,0.66,0.282,0.323,0.597537,0.853403,0,0.709349,0.827225,0,0.594379,0.581152,1,0.659743,0.63089,1,0.28247,0.651832,0,0.322799,0.772251,0,0,0,0,1,0,0
clog,True,1,000100,An,,True,1,000100,An,,0.636,0.683,0.287,0.731,0.172,0.054,0.63585,0.853403,0,0.683189,0.827225,0,0.287045,0.581152,0,0.731258,0.63089,1,0.172047,0.651832,0,0.054202,0.772251,0,0,0,0,1,0,0
close,True,1,010000,Cm,,True,3,110001,Cm,"Kn, Ev",0.84,0.932,0.101,0.462,0.029,0.837,0.840386,0.853403,0,0.931822,0.827225,1,0.100574,0.581152,0,0.461537,0.63089,0,0.028887,0.651832,0,0.83662,0.772251,1,0,1,0,0,0,0
clump,True,1,000100,An,,True,2,000110,An,Sn,0.428,0.641,0.357,0.91,0.787,0.206,0.42805,0.853403,0,0.640524,0.827225,0,0.357493,0.581152,0,0.909501,0.63089,1,0.786807,0.651832,1,0.205952,0.772251,0,0,0,0,1,0,0
co-occur,True,1,000010,Sn,,True,1,000010,Sn,,0.343,0.288,0.076,0.157,0.738,0.106,0.34257,0.853403,0,0.288122,0.827225,0,0.076214,0.581152,0,0.157469,0.63089,0,0.738024,0.651832,1,0.105851,0.772251,0,0,0,0,0,1,0
coalesce,True,1,000010,Sn,,True,2,000011,Sn,Ev,0.364,0.44,0.118,0.174,0.964,0.769,0.364295,0.853403,0,0.439942,0.827225,0,0.11791,0.581152,0,0.174223,0.63089,0,0.964385,0.651832,1,0.769162,0.772251,0,0,0,0,0,1,0
coarsen,False,0,000000,,,False,0,000000,,,0.294,0.411,0.113,0.239,0.512,0.641,0.2944,0.853403,0,0.410626,0.827225,0,0.113022,0.581152,0,0.239257,0.63089,0,0.511536,0.651832,0,0.640608,0.772251,0,0,0,0,0,0,0
codify,True,1,000010,Sn,,True,2,010010,Sn,Cm,0.149,0.703,0.357,0.24,0.986,0.64,0.149215,0.853403,0,0.703333,0.827225,0,0.357357,0.581152,0,0.239857,0.63089,0,0.985969,0.651832,1,0.6403,0.772251,0,0,0,0,0,1,0
coexist,True,1,000010,Sn,,True,2,000011,Sn,Ev,0.231,0.405,0.003,0.197,0.922,0.8,0.23123,0.853403,0,0.405115,0.827225,0,0.002618,0.581152,0,0.196922,0.63089,0,0.92195,0.651832,1,0.800209,0.772251,1,0,0,0,0,1,0
cogitate,True,1,000010,Sn,,True,1,000010,Sn,,0.245,0.408,0.039,0.372,0.822,0.259,0.2455,0.853403,0,0.40819,0.827225,0,0.039315,0.581152,0,0.371779,0.63089,0,0.821608,0.651832,1,0.259019,0.772251,0,0,0,0,0,1,0
coincide,True,1,100000,Kn,,True,2,100010,Kn,Sn,0.873,0.639,0.149,0.158,0.594,0.241,0.87339,0.853403,1,0.638621,0.827225,0,0.148699,0.581152,0,0.15848,0.63089,0,0.594344,0.651832,0,0.240933,0.772251,0,1,0,0,0,0,0
collapse,True,1,000010,Sn,,True,1,000010,Sn,,0.361,0.217,0.353,0.391,0.701,0.485,0.361148,0.853403,0,0.216512,0.827225,0,0.353363,0.581152,0,0.390779,0.63089,0,0.70087,0.651832,1,0.485009,0.772251,0,0,0,0,0,1,0
collate,False,0,000000,,,True,1,000010,Sn,,0.374,0.65,0.331,0.187,0.625,0.107,0.3743,0.853403,0,0.650485,0.827225,0,0.331312,0.581152,0,0.186878,0.63089,0,0.624585,0.651832,0,0.107113,0.772251,0,0,0,0,0,0,0
collide,True,1,000010,Sn,,True,2,010010,Sn,Cm,0.483,0.722,0.003,0.037,0.981,0.635,0.483222,0.853403,0,0.7222,0.827225,0,0.002618,0.581152,0,0.037304,0.63089,0,0.981406,0.651832,1,0.635165,0.772251,0,0,0,0,0,1,0
collimate,True,1,000010,Sn,,True,2,001010,Sn,Ap,0.246,0.66,0.567,0.225,0.784,0.648,0.246236,0.853403,0,0.659678,0.827225,0,0.567467,0.581152,0,0.225441,0.63089,0,0.784212,0.651832,1,0.647547,0.772251,0,0,0,0,0,1,0
collocate,True,1,000010,Sn,,True,1,000010,Sn,,0.149,0.507,0.419,0.113,0.924,0.207,0.149215,0.853403,0,0.506961,0.827225,0,0.419424,0.581152,0,0.112573,0.63089,0,0.923621,0.651832,1,0.207472,0.772251,0,0,0,0,0,1,0
colorize,True,1,010000,Cm,,True,3,011010,Cm,"Ap, Sn",0.714,0.887,0.583,0.314,0.782,0.332,0.713713,0.853403,0,0.88672,0.827225,1,0.582826,0.581152,1,0.314386,0.63089,0,0.782215,0.651832,1,0.33176,0.772251,0,0,1,0,0,0,0
comb,True,1,100000,Kn,,True,4,110110,Kn,"Cm, An, Sn",0.992,0.851,0.197,0.634,0.702,0.06,0.991907,0.853403,1,0.850916,0.827225,1,0.196617,0.581152,0,0.634047,0.63089,1,0.702012,0.651832,1,0.060313,0.772251,0,1,0,0,0,0,0
combust,True,1,000010,Sn,,True,1,000010,Sn,,0.461,0.39,0.299,0.231,0.992,0.22,0.460711,0.853403,0,0.389876,0.827225,0,0.298727,0.581152,0,0.231184,0.63089,0,0.992011,0.651832,1,0.22045,0.772251,0,0,0,0,0,1,0
come,True,1,100000,Kn,,True,1,100000,Kn,,0.944,0.624,0.183,0.188,0.323,0.449,0.943813,0.853403,1,0.623979,0.827225,0,0.182811,0.581152,0,0.187739,0.63089,0,0.322968,0.651832,0,0.449061,0.772251,0,1,0,0,0,0,0
commence,True,1,000010,Sn,,True,2,001010,Sn,Ap,0.372,0.395,0.52,0.364,0.941,0.654,0.371878,0.853403,0,0.394531,0.827225,0,0.520079,0.581152,0,0.363973,0.63089,0,0.94066,0.651832,1,0.654117,0.772251,0,0,0,0,0,1,0
commend,True,1,000001,Ev,,True,1,000001,Ev,,0.26,0.681,0.21,0.23,0.374,0.855,0.260329,0.853403,0,0.681068,0.827225,0,0.209938,0.581152,0,0.230341,0.63089,0,0.373772,0.651832,0,0.855436,0.772251,1,0,0,0,0,0,1
comment,True,1,000001,Ev,,True,2,010001,Ev,Cm,0.232,0.815,0.12,0.054,0.358,0.911,0.232074,0.853403,0,0.814582,0.827225,0,0.119746,0.581152,0,0.054425,0.63089,0,0.358023,0.651832,0,0.910765,0.772251,1,0,0,0,0,0,1
commercialize,True,2,001010,Sn,Ap,True,2,001010,Sn,Ap,0.149,0.392,0.939,0.357,0.939,0.445,0.149215,0.853403,0,0.391677,0.827225,0,0.938624,0.581152,1,0.357425,0.63089,0,0.938633,0.651832,1,0.44463,0.772251,0,0,0,1,0,1,0
commit,True,1,000010,Sn,,True,1,000010,Sn,,0.149,0.216,0.442,0.116,0.718,0.62,0.149215,0.853403,0,0.216228,0.827225,0,0.442109,0.581152,0,0.116074,0.63089,0,0.718315,0.651832,1,0.619556,0.772251,0,0,0,0,0,1,0
commute,True,2,001010,Ap,Sn,True,2,001010,Ap,Sn,0.242,0.663,0.832,0.254,0.783,0.008,0.242066,0.853403,0,0.663037,0.827225,0,0.831793,0.581152,1,0.253812,0.63089,0,0.78273,0.651832,1,0.007853,0.772251,0,0,0,1,0,1,0
compartmentalize,True,2,000110,Sn,An,True,2,000110,Sn,An,0.288,0.288,0.277,0.752,0.799,0.519,0.288009,0.853403,0,0.288005,0.827225,0,0.276666,0.581152,0,0.752443,0.63089,1,0.79902,0.651832,1,0.519179,0.772251,0,0,0,0,1,1,0
compel,True,1,000001,Ev,,True,2,000101,Ev,An,0.25,0.072,0.302,0.564,0.11,0.862,0.25009,0.853403,0,0.072334,0.827225,0,0.301717,0.581152,0,0.564195,0.63089,0,0.109852,0.651832,0,0.86192,0.772251,1,0,0,0,0,0,1
compensate,True,1,000010,Sn,,True,2,001010,Sn,Ap,0.206,0.319,0.559,0.315,0.731,0.617,0.206314,0.853403,0,0.318864,0.827225,0,0.55906,0.581152,0,0.314966,0.63089,0,0.730781,0.651832,1,0.617391,0.772251,0,0,0,0,0,1,0
compete,True,2,001001,Ev,Ap,True,3,011001,Ev,"Cm, Ap",0.317,0.78,0.79,0.409,0.442,0.83,0.316823,0.853403,0,0.779557,0.827225,0,0.790229,0.581152,1,0.409376,0.63089,0,0.441904,0.651832,0,0.829937,0.772251,1,0,0,1,0,0,1
complain,True,1,000001,Ev,,True,2,010001,Ev,Cm,0.355,0.79,0.313,0.504,0.397,0.891,0.354681,0.853403,0,0.790039,0.827225,0,0.312759,0.581152,0,0.504394,0.63089,0,0.396524,0.651832,0,0.890873,0.772251,1,0,0,0,0,0,1
complement,True,1,000001,Ev,,True,2,000011,Ev,Sn,0.149,0.239,0.365,0.346,0.577,0.853,0.149215,0.853403,0,0.239206,0.827225,0,0.364731,0.581152,0,0.345773,0.63089,0,0.577113,0.651832,0,0.852692,0.772251,1,0,0,0,0,0,1
complicate,True,1,010000,Cm,,True,2,010001,Cm,Ev,0.363,0.958,0.307,0.309,0.415,0.76,0.362999,0.853403,0,0.957907,0.827225,1,0.307148,0.581152,0,0.309318,0.63089,0,0.415184,0.651832,0,0.759515,0.772251,0,0,1,0,0,0,0
comprehend,True,1,010000,Cm,,True,2,010100,Cm,An,0.686,0.976,0.081,0.557,0.056,0.646,0.685921,0.853403,0,0.976051,0.827225,1,0.081097,0.581152,0,0.557353,0.63089,0,0.05593,0.651832,0,0.645545,0.772251,0,0,1,0,0,0,0
compress,True,2,001100,Ap,An,True,2,001100,Ap,An,0.253,0.187,0.675,0.642,0.197,0.185,0.252586,0.853403,0,0.186595,0.827225,0,0.675247,0.581152,1,0.6415,0.63089,1,0.197041,0.651832,0,0.18497,0.772251,0,0,0,1,1,0,0
comprise,True,1,000010,Sn,,True,1,000010,Sn,,0.391,0.63,0.299,0.205,0.997,0.599,0.391308,0.853403,0,0.629626,0.827225,0,0.299359,0.581152,0,0.204833,0.63089,0,0.997207,0.651832,1,0.599098,0.772251,0,0,0,0,0,1,0
compromise,True,2,000101,Ev,An,True,3,000111,Ev,"An, Sn",0.149,0.087,0.147,0.836,0.558,0.878,0.149215,0.853403,0,0.087028,0.827225,0,0.146592,0.581152,0,0.835885,0.63089,1,0.557515,0.651832,0,0.878083,0.772251,1,0,0,0,1,0,1
computerize,True,1,000010,Sn,,True,3,011010,Sn,"Cm, Ap",0.441,0.722,0.699,0.52,0.919,0.299,0.441202,0.853403,0,0.721788,0.827225,0,0.699281,0.581152,1,0.520157,0.63089,0,0.918755,0.651832,1,0.299405,0.772251,0,0,0,0,0,1,0
con,True,1,000001,Ev,,True,1,000001,Ev,,0.641,0.41,0.286,0.503,0.104,0.908,0.641485,0.853403,0,0.410139,0.827225,0,0.285644,0.581152,0,0.502526,0.63089,0,0.103916,0.651832,0,0.907509,0.772251,1,0,0,0,0,0,1
conceal,True,1,001000,Ap,,True,1,001000,Ap,,0.618,0.512,0.605,0.039,0.502,0.256,0.617786,0.853403,0,0.511946,0.827225,0,0.605374,0.581152,1,0.038771,0.63089,0,0.502394,0.651832,0,0.25645,0.772251,0,0,0,1,0,0,0
conceive,True,1,000010,Sn,,True,2,001010,Sn,Ap,0.332,0.026,0.648,0.125,0.917,0.444,0.332307,0.853403,0,0.026178,0.827225,0,0.648259,0.581152,1,0.125137,0.63089,0,0.916524,0.651832,1,0.44397,0.772251,0,0,0,0,0,1,0
concentrate,False,0,000000,,,True,1,000100,An,,0.686,0.032,0.493,0.574,0.225,0.427,0.685701,0.853403,0,0.032182,0.827225,0,0.492794,0.581152,0,0.57424,0.63089,0,0.2249,0.651832,0,0.4271,0.772251,0,0,0,0,0,0,0
conceptualize,True,1,010000,Cm,,True,1,010000,Cm,,0.662,0.993,0.178,0.444,0.472,0.53,0.662288,0.853403,0,0.993094,0.827225,1,0.177581,0.581152,0,0.444352,0.63089,0,0.472354,0.651832,0,0.529743,0.772251,0,0,1,0,0,0,0
condense,True,1,000010,Sn,,True,2,000011,Sn,Ev,0.328,0.343,0.304,0.225,0.922,0.658,0.328043,0.853403,0,0.342837,0.827225,0,0.30407,0.581152,0,0.224648,0.63089,0,0.922223,0.651832,1,0.658082,0.772251,0,0,0,0,0,1,0
conduce,True,1,000010,Sn,,True,2,001010,Sn,Ap,0.292,0.36,0.683,0.454,0.785,0.485,0.292407,0.853403,0,0.359607,0.827225,0,0.683498,0.581152,1,0.453586,0.63089,0,0.785378,0.651832,1,0.485488,0.772251,0,0,0,0,0,1,0
confer,True,1,000010,Sn,,True,1,000010,Sn,,0.31,0.29,0.143,0.016,0.829,0.52,0.309917,0.853403,0,0.290172,0.827225,0,0.142815,0.581152,0,0.016086,0.63089,0,0.828798,0.651832,1,0.519728,0.772251,0,0,0,0,0,1,0
configure,True,1,000010,Sn,,True,3,001110,Sn,"Ap, An",0.149,0.026,0.661,0.639,0.986,0.248,0.149215,0.853403,0,0.026178,0.827225,0,0.661382,0.581152,1,0.639476,0.63089,1,0.986168,0.651832,1,0.247578,0.772251,0,0,0,0,0,1,0
confine,True,1,001000,Ap,,True,1,001000,Ap,,0.149,0.24,0.762,0.331,0.278,0.536,0.149215,0.853403,0,0.240421,0.827225,0,0.762498,0.581152,1,0.331229,0.63089,0,0.277628,0.651832,0,0.536104,0.772251,0,0,0,1,0,0,0
conform,True,1,001000,Ap,,True,2,001001,Ev,Ap,0.278,0.161,0.636,0.112,0.481,0.747,0.277575,0.853403,0,0.160838,0.827225,0,0.636096,0.581152,1,0.112142,0.63089,0,0.480837,0.651832,0,0.747186,0.772251,0,0,0,1,0,0,0
confound,True,1,000100,An,,True,2,010100,Cm,An,0.392,0.812,0.11,0.745,0.104,0.64,0.391562,0.853403,0,0.811614,0.827225,0,0.109545,0.581152,0,0.744906,0.63089,1,0.104487,0.651832,0,0.640059,0.772251,0,0,0,0,1,0,0
confront,False,0,000000,,,True,1,000001,Ev,,0.428,0.656,0.357,0.258,0.52,0.706,0.428212,0.853403,0,0.656203,0.827225,0,0.357063,0.581152,0,0.258213,0.63089,0,0.519933,0.651832,0,0.706202,0.772251,0,0,0,0,0,0,0
confuse,True,3,010101,An,"Cm, Ev",True,3,010101,An,"Cm, Ev",0.372,0.95,0.365,0.983,0.058,0.804,0.372435,0.853403,0,0.950289,0.827225,1,0.36511,0.581152,0,0.983025,0.63089,1,0.057516,0.651832,0,0.803809,0.772251,1,0,1,0,1,0,1
congest,True,1,000010,Sn,,True,2,100010,Kn,Sn,0.847,0.394,0.193,0.017,0.784,0.323,0.847209,0.853403,0,0.394155,0.827225,0,0.192566,0.581152,0,0.016842,0.63089,0,0.784097,0.651832,1,0.323283,0.772251,0,0,0,0,0,1,0
congregate,True,1,000010,Sn,,True,1,000010,Sn,,0.687,0.441,0.082,0.159,0.99,0.417,0.687224,0.853403,0,0.440653,0.827225,0,0.082092,0.581152,0,0.158988,0.63089,0,0.98982,0.651832,1,0.416808,0.772251,0,0,0,0,0,1,0
conjoin,True,1,000010,Sn,,True,1,000010,Sn,,0.505,0.309,0.093,0.03,0.812,0.082,0.504955,0.853403,0,0.309321,0.827225,0,0.093346,0.581152,0,0.030096,0.63089,0,0.812468,0.651832,1,0.081508,0.772251,0,0,0,0,0,1,0
conjugate,True,1,001000,Ap,,True,3,011010,Cm,"Ap, Sn",0.149,0.776,0.714,0.108,0.632,0.605,0.149215,0.853403,0,0.775537,0.827225,0,0.714262,0.581152,1,0.108242,0.63089,0,0.631709,0.651832,0,0.60528,0.772251,0,0,0,1,0,0,0
conjure,True,1,000010,Sn,,True,1,000010,Sn,,0.468,0.267,0.2,0.114,0.84,0.183,0.468185,0.853403,0,0.267016,0.827225,0,0.199652,0.581152,0,0.113634,0.63089,0,0.840234,0.651832,1,0.18279,0.772251,0,0,0,0,0,1,0
connote,True,1,010000,Cm,,True,1,010000,Cm,,0.31,0.929,0.055,0.325,0.409,0.258,0.310339,0.853403,0,0.928982,0.827225,1,0.055372,0.581152,0,0.325428,0.63089,0,0.408797,0.651832,0,0.258448,0.772251,0,0,1,0,0,0,0
conserve,True,1,001000,Ap,,True,2,001001,Ev,Ap,0.311,0.307,0.736,0.172,0.226,0.751,0.311273,0.853403,0,0.307035,0.827225,0,0.735684,0.581152,1,0.171876,0.63089,0,0.22633,0.651832,0,0.751042,0.772251,0,0,0,1,0,0,0
consist,True,2,001010,Sn,Ap,True,2,001010,Sn,Ap,0.247,0.495,0.713,0.148,0.721,0.616,0.247173,0.853403,0,0.494791,0.827225,0,0.713198,0.581152,1,0.148296,0.63089,0,0.72074,0.651832,1,0.615864,0.772251,0,0,0,1,0,1,0
constitute,True,1,000010,Sn,,True,3,001011,Sn,"Ap, Ev",0.307,0.497,0.555,0.152,0.927,0.681,0.306653,0.853403,0,0.496773,0.827225,0,0.555087,0.581152,0,0.152073,0.63089,0,0.927007,0.651832,1,0.681102,0.772251,0,0,0,0,0,1,0
constrain,True,1,000001,Ev,,True,2,001001,Ev,Ap,0.149,0.026,0.554,0.442,0.365,0.912,0.149215,0.853403,0,0.026178,0.827225,0,0.553663,0.581152,0,0.441601,0.63089,0,0.365278,0.651832,0,0.911747,0.772251,1,0,0,0,0,0,1
constrict,True,1,001000,Ap,,True,2,001001,Ev,Ap,0.149,0.393,0.711,0.321,0.108,0.753,0.149215,0.853403,0,0.392541,0.827225,0,0.710581,0.581152,1,0.320964,0.63089,0,0.107842,0.651832,0,0.752901,0.772251,0,0,0,1,0,0,0
construe,False,0,000000,,,False,0,000000,,,0.392,0.495,0.366,0.233,0.465,0.491,0.39202,0.853403,0,0.494985,0.827225,0,0.365781,0.581152,0,0.23349,0.63089,0,0.465371,0.651832,0,0.491098,0.772251,0,0,0,0,0,0,0
consume,True,2,101000,Ap,Kn,True,2,101000,Ap,Kn,0.923,0.109,0.97,0.348,0.084,0.206,0.923253,0.853403,1,0.109032,0.827225,0,0.969636,0.581152,1,0.347555,0.63089,0,0.084451,0.651832,0,0.20631,0.772251,0,1,0,1,0,0,0
contain,True,1,001000,Ap,,True,2,001001,Ev,Ap,0.372,0.052,0.588,0.039,0.368,0.662,0.372377,0.853403,0,0.051598,0.827225,0,0.587826,0.581152,1,0.038833,0.63089,0,0.368169,0.651832,0,0.661717,0.772251,0,0,0,1,0,0,0
containerize,True,1,001000,Ap,,True,2,001010,Ap,Sn,0.289,0.4,0.77,0.33,0.702,0.359,0.289191,0.853403,0,0.400283,0.827225,0,0.769676,0.581152,1,0.329997,0.63089,0,0.702248,0.651832,1,0.359452,0.772251,0,0,0,1,0,0,0
contaminate,True,1,000001,Ev,,True,3,001101,Ev,"Ap, An",0.373,0.026,0.667,0.715,0.102,0.811,0.372978,0.853403,0,0.026178,0.827225,0,0.667438,0.581152,1,0.71541,0.63089,1,0.102477,0.651832,0,0.810872,0.772251,1,0,0,0,0,0,1
contemplate,True,1,000010,Sn,,True,2,100010,Sn,Kn,0.795,0.693,0.039,0.458,0.836,0.45,0.794598,0.853403,0,0.692735,0.827225,0,0.038555,0.581152,0,0.457791,0.63089,0,0.836099,0.651832,1,0.449918,0.772251,0,0,0,0,0,1,0
contend,True,1,000001,Ev,,True,2,000011,Ev,Sn,0.372,0.543,0.408,0.417,0.785,0.885,0.372397,0.853403,0,0.542981,0.827225,0,0.408457,0.581152,0,0.416925,0.63089,0,0.784983,0.651832,1,0.885093,0.772251,1,0,0,0,0,0,1
continue,True,1,001000,Ap,,True,1,001000,Ap,,0.598,0.436,0.826,0.165,0.502,0.415,0.597928,0.853403,0,0.436369,0.827225,0,0.825774,0.581152,1,0.164694,0.63089,0,0.501678,0.651832,0,0.415491,0.772251,0,0,0,1,0,0,0
contradict,True,2,010001,Ev,Cm,True,2,010001,Ev,Cm,0.293,0.929,0.187,0.251,0.159,0.956,0.292664,0.853403,0,0.928846,0.827225,1,0.186861,0.581152,0,0.251039,0.63089,0,0.158814,0.651832,0,0.955906,0.772251,1,0,1,0,0,0,1
contrive,True,1,000001,Ev,,True,2,000011,Ev,Sn,0.299,0.248,0.168,0.118,0.556,0.913,0.299178,0.853403,0,0.248325,0.827225,0,0.167871,0.581152,0,0.118353,0.63089,0,0.555936,0.651832,0,0.912949,0.772251,1,0,0,0,0,0,1
convect,True,1,000100,An,,True,1,000100,An,,0.309,0.263,0.419,0.651,0.395,0.301,0.309395,0.853403,0,0.262934,0.827225,0,0.419131,0.581152,0,0.651491,0.63089,1,0.3953,0.651832,0,0.300557,0.772251,0,0,0,0,1,0,0
convene,True,1,000010,Sn,,True,1,000010,Sn,,0.42,0.338,0.069,0.299,0.943,0.428,0.4199,0.853403,0,0.338473,0.827225,0,0.06915,0.581152,0,0.29921,0.63089,0,0.943471,0.651832,1,0.427558,0.772251,0,0,0,0,0,1,0
converge,True,1,000010,Sn,,True,2,000011,Sn,Ev,0.651,0.505,0.294,0.492,0.946,0.688,0.65085,0.853403,0,0.505272,0.827225,0,0.294484,0.581152,0,0.492336,0.63089,0,0.946264,0.651832,1,0.687601,0.772251,0,0,0,0,0,1,0
convolve,False,0,000000,,,False,0,000000,,,0.605,0.393,0.444,0.334,0.392,0.177,0.605202,0.853403,0,0.392853,0.827225,0,0.444024,0.581152,0,0.334367,0.63089,0,0.391857,0.651832,0,0.17727,0.772251,0,0,0,0,0,0,0
cook,True,1,001000,Ap,,True,3,001110,Ap,"An, Sn",0.42,0.082,0.977,0.813,0.728,0.607,0.420067,0.853403,0,0.081949,0.827225,0,0.976541,0.581152,1,0.813355,0.63089,1,0.727971,0.651832,1,0.60738,0.772251,0,0,0,1,0,0,0
cooperate,True,1,000010,Sn,,True,1,000010,Sn,,0.185,0.238,0.38,0.017,0.881,0.455,0.184649,0.853403,0,0.237667,0.827225,0,0.380025,0.581152,0,0.016878,0.63089,0,0.881039,0.651832,1,0.454963,0.772251,0,0,0,0,0,1,0
corner,False,0,000000,,,True,1,100000,Kn,,0.848,0.682,0.222,0.34,0.261,0.132,0.848089,0.853403,0,0.681801,0.827225,0,0.22224,0.581152,0,0.340222,0.63089,0,0.261341,0.651832,0,0.131988,0.772251,0,0,0,0,0,0,0
correct,True,1,000100,An,,True,2,100100,Kn,An,0.79,0.681,0.098,0.715,0.029,0.287,0.790085,0.853403,0,0.680664,0.827225,0,0.098441,0.581152,0,0.715365,0.63089,1,0.028817,0.651832,0,0.286674,0.772251,0,0,0,0,1,0,0
corrode,True,1,000001,Ev,,True,1,000001,Ev,,0.149,0.084,0.439,0.151,0.501,0.852,0.149215,0.853403,0,0.08421,0.827225,0,0.43888,0.581152,0,0.150763,0.63089,0,0.50091,0.651832,0,0.85227,0.772251,1,0,0,0,0,0,1
counteract,True,1,000001,Ev,,True,1,000001,Ev,,0.149,0.497,0.447,0.205,0.199,0.932,0.149215,0.853403,0,0.496732,0.827225,0,0.447227,0.581152,0,0.204759,0.63089,0,0.199497,0.651832,0,0.932278,0.772251,1,0,0,0,0,0,1
counterbalance,False,0,000000,,,True,2,100001,Kn,Ev,0.747,0.399,0.406,0.208,0.302,0.661,0.747444,0.853403,0,0.399447,0.827225,0,0.406202,0.581152,0,0.208204,0.63089,0,0.302289,0.651832,0,0.66088,0.772251,0,0,0,0,0,0,0
cover,True,1,001000,Ap,,True,1,001000,Ap,,0.689,0.642,0.703,0.037,0.261,0.315,0.689397,0.853403,0,0.641895,0.827225,0,0.70274,0.581152,1,0.037381,0.63089,0,0.260945,0.651832,0,0.31513,0.772251,0,0,0,1,0,0,0
crack,True,1,000100,An,,True,1,000100,An,,0.551,0.097,0.082,0.776,0.081,0.647,0.551229,0.853403,0,0.096638,0.827225,0,0.082303,0.581152,0,0.775586,0.63089,1,0.080501,0.651832,0,0.646648,0.772251,0,0,0,0,1,0,0
crawl,True,1,100000,Kn,,True,2,100100,Kn,An,0.947,0.489,0.456,0.833,0.075,0.08,0.946913,0.853403,1,0.489011,0.827225,0,0.455968,0.581152,0,0.832638,0.63089,1,0.075466,0.651832,0,0.079605,0.772251,0,1,0,0,0,0,0
creep,True,2,100100,Kn,An,True,2,100100,Kn,An,0.92,0.681,0.197,0.865,0.264,0.066,0.920012,0.853403,1,0.681486,0.827225,0,0.196877,0.581152,0,0.864873,0.63089,1,0.263835,0.651832,0,0.065796,0.772251,0,1,0,0,1,0,0
crowd,True,1,100000,Kn,,True,2,110000,Kn,Cm,0.943,0.845,0.358,0.495,0.3,0.429,0.943319,0.853403,1,0.84507,0.827225,1,0.357994,0.581152,0,0.494613,0.63089,0,0.300462,0.651832,0,0.428504,0.772251,0,1,0,0,0,0,0
crumble,True,1,000001,Ev,,True,1,000001,Ev,,0.374,0.108,0.291,0.503,0.394,0.831,0.373833,0.853403,0,0.10806,0.827225,0,0.290889,0.581152,0,0.5033,0.63089,0,0.393962,0.651832,0,0.831267,0.772251,1,0,0,0,0,0,1
crumple,True,1,000100,An,,True,2,001100,An,Ap,0.264,0.639,0.517,0.878,0.511,0.299,0.264404,0.853403,0,0.639213,0.827225,0,0.517011,0.581152,0,0.878058,0.63089,1,0.510981,0.651832,0,0.298972,0.772251,0,0,0,0,1,0,0
crush,True,1,100000,Kn,,True,3,110010,Kn,"Cm, Sn",0.984,0.812,0.29,0.346,0.565,0.528,0.984038,0.853403,1,0.811871,0.827225,0,0.290359,0.581152,0,0.346431,0.63089,0,0.565294,0.651832,0,0.528286,0.772251,0,1,0,0,0,0,0
cry,True,1,000010,Sn,,True,4,100111,Kn,"An, Sn, Ev",0.841,0.68,0.277,0.577,0.723,0.767,0.841218,0.853403,0,0.68009,0.827225,0,0.276824,0.581152,0,0.577018,0.63089,0,0.722526,0.651832,1,0.767389,0.772251,0,0,0,0,0,1,0
crystallize,True,1,000010,Sn,,True,1,000010,Sn,,0.149,0.071,0.188,0.455,0.93,0.556,0.149215,0.853403,0,0.071226,0.827225,0,0.188131,0.581152,0,0.454728,0.63089,0,0.929741,0.651832,1,0.55615,0.772251,0,0,0,0,0,1,0
cull,True,1,000001,Ev,,True,1,000001,Ev,,0.31,0.026,0.397,0.461,0.288,0.799,0.309933,0.853403,0,0.026178,0.827225,0,0.39676,0.581152,0,0.460781,0.63089,0,0.28771,0.651832,0,0.798803,0.772251,1,0,0,0,0,0,1
culminate,True,1,000001,Ev,,True,3,010101,Ev,"Cm, An",0.388,0.725,0.015,0.636,0.466,0.882,0.388051,0.853403,0,0.724846,0.827225,0,0.015208,0.581152,0,0.635931,0.63089,1,0.466393,0.651832,0,0.881616,0.772251,1,0,0,0,0,0,1
curtail,True,1,000001,Ev,,True,1,000001,Ev,,0.392,0.507,0.291,0.323,0.397,0.851,0.392465,0.853403,0,0.506553,0.827225,0,0.29142,0.581152,0,0.322673,0.63089,0,0.397417,0.651832,0,0.851126,0.772251,1,0,0,0,0,0,1
cuss,True,1,000001,Ev,,True,2,000011,Ev,Sn,0.617,0.518,0.439,0.347,0.57,0.849,0.617124,0.853403,0,0.518125,0.827225,0,0.439199,0.581152,0,0.347026,0.63089,0,0.569556,0.651832,0,0.849376,0.772251,1,0,0,0,0,0,1
cut,True,1,000100,An,,True,2,001100,An,Ap,0.61,0.367,0.847,0.925,0.032,0.312,0.609852,0.853403,0,0.367397,0.827225,0,0.846998,0.581152,1,0.925466,0.63089,1,0.032067,0.651832,0,0.312081,0.772251,0,0,0,0,1,0,0
damage,False,0,000000,,,True,2,101000,Kn,Ap,0.733,0.543,0.545,0.504,0.09,0.331,0.73294,0.853403,0,0.542864,0.827225,0,0.545356,0.581152,0,0.504155,0.63089,0,0.090283,0.651832,0,0.330513,0.772251,0,0,0,0,0,0,0
damp,False,0,000000,,,True,2,100001,Ev,Kn,0.747,0.674,0.191,0.2,0.307,0.768,0.747159,0.853403,0,0.674294,0.827225,0,0.190593,0.581152,0,0.200335,0.63089,0,0.306546,0.651832,0,0.767576,0.772251,0,0,0,0,0,0,0
dangle,True,1,100000,Kn,,True,3,100101,Kn,"An, Ev",0.919,0.403,0.382,0.608,0.097,0.796,0.91945,0.853403,1,0.402782,0.827225,0,0.382194,0.581152,0,0.608395,0.63089,0,0.09725,0.651832,0,0.796492,0.772251,1,1,0,0,0,0,0
dare,True,2,101000,Ap,Kn,True,2,101000,Ap,Kn,0.855,0.543,0.867,0.382,0.409,0.206,0.854695,0.853403,1,0.542674,0.827225,0,0.866869,0.581152,1,0.381932,0.63089,0,0.408847,0.651832,0,0.205763,0.772251,0,1,0,1,0,0,0
darken,True,1,000010,Sn,,True,2,001010,Sn,Ap,0.427,0.376,0.691,0.225,0.828,0.344,0.427375,0.853403,0,0.375978,0.827225,0,0.690808,0.581152,1,0.224999,0.63089,0,0.827944,0.651832,1,0.34403,0.772251,0,0,0,0,0,1,0
de-emphasize,True,1,000100,An,,True,1,000100,An,,0.427,0.544,0.212,0.717,0.312,0.481,0.426946,0.853403,0,0.543891,0.827225,0,0.211865,0.581152,0,0.716921,0.63089,1,0.31191,0.651832,0,0.481064,0.772251,0,0,0,0,1,0,0
deactivate,True,1,001000,Ap,,True,1,001000,Ap,,0.149,0.1,0.973,0.462,0.171,0.315,0.149215,0.853403,0,0.100197,0.827225,0,0.972555,0.581152,1,0.461994,0.63089,0,0.171356,0.651832,0,0.315485,0.772251,0,0,0,1,0,0,0
deal,True,1,000010,Sn,,True,2,000110,Sn,An,0.345,0.379,0.027,0.563,0.654,0.428,0.345317,0.853403,0,0.379498,0.827225,0,0.026568,0.581152,0,0.563108,0.63089,0,0.653629,0.651832,1,0.427624,0.772251,0,0,0,0,0,1,0
debunk,True,2,000101,Ev,An,True,2,000101,Ev,An,0.149,0.039,0.153,0.915,0.302,0.939,0.149215,0.853403,0,0.038597,0.827225,0,0.153459,0.581152,0,0.914851,0.63089,1,0.30166,0.651832,0,0.938864,0.772251,1,0,0,0,1,0,1
decarboxylate,True,2,000110,An,Sn,True,2,000110,An,Sn,0.269,0.099,0.098,0.806,0.785,0.543,0.268555,0.853403,0,0.09931,0.827225,0,0.098016,0.581152,0,0.80611,0.63089,1,0.785059,0.651832,1,0.543132,0.772251,0,0,0,0,1,1,0
deceive,True,1,000001,Ev,,True,1,000001,Ev,,0.567,0.388,0.387,0.335,0.303,0.797,0.566566,0.853403,0,0.387663,0.827225,0,0.386509,0.581152,0,0.334673,0.63089,0,0.302858,0.651832,0,0.796671,0.772251,1,0,0,0,0,0,1
decelerate,True,1,000100,An,,True,2,001100,An,Ap,0.149,0.081,0.598,0.715,0.235,0.623,0.149215,0.853403,0,0.081305,0.827225,0,0.597765,0.581152,1,0.71514,0.63089,1,0.235365,0.651832,0,0.623138,0.772251,0,0,0,0,1,0,0
decentralize,True,1,000010,Sn,,True,1,000010,Sn,,0.149,0.113,0.281,0.323,0.993,0.362,0.149215,0.853403,0,0.113013,0.827225,0,0.281354,0.581152,0,0.322886,0.63089,0,0.993324,0.651832,1,0.36204,0.772251,0,0,0,0,0,1,0
decimate,True,2,001100,Ap,An,True,2,001100,Ap,An,0.149,0.147,0.737,0.697,0.47,0.596,0.149215,0.853403,0,0.146541,0.827225,0,0.736924,0.581152,1,0.697121,0.63089,1,0.469582,0.651832,0,0.59569,0.772251,0,0,0,1,1,0,0
decipher,True,1,010000,Cm,,True,2,010100,Cm,An,0.373,0.954,0.249,0.731,0.12,0.554,0.372569,0.853403,0,0.953624,0.827225,1,0.24879,0.581152,0,0.730615,0.63089,1,0.120394,0.651832,0,0.553963,0.772251,0,0,1,0,0,0,0
deck,False,0,000000,,,True,1,100000,Kn,,0.75,0.513,0.417,0.365,0.513,0.359,0.750447,0.853403,0,0.513194,0.827225,0,0.416767,0.581152,0,0.364508,0.63089,0,0.512727,0.651832,0,0.359282,0.772251,0,0,0,0,0,0,0
declare,True,1,100000,Kn,,True,2,100010,Kn,Sn,0.855,0.554,0.295,0.354,0.786,0.454,0.854972,0.853403,1,0.554491,0.827225,0,0.295176,0.581152,0,0.354137,0.63089,0,0.785873,0.651832,1,0.454288,0.772251,0,1,0,0,0,0,0
decline,True,2,001001,Ev,Ap,True,2,001001,Ev,Ap,0.374,0.062,0.86,0.495,0.396,0.894,0.374198,0.853403,0,0.061922,0.827225,0,0.860389,0.581152,1,0.495288,0.63089,0,0.396116,0.651832,0,0.893926,0.772251,1,0,0,1,0,0,1
decode,True,1,001000,Ap,,True,2,011000,Cm,Ap,0.354,0.739,0.726,0.24,0.244,0.208,0.354023,0.853403,0,0.739299,0.827225,0,0.726177,0.581152,1,0.239829,0.63089,0,0.244205,0.651832,0,0.208359,0.772251,0,0,0,1,0,0,0
decompose,True,1,000100,An,,True,3,000111,Ev,"An, Sn",0.149,0.082,0.332,0.686,0.619,0.747,0.149215,0.853403,0,0.081891,0.827225,0,0.331608,0.581152,0,0.685771,0.63089,1,0.618555,0.651832,0,0.746788,0.772251,0,0,0,0,1,0,0
deconstruct,True,1,000100,An,,True,1,000100,An,,0.165,0.137,0.201,0.671,0.512,0.415,0.165196,0.853403,0,0.1371,0.827225,0,0.200989,0.581152,0,0.671173,0.63089,1,0.511852,0.651832,0,0.414906,0.772251,0,0,0,0,1,0,0
decorate,True,2,001010,Ap,Sn,True,2,001010,Ap,Sn,0.149,0.311,0.813,0.195,0.784,0.206,0.149215,0.853403,0,0.310519,0.827225,0,0.812643,0.581152,1,0.195426,0.63089,0,0.784027,0.651832,1,0.206249,0.772251,0,0,0,1,0,1,0
decouple,True,1,000100,An,,True,1,000100,An,,0.149,0.038,0.074,0.798,0.36,0.418,0.149215,0.853403,0,0.037765,0.827225,0,0.074083,0.581152,0,0.798163,0.63089,1,0.359501,0.651832,0,0.418382,0.772251,0,0,0,0,1,0,0
decrease,True,1,001000,Ap,,True,1,001000,Ap,,0.149,0.138,0.824,0.26,0.47,0.236,0.149215,0.853403,0,0.137594,0.827225,0,0.824357,0.581152,1,0.260282,0.63089,0,0.469624,0.651832,0,0.235711,0.772251,0,0,0,1,0,0,0
decrypt,True,1,001000,Ap,,True,1,001000,Ap,,0.311,0.544,0.701,0.458,0.191,0.301,0.310651,0.853403,0,0.544277,0.827225,0,0.700589,0.581152,1,0.458264,0.63089,0,0.190717,0.651832,0,0.300983,0.772251,0,0,0,1,0,0,0
dedicate,True,1,000001,Ev,,True,2,000101,Ev,An,0.243,0.633,0.113,0.537,0.245,0.917,0.242735,0.853403,0,0.63313,0.827225,0,0.112612,0.581152,0,0.536612,0.63089,0,0.245495,0.651832,0,0.917284,0.772251,1,0,0,0,0,0,1
deduct,True,2,001100,Ap,An,True,2,001100,Ap,An,0.566,0.426,0.845,0.792,0.156,0.643,0.566495,0.853403,0,0.426039,0.827225,0,0.844843,0.581152,1,0.792169,0.63089,1,0.155581,0.651832,0,0.642809,0.772251,0,0,0,1,1,0,0
deem,True,1,000001,Ev,,True,2,000101,Ev,An,0.366,0.345,0.253,0.909,0.032,0.993,0.365966,0.853403,0,0.345327,0.827225,0,0.252596,0.581152,0,0.909106,0.63089,1,0.031714,0.651832,0,0.993446,0.772251,1,0,0,0,0,0,1
deepen,True,1,000010,Sn,,True,1,000010,Sn,,0.41,0.507,0.479,0.205,0.853,0.176,0.409859,0.853403,0,0.506692,0.827225,0,0.479121,0.581152,0,0.204686,0.63089,0,0.853462,0.651832,1,0.17613,0.772251,0,0,0,0,0,1,0
default,True,1,000100,An,,True,2,000110,An,Sn,0.27,0.212,0.274,0.865,0.561,0.655,0.269527,0.853403,0,0.212066,0.827225,0,0.273593,0.581152,0,0.865342,0.63089,1,0.561405,0.651832,0,0.654972,0.772251,0,0,0,0,1,0,0
defeat,True,1,000001,Ev,,True,3,001101,Ev,"Ap, An",0.407,0.683,0.662,0.609,0.029,0.867,0.406987,0.853403,0,0.682854,0.827225,0,0.661743,0.581152,1,0.609303,0.63089,0,0.028557,0.651832,0,0.86684,0.772251,1,0,0,0,0,0,1
defect,True,1,000100,An,,True,2,000101,An,Ev,0.613,0.693,0.191,0.949,0.172,0.796,0.61339,0.853403,0,0.693266,0.827225,0,0.190732,0.581152,0,0.949365,0.63089,1,0.172078,0.651832,0,0.795822,0.772251,1,0,0,0,1,0,0
defer,True,3,001011,Ev,"Ap, Sn",True,3,001011,Ev,"Ap, Sn",0.149,0.392,0.76,0.249,0.784,0.803,0.149215,0.853403,0,0.391983,0.827225,0,0.760306,0.581152,1,0.249461,0.63089,0,0.783811,0.651832,1,0.802999,0.772251,1,0,0,1,0,1,1
deflate,True,1,001000,Ap,,True,2,001100,Ap,An,0.149,0.375,0.804,0.582,0.097,0.61,0.149215,0.853403,0,0.375371,0.827225,0,0.803915,0.581152,1,0.582376,0.63089,0,0.097412,0.651832,0,0.609893,0.772251,0,0,0,1,0,0,0
deflect,True,1,000001,Ev,,True,1,000001,Ev,,0.149,0.284,0.214,0.332,0.238,0.954,0.149215,0.853403,0,0.283686,0.827225,0,0.214309,0.581152,0,0.331574,0.63089,0,0.238305,0.651832,0,0.954057,0.772251,1,0,0,0,0,0,1
deform,True,1,001000,Ap,,True,3,001110,Ap,"An, Sn",0.149,0.154,0.873,0.566,0.765,0.238,0.149215,0.853403,0,0.153715,0.827225,0,0.873293,0.581152,1,0.565603,0.63089,0,0.765445,0.651832,1,0.238322,0.772251,0,0,0,1,0,0,0
defy,True,1,000001,Ev,,True,1,000001,Ev,,0.252,0.385,0.458,0.207,0.106,0.911,0.25165,0.853403,0,0.385104,0.827225,0,0.45834,0.581152,0,0.206861,0.63089,0,0.105808,0.651832,0,0.911344,0.772251,1,0,0,0,0,0,1
degenerate,True,1,000100,An,,True,4,011101,An,"Cm, Ap, Ev",0.367,0.763,0.583,0.986,0.143,0.798,0.366672,0.853403,0,0.762736,0.827225,0,0.582591,0.581152,1,0.986226,0.63089,1,0.143198,0.651832,0,0.797981,0.772251,1,0,0,0,1,0,0
degrade,True,1,001000,Ap,,True,3,001011,Ap,"Sn, Ev",0.149,0.038,0.739,0.417,0.612,0.719,0.149215,0.853403,0,0.038299,0.827225,0,0.739061,0.581152,1,0.417027,0.63089,0,0.611932,0.651832,0,0.718732,0.772251,0,0,0,1,0,0,0
deionize,True,1,001000,Ap,,True,3,001101,Ev,"Ap, An",0.149,0.026,0.594,0.578,0.364,0.672,0.149215,0.853403,0,0.026178,0.827225,0,0.594167,0.581152,1,0.577659,0.63089,0,0.363939,0.651832,0,0.67192,0.772251,0,0,0,1,0,0,0
delay,False,0,000000,,,False,0,000000,,,0.722,0.639,0.407,0.495,0.26,0.374,0.721742,0.853403,0,0.638926,0.827225,0,0.406868,0.581152,0,0.494877,0.63089,0,0.260145,0.651832,0,0.374367,0.772251,0,0,0,0,0,0,0
delete,True,1,000001,Ev,,True,2,000101,Ev,An,0.247,0.549,0.454,0.591,0.163,0.839,0.24729,0.853403,0,0.54902,0.827225,0,0.454203,0.581152,0,0.59104,0.63089,0,0.16254,0.651832,0,0.839296,0.772251,1,0,0,0,0,0,1
delimit,True,1,000100,An,,True,1,000100,An,,0.611,0.215,0.221,0.95,0.085,0.479,0.610609,0.853403,0,0.215181,0.827225,0,0.220591,0.581152,0,0.949891,0.63089,1,0.084645,0.651832,0,0.478548,0.772251,0,0,0,0,1,0,0
delineate,True,1,000100,An,,True,2,010100,An,Cm,0.604,0.887,0.056,0.997,0.105,0.475,0.604299,0.853403,0,0.887021,0.827225,1,0.056042,0.581152,0,0.997382,0.63089,1,0.105042,0.651832,0,0.475071,0.772251,0,0,0,0,1,0,0
delve,True,1,000100,An,,True,2,001100,An,Ap,0.591,0.372,0.565,0.832,0.068,0.538,0.590781,0.853403,0,0.371968,0.827225,0,0.565313,0.581152,0,0.83214,0.63089,1,0.068303,0.651832,0,0.53817,0.772251,0,0,0,0,1,0,0
demagnetize,True,1,001000,Ap,,True,1,001000,Ap,,0.149,0.026,0.847,0.237,0.544,0.359,0.149215,0.853403,0,0.026178,0.827225,0,0.847202,0.581152,1,0.237394,0.63089,0,0.543739,0.651832,0,0.359433,0.772251,0,0,0,1,0,0,0
demand,True,1,000100,An,,True,3,001110,An,"Ap, Sn",0.463,0.117,0.556,0.868,0.625,0.649,0.462691,0.853403,0,0.116939,0.827225,0,0.556076,0.581152,0,0.868171,0.63089,1,0.624836,0.651832,0,0.648635,0.772251,0,0,0,0,1,0,0
demarcate,True,1,000100,An,,True,2,010100,An,Cm,0.364,0.771,0.301,0.931,0.105,0.258,0.363611,0.853403,0,0.770954,0.827225,0,0.301393,0.581152,0,0.930758,0.63089,1,0.105452,0.651832,0,0.258383,0.772251,0,0,0,0,1,0,0
demodulate,False,0,000000,,,True,1,001000,Ap,,0.149,0.187,0.58,0.526,0.103,0.647,0.149215,0.853403,0,0.187264,0.827225,0,0.58028,0.581152,0,0.525901,0.63089,0,0.103074,0.651832,0,0.646938,0.772251,0,0,0,0,0,0,0
demolish,True,1,001000,Ap,,True,1,001000,Ap,,0.22,0.319,0.95,0.039,0.501,0.147,0.219904,0.853403,0,0.319158,0.827225,0,0.949842,0.581152,1,0.038604,0.63089,0,0.500828,0.651832,0,0.146946,0.772251,0,0,0,1,0,0,0
demoralise,True,1,000001,Ev,,True,2,001001,Ev,Ap,0.149,0.099,0.589,0.412,0.107,0.931,0.149215,0.853403,0,0.098897,0.827225,0,0.588903,0.581152,1,0.411575,0.63089,0,0.107262,0.651832,0,0.931198,0.772251,1,0,0,0,0,0,1
demystify,True,1,010000,Cm,,True,3,010101,Cm,"An, Ev",0.471,0.965,0.293,0.826,0.244,0.753,0.471445,0.853403,0,0.965116,0.827225,1,0.292804,0.581152,0,0.826388,0.63089,1,0.243608,0.651832,0,0.753037,0.772251,0,0,1,0,0,0,0
denote,True,3,110010,Kn,"Cm, Sn",True,4,111010,Kn,"Cm, Ap, Sn",0.9,0.871,0.502,0.3,0.661,0.008,0.900489,0.853403,1,0.871452,0.827225,1,0.502261,0.581152,0,0.300054,0.63089,0,0.660714,0.651832,1,0.007853,0.772251,0,1,1,0,0,1,0
depart,True,1,001000,Ap,,True,2,001001,Ev,Ap,0.254,0.413,0.656,0.366,0.008,0.709,0.25411,0.853403,0,0.412652,0.827225,0,0.656378,0.581152,1,0.366259,0.63089,0,0.008347,0.651832,0,0.708684,0.772251,0,0,0,1,0,0,0
depend,True,2,010001,Ev,Cm,True,4,110101,Ev,"Kn, Cm, An",0.732,0.903,0.09,0.58,0.527,0.932,0.732478,0.853403,0,0.903287,0.827225,1,0.089821,0.581152,0,0.580307,0.63089,0,0.527303,0.651832,0,0.931574,0.772251,1,0,1,0,0,0,1
deplete,True,1,001000,Ap,,True,2,001001,Ap,Ev,0.235,0.082,0.892,0.296,0.122,0.748,0.235283,0.853403,0,0.08164,0.827225,0,0.892186,0.581152,1,0.296255,0.63089,0,0.121715,0.651832,0,0.748146,0.772251,0,0,0,1,0,0,0
deploy,True,1,001000,Ap,,True,1,001000,Ap,,0.149,0.368,0.947,0.115,0.502,0.353,0.149215,0.853403,0,0.368491,0.827225,0,0.946861,0.581152,1,0.114629,0.63089,0,0.502462,0.651832,0,0.353429,0.772251,0,0,0,1,0,0,0
depress,True,1,000010,Sn,,True,3,001011,Sn,"Ap, Ev",0.309,0.103,0.532,0.315,0.701,0.69,0.309133,0.853403,0,0.102985,0.827225,0,0.531994,0.581152,0,0.315223,0.63089,0,0.700866,0.651832,1,0.690074,0.772251,0,0,0,0,0,1,0
deprive,True,1,000001,Ev,,True,1,000001,Ev,,0.149,0.065,0.491,0.477,0.026,0.944,0.149215,0.853403,0,0.065308,0.827225,0,0.491198,0.581152,0,0.47669,0.63089,0,0.026075,0.651832,0,0.944376,0.772251,1,0,0,0,0,0,1
derate,True,1,000100,An,,True,1,000100,An,,0.149,0.555,0.418,0.646,0.107,0.617,0.149215,0.853403,0,0.554841,0.827225,0,0.418143,0.581152,0,0.645867,0.63089,1,0.107328,0.651832,0,0.617144,0.772251,0,0,0,0,1,0,0
deregulate,True,1,001000,Ap,,True,2,001010,Ap,Sn,0.149,0.057,0.853,0.411,0.656,0.356,0.149215,0.853403,0,0.056537,0.827225,0,0.853029,0.581152,1,0.410602,0.63089,0,0.655862,0.651832,1,0.355704,0.772251,0,0,0,1,0,0,0
descend,True,1,001000,Ap,,True,1,001000,Ap,,0.4,0.083,0.795,0.35,0.405,0.29,0.400037,0.853403,0,0.083189,0.827225,0,0.795153,0.581152,1,0.35045,0.63089,0,0.404843,0.651832,0,0.289645,0.772251,0,0,0,1,0,0,0
deserve,True,1,000001,Ev,,True,2,001001,Ev,Ap,0.365,0.428,0.507,0.013,0.227,0.917,0.365437,0.853403,0,0.427741,0.827225,0,0.506604,0.581152,0,0.01345,0.63089,0,0.226526,0.651832,0,0.916796,0.772251,1,0,0,0,0,0,1
desiccate,True,1,001000,Ap,,True,2,001001,Ap,Ev,0.149,0.06,0.69,0.222,0.5,0.689,0.149215,0.853403,0,0.059693,0.827225,0,0.690462,0.581152,1,0.221546,0.63089,0,0.499652,0.651832,0,0.688687,0.772251,0,0,0,1,0,0,0
designate,True,1,000010,Sn,,True,2,001010,Sn,Ap,0.65,0.411,0.593,0.339,0.828,0.278,0.650291,0.853403,0,0.410748,0.827225,0,0.593013,0.581152,1,0.338727,0.63089,0,0.827626,0.651832,1,0.277793,0.772251,0,0,0,0,0,1,0
desire,True,1,001000,Ap,,True,1,001000,Ap,,0.312,0.064,0.776,0.198,0.241,0.324,0.312332,0.853403,0,0.063968,0.827225,0,0.776077,0.581152,1,0.198271,0.63089,0,0.24067,0.651832,0,0.323714,0.772251,0,0,0,1,0,0,0
destabilize,False,0,000000,,,False,0,000000,,,0.149,0.026,0.462,0.336,0.549,0.634,0.149215,0.853403,0,0.026178,0.827225,0,0.461553,0.581152,0,0.33593,0.63089,0,0.549332,0.651832,0,0.634414,0.772251,0,0,0,0,0,0,0
destine,True,1,000001,Ev,,True,3,100101,Ev,"Kn, An",0.734,0.23,0.113,0.636,0.038,0.936,0.73438,0.853403,0,0.230011,0.827225,0,0.113415,0.581152,0,0.635651,0.63089,1,0.037601,0.651832,0,0.935924,0.772251,1,0,0,0,0,0,1
destroy,True,1,001000,Ap,,True,3,001101,Ap,"An, Ev",0.149,0.082,0.939,0.704,0.261,0.75,0.149215,0.853403,0,0.081835,0.827225,0,0.939338,0.581152,1,0.704002,0.63089,1,0.261287,0.651832,0,0.749509,0.772251,0,0,0,1,0,0,0
detach,True,1,000100,An,,True,1,000100,An,,0.149,0.341,0.231,0.713,0.12,0.361,0.149215,0.853403,0,0.340526,0.827225,0,0.230919,0.581152,0,0.71338,0.63089,1,0.12048,0.651832,0,0.361,0.772251,0,0,0,0,1,0,0
deter,True,1,000100,An,,True,2,000101,An,Ev,0.149,0.268,0.404,0.955,0.031,0.864,0.149215,0.853403,0,0.267626,0.827225,0,0.403585,0.581152,0,0.954771,0.63089,1,0.031199,0.651832,0,0.863924,0.772251,1,0,0,0,1,0,0
deteriorate,True,1,001000,Ap,,True,2,001010,Ap,Sn,0.149,0.039,0.899,0.394,0.597,0.48,0.149215,0.853403,0,0.039043,0.827225,0,0.899258,0.581152,1,0.393721,0.63089,0,0.597127,0.651832,0,0.479719,0.772251,0,0,0,1,0,0,0
detonate,True,1,000100,An,,True,2,000101,Ev,An,0.149,0.189,0.469,0.74,0.075,0.758,0.149215,0.853403,0,0.189296,0.827225,0,0.468875,0.581152,0,0.739657,0.63089,1,0.074781,0.651832,0,0.758176,0.772251,0,0,0,0,1,0,0
detract,True,2,001100,An,Ap,True,3,001101,An,"Ap, Ev",0.149,0.64,0.69,0.746,0.057,0.731,0.149215,0.853403,0,0.640355,0.827225,0,0.689614,0.581152,1,0.745944,0.63089,1,0.057266,0.651832,0,0.730551,0.772251,0,0,0,1,1,0,0
devastate,True,1,001000,Ap,,True,2,001001,Ev,Ap,0.149,0.206,0.721,0.261,0.34,0.768,0.149215,0.853403,0,0.206054,0.827225,0,0.720973,0.581152,1,0.261129,0.63089,0,0.340098,0.651832,0,0.76758,0.772251,0,0,0,1,0,0,0
deviate,True,1,000100,An,,True,1,000100,An,,0.149,0.41,0.407,0.927,0.397,0.578,0.149215,0.853403,0,0.410367,0.827225,0,0.406814,0.581152,0,0.926752,0.63089,1,0.396894,0.651832,0,0.578316,0.772251,0,0,0,0,1,0,0
devote,True,1,001000,Ap,,True,2,001010,Ap,Sn,0.203,0.082,0.99,0.017,0.813,0.222,0.202778,0.853403,0,0.081894,0.827225,0,0.990285,0.581152,1,0.016664,0.63089,0,0.813156,0.651832,1,0.222245,0.772251,0,0,0,1,0,0,0
diagonalize,True,1,000100,An,,True,3,011100,Cm,"Ap, An",0.311,0.8,0.56,0.663,0.511,0.054,0.310566,0.853403,0,0.800471,0.827225,0,0.559678,0.581152,0,0.663204,0.63089,1,0.511446,0.651832,0,0.054198,0.772251,0,0,0,0,1,0,0
die,True,1,000001,Ev,,True,4,011101,Ev,"Cm, Ap, An",0.609,0.813,0.754,0.612,0.18,0.852,0.609433,0.853403,0,0.813216,0.827225,0,0.754009,0.581152,1,0.61171,0.63089,0,0.17992,0.651832,0,0.852401,0.772251,1,0,0,0,0,0,1
differ,True,3,010101,An,"Cm, Ev",True,3,010101,An,"Cm, Ev",0.205,0.925,0.195,0.947,0.356,0.898,0.204708,0.853403,0,0.925364,0.827225,1,0.195084,0.581152,0,0.947398,0.63089,1,0.356488,0.651832,0,0.898339,0.772251,1,0,1,0,1,0,1
diffract,True,1,000100,An,,True,2,010100,An,Cm,0.235,0.867,0.21,0.974,0.17,0.587,0.234505,0.853403,0,0.867392,0.827225,1,0.210488,0.581152,0,0.973697,0.63089,1,0.170332,0.651832,0,0.587049,0.772251,0,0,0,0,1,0,0
diffuse,True,1,000100,An,,True,2,001100,An,Ap,0.613,0.667,0.587,0.803,0.181,0.344,0.612808,0.853403,0,0.666968,0.827225,0,0.586591,0.581152,1,0.803204,0.63089,1,0.180544,0.651832,0,0.343834,0.772251,0,0,0,0,1,0,0
dig,True,1,000100,An,,True,4,111100,An,"Kn, Cm, Ap",0.847,0.77,0.568,0.953,0.008,0.515,0.8471,0.853403,0,0.770326,0.827225,0,0.567864,0.581152,0,0.953029,0.63089,1,0.00787,0.651832,0,0.514603,0.772251,0,0,0,0,1,0,0
digest,True,1,000100,An,,True,1,000100,An,,0.615,0.106,0.38,0.664,0.259,0.485,0.615404,0.853403,0,0.106434,0.827225,0,0.380497,0.581152,0,0.663566,0.63089,1,0.258993,0.651832,0,0.485111,0.772251,0,0,0,0,1,0,0
digitize,False,0,000000,,,True,1,001000,Ap,,0.655,0.553,0.536,0.213,0.521,0.144,0.654958,0.853403,0,0.553117,0.827225,0,0.535776,0.581152,0,0.213367,0.63089,0,0.521328,0.651832,0,0.144147,0.772251,0,0,0,0,0,0,0
dilate,True,1,001000,Ap,,True,1,001000,Ap,,0.149,0.411,0.885,0.219,0.542,0.099,0.149215,0.853403,0,0.410871,0.827225,0,0.885464,0.581152,1,0.218994,0.63089,0,0.54169,0.651832,0,0.099069,0.772251,0,0,0,1,0,0,0
dilute,True,1,001000,Ap,,True,2,001100,Ap,An,0.428,0.655,0.994,0.72,0.037,0.008,0.427594,0.853403,0,0.655243,0.827225,0,0.994456,0.581152,1,0.719826,0.63089,1,0.036886,0.651832,0,0.007853,0.772251,0,0,0,1,0,0,0
dip,True,1,000100,An,,True,2,000101,An,Ev,0.617,0.373,0.101,0.875,0.161,0.69,0.617058,0.853403,0,0.373448,0.827225,0,0.100666,0.581152,0,0.874947,0.63089,1,0.160686,0.651832,0,0.689706,0.772251,0,0,0,0,1,0,0
disable,True,1,001000,Ap,,True,1,001000,Ap,,0.149,0.026,0.854,0.508,0.076,0.617,0.149215,0.853403,0,0.026178,0.827225,0,0.853946,0.581152,1,0.507547,0.63089,0,0.07589,0.651832,0,0.617115,0.772251,0,0,0,1,0,0,0
disagree,True,1,000001,Ev,,True,2,000101,Ev,An,0.394,0.57,0.193,0.578,0.159,0.988,0.394237,0.853403,0,0.569577,0.827225,0,0.192538,0.581152,0,0.57772,0.63089,0,0.159421,0.651832,0,0.988175,0.772251,1,0,0,0,0,0,1
disallow,True,1,000001,Ev,,True,3,001101,Ev,"Ap, An",0.149,0.026,0.627,0.753,0.229,0.858,0.149215,0.853403,0,0.026178,0.827225,0,0.626933,0.581152,1,0.752508,0.63089,1,0.228982,0.651832,0,0.858409,0.772251,1,0,0,0,0,0,1
disambiguate,True,1,010000,Cm,,True,2,010100,Cm,An,0.374,0.983,0.264,0.636,0.275,0.534,0.373888,0.853403,0,0.982512,0.827225,1,0.26431,0.581152,0,0.635766,0.63089,1,0.274928,0.651832,0,0.533956,0.772251,0,0,1,0,0,0,0
disappear,True,1,001000,Ap,,True,2,101000,Kn,Ap,0.738,0.508,0.702,0.243,0.234,0.34,0.737951,0.853403,0,0.507656,0.827225,0,0.702202,0.581152,1,0.243427,0.63089,0,0.233594,0.651832,0,0.340067,0.772251,0,0,0,1,0,0,0
disappoint,True,1,001000,Ap,,True,1,001000,Ap,,0.466,0.553,0.774,0.488,0.417,0.496,0.466459,0.853403,0,0.553058,0.827225,0,0.773506,0.581152,1,0.488056,0.63089,0,0.417294,0.651832,0,0.496388,0.772251,0,0,0,1,0,0,0
disassemble,True,1,000010,Sn,,True,2,000110,Sn,An,0.149,0.033,0.213,0.709,0.952,0.238,0.149215,0.853403,0,0.033215,0.827225,0,0.212728,0.581152,0,0.708572,0.63089,1,0.951989,0.651832,1,0.23796,0.772251,0,0,0,0,0,1,0
disassociate,True,1,000100,An,,True,1,000100,An,,0.149,0.326,0.253,0.834,0.037,0.632,0.149215,0.853403,0,0.325871,0.827225,0,0.25279,0.581152,0,0.834231,0.63089,1,0.036674,0.651832,0,0.631546,0.772251,0,0,0,0,1,0,0
discard,True,1,001000,Ap,,True,3,001101,Ap,"An, Ev",0.478,0.164,0.978,0.576,0.08,0.904,0.478384,0.853403,0,0.163555,0.827225,0,0.978355,0.581152,1,0.575555,0.63089,0,0.079697,0.651832,0,0.90448,0.772251,1,0,0,1,0,0,0
discern,True,2,010100,An,Cm,True,3,010101,An,"Cm, Ev",0.684,0.953,0.076,0.997,0.005,0.77,0.68416,0.853403,0,0.952766,0.827225,1,0.075719,0.581152,0,0.997382,0.63089,1,0.005203,0.651832,0,0.770094,0.772251,0,0,1,0,1,0,0
discipline,True,1,000001,Ev,,True,2,001001,Ev,Ap,0.149,0.219,0.592,0.029,0.373,0.915,0.149215,0.853403,0,0.218893,0.827225,0,0.591775,0.581152,1,0.029231,0.63089,0,0.373071,0.651832,0,0.91535,0.772251,1,0,0,0,0,0,1
disclose,True,1,001000,Ap,,True,2,101000,Ap,Kn,0.736,0.68,0.829,0.163,0.235,0.105,0.735972,0.853403,0,0.679776,0.827225,0,0.828724,0.581152,1,0.162714,0.63089,0,0.235447,0.651832,0,0.104928,0.772251,0,0,0,1,0,0,0
discolor,True,3,110100,Cm,"Kn, An",True,3,110100,Cm,"Kn, An",0.918,0.931,0.2,0.81,0.281,0.523,0.917977,0.853403,1,0.931333,0.827225,1,0.200122,0.581152,0,0.80954,0.63089,1,0.28098,0.651832,0,0.523215,0.772251,0,1,1,0,1,0,0
disconnect,True,1,000100,An,,True,1,000100,An,,0.149,0.196,0.143,0.699,0.23,0.443,0.149215,0.853403,0,0.195591,0.827225,0,0.142937,0.581152,0,0.698723,0.63089,1,0.229626,0.651832,0,0.44316,0.772251,0,0,0,0,1,0,0
discontinue,True,2,000101,An,Ev,True,2,000101,An,Ev,0.149,0.275,0.111,0.925,0.029,0.905,0.149215,0.853403,0,0.274659,0.827225,0,0.111076,0.581152,0,0.924828,0.63089,1,0.029404,0.651832,0,0.904959,0.772251,1,0,0,0,1,0,1
discount,False,0,000000,,,False,0,000000,,,0.531,0.648,0.22,0.423,0.202,0.345,0.531405,0.853403,0,0.647798,0.827225,0,0.220123,0.581152,0,0.422671,0.63089,0,0.202324,0.651832,0,0.344677,0.772251,0,0,0,0,0,0,0
discourage,True,1,000001,Ev,,True,1,000001,Ev,,0.149,0.026,0.341,0.101,0.387,0.922,0.149215,0.853403,0,0.026178,0.827225,0,0.340644,0.581152,0,0.101126,0.63089,0,0.387077,0.651832,0,0.921963,0.772251,1,0,0,0,0,0,1
disenfranchise,True,1,000001,Ev,,True,2,001001,Ev,Ap,0.149,0.026,0.558,0.325,0.204,0.849,0.149215,0.853403,0,0.026178,0.827225,0,0.558201,0.581152,0,0.325231,0.63089,0,0.203603,0.651832,0,0.849058,0.772251,1,0,0,0,0,0,1
disengage,True,1,000001,Ev,,True,2,000101,Ev,An,0.149,0.026,0.281,0.539,0.178,0.908,0.149215,0.853403,0,0.026178,0.827225,0,0.280691,0.581152,0,0.538907,0.63089,0,0.178309,0.651832,0,0.908095,0.772251,1,0,0,0,0,0,1
disentangle,True,1,000100,An,,True,2,010100,An,Cm,0.356,0.757,0.212,0.843,0.472,0.434,0.355709,0.853403,0,0.756833,0.827225,0,0.21178,0.581152,0,0.84289,0.63089,1,0.472197,0.651832,0,0.434347,0.772251,0,0,0,0,1,0,0
disfigure,True,1,000100,An,,True,4,111100,Kn,"Cm, Ap, An",0.844,0.804,0.568,0.731,0.417,0.148,0.843692,0.853403,0,0.804482,0.827225,0,0.568021,0.581152,0,0.731482,0.63089,1,0.417001,0.651832,0,0.148112,0.772251,0,0,0,0,1,0,0
disguise,True,1,100000,Kn,,True,3,110010,Kn,"Cm, Sn",0.942,0.779,0.401,0.196,0.723,0.054,0.94238,0.853403,1,0.778779,0.827225,0,0.401218,0.581152,0,0.19589,0.63089,0,0.723369,0.651832,1,0.054432,0.772251,0,1,0,0,0,0,0
disintegrate,True,1,000100,An,,True,1,000100,An,,0.149,0.026,0.354,0.7,0.474,0.429,0.149215,0.853403,0,0.026178,0.827225,0,0.353571,0.581152,0,0.700359,0.63089,1,0.473679,0.651832,0,0.429028,0.772251,0,0,0,0,1,0,0
dislodge,True,1,000100,An,,True,1,000100,An,,0.149,0.153,0.302,0.836,0.236,0.358,0.149215,0.853403,0,0.153103,0.827225,0,0.301999,0.581152,0,0.835888,0.63089,1,0.235871,0.651832,0,0.358025,0.772251,0,0,0,0,1,0,0
dismantle,True,1,000010,Sn,,True,2,000110,Sn,An,0.149,0.026,0.324,0.6,0.662,0.237,0.149215,0.853403,0,0.026178,0.827225,0,0.324209,0.581152,0,0.600393,0.63089,0,0.661998,0.651832,1,0.23682,0.772251,0,0,0,0,0,1,0
dismay,False,0,000000,,,False,0,000000,,,0.42,0.088,0.402,0.488,0.281,0.531,0.419539,0.853403,0,0.088376,0.827225,0,0.401508,0.581152,0,0.487851,0.63089,0,0.281028,0.651832,0,0.531157,0.772251,0,0,0,0,0,0,0
dismiss,True,1,000001,Ev,,True,2,001001,Ev,Ap,0.149,0.24,0.539,0.384,0.196,0.8,0.149215,0.853403,0,0.239531,0.827225,0,0.539025,0.581152,0,0.384204,0.63089,0,0.196371,0.651832,0,0.799667,0.772251,1,0,0,0,0,0,1
disparage,True,1,000001,Ev,,True,2,000101,Ev,An,0.149,0.623,0.292,0.773,0.232,0.943,0.149215,0.853403,0,0.623411,0.827225,0,0.292473,0.581152,0,0.772763,0.63089,1,0.231776,0.651832,0,0.943419,0.772251,1,0,0,0,0,0,1
dispatch,True,1,001000,Ap,,True,1,001000,Ap,,0.249,0.376,0.935,0.358,0.259,0.195,0.24854,0.853403,0,0.376188,0.827225,0,0.935358,0.581152,1,0.358414,0.63089,0,0.25868,0.651832,0,0.194911,0.772251,0,0,0,1,0,0,0
dispel,True,1,000100,An,,True,2,000101,Ev,An,0.227,0.16,0.438,0.676,0.145,0.757,0.226849,0.853403,0,0.159801,0.827225,0,0.438219,0.581152,0,0.675986,0.63089,1,0.144815,0.651832,0,0.756851,0.772251,0,0,0,0,1,0,0
dispense,True,1,001000,Ap,,True,1,001000,Ap,,0.362,0.1,0.968,0.097,0.285,0.083,0.361817,0.853403,0,0.099501,0.827225,0,0.96753,0.581152,1,0.09669,0.63089,0,0.285351,0.651832,0,0.082541,0.772251,0,0,0,1,0,0,0
disperse,True,1,001000,Ap,,True,1,001000,Ap,,0.263,0.328,0.767,0.477,0.541,0.494,0.263497,0.853403,0,0.327553,0.827225,0,0.767199,0.581152,1,0.476767,0.63089,0,0.540734,0.651832,0,0.493846,0.772251,0,0,0,1,0,0,0
displace,True,1,001000,Ap,,True,2,001100,Ap,An,0.245,0.625,0.858,0.752,0.201,0.221,0.244527,0.853403,0,0.624523,0.827225,0,0.857861,0.581152,1,0.751582,0.63089,1,0.20055,0.651832,0,0.220705,0.772251,0,0,0,1,0,0,0
display,True,2,110000,Kn,Cm,True,3,110100,Kn,"Cm, An",0.909,0.876,0.479,0.56,0.254,0.389,0.908569,0.853403,1,0.876017,0.827225,1,0.478923,0.581152,0,0.560331,0.63089,0,0.254478,0.651832,0,0.388525,0.772251,0,1,1,0,0,0,0
dispose,True,1,001000,Ap,,True,3,001101,Ap,"An, Ev",0.313,0.156,0.95,0.697,0.079,0.846,0.312974,0.853403,0,0.156397,0.827225,0,0.949715,0.581152,1,0.69671,0.63089,1,0.078737,0.651832,0,0.845812,0.772251,1,0,0,1,0,0,0
disprove,True,1,000001,Ev,,True,2,000101,Ev,An,0.207,0.486,0.282,0.835,0.075,0.923,0.20655,0.853403,0,0.486389,0.827225,0,0.282397,0.581152,0,0.834743,0.63089,1,0.075333,0.651832,0,0.923445,0.772251,1,0,0,0,0,0,1
dispute,True,1,000001,Ev,,True,2,000101,Ev,An,0.332,0.283,0.253,0.934,0.286,0.997,0.332229,0.853403,0,0.282927,0.827225,0,0.252917,0.581152,0,0.934289,0.63089,1,0.285836,0.651832,0,0.997382,0.772251,1,0,0,0,0,0,1
disrupt,True,1,000010,Sn,,True,2,001010,Sn,Ap,0.149,0.105,0.539,0.124,0.672,0.491,0.149215,0.853403,0,0.104865,0.827225,0,0.539442,0.581152,0,0.124071,0.63089,0,0.671883,0.651832,1,0.491023,0.772251,0,0,0,0,0,1,0
disseminate,True,1,001000,Ap,,True,1,001000,Ap,,0.329,0.081,0.965,0.249,0.157,0.329,0.328972,0.853403,0,0.081372,0.827225,0,0.964652,0.581152,1,0.248847,0.63089,0,0.157466,0.651832,0,0.329034,0.772251,0,0,0,1,0,0,0
dissipate,True,2,001100,Ap,An,True,2,001100,Ap,An,0.149,0.458,0.722,0.715,0.125,0.445,0.149215,0.853403,0,0.458424,0.827225,0,0.721737,0.581152,1,0.714754,0.63089,1,0.124584,0.651832,0,0.445495,0.772251,0,0,0,1,1,0,0
dissociate,True,1,000100,An,,True,1,000100,An,,0.149,0.318,0.275,0.925,0.031,0.437,0.149215,0.853403,0,0.317779,0.827225,0,0.275487,0.581152,0,0.925331,0.63089,1,0.030815,0.651832,0,0.436562,0.772251,0,0,0,0,1,0,0
dissolve,True,1,000010,Sn,,True,2,000110,Sn,An,0.206,0.026,0.254,0.723,0.786,0.231,0.206153,0.853403,0,0.026178,0.827225,0,0.253803,0.581152,0,0.723238,0.63089,1,0.785904,0.651832,1,0.230836,0.772251,0,0,0,0,0,1,0
dissuade,True,1,000001,Ev,,True,2,000101,Ev,An,0.149,0.026,0.377,0.538,0.246,0.95,0.149215,0.853403,0,0.026178,0.827225,0,0.377485,0.581152,0,0.537638,0.63089,0,0.245576,0.651832,0,0.950259,0.772251,1,0,0,0,0,0,1
distil,True,1,000100,An,,True,2,000101,An,Ev,0.29,0.082,0.047,0.913,0.431,0.657,0.289562,0.853403,0,0.0816,0.827225,0,0.047387,0.581152,0,0.913169,0.63089,1,0.431084,0.651832,0,0.657215,0.772251,0,0,0,0,1,0,0
distill,True,1,000100,An,,True,1,000100,An,,0.245,0.065,0.449,0.753,0.497,0.653,0.245198,0.853403,0,0.065184,0.827225,0,0.448623,0.581152,0,0.752749,0.63089,1,0.49719,0.651832,0,0.653238,0.772251,0,0,0,0,1,0,0
distort,True,1,001000,Ap,,True,2,001010,Ap,Sn,0.149,0.385,0.905,0.41,0.676,0.511,0.149215,0.853403,0,0.385035,0.827225,0,0.905149,0.581152,1,0.409696,0.63089,0,0.676278,0.651832,1,0.511476,0.772251,0,0,0,1,0,0,0
distract,True,1,000100,An,,True,1,000100,An,,0.149,0.054,0.194,0.643,0.257,0.623,0.149215,0.853403,0,0.05418,0.827225,0,0.193651,0.581152,0,0.642564,0.63089,1,0.256802,0.651832,0,0.622742,0.772251,0,0,0,0,1,0,0
distribute,True,1,001000,Ap,,True,1,001000,Ap,,0.615,0.386,0.978,0.24,0.237,0.147,0.615139,0.853403,0,0.386017,0.827225,0,0.978401,0.581152,1,0.240082,0.63089,0,0.237191,0.651832,0,0.146519,0.772251,0,0,0,1,0,0,0
disturb,False,0,000000,,,False,0,000000,,,0.427,0.393,0.21,0.118,0.503,0.062,0.427392,0.853403,0,0.392942,0.827225,0,0.210049,0.581152,0,0.118102,0.63089,0,0.502582,0.651832,0,0.061982,0.772251,0,0,0,0,0,0,0
dive,True,1,001000,Ap,,True,1,001000,Ap,,0.279,0.393,0.762,0.373,0.373,0.224,0.279319,0.853403,0,0.392771,0.827225,0,0.761631,0.581152,1,0.373096,0.63089,0,0.372972,0.651832,0,0.223998,0.772251,0,0,0,1,0,0,0
diverge,True,1,010000,Cm,,True,3,011100,Cm,"Ap, An",0.428,0.928,0.776,0.593,0.424,0.344,0.428462,0.853403,0,0.92822,0.827225,1,0.775931,0.581152,1,0.593412,0.63089,0,0.423914,0.651832,0,0.343647,0.772251,0,0,1,0,0,0,0
diversify,True,1,000010,Sn,,True,2,001010,Sn,Ap,0.149,0.516,0.534,0.44,0.978,0.654,0.149215,0.853403,0,0.515917,0.827225,0,0.533707,0.581152,0,0.440438,0.63089,0,0.978496,0.651832,1,0.654449,0.772251,0,0,0,0,0,1,0
divert,True,1,000100,An,,True,2,001100,An,Ap,0.149,0.231,0.564,0.64,0.521,0.183,0.149215,0.853403,0,0.23075,0.827225,0,0.56365,0.581152,0,0.64037,0.63089,1,0.521033,0.651832,0,0.182765,0.772251,0,0,0,0,1,0,0
divulge,False,0,000000,,,True,1,100000,Kn,,0.798,0.581,0.327,0.17,0.189,0.066,0.797733,0.853403,0,0.580618,0.827225,0,0.32714,0.581152,0,0.169675,0.63089,0,0.189353,0.651832,0,0.065588,0.772251,0,0,0,0,0,0,0
dodge,True,1,001000,Ap,,True,2,001001,Ap,Ev,0.252,0.426,0.843,0.327,0.143,0.697,0.251951,0.853403,0,0.425793,0.827225,0,0.843299,0.581152,1,0.326605,0.63089,0,0.143235,0.651832,0,0.697399,0.772251,0,0,0,1,0,0,0
domesticate,True,1,000010,Sn,,True,2,001010,Sn,Ap,0.31,0.064,0.674,0.309,0.986,0.3,0.309802,0.853403,0,0.063871,0.827225,0,0.674426,0.581152,1,0.308641,0.63089,0,0.985922,0.651832,1,0.300074,0.772251,0,0,0,0,0,1,0
dominate,True,1,001000,Ap,,True,2,001001,Ap,Ev,0.44,0.676,0.856,0.11,0.553,0.769,0.439903,0.853403,0,0.676428,0.827225,0,0.855926,0.581152,1,0.109665,0.63089,0,0.552662,0.651832,0,0.768569,0.772251,0,0,0,1,0,0,0
donate,True,1,000010,Sn,,True,2,001010,Sn,Ap,0.33,0.395,0.635,0.008,0.788,0.248,0.329998,0.853403,0,0.394763,0.827225,0,0.634879,0.581152,1,0.008074,0.63089,0,0.787574,0.651832,1,0.247807,0.772251,0,0,0,0,0,1,0
doubt,True,1,000001,Ev,,True,2,000101,Ev,An,0.571,0.678,0.205,0.739,0.066,0.905,0.570512,0.853403,0,0.678023,0.827225,0,0.205052,0.581152,0,0.739023,0.63089,1,0.065772,0.651832,0,0.904713,0.772251,1,0,0,0,0,0,1
downgrade,False,0,000000,,,True,1,001000,Ap,,0.149,0.106,0.557,0.115,0.552,0.497,0.149215,0.853403,0,0.105738,0.827225,0,0.556855,0.581152,0,0.114603,0.63089,0,0.551957,0.651832,0,0.496531,0.772251,0,0,0,0,0,0,0
download,False,0,000000,,,False,0,000000,,,0.644,0.064,0.403,0.347,0.179,0.475,0.643862,0.853403,0,0.064347,0.827225,0,0.402568,0.581152,0,0.347205,0.63089,0,0.179237,0.651832,0,0.474969,0.772251,0,0,0,0,0,0,0
downsize,True,1,001000,Ap,,True,1,001000,Ap,,0.149,0.051,0.662,0.527,0.547,0.321,0.149215,0.853403,0,0.051307,0.827225,0,0.661689,0.581152,1,0.526648,0.63089,0,0.547241,0.651832,0,0.320567,0.772251,0,0,0,1,0,0,0
doze,False,0,000000,,,True,2,100001,Ev,Kn,0.738,0.385,0.205,0.357,0.426,0.769,0.737855,0.853403,0,0.384679,0.827225,0,0.205067,0.581152,0,0.356923,0.63089,0,0.426478,0.651832,0,0.768721,0.772251,0,0,0,0,0,0,0
draft,True,2,000011,Ev,Sn,True,2,000011,Ev,Sn,0.427,0.514,0.413,0.136,0.785,0.804,0.427436,0.853403,0,0.514484,0.827225,0,0.413326,0.581152,0,0.136062,0.63089,0,0.78487,0.651832,1,0.804139,0.772251,1,0,0,0,0,1,1
drag,True,1,000100,An,,True,4,111100,An,"Kn, Cm, Ap",0.754,0.799,0.693,0.862,0.409,0.493,0.754488,0.853403,0,0.799266,0.827225,0,0.693444,0.581152,1,0.862312,0.63089,1,0.408679,0.651832,0,0.49255,0.772251,0,0,0,0,1,0,0
drain,True,1,001000,Ap,,True,2,001100,Ap,An,0.391,0.176,0.944,0.714,0.009,0.344,0.391216,0.853403,0,0.176154,0.827225,0,0.944377,0.581152,1,0.714081,0.63089,1,0.008501,0.651832,0,0.344471,0.772251,0,0,0,1,0,0,0
dredge,True,1,001000,Ap,,True,2,001010,Ap,Sn,0.31,0.405,0.77,0.354,0.682,0.182,0.309604,0.853403,0,0.404551,0.827225,0,0.769872,0.581152,1,0.354006,0.63089,0,0.681929,0.651832,1,0.182284,0.772251,0,0,0,1,0,0,0
dress,True,1,000010,Sn,,True,3,101010,Sn,"Kn, Ap",0.741,0.399,0.582,0.321,0.829,0.505,0.741373,0.853403,0,0.398919,0.827225,0,0.582275,0.581152,1,0.32108,0.63089,0,0.82879,0.651832,1,0.505289,0.772251,0,0,0,0,0,1,0
drink,True,1,001000,Ap,,True,1,001000,Ap,,0.631,0.24,0.763,0.196,0.39,0.65,0.630953,0.853403,0,0.23956,0.827225,0,0.763162,0.581152,1,0.196227,0.63089,0,0.390215,0.651832,0,0.649652,0.772251,0,0,0,1,0,0,0
drive,True,1,001000,Ap,,True,1,001000,Ap,,0.308,0.519,0.937,0.504,0.414,0.491,0.308101,0.853403,0,0.518818,0.827225,0,0.936693,0.581152,1,0.504347,0.63089,0,0.4142,0.651832,0,0.491435,0.772251,0,0,0,1,0,0,0
drop,True,1,100000,Kn,,True,2,101000,Kn,Ap,0.919,0.682,0.755,0.504,0.168,0.362,0.919158,0.853403,1,0.68164,0.827225,0,0.75505,0.581152,1,0.503903,0.63089,0,0.167731,0.651832,0,0.361555,0.772251,0,1,0,0,0,0,0
drown,True,1,001000,Ap,,True,1,001000,Ap,,0.41,0.104,0.674,0.109,0.295,0.345,0.410099,0.853403,0,0.10421,0.827225,0,0.673575,0.581152,1,0.108606,0.63089,0,0.295023,0.651832,0,0.345437,0.772251,0,0,0,1,0,0,0
dry,True,1,000010,Sn,,True,4,100111,Ev,"Kn, An, Sn",0.754,0.517,0.192,0.611,0.688,0.757,0.753661,0.853403,0,0.516672,0.827225,0,0.192072,0.581152,0,0.611439,0.63089,0,0.688422,0.651832,1,0.756994,0.772251,0,0,0,0,0,1,0
dub,False,0,000000,,,True,1,000100,An,,0.609,0.409,0.21,0.588,0.419,0.145,0.608648,0.853403,0,0.408718,0.827225,0,0.20953,0.581152,0,0.588418,0.63089,0,0.418848,0.651832,0,0.144809,0.772251,0,0,0,0,0,0,0
dump,True,1,000001,Ev,,True,2,000101,Ev,An,0.328,0.215,0.447,0.731,0.192,0.838,0.327912,0.853403,0,0.214751,0.827225,0,0.447113,0.581152,0,0.731314,0.63089,1,0.192418,0.651832,0,0.837551,0.772251,1,0,0,0,0,0,1
dwell,True,2,001010,Sn,Ap,True,2,001010,Sn,Ap,0.46,0.542,0.681,0.018,0.693,0.152,0.460273,0.853403,0,0.542382,0.827225,0,0.680605,0.581152,1,0.0184,0.63089,0,0.692914,0.651832,1,0.152489,0.772251,0,0,0,1,0,1,0
dye,True,1,100000,Kn,,True,4,110101,Kn,"Cm, An, Ev",0.857,0.815,0.301,0.606,0.192,0.659,0.856921,0.853403,1,0.814912,0.827225,0,0.300626,0.581152,0,0.606037,0.63089,0,0.192258,0.651832,0,0.65934,0.772251,0,1,0,0,0,0,0
earn,True,1,001000,Ap,,True,1,001000,Ap,,0.581,0.317,0.994,0.366,0.276,0.223,0.581217,0.853403,0,0.317357,0.827225,0,0.994219,0.581152,1,0.36586,0.63089,0,0.276289,0.651832,0,0.222694,0.772251,0,0,0,1,0,0,0
ease,True,1,001000,Ap,,True,1,001000,Ap,,0.308,0.026,0.672,0.224,0.286,0.519,0.307763,0.853403,0,0.026178,0.827225,0,0.671898,0.581152,1,0.224357,0.63089,0,0.28648,0.651832,0,0.519171,0.772251,0,0,0,1,0,0,0
eat,True,1,001000,Ap,,True,3,101100,Kn,"Ap, An",0.851,0.081,0.787,0.598,0.032,0.354,0.851226,0.853403,0,0.080554,0.827225,0,0.786995,0.581152,1,0.598264,0.63089,0,0.0318,0.651832,0,0.353507,0.772251,0,0,0,1,0,0,0
eavesdrop,True,1,000100,An,,True,1,000100,An,,0.315,0.427,0.094,0.716,0.404,0.162,0.314992,0.853403,0,0.426855,0.827225,0,0.094162,0.581152,0,0.716492,0.63089,1,0.403724,0.651832,0,0.162053,0.772251,0,0,0,0,1,0,0
echo,True,1,100000,Kn,,True,1,100000,Kn,,0.921,0.377,0.048,0.214,0.172,0.008,0.921108,0.853403,1,0.376534,0.827225,0,0.048163,0.581152,0,0.21369,0.63089,0,0.171557,0.651832,0,0.007853,0.772251,0,1,0,0,0,0,0
edge,True,2,110000,Kn,Cm,True,4,110110,Kn,"Cm, An, Sn",0.92,0.863,0.382,0.616,0.56,0.33,0.920351,0.853403,1,0.863346,0.827225,1,0.381878,0.581152,0,0.616215,0.63089,0,0.559821,0.651832,0,0.330477,0.772251,0,1,1,0,0,0,0
educate,True,2,001010,Ap,Sn,True,2,001010,Ap,Sn,0.372,0.145,0.737,0.021,0.737,0.111,0.372187,0.853403,0,0.144898,0.827225,0,0.737173,0.581152,1,0.020935,0.63089,0,0.736995,0.651832,1,0.110925,0.772251,0,0,0,1,0,1,0
eject,True,1,001000,Ap,,True,2,001001,Ap,Ev,0.255,0.081,0.906,0.136,0.105,0.684,0.255056,0.853403,0,0.081078,0.827225,0,0.905703,0.581152,1,0.135845,0.63089,0,0.105033,0.651832,0,0.684275,0.772251,0,0,0,1,0,0,0
elapse,True,2,000110,An,Sn,True,2,000110,An,Sn,0.149,0.677,0.197,0.818,0.786,0.496,0.149215,0.853403,0,0.676774,0.827225,0,0.196611,0.581152,0,0.818344,0.63089,1,0.786345,0.651832,1,0.495756,0.772251,0,0,0,0,1,1,0
elect,True,1,001000,Ap,,True,3,001101,Ap,"An, Ev",0.467,0.206,0.921,0.568,0.106,0.768,0.466641,0.853403,0,0.206395,0.827225,0,0.920986,0.581152,1,0.568208,0.63089,0,0.106258,0.651832,0,0.76777,0.772251,0,0,0,1,0,0,0
elevate,True,2,001010,Ap,Sn,True,2,001010,Ap,Sn,0.149,0.116,0.703,0.184,0.698,0.443,0.149215,0.853403,0,0.116422,0.827225,0,0.702689,0.581152,1,0.184133,0.63089,0,0.698033,0.651832,1,0.443111,0.772251,0,0,0,1,0,1,0
elicit,True,1,001000,Ap,,True,1,001000,Ap,,0.149,0.082,0.674,0.019,0.519,0.602,0.149215,0.853403,0,0.082119,0.827225,0,0.67356,0.581152,1,0.018696,0.63089,0,0.519475,0.651832,0,0.602404,0.772251,0,0,0,1,0,0,0
eliminate,True,1,001000,Ap,,True,3,001101,Ap,"An, Ev",0.207,0.153,0.695,0.547,0.279,0.679,0.206506,0.853403,0,0.152938,0.827225,0,0.694513,0.581152,1,0.54719,0.63089,0,0.278516,0.651832,0,0.679431,0.772251,0,0,0,1,0,0,0
elongate,True,2,001010,Ap,Sn,True,2,001010,Ap,Sn,0.149,0.427,0.824,0.34,0.78,0.013,0.149215,0.853403,0,0.426739,0.827225,0,0.824076,0.581152,1,0.340149,0.63089,0,0.779872,0.651832,1,0.012564,0.772251,0,0,0,1,0,1,0
elucidate,True,2,000101,Ev,An,True,3,010101,Ev,"Cm, An",0.149,0.774,0.252,0.909,0.194,0.935,0.149215,0.853403,0,0.774447,0.827225,0,0.251932,0.581152,0,0.908955,0.63089,1,0.193936,0.651832,0,0.935169,0.772251,1,0,0,0,1,0,1
elude,True,1,001000,Ap,,True,1,001000,Ap,,0.374,0.183,0.886,0.038,0.257,0.438,0.373648,0.853403,0,0.183449,0.827225,0,0.885695,0.581152,1,0.037894,0.63089,0,0.256831,0.651832,0,0.438495,0.772251,0,0,0,1,0,0,0
elute,True,1,001000,Ap,,True,2,011000,Cm,Ap,0.278,0.814,0.701,0.327,0.264,0.161,0.27848,0.853403,0,0.814369,0.827225,0,0.701087,0.581152,1,0.327312,0.63089,0,0.26352,0.651832,0,0.161059,0.772251,0,0,0,1,0,0,0
emanate,True,1,001000,Ap,,True,1,001000,Ap,,0.635,0.681,0.672,0.047,0.402,0.008,0.634718,0.853403,0,0.680912,0.827225,0,0.672129,0.581152,1,0.046981,0.63089,0,0.402025,0.651832,0,0.007853,0.772251,0,0,0,1,0,0,0
embark,True,1,001000,Ap,,True,2,001010,Ap,Sn,0.549,0.535,0.858,0.374,0.785,0.055,0.548765,0.853403,0,0.535402,0.827225,0,0.858024,0.581152,1,0.37378,0.63089,0,0.784711,0.651832,1,0.054716,0.772251,0,0,0,1,0,0,0
embed,True,1,001000,Ap,,True,1,001000,Ap,,0.586,0.507,0.741,0.494,0.109,0.222,0.58585,0.853403,0,0.506584,0.827225,0,0.74054,0.581152,1,0.49359,0.63089,0,0.10924,0.651832,0,0.22184,0.772251,0,0,0,1,0,0,0
embody,True,1,001000,Ap,,True,2,001010,Ap,Sn,0.327,0.379,0.853,0.035,0.784,0.042,0.327278,0.853403,0,0.378849,0.827225,0,0.853341,0.581152,1,0.035348,0.63089,0,0.783766,0.651832,1,0.042259,0.772251,0,0,0,1,0,0,0
embrace,True,2,000011,Sn,Ev,True,2,000011,Sn,Ev,0.252,0.663,0.181,0.053,0.784,0.783,0.252229,0.853403,0,0.663491,0.827225,0,0.181349,0.581152,0,0.052819,0.63089,0,0.78423,0.651832,1,0.78287,0.772251,1,0,0,0,0,1,1
emerge,True,1,000010,Sn,,True,1,000010,Sn,,0.251,0.026,0.308,0.459,0.932,0.616,0.251414,0.853403,0,0.026178,0.827225,0,0.307994,0.581152,0,0.459457,0.63089,0,0.931554,0.651832,1,0.616104,0.772251,0,0,0,0,0,1,0
emit,True,1,000010,Sn,,True,1,000010,Sn,,0.459,0.542,0.419,0.114,0.83,0.521,0.459042,0.853403,0,0.541867,0.827225,0,0.419303,0.581152,0,0.11424,0.63089,0,0.829794,0.651832,1,0.520994,0.772251,0,0,0,0,0,1,0
empathize,True,1,000010,Sn,,True,3,010011,Sn,"Cm, Ev",0.662,0.825,0.222,0.063,0.878,0.814,0.661633,0.853403,0,0.825186,0.827225,0,0.221983,0.581152,0,0.062968,0.63089,0,0.877513,0.651832,1,0.814355,0.772251,1,0,0,0,0,1,0
emphasize,True,1,000010,Sn,,True,2,010010,Cm,Sn,0.485,0.813,0.151,0.326,0.719,0.221,0.484844,0.853403,0,0.8128,0.827225,0,0.150949,0.581152,0,0.326253,0.63089,0,0.719078,0.651832,1,0.22056,0.772251,0,0,0,0,0,1,0
empower,True,2,001010,Ap,Sn,True,2,001010,Ap,Sn,0.149,0.36,0.905,0.033,0.865,0.368,0.149215,0.853403,0,0.359847,0.827225,0,0.90479,0.581152,1,0.032789,0.63089,0,0.865161,0.651832,1,0.368289,0.772251,0,0,0,1,0,1,0
emulate,True,1,001000,Ap,,True,3,101010,Ap,"Kn, Sn",0.768,0.435,0.92,0.064,0.572,0.025,0.767869,0.853403,0,0.43531,0.827225,0,0.919733,0.581152,1,0.064277,0.63089,0,0.571862,0.651832,0,0.025089,0.772251,0,0,0,1,0,0,0
enable,True,1,000010,Sn,,True,2,000110,Sn,An,0.149,0.154,0.27,0.662,0.856,0.443,0.149215,0.853403,0,0.154386,0.827225,0,0.270304,0.581152,0,0.661628,0.63089,1,0.855817,0.651832,1,0.443146,0.772251,0,0,0,0,0,1,0
enact,True,2,001010,Sn,Ap,True,2,001010,Sn,Ap,0.149,0.147,0.805,0.029,0.821,0.193,0.149215,0.853403,0,0.147401,0.827225,0,0.80534,0.581152,1,0.029319,0.63089,0,0.821024,0.651832,1,0.192894,0.772251,0,0,0,1,0,1,0
encapsulate,True,1,000010,Sn,,True,2,001010,Sn,Ap,0.149,0.055,0.588,0.038,0.828,0.488,0.149215,0.853403,0,0.055362,0.827225,0,0.587882,0.581152,1,0.037794,0.63089,0,0.828394,0.651832,1,0.487817,0.772251,0,0,0,0,0,1,0
encase,True,1,000010,Sn,,True,2,000011,Sn,Ev,0.61,0.247,0.3,0.194,0.766,0.668,0.609802,0.853403,0,0.246862,0.827225,0,0.300094,0.581152,0,0.193906,0.63089,0,0.765612,0.651832,1,0.667668,0.772251,0,0,0,0,0,1,0
encircle,True,1,010000,Cm,,True,4,111010,Cm,"Kn, Ap, Sn",0.735,0.862,0.675,0.224,0.677,0.205,0.734771,0.853403,0,0.862215,0.827225,1,0.675363,0.581152,1,0.223925,0.63089,0,0.676655,0.651832,1,0.205043,0.772251,0,0,1,0,0,0,0
enclose,True,1,000010,Sn,,True,3,001011,Sn,"Ap, Ev",0.434,0.679,0.556,0.058,0.688,0.685,0.434062,0.853403,0,0.678999,0.827225,0,0.555867,0.581152,0,0.057693,0.63089,0,0.688117,0.651832,1,0.684979,0.772251,0,0,0,0,0,1,0
encode,True,1,001000,Ap,,True,1,001000,Ap,,0.149,0.584,0.774,0.109,0.412,0.439,0.149215,0.853403,0,0.584098,0.827225,0,0.773792,0.581152,1,0.109339,0.63089,0,0.411975,0.651832,0,0.439135,0.772251,0,0,0,1,0,0,0
encompass,True,1,001000,Ap,,True,2,001010,Ap,Sn,0.364,0.568,0.856,0.314,0.724,0.515,0.363619,0.853403,0,0.567523,0.827225,0,0.855891,0.581152,1,0.313964,0.63089,0,0.724033,0.651832,1,0.515171,0.772251,0,0,0,1,0,0,0
encounter,False,0,000000,,,True,2,110000,Kn,Cm,0.77,0.707,0.417,0.194,0.366,0.477,0.770188,0.853403,0,0.706947,0.827225,0,0.416973,0.581152,0,0.19437,0.63089,0,0.365856,0.651832,0,0.476886,0.772251,0,0,0,0,0,0,0
encourage,True,1,000010,Sn,,True,2,000011,Sn,Ev,0.149,0.026,0.413,0.02,0.786,0.726,0.149215,0.853403,0,0.026178,0.827225,0,0.41264,0.581152,0,0.020259,0.63089,0,0.7862,0.651832,1,0.725984,0.772251,0,0,0,0,0,1,0
encrypt,False,0,000000,,,True,1,000001,Ev,,0.373,0.505,0.314,0.037,0.362,0.68,0.373425,0.853403,0,0.504971,0.827225,0,0.314319,0.581152,0,0.037399,0.63089,0,0.361697,0.651832,0,0.679867,0.772251,0,0,0,0,0,0,0
encumber,True,1,100000,Kn,,True,3,101100,Kn,"Ap, An",0.854,0.517,0.55,0.72,0.197,0.206,0.85354,0.853403,1,0.516705,0.827225,0,0.549649,0.581152,0,0.719602,0.63089,1,0.19684,0.651832,0,0.206365,0.772251,0,1,0,0,0,0,0
end,True,1,000100,An,,True,2,000101,An,Ev,0.7,0.437,0.251,0.881,0.005,0.731,0.699556,0.853403,0,0.436673,0.827225,0,0.251481,0.581152,0,0.88089,0.63089,1,0.00491,0.651832,0,0.731201,0.772251,0,0,0,0,1,0,0
endanger,True,1,001000,Ap,,True,2,011000,Cm,Ap,0.599,0.779,0.689,0.141,0.171,0.208,0.59856,0.853403,0,0.778592,0.827225,0,0.689086,0.581152,1,0.141073,0.63089,0,0.17131,0.651832,0,0.208013,0.772251,0,0,0,1,0,0,0
endow,True,1,001000,Ap,,True,2,001001,Ap,Ev,0.411,0.414,0.761,0.137,0.078,0.691,0.411331,0.853403,0,0.414302,0.827225,0,0.761128,0.581152,1,0.13742,0.63089,0,0.078221,0.651832,0,0.690912,0.772251,0,0,0,1,0,0,0
endure,True,1,000001,Ev,,True,3,001011,Ev,"Ap, Sn",0.568,0.49,0.661,0.17,0.755,0.827,0.567739,0.853403,0,0.48951,0.827225,0,0.660638,0.581152,1,0.169737,0.63089,0,0.754502,0.651832,1,0.826672,0.772251,1,0,0,0,0,0,1
energize,True,1,000010,Sn,,True,1,000010,Sn,,0.309,0.026,0.281,0.048,0.983,0.375,0.309119,0.853403,0,0.026178,0.827225,0,0.280619,0.581152,0,0.047734,0.63089,0,0.98336,0.651832,1,0.375069,0.772251,0,0,0,0,0,1,0
engage,True,1,000010,Sn,,True,2,001010,Sn,Ap,0.149,0.126,0.636,0.03,0.784,0.481,0.149215,0.853403,0,0.125894,0.827225,0,0.635916,0.581152,1,0.030441,0.63089,0,0.783662,0.651832,1,0.480524,0.772251,0,0,0,0,0,1,0
engender,True,1,000010,Sn,,True,2,001010,Sn,Ap,0.149,0.067,0.666,0.017,0.973,0.336,0.149215,0.853403,0,0.067306,0.827225,0,0.665913,0.581152,1,0.017106,0.63089,0,0.972722,0.651832,1,0.33581,0.772251,0,0,0,0,0,1,0
enjoin,True,1,000010,Sn,,True,1,000010,Sn,,0.687,0.467,0.014,0.17,0.887,0.258,0.687089,0.853403,0,0.467231,0.827225,0,0.014351,0.581152,0,0.170262,0.63089,0,0.887421,0.651832,1,0.257521,0.772251,0,0,0,0,0,1,0
enjoy,True,1,000100,An,,True,2,001100,An,Ap,0.417,0.026,0.558,0.729,0.196,0.363,0.417239,0.853403,0,0.026178,0.827225,0,0.558405,0.581152,0,0.728858,0.63089,1,0.196377,0.651832,0,0.362605,0.772251,0,0,0,0,1,0,0
enlarge,True,1,000010,Sn,,True,3,011010,Cm,"Ap, Sn",0.307,0.763,0.586,0.373,0.656,0.238,0.30692,0.853403,0,0.763161,0.827225,0,0.586428,0.581152,1,0.373497,0.63089,0,0.656116,0.651832,1,0.237793,0.772251,0,0,0,0,0,1,0
enlighten,False,0,000000,,,True,1,010000,Cm,,0.427,0.814,0.299,0.216,0.498,0.486,0.426733,0.853403,0,0.814448,0.827225,0,0.298963,0.581152,0,0.215764,0.63089,0,0.498237,0.651832,0,0.486073,0.772251,0,0,0,0,0,0,0
enlist,True,1,000010,Sn,,True,2,001010,Sn,Ap,0.205,0.101,0.665,0.134,0.789,0.647,0.204644,0.853403,0,0.100778,0.827225,0,0.664786,0.581152,1,0.134018,0.63089,0,0.788811,0.651832,1,0.647097,0.772251,0,0,0,0,0,1,0
enrich,True,1,000010,Sn,,True,2,001010,Sn,Ap,0.149,0.107,0.738,0.029,0.943,0.256,0.149215,0.853403,0,0.10731,0.827225,0,0.738176,0.581152,1,0.029377,0.63089,0,0.94328,0.651832,1,0.256349,0.772251,0,0,0,0,0,1,0
enroll,True,1,001000,Ap,,True,1,001000,Ap,,0.384,0.026,0.855,0.159,0.431,0.239,0.384484,0.853403,0,0.026178,0.827225,0,0.854787,0.581152,1,0.158881,0.63089,0,0.430928,0.651832,0,0.238982,0.772251,0,0,0,1,0,0,0
ensue,False,0,000000,,,True,2,010001,Cm,Ev,0.606,0.789,0.115,0.12,0.539,0.667,0.605699,0.853403,0,0.788768,0.827225,0,0.114719,0.581152,0,0.119697,0.63089,0,0.539398,0.651832,0,0.666526,0.772251,0,0,0,0,0,0,0
entail,True,1,000001,Ev,,True,3,010101,Ev,"Cm, An",0.373,0.789,0.092,0.66,0.159,0.792,0.372591,0.853403,0,0.789416,0.827225,0,0.092488,0.581152,0,0.660249,0.63089,1,0.1591,0.651832,0,0.791854,0.772251,1,0,0,0,0,0,1
entangle,True,1,000010,Sn,,True,2,010010,Cm,Sn,0.373,0.787,0.381,0.366,0.783,0.072,0.372951,0.853403,0,0.787357,0.827225,0,0.380946,0.581152,0,0.36609,0.63089,0,0.782818,0.651832,1,0.07205,0.772251,0,0,0,0,0,1,0
enter,True,1,000010,Sn,,True,1,000010,Sn,,0.208,0.208,0.092,0.144,0.785,0.445,0.207994,0.853403,0,0.208057,0.827225,0,0.092325,0.581152,0,0.144457,0.63089,0,0.784938,0.651832,1,0.444927,0.772251,0,0,0,0,0,1,0
entertain,True,1,001000,Ap,,True,2,001010,Ap,Sn,0.459,0.553,0.875,0.152,0.659,0.008,0.458776,0.853403,0,0.553172,0.827225,0,0.875268,0.581152,1,0.151914,0.63089,0,0.659291,0.651832,1,0.007853,0.772251,0,0,0,1,0,0,0
enthrall,False,0,000000,,,False,0,000000,,,0.606,0.5,0.29,0.129,0.179,0.486,0.605799,0.853403,0,0.500368,0.827225,0,0.290105,0.581152,0,0.128556,0.63089,0,0.178891,0.651832,0,0.4857,0.772251,0,0,0,0,0,0,0
entice,False,0,000000,,,False,0,000000,,,0.149,0.344,0.399,0.018,0.434,0.35,0.149215,0.853403,0,0.34443,0.827225,0,0.398599,0.581152,0,0.017704,0.63089,0,0.434362,0.651832,0,0.349585,0.772251,0,0,0,0,0,0,0
entitle,True,1,100000,Kn,,True,2,101000,Kn,Ap,0.935,0.647,0.516,0.119,0.245,0.291,0.935057,0.853403,1,0.647383,0.827225,0,0.515911,0.581152,0,0.118788,0.63089,0,0.24503,0.651832,0,0.290665,0.772251,0,1,0,0,0,0,0
entrap,False,0,000000,,,True,2,001100,An,Ap,0.418,0.23,0.58,0.609,0.523,0.196,0.417909,0.853403,0,0.229802,0.827225,0,0.579812,0.581152,0,0.609071,0.63089,0,0.522578,0.651832,0,0.195906,0.772251,0,0,0,0,0,0,0
entrench,True,2,001010,Sn,Ap,True,3,001011,Ev,"Ap, Sn",0.149,0.19,0.691,0.059,0.722,0.757,0.149215,0.853403,0,0.189925,0.827225,0,0.690929,0.581152,1,0.059242,0.63089,0,0.722411,0.651832,1,0.757122,0.772251,0,0,0,1,0,1,0
entrust,False,0,000000,,,True,1,000100,An,,0.277,0.084,0.113,0.612,0.159,0.534,0.276588,0.853403,0,0.08368,0.827225,0,0.11324,0.581152,0,0.611908,0.63089,0,0.158791,0.651832,0,0.533695,0.772251,0,0,0,0,0,0,0
enunciate,True,1,001000,Ap,,True,2,101000,Kn,Ap,0.738,0.212,0.683,0.017,0.534,0.038,0.738051,0.853403,0,0.212056,0.827225,0,0.68254,0.581152,1,0.017376,0.63089,0,0.534087,0.651832,0,0.037716,0.772251,0,0,0,1,0,0,0
envelop,True,1,001000,Ap,,True,1,001000,Ap,,0.149,0.026,0.765,0.048,0.548,0.655,0.149215,0.853403,0,0.026178,0.827225,0,0.765348,0.581152,1,0.048226,0.63089,0,0.548006,0.651832,0,0.655214,0.772251,0,0,0,1,0,0,0
envisage,True,2,010010,Cm,Sn,True,3,010110,Cm,"An, Sn",0.651,0.929,0.332,0.562,0.928,0.109,0.651253,0.853403,0,0.929166,0.827225,1,0.332049,0.581152,0,0.561668,0.63089,0,0.928015,0.651832,1,0.109108,0.772251,0,0,1,0,0,1,0
envision,True,1,000010,Sn,,True,1,000010,Sn,,0.46,0.401,0.083,0.076,0.997,0.457,0.459529,0.853403,0,0.400851,0.827225,0,0.083477,0.581152,0,0.075913,0.63089,0,0.996664,0.651832,1,0.456947,0.772251,0,0,0,0,0,1,0
epitomize,True,1,010000,Cm,,True,3,110010,Cm,"Kn, Sn",0.851,0.964,0.21,0.366,0.766,0.3,0.851248,0.853403,0,0.96404,0.827225,1,0.209926,0.581152,0,0.366078,0.63089,0,0.765682,0.651832,1,0.300242,0.772251,0,0,1,0,0,0,0
equalize,False,0,000000,,,True,1,000010,Sn,,0.243,0.356,0.288,0.224,0.589,0.147,0.242761,0.853403,0,0.355596,0.827225,0,0.28817,0.581152,0,0.223912,0.63089,0,0.588507,0.651832,0,0.146892,0.772251,0,0,0,0,0,0,0
equate,True,2,001100,An,Ap,True,4,011101,Ev,"Cm, Ap, An",0.149,0.708,0.636,0.666,0.287,0.753,0.149215,0.853403,0,0.707906,0.827225,0,0.635672,0.581152,1,0.665707,0.63089,1,0.287059,0.651832,0,0.752595,0.772251,0,0,0,1,1,0,0
equilibrate,True,1,000100,An,,True,1,000100,An,,0.149,0.08,0.183,0.834,0.435,0.521,0.149215,0.853403,0,0.079611,0.827225,0,0.182903,0.581152,0,0.833931,0.63089,1,0.434614,0.651832,0,0.521162,0.772251,0,0,0,0,1,0,0
equip,True,2,001010,Sn,Ap,True,2,001010,Sn,Ap,0.149,0.1,0.904,0.114,0.931,0.368,0.149215,0.853403,0,0.100057,0.827225,0,0.904435,0.581152,1,0.114213,0.63089,0,0.931482,0.651832,1,0.368242,0.772251,0,0,0,1,0,1,0
eradicate,True,1,000001,Ev,,True,1,000001,Ev,,0.373,0.056,0.408,0.527,0.344,0.857,0.37255,0.853403,0,0.056191,0.827225,0,0.408095,0.581152,0,0.526634,0.63089,0,0.344491,0.651832,0,0.857165,0.772251,1,0,0,0,0,0,1
erase,True,1,000010,Sn,,True,2,100010,Kn,Sn,0.759,0.247,0.435,0.323,0.684,0.213,0.759256,0.853403,0,0.247164,0.827225,0,0.434962,0.581152,0,0.322887,0.63089,0,0.684039,0.651832,1,0.212769,0.772251,0,0,0,0,0,1,0
erect,True,1,001000,Ap,,True,2,001010,Ap,Sn,0.427,0.217,0.671,0.134,0.555,0.071,0.42682,0.853403,0,0.216704,0.827225,0,0.671011,0.581152,1,0.133718,0.63089,0,0.555345,0.651832,0,0.071429,0.772251,0,0,0,1,0,0,0
erode,True,1,001000,Ap,,True,1,001000,Ap,,0.149,0.178,0.813,0.429,0.489,0.471,0.149215,0.853403,0,0.177889,0.827225,0,0.812871,0.581152,1,0.42925,0.63089,0,0.488627,0.651832,0,0.471439,0.772251,0,0,0,1,0,0,0
escalate,True,2,001010,Ap,Sn,True,2,001010,Ap,Sn,0.149,0.223,0.75,0.054,0.711,0.52,0.149215,0.853403,0,0.222531,0.827225,0,0.750252,0.581152,1,0.054306,0.63089,0,0.71144,0.651832,1,0.519756,0.772251,0,0,0,1,0,1,0
escape,False,0,000000,,,True,1,001000,Ap,,0.149,0.064,0.563,0.502,0.227,0.648,0.149215,0.853403,0,0.064022,0.827225,0,0.56315,0.581152,0,0.501793,0.63089,0,0.227314,0.651832,0,0.648212,0.772251,0,0,0,0,0,0,0
etch,True,1,001000,Ap,,True,1,001000,Ap,,0.4,0.683,0.846,0.464,0.529,0.36,0.400372,0.853403,0,0.683079,0.827225,0,0.846286,0.581152,1,0.464097,0.63089,0,0.529036,0.651832,0,0.360057,0.772251,0,0,0,1,0,0,0
evacuate,True,1,001000,Ap,,True,2,001010,Ap,Sn,0.25,0.368,0.852,0.052,0.781,0.367,0.24953,0.853403,0,0.368385,0.827225,0,0.8516,0.581152,1,0.052434,0.63089,0,0.780738,0.651832,1,0.367219,0.772251,0,0,0,1,0,0,0
evade,True,1,001000,Ap,,True,1,001000,Ap,,0.344,0.375,0.951,0.031,0.105,0.322,0.343699,0.853403,0,0.37464,0.827225,0,0.95107,0.581152,1,0.030841,0.63089,0,0.105275,0.651832,0,0.32177,0.772251,0,0,0,1,0,0,0
evaporate,True,1,001000,Ap,,True,2,001001,Ev,Ap,0.294,0.496,0.593,0.418,0.242,0.659,0.293609,0.853403,0,0.496318,0.827225,0,0.592983,0.581152,1,0.417572,0.63089,0,0.24183,0.651832,0,0.658826,0.772251,0,0,0,1,0,0,0
evoke,True,1,100000,Kn,,True,2,100010,Kn,Sn,0.854,0.668,0.359,0.003,0.786,0.042,0.853679,0.853403,1,0.668239,0.827225,0,0.359127,0.581152,0,0.002618,0.63089,0,0.786438,0.651832,1,0.042433,0.772251,0,1,0,0,0,0,0
evolve,True,2,001010,Sn,Ap,True,3,001110,Sn,"Ap, An",0.395,0.144,0.713,0.593,0.732,0.025,0.395064,0.853403,0,0.144377,0.827225,0,0.713326,0.581152,1,0.593072,0.63089,0,0.731528,0.651832,1,0.025058,0.772251,0,0,0,1,0,1,0
exacerbate,True,1,000010,Sn,,True,2,001010,Sn,Ap,0.149,0.274,0.58,0.113,0.785,0.605,0.149215,0.853403,0,0.273587,0.827225,0,0.579869,0.581152,0,0.113339,0.63089,0,0.785401,0.651832,1,0.604894,0.772251,0,0,0,0,0,1,0
exaggerate,True,1,010000,Cm,,True,2,011000,Cm,Ap,0.246,0.964,0.52,0.363,0.436,0.283,0.245953,0.853403,0,0.96372,0.827225,1,0.520083,0.581152,0,0.363203,0.63089,0,0.436465,0.651832,0,0.283383,0.772251,0,0,1,0,0,0,0
excavate,True,1,001000,Ap,,True,2,001100,Ap,An,0.206,0.095,0.987,0.605,0.462,0.447,0.206338,0.853403,0,0.094863,0.827225,0,0.98686,0.581152,1,0.605218,0.63089,0,0.462419,0.651832,0,0.447194,0.772251,0,0,0,1,0,0,0
exceed,True,1,001000,Ap,,True,1,001000,Ap,,0.236,0.105,0.987,0.053,0.28,0.066,0.236325,0.853403,0,0.104957,0.827225,0,0.986727,0.581152,1,0.052951,0.63089,0,0.279531,0.651832,0,0.065845,0.772251,0,0,0,1,0,0,0
excel,True,1,001000,Ap,,True,2,001100,Ap,An,0.651,0.641,0.809,0.64,0.245,0.053,0.65071,0.853403,0,0.641423,0.827225,0,0.808693,0.581152,1,0.640082,0.63089,1,0.245193,0.651832,0,0.052902,0.772251,0,0,0,1,0,0,0
excise,True,1,001000,Ap,,True,1,001000,Ap,,0.149,0.026,0.901,0.403,0.018,0.253,0.149215,0.853403,0,0.026178,0.827225,0,0.9009,0.581152,1,0.403487,0.63089,0,0.017832,0.651832,0,0.252744,0.772251,0,0,0,1,0,0,0
excite,True,1,001000,Ap,,True,1,001000,Ap,,0.149,0.241,0.858,0.46,0.294,0.488,0.149215,0.853403,0,0.240884,0.827225,0,0.857877,0.581152,1,0.46012,0.63089,0,0.293956,0.651832,0,0.488347,0.772251,0,0,0,1,0,0,0
exclude,True,1,000100,An,,True,2,001100,An,Ap,0.429,0.468,0.719,0.798,0.005,0.649,0.428782,0.853403,0,0.467702,0.827225,0,0.718593,0.581152,1,0.798335,0.63089,1,0.005179,0.651832,0,0.648839,0.772251,0,0,0,0,1,0,0
exert,True,1,001000,Ap,,True,1,001000,Ap,,0.222,0.527,0.995,0.422,0.259,0.008,0.221612,0.853403,0,0.526849,0.827225,0,0.994678,0.581152,1,0.421616,0.63089,0,0.258611,0.651832,0,0.007853,0.772251,0,0,0,1,0,0,0
exfoliate,False,0,000000,,,False,0,000000,,,0.609,0.352,0.302,0.218,0.386,0.634,0.609126,0.853403,0,0.352226,0.827225,0,0.301552,0.581152,0,0.217926,0.63089,0,0.385588,0.651832,0,0.633676,0.772251,0,0,0,0,0,0,0
exhaust,False,0,000000,,,True,1,001000,Ap,,0.309,0.383,0.544,0.331,0.28,0.501,0.308964,0.853403,0,0.383394,0.827225,0,0.543906,0.581152,0,0.33092,0.63089,0,0.280425,0.651832,0,0.501394,0.772251,0,0,0,0,0,0,0
exist,True,1,100000,Kn,,True,2,100010,Kn,Sn,0.968,0.497,0.053,0.496,0.677,0.519,0.968221,0.853403,1,0.497147,0.827225,0,0.052564,0.581152,0,0.495558,0.63089,0,0.676817,0.651832,1,0.519495,0.772251,0,1,0,0,0,0,0
expect,True,1,001000,Ap,,True,2,001010,Ap,Sn,0.425,0.532,0.847,0.196,0.72,0.49,0.425114,0.853403,0,0.532101,0.827225,0,0.846928,0.581152,1,0.196308,0.63089,0,0.720177,0.651832,1,0.490346,0.772251,0,0,0,1,0,0,0
expedite,False,0,000000,,,True,1,001000,Ap,,0.149,0.554,0.576,0.345,0.53,0.344,0.149215,0.853403,0,0.553724,0.827225,0,0.57552,0.581152,0,0.3454,0.63089,0,0.529837,0.651832,0,0.344339,0.772251,0,0,0,0,0,0,0
expel,True,1,000001,Ev,,True,2,001001,Ev,Ap,0.149,0.081,0.559,0.53,0.03,0.83,0.149215,0.853403,0,0.081309,0.827225,0,0.558671,0.581152,0,0.530116,0.63089,0,0.029752,0.651832,0,0.83027,0.772251,1,0,0,0,0,0,1
expend,True,1,001000,Ap,,True,1,001000,Ap,,0.427,0.342,0.995,0.018,0.237,0.497,0.427493,0.853403,0,0.342013,0.827225,0,0.994857,0.581152,1,0.018286,0.63089,0,0.23708,0.651832,0,0.496621,0.772251,0,0,0,1,0,0,0
expire,True,1,000001,Ev,,True,1,000001,Ev,,0.597,0.539,0.213,0.448,0.092,0.777,0.597248,0.853403,0,0.539451,0.827225,0,0.213269,0.581152,0,0.447927,0.63089,0,0.09229,0.651832,0,0.777402,0.772251,1,0,0,0,0,0,1
explicate,True,1,010000,Cm,,True,3,011100,Cm,"Ap, An",0.31,0.93,0.712,0.689,0.348,0.585,0.309639,0.853403,0,0.930381,0.827225,1,0.711714,0.581152,1,0.688817,0.63089,1,0.348146,0.651832,0,0.584671,0.772251,0,0,1,0,0,0,0
explode,True,1,000100,An,,True,1,000100,An,,0.149,0.026,0.42,0.867,0.501,0.313,0.149215,0.853403,0,0.026178,0.827225,0,0.420065,0.581152,0,0.866511,0.63089,1,0.501392,0.651832,0,0.312912,0.772251,0,0,0,0,1,0,0
exploit,True,1,001000,Ap,,True,2,001100,Ap,An,0.244,0.026,0.98,0.608,0.07,0.226,0.243955,0.853403,0,0.026178,0.827225,0,0.979552,0.581152,1,0.608314,0.63089,0,0.07021,0.651832,0,0.225762,0.772251,0,0,0,1,0,0,0
externalize,False,0,000000,,,True,1,001000,Ap,,0.428,0.518,0.555,0.412,0.46,0.066,0.428373,0.853403,0,0.518115,0.827225,0,0.554971,0.581152,0,0.41173,0.63089,0,0.4604,0.651832,0,0.066296,0.772251,0,0,0,0,0,0,0
extrude,True,1,001000,Ap,,True,4,011110,Ap,"Cm, An, Sn",0.409,0.841,0.94,0.716,0.579,0.196,0.409461,0.853403,0,0.840919,0.827225,1,0.940348,0.581152,1,0.716189,0.63089,1,0.579319,0.651832,0,0.196105,0.772251,0,0,0,1,0,0,0
fabricate,True,1,000010,Sn,,True,2,001010,Sn,Ap,0.149,0.033,0.739,0.404,0.991,0.57,0.149215,0.853403,0,0.032708,0.827225,0,0.739455,0.581152,1,0.403502,0.63089,0,0.990698,0.651832,1,0.5696,0.772251,0,0,0,0,0,1,0
face,True,1,100000,Kn,,True,3,111000,Kn,"Cm, Ap",0.973,0.862,0.549,0.25,0.302,0.054,0.97251,0.853403,1,0.862073,0.827225,1,0.548677,0.581152,0,0.249826,0.63089,0,0.302168,0.651832,0,0.05439,0.772251,0,1,0,0,0,0,0
factorize,True,3,011100,Cm,"Ap, An",True,3,011100,Cm,"Ap, An",0.149,0.882,0.773,0.854,0.218,0.406,0.149215,0.853403,0,0.882016,0.827225,1,0.773307,0.581152,1,0.853565,0.63089,1,0.2182,0.651832,0,0.405531,0.772251,0,0,1,1,1,0,0
fade,True,1,100000,Kn,,True,3,110100,Kn,"Cm, An",0.918,0.808,0.466,0.609,0.108,0.225,0.917932,0.853403,1,0.808312,0.827225,0,0.466464,0.581152,0,0.608865,0.63089,0,0.108229,0.651832,0,0.225325,0.772251,0,1,0,0,0,0,0
fail,True,1,000001,Ev,,True,1,000001,Ev,,0.611,0.505,0.299,0.476,0.081,0.916,0.610791,0.853403,0,0.505337,0.827225,0,0.299093,0.581152,0,0.47576,0.63089,0,0.081077,0.651832,0,0.916283,0.772251,1,0,0,0,0,0,1
fall,False,0,000000,,,True,1,000100,An,,0.701,0.079,0.261,0.609,0.261,0.536,0.701009,0.853403,0,0.079058,0.827225,0,0.261253,0.581152,0,0.608827,0.63089,0,0.261457,0.651832,0,0.535756,0.772251,0,0,0,0,0,0,0
falsify,True,1,000001,Ev,,True,3,000111,Ev,"An, Sn",0.149,0.379,0.358,0.575,0.566,0.866,0.149215,0.853403,0,0.378773,0.827225,0,0.358283,0.581152,0,0.57526,0.63089,0,0.566329,0.651832,0,0.866373,0.772251,1,0,0,0,0,0,1
familiarize,True,2,001010,Ap,Sn,True,3,101010,Kn,"Ap, Sn",0.813,0.359,0.761,0.038,0.748,0.111,0.812505,0.853403,0,0.358829,0.827225,0,0.761081,0.581152,1,0.038175,0.63089,0,0.747761,0.651832,1,0.11109,0.772251,0,0,0,1,0,1,0
fasten,True,1,000010,Sn,,True,3,001011,Ev,"Ap, Sn",0.289,0.083,0.499,0.441,0.664,0.706,0.28896,0.853403,0,0.083034,0.827225,0,0.499199,0.581152,0,0.440898,0.63089,0,0.664339,0.651832,1,0.706423,0.772251,0,0,0,0,0,1,0
fatten,False,0,000000,,,True,2,000101,Ev,An,0.248,0.058,0.478,0.582,0.159,0.658,0.247581,0.853403,0,0.057543,0.827225,0,0.477958,0.581152,0,0.581538,0.63089,0,0.159169,0.651832,0,0.657555,0.772251,0,0,0,0,0,0,0
fault,False,0,000000,,,True,1,000100,An,,0.632,0.259,0.051,0.607,0.079,0.52,0.631749,0.853403,0,0.25922,0.827225,0,0.050781,0.581152,0,0.606524,0.63089,0,0.079404,0.651832,0,0.520337,0.772251,0,0,0,0,0,0,0
favour,True,1,000001,Ev,,True,1,000001,Ev,,0.714,0.554,0.195,0.038,0.259,0.808,0.714132,0.853403,0,0.554182,0.827225,0,0.195131,0.581152,0,0.038035,0.63089,0,0.259407,0.651832,0,0.807561,0.772251,1,0,0,0,0,0,1
fear,False,0,000000,,,True,1,100000,Kn,,0.845,0.362,0.466,0.229,0.257,0.634,0.844513,0.853403,0,0.361623,0.827225,0,0.465839,0.581152,0,0.228535,0.63089,0,0.25691,0.651832,0,0.634159,0.772251,0,0,0,0,0,0,0
feather,True,1,000100,An,,True,3,100101,An,"Kn, Ev",0.749,0.702,0.113,0.865,0.091,0.764,0.749205,0.853403,0,0.701638,0.827225,0,0.113041,0.581152,0,0.865293,0.63089,1,0.091263,0.651832,0,0.76438,0.772251,0,0,0,0,1,0,0
feature,False,0,000000,,,True,2,110000,Cm,Kn,0.773,0.814,0.28,0.199,0.258,0.162,0.773122,0.853403,0,0.814072,0.827225,0,0.279642,0.581152,0,0.198717,0.63089,0,0.258158,0.651832,0,0.162197,0.772251,0,0,0,0,0,0,0
fee,False,0,000000,,,True,2,000011,Ev,Sn,0.414,0.206,0.119,0.434,0.569,0.662,0.413796,0.853403,0,0.20566,0.827225,0,0.118598,0.581152,0,0.433566,0.63089,0,0.569479,0.651832,0,0.661946,0.772251,0,0,0,0,0,0,0
feel,True,3,110010,Kn,"Cm, Sn",True,4,110011,Kn,"Cm, Sn, Ev",0.972,0.938,0.217,0.137,0.718,0.69,0.971653,0.853403,1,0.938464,0.827225,1,0.217143,0.581152,0,0.13654,0.63089,0,0.717525,0.651832,1,0.690171,0.772251,0,1,1,0,0,1,0
ferret,True,1,000100,An,,True,1,000100,An,,0.582,0.394,0.413,0.956,0.037,0.367,0.582333,0.853403,0,0.394171,0.827225,0,0.413019,0.581152,0,0.955641,0.63089,1,0.037364,0.651832,0,0.366688,0.772251,0,0,0,0,1,0,0
fertilize,True,1,000010,Sn,,True,3,001011,Sn,"Ap, Ev",0.429,0.065,0.508,0.019,0.885,0.727,0.428764,0.853403,0,0.065498,0.827225,0,0.508478,0.581152,0,0.018858,0.63089,0,0.884959,0.651832,1,0.72723,0.772251,0,0,0,0,0,1,0
fetch,True,2,101000,Ap,Kn,True,2,101000,Ap,Kn,0.919,0.329,0.979,0.323,0.106,0.054,0.919007,0.853403,1,0.32948,0.827225,0,0.978674,0.581152,1,0.32256,0.63089,0,0.105598,0.651832,0,0.053883,0.772251,0,1,0,1,0,0,0
fight,True,1,000001,Ev,,True,3,010101,Ev,"Cm, An",0.718,0.715,0.151,0.561,0.317,0.964,0.718046,0.853403,0,0.714505,0.827225,0,0.151213,0.581152,0,0.560576,0.63089,0,0.316599,0.651832,0,0.964127,0.772251,1,0,0,0,0,0,1
fill,True,1,001000,Ap,,True,1,001000,Ap,,0.433,0.658,0.948,0.317,0.539,0.008,0.433388,0.853403,0,0.657597,0.827225,0,0.948275,0.581152,1,0.317182,0.63089,0,0.53915,0.651832,0,0.007853,0.772251,0,0,0,1,0,0,0
film,True,1,001000,Ap,,True,1,001000,Ap,,0.149,0.495,0.749,0.321,0.459,0.196,0.149215,0.853403,0,0.495381,0.827225,0,0.749495,0.581152,1,0.321219,0.63089,0,0.459232,0.651832,0,0.196196,0.772251,0,0,0,1,0,0,0
filter,True,1,000100,An,,True,2,000101,An,Ev,0.468,0.535,0.114,0.954,0.262,0.66,0.468449,0.853403,0,0.534845,0.827225,0,0.114027,0.581152,0,0.954468,0.63089,1,0.26221,0.651832,0,0.659699,0.772251,0,0,0,0,1,0,0
finalize,True,1,000001,Ev,,True,2,000011,Ev,Sn,0.149,0.594,0.366,0.401,0.624,0.88,0.149215,0.853403,0,0.593988,0.827225,0,0.36611,0.581152,0,0.400689,0.63089,0,0.623865,0.651832,0,0.879755,0.772251,1,0,0,0,0,0,1
finish,False,0,000000,,,True,2,001001,Ev,Ap,0.41,0.44,0.512,0.385,0.032,0.727,0.409764,0.853403,0,0.440387,0.827225,0,0.512348,0.581152,0,0.385423,0.63089,0,0.031799,0.651832,0,0.727133,0.772251,0,0,0,0,0,0,0
fix,True,1,000010,Sn,,True,3,000111,Sn,"An, Ev",0.149,0.152,0.215,0.635,0.819,0.732,0.149215,0.853403,0,0.152198,0.827225,0,0.215103,0.581152,0,0.63516,0.63089,1,0.819054,0.651832,1,0.731656,0.772251,0,0,0,0,0,1,0
fixate,False,0,000000,,,True,1,000100,An,,0.532,0.164,0.442,0.542,0.375,0.261,0.531925,0.853403,0,0.163568,0.827225,0,0.441879,0.581152,0,0.541657,0.63089,0,0.375177,0.651832,0,0.260658,0.772251,0,0,0,0,0,0,0
fizzle,True,2,001100,An,Ap,True,2,001100,An,Ap,0.605,0.653,0.67,0.729,0.106,0.073,0.605448,0.853403,0,0.653414,0.827225,0,0.670446,0.581152,1,0.729081,0.63089,1,0.106094,0.651832,0,0.07319,0.772251,0,0,0,1,1,0,0
flank,False,0,000000,,,True,1,000100,An,,0.643,0.417,0.182,0.539,0.266,0.495,0.642688,0.853403,0,0.417155,0.827225,0,0.182429,0.581152,0,0.538787,0.63089,0,0.266448,0.651832,0,0.495191,0.772251,0,0,0,0,0,0,0
flash,True,1,000010,Sn,,True,2,001010,Sn,Ap,0.305,0.508,0.548,0.477,0.698,0.323,0.305264,0.853403,0,0.507906,0.827225,0,0.548215,0.581152,0,0.476516,0.63089,0,0.697828,0.651832,1,0.322943,0.772251,0,0,0,0,0,1,0
flatten,True,1,000010,Sn,,True,1,000010,Sn,,0.372,0.342,0.3,0.16,0.781,0.511,0.372276,0.853403,0,0.342157,0.827225,0,0.299533,0.581152,0,0.160107,0.63089,0,0.780692,0.651832,1,0.511251,0.772251,0,0,0,0,0,1,0
flatter,True,1,001000,Ap,,True,1,001000,Ap,,0.149,0.372,0.7,0.345,0.44,0.032,0.149215,0.853403,0,0.372004,0.827225,0,0.699911,0.581152,1,0.344565,0.63089,0,0.439964,0.651832,0,0.03204,0.772251,0,0,0,1,0,0,0
fledge,False,0,000000,,,True,1,000100,An,,0.612,0.193,0.212,0.609,0.381,0.344,0.612033,0.853403,0,0.192631,0.827225,0,0.21227,0.581152,0,0.608676,0.63089,0,0.381242,0.651832,0,0.343537,0.772251,0,0,0,0,0,0,0
flee,False,0,000000,,,True,2,001001,Ev,Ap,0.374,0.381,0.567,0.205,0.52,0.662,0.374104,0.853403,0,0.380716,0.827225,0,0.567023,0.581152,0,0.204535,0.63089,0,0.520359,0.651832,0,0.662239,0.772251,0,0,0,0,0,0,0
flex,False,0,000000,,,True,1,000100,An,,0.428,0.556,0.419,0.617,0.441,0.513,0.427959,0.853403,0,0.55563,0.827225,0,0.418536,0.581152,0,0.61715,0.63089,0,0.441329,0.651832,0,0.513323,0.772251,0,0,0,0,0,0,0
flicker,True,2,000110,An,Sn,True,2,000110,An,Sn,0.633,0.239,0.054,0.721,0.682,0.515,0.633113,0.853403,0,0.238959,0.827225,0,0.053765,0.581152,0,0.721489,0.63089,1,0.68232,0.651832,1,0.515364,0.772251,0,0,0,0,1,1,0
flip,True,1,100000,Kn,,True,3,101100,Kn,"Ap, An",0.916,0.489,0.589,0.747,0.105,0.178,0.916329,0.853403,1,0.488706,0.827225,0,0.589187,0.581152,1,0.74663,0.63089,1,0.105179,0.651832,0,0.177555,0.772251,0,1,0,0,0,0,0
float,True,1,000100,An,,True,3,101100,Kn,"Ap, An",0.737,0.239,0.564,0.724,0.089,0.368,0.73675,0.853403,0,0.238671,0.827225,0,0.563829,0.581152,0,0.724333,0.63089,1,0.089217,0.651832,0,0.367963,0.772251,0,0,0,0,1,0,0
flocculate,False,0,000000,,,False,0,000000,,,0.412,0.703,0.288,0.348,0.301,0.178,0.411765,0.853403,0,0.702723,0.827225,0,0.288439,0.581152,0,0.348148,0.63089,0,0.300557,0.651832,0,0.178155,0.772251,0,0,0,0,0,0,0
flourish,True,1,000010,Sn,,True,2,001010,Sn,Ap,0.231,0.353,0.694,0.193,0.987,0.141,0.231299,0.853403,0,0.35285,0.827225,0,0.693844,0.581152,1,0.192708,0.63089,0,0.98672,0.651832,1,0.140586,0.772251,0,0,0,0,0,1,0
flow,True,1,000100,An,,True,2,100100,Kn,An,0.852,0.531,0.421,0.731,0.542,0.183,0.851751,0.853403,0,0.530912,0.827225,0,0.421135,0.581152,0,0.730774,0.63089,1,0.54172,0.651832,0,0.18281,0.772251,0,0,0,0,1,0,0
fluctuate,True,1,001000,Ap,,True,3,011100,Cm,"Ap, An",0.611,0.798,0.761,0.644,0.091,0.008,0.61061,0.853403,0,0.797553,0.827225,0,0.760502,0.581152,1,0.643557,0.63089,1,0.090845,0.651832,0,0.007853,0.772251,0,0,0,1,0,0,0
flutter,True,1,000100,An,,True,2,010100,Cm,An,0.294,0.777,0.411,0.721,0.302,0.04,0.293515,0.853403,0,0.776867,0.827225,0,0.411285,0.581152,0,0.721135,0.63089,1,0.30201,0.651832,0,0.03985,0.772251,0,0,0,0,1,0,0
fly,True,1,001000,Ap,,True,2,001100,Ap,An,0.616,0.678,0.994,0.811,0.266,0.303,0.615594,0.853403,0,0.678405,0.827225,0,0.994212,0.581152,1,0.811396,0.63089,1,0.266287,0.651832,0,0.303362,0.772251,0,0,0,1,0,0,0
fold,True,2,000110,Sn,An,True,4,101110,Kn,"Ap, An, Sn",0.731,0.213,0.5,0.653,0.675,0.354,0.731257,0.853403,0,0.213176,0.827225,0,0.500442,0.581152,0,0.653214,0.63089,1,0.674773,0.651832,1,0.354004,0.772251,0,0,0,0,1,1,0
forbid,True,1,000001,Ev,,True,1,000001,Ev,,0.183,0.301,0.35,0.284,0.326,0.932,0.18321,0.853403,0,0.301313,0.827225,0,0.350321,0.581152,0,0.284092,0.63089,0,0.326393,0.651832,0,0.93173,0.772251,1,0,0,0,0,0,1
force,True,1,001000,Ap,,True,2,001001,Ev,Ap,0.149,0.375,0.679,0.324,0.106,0.69,0.149215,0.853403,0,0.375047,0.827225,0,0.678753,0.581152,1,0.323603,0.63089,0,0.10574,0.651832,0,0.689989,0.772251,0,0,0,1,0,0,0
forego,True,1,000010,Sn,,True,1,000010,Sn,,0.429,0.386,0.048,0.339,0.7,0.008,0.428806,0.853403,0,0.385625,0.827225,0,0.04805,0.581152,0,0.338736,0.63089,0,0.699913,0.651832,1,0.007853,0.772251,0,0,0,0,0,1,0
foreground,True,2,110000,Kn,Cm,True,2,110000,Kn,Cm,0.921,0.871,0.074,0.402,0.453,0.23,0.92096,0.853403,1,0.87086,0.827225,1,0.073896,0.581152,0,0.401913,0.63089,0,0.453468,0.651832,0,0.23048,0.772251,0,1,1,0,0,0,0
foresee,True,1,000010,Sn,,True,4,110110,Sn,"Kn, Cm, An",0.897,0.866,0.057,0.64,0.981,0.407,0.89737,0.853403,1,0.866097,0.827225,1,0.057212,0.581152,0,0.640232,0.63089,1,0.981406,0.651832,1,0.4073,0.772251,0,0,0,0,0,1,0
foreshorten,True,1,000100,An,,True,4,110110,An,"Kn, Cm, Sn",0.747,0.798,0.049,0.805,0.578,0.207,0.747337,0.853403,0,0.797762,0.827225,0,0.049001,0.581152,0,0.804832,0.63089,1,0.577706,0.651832,0,0.207116,0.772251,0,0,0,0,1,0,0
forge,True,1,000010,Sn,,True,3,001011,Sn,"Ap, Ev",0.279,0.233,0.683,0.219,0.783,0.769,0.279121,0.853403,0,0.232878,0.827225,0,0.682804,0.581152,1,0.219049,0.63089,0,0.78305,0.651832,1,0.769357,0.772251,0,0,0,0,0,1,0
forget,True,1,100000,Kn,,True,1,100000,Kn,,0.991,0.324,0.073,0.015,0.124,0.427,0.990981,0.853403,1,0.324419,0.827225,0,0.073248,0.581152,0,0.01534,0.63089,0,0.124259,0.651832,0,0.426516,0.772251,0,1,0,0,0,0,0
forgo,False,0,000000,,,True,1,001000,Ap,,0.433,0.517,0.534,0.321,0.515,0.534,0.433145,0.853403,0,0.517478,0.827225,0,0.533863,0.581152,0,0.320865,0.63089,0,0.515086,0.651832,0,0.534182,0.772251,0,0,0,0,0,0,0
form,True,1,000010,Sn,,True,2,001010,Sn,Ap,0.295,0.081,0.664,0.453,0.787,0.16,0.294787,0.853403,0,0.081462,0.827225,0,0.663993,0.581152,1,0.452879,0.63089,0,0.787056,0.651832,1,0.16014,0.772251,0,0,0,0,0,1,0
formalize,True,1,010000,Cm,,True,3,010110,Cm,"An, Sn",0.477,0.895,0.441,0.577,0.721,0.294,0.476557,0.853403,0,0.894762,0.827225,1,0.440937,0.581152,0,0.576759,0.63089,0,0.721445,0.651832,1,0.294434,0.772251,0,0,1,0,0,0,0
fractionate,True,1,010000,Cm,,True,3,011100,Cm,"Ap, An",0.175,0.829,0.737,0.671,0.226,0.026,0.174955,0.853403,0,0.82877,0.827225,1,0.737177,0.581152,1,0.670721,0.63089,1,0.22624,0.651832,0,0.025975,0.772251,0,0,1,0,0,0,0
free,False,0,000000,,,True,1,000001,Ev,,0.279,0.274,0.261,0.114,0.367,0.697,0.278681,0.853403,0,0.274065,0.827225,0,0.260667,0.581152,0,0.114105,0.63089,0,0.366707,0.651832,0,0.696864,0.772251,0,0,0,0,0,0,0
freeze,True,1,000001,Ev,,True,2,000101,Ev,An,0.604,0.228,0.189,0.721,0.397,0.854,0.603795,0.853403,0,0.228403,0.827225,0,0.189484,0.581152,0,0.721383,0.63089,1,0.396509,0.651832,0,0.853788,0.772251,1,0,0,0,0,0,1
frown,False,0,000000,,,True,1,100000,Kn,,0.748,0.401,0.413,0.475,0.197,0.072,0.747707,0.853403,0,0.400753,0.827225,0,0.412918,0.581152,0,0.475337,0.63089,0,0.196961,0.651832,0,0.071648,0.772251,0,0,0,0,0,0,0
frustrate,True,1,000001,Ev,,True,1,000001,Ev,,0.149,0.186,0.056,0.395,0.094,0.984,0.149215,0.853403,0,0.18603,0.827225,0,0.055769,0.581152,0,0.394674,0.63089,0,0.094024,0.651832,0,0.983667,0.772251,1,0,0,0,0,0,1
fulfil,True,1,001000,Ap,,True,2,001001,Ev,Ap,0.229,0.099,0.618,0.198,0.033,0.748,0.228911,0.853403,0,0.098543,0.827225,0,0.618213,0.581152,1,0.197924,0.63089,0,0.033466,0.651832,0,0.748004,0.772251,0,0,0,1,0,0,0
fulfill,True,1,001000,Ap,,True,1,001000,Ap,,0.241,0.06,0.81,0.202,0.17,0.603,0.241412,0.853403,0,0.059591,0.827225,0,0.810315,0.581152,1,0.201903,0.63089,0,0.170159,0.651832,0,0.603308,0.772251,0,0,0,1,0,0,0
furnish,True,2,001010,Ap,Sn,True,2,001010,Ap,Sn,0.149,0.238,0.786,0.177,0.776,0.32,0.149215,0.853403,0,0.238313,0.827225,0,0.785748,0.581152,1,0.177131,0.63089,0,0.775504,0.651832,1,0.320453,0.772251,0,0,0,1,0,1,0
galvanize,True,1,000001,Ev,,True,3,001011,Ev,"Ap, Sn",0.149,0.026,0.681,0.039,0.699,0.854,0.149215,0.853403,0,0.026178,0.827225,0,0.680588,0.581152,1,0.039174,0.63089,0,0.698808,0.651832,1,0.85434,0.772251,1,0,0,0,0,0,1
gape,True,1,000100,An,,True,2,100100,An,Kn,0.729,0.52,0.003,0.833,0.096,0.473,0.728727,0.853403,0,0.520134,0.827225,0,0.002618,0.581152,0,0.833182,0.63089,1,0.095657,0.651832,0,0.472946,0.772251,0,0,0,0,1,0,0
gate,True,1,000100,An,,True,1,000100,An,,0.374,0.225,0.105,0.853,0.261,0.535,0.373863,0.853403,0,0.224845,0.827225,0,0.105104,0.581152,0,0.85307,0.63089,1,0.26123,0.651832,0,0.535179,0.772251,0,0,0,0,1,0,0
gauge,True,1,000001,Ev,,True,3,101001,Ev,"Kn, Ap",0.768,0.233,0.536,0.441,0.206,0.918,0.768411,0.853403,0,0.232777,0.827225,0,0.535541,0.581152,0,0.44067,0.63089,0,0.205842,0.651832,0,0.91846,0.772251,1,0,0,0,0,0,1
gaze,True,3,110100,An,"Kn, Cm",True,3,110100,An,"Kn, Cm",0.925,0.886,0.295,0.926,0.056,0.098,0.924513,0.853403,1,0.885504,0.827225,1,0.29452,0.581152,0,0.926024,0.63089,1,0.055516,0.651832,0,0.097902,0.772251,0,1,1,0,1,0,0
get,True,1,001000,Ap,,True,2,101000,Kn,Ap,0.76,0.657,0.608,0.194,0.033,0.608,0.75968,0.853403,0,0.656819,0.827225,0,0.607769,0.581152,1,0.193682,0.63089,0,0.032543,0.651832,0,0.6081,0.772251,0,0,0,1,0,0,0
giggle,True,1,100000,Kn,,True,2,100010,Kn,Sn,0.854,0.239,0.195,0.117,0.784,0.054,0.854254,0.853403,1,0.238732,0.827225,0,0.195081,0.581152,0,0.117384,0.63089,0,0.784112,0.651832,1,0.053802,0.772251,0,1,0,0,0,0,0
glaze,True,1,000100,An,,True,1,000100,An,,0.599,0.653,0.211,0.796,0.543,0.073,0.599446,0.853403,0,0.652723,0.827225,0,0.211451,0.581152,0,0.795974,0.63089,1,0.543019,0.651832,0,0.073102,0.772251,0,0,0,0,1,0,0
glean,True,1,000010,Sn,,True,1,000010,Sn,,0.594,0.651,0.183,0.339,0.865,0.221,0.594023,0.853403,0,0.651037,0.827225,0,0.182505,0.581152,0,0.338815,0.63089,0,0.865045,0.651832,1,0.221132,0.772251,0,0,0,0,0,1,0
glide,True,1,000100,An,,True,3,001110,An,"Ap, Sn",0.307,0.388,0.541,0.852,0.587,0.008,0.30699,0.853403,0,0.387586,0.827225,0,0.540918,0.581152,0,0.8516,0.63089,1,0.587027,0.651832,0,0.007853,0.772251,0,0,0,0,1,0,0
globalize,True,1,000010,Sn,,True,3,011010,Sn,"Cm, Ap",0.275,0.725,0.556,0.03,0.968,0.257,0.275495,0.853403,0,0.724713,0.827225,0,0.55591,0.581152,0,0.030242,0.63089,0,0.968016,0.651832,1,0.256679,0.772251,0,0,0,0,0,1,0
gloss,True,1,010000,Cm,,True,3,110010,Cm,"Kn, Sn",0.747,0.903,0.431,0.453,0.683,0.205,0.747049,0.853403,0,0.903253,0.827225,1,0.430779,0.581152,0,0.452518,0.63089,0,0.683459,0.651832,1,0.205287,0.772251,0,0,1,0,0,0,0
glow,True,1,100000,Kn,,True,3,110010,Kn,"Cm, Sn",0.921,0.858,0.405,0.463,0.555,0.196,0.921224,0.853403,1,0.857846,0.827225,1,0.404694,0.581152,0,0.463353,0.63089,0,0.554698,0.651832,0,0.19642,0.772251,0,1,0,0,0,0,0
go,True,1,001000,Ap,,True,1,001000,Ap,,0.451,0.64,0.99,0.448,0.103,0.297,0.450594,0.853403,0,0.639979,0.827225,0,0.990154,0.581152,1,0.447859,0.63089,0,0.103204,0.651832,0,0.296732,0.772251,0,0,0,1,0,0,0
govern,True,1,001000,Ap,,True,3,001101,Ev,"Ap, An",0.149,0.211,0.667,0.565,0.536,0.769,0.149215,0.853403,0,0.211124,0.827225,0,0.666976,0.581152,1,0.564893,0.63089,0,0.535811,0.651832,0,0.769319,0.772251,0,0,0,1,0,0,0
grab,True,1,001000,Ap,,True,3,101100,Ap,"Kn, An",0.779,0.239,0.958,0.564,0.287,0.296,0.779041,0.853403,0,0.239142,0.827225,0,0.958108,0.581152,1,0.563807,0.63089,0,0.287392,0.651832,0,0.295926,0.772251,0,0,0,1,0,0,0
grant,True,1,001000,Ap,,True,2,001100,Ap,An,0.149,0.272,0.675,0.606,0.098,0.195,0.149215,0.853403,0,0.272408,0.827225,0,0.674946,0.581152,1,0.60581,0.63089,0,0.098494,0.651832,0,0.194558,0.772251,0,0,0,1,0,0,0
granulate,True,1,000010,Sn,,True,2,001010,Sn,Ap,0.248,0.511,0.559,0.454,0.788,0.529,0.248426,0.853403,0,0.511169,0.827225,0,0.558812,0.581152,0,0.453712,0.63089,0,0.787914,0.651832,1,0.528617,0.772251,0,0,0,0,0,1,0
grapple,True,1,000010,Sn,,True,2,010010,Cm,Sn,0.485,0.72,0.297,0.444,0.658,0.625,0.48521,0.853403,0,0.720163,0.827225,0,0.297125,0.581152,0,0.44421,0.63089,0,0.658271,0.651832,1,0.625312,0.772251,0,0,0,0,0,1,0
grasp,True,2,001100,Ap,An,True,4,111100,Kn,"Cm, Ap, An",0.832,0.768,0.824,0.79,0.112,0.428,0.831889,0.853403,0,0.768122,0.827225,0,0.823708,0.581152,1,0.790062,0.63089,1,0.111825,0.651832,0,0.427687,0.772251,0,0,0,1,1,0,0
grate,True,1,000100,An,,True,2,000101,An,Ev,0.309,0.554,0.27,0.914,0.096,0.658,0.309039,0.853403,0,0.554362,0.827225,0,0.27015,0.581152,0,0.914297,0.63089,1,0.095794,0.651832,0,0.657764,0.772251,0,0,0,0,1,0,0
gravitate,True,1,001000,Ap,,True,1,001000,Ap,,0.435,0.394,0.674,0.226,0.417,0.513,0.434551,0.853403,0,0.394149,0.827225,0,0.673527,0.581152,1,0.225561,0.63089,0,0.417412,0.651832,0,0.513035,0.772251,0,0,0,1,0,0,0
graze,True,1,001000,Ap,,True,2,101000,Ap,Kn,0.753,0.265,0.851,0.344,0.102,0.045,0.75302,0.853403,0,0.264801,0.827225,0,0.850949,0.581152,1,0.343625,0.63089,0,0.102279,0.651832,0,0.044668,0.772251,0,0,0,1,0,0,0
grind,True,1,000100,An,,True,2,000101,An,Ev,0.428,0.227,0.289,0.724,0.392,0.665,0.427998,0.853403,0,0.226873,0.827225,0,0.28936,0.581152,0,0.724439,0.63089,1,0.391579,0.651832,0,0.665304,0.772251,0,0,0,0,1,0,0
groove,True,1,000100,An,,True,2,100100,An,Kn,0.747,0.39,0.277,0.857,0.037,0.512,0.747018,0.853403,0,0.390227,0.827225,0,0.277251,0.581152,0,0.856519,0.63089,1,0.0368,0.651832,0,0.512002,0.772251,0,0,0,0,1,0,0
grout,True,1,000100,An,,True,1,000100,An,,0.598,0.379,0.181,0.956,0.158,0.044,0.598423,0.853403,0,0.379046,0.827225,0,0.181416,0.581152,0,0.95602,0.63089,1,0.157925,0.651832,0,0.044421,0.772251,0,0,0,0,1,0,0
grow,True,2,001010,Ap,Sn,True,2,001010,Ap,Sn,0.22,0.084,0.904,0.243,0.894,0.008,0.220121,0.853403,0,0.083619,0.827225,0,0.903558,0.581152,1,0.243043,0.63089,0,0.894042,0.651832,1,0.007853,0.772251,0,0,0,1,0,1,0
guarantee,True,1,000001,Ev,,True,2,010001,Ev,Cm,0.572,0.769,0.187,0.394,0.174,0.797,0.572204,0.853403,0,0.768819,0.827225,0,0.186604,0.581152,0,0.393911,0.63089,0,0.174354,0.651832,0,0.79659,0.772251,1,0,0,0,0,0,1
guard,True,1,000001,Ev,,True,1,000001,Ev,,0.184,0.278,0.3,0.029,0.349,0.886,0.183603,0.853403,0,0.278278,0.827225,0,0.300488,0.581152,0,0.02943,0.63089,0,0.348885,0.651832,0,0.886486,0.772251,1,0,0,0,0,0,1
guess,True,4,110101,An,"Kn, Cm, Ev",True,4,110101,An,"Kn, Cm, Ev",0.944,0.894,0.472,0.956,0.511,0.851,0.944233,0.853403,1,0.893867,0.827225,1,0.471611,0.581152,0,0.955821,0.63089,1,0.511146,0.651832,0,0.851184,0.772251,1,1,1,0,1,0,1
hallucinate,True,1,000010,Sn,,True,1,000010,Sn,,0.627,0.655,0.099,0.205,0.864,0.478,0.626893,0.853403,0,0.655437,0.827225,0,0.098718,0.581152,0,0.205028,0.63089,0,0.864413,0.651832,1,0.477557,0.772251,0,0,0,0,0,1,0
halt,True,1,000100,An,,True,2,000101,Ev,An,0.417,0.265,0.275,0.753,0.369,0.757,0.416619,0.853403,0,0.265381,0.827225,0,0.275049,0.581152,0,0.753261,0.63089,1,0.369034,0.651832,0,0.756684,0.772251,0,0,0,0,1,0,0
halve,True,1,001000,Ap,,True,1,001000,Ap,,0.247,0.523,0.722,0.325,0.143,0.273,0.246819,0.853403,0,0.523129,0.827225,0,0.721834,0.581152,1,0.325454,0.63089,0,0.142506,0.651832,0,0.273284,0.772251,0,0,0,1,0,0,0
hamper,True,2,000110,An,Sn,True,2,000110,An,Sn,0.312,0.105,0.414,0.729,0.674,0.221,0.312194,0.853403,0,0.105381,0.827225,0,0.41449,0.581152,0,0.728604,0.63089,1,0.673905,0.651832,1,0.220593,0.772251,0,0,0,0,1,1,0
handcraft,True,1,001000,Ap,,True,3,001110,Ap,"An, Sn",0.354,0.624,0.857,0.591,0.685,0.354,0.353701,0.853403,0,0.623818,0.827225,0,0.856704,0.581152,1,0.590864,0.63089,0,0.685264,0.651832,1,0.353623,0.772251,0,0,0,1,0,0,0
handicap,True,1,000001,Ev,,True,2,100001,Kn,Ev,0.848,0.382,0.094,0.495,0.257,0.809,0.847872,0.853403,0,0.382184,0.827225,0,0.09371,0.581152,0,0.495097,0.63089,0,0.25697,0.651832,0,0.809347,0.772251,1,0,0,0,0,0,1
hang,True,1,000001,Ev,,True,3,100101,Ev,"Kn, An",0.759,0.247,0.282,0.605,0.038,0.777,0.759418,0.853403,0,0.246563,0.827225,0,0.282283,0.581152,0,0.604763,0.63089,0,0.037596,0.651832,0,0.777004,0.772251,1,0,0,0,0,0,1
happen,True,2,001010,Ap,Sn,True,3,011010,Cm,"Ap, Sn",0.629,0.8,0.682,0.211,0.662,0.344,0.629056,0.853403,0,0.80004,0.827225,0,0.681685,0.581152,1,0.210528,0.63089,0,0.661885,0.651832,1,0.343585,0.772251,0,0,0,1,0,1,0
harbor,True,1,001000,Ap,,True,1,001000,Ap,,0.646,0.41,0.767,0.111,0.188,0.323,0.645833,0.853403,0,0.410152,0.827225,0,0.767371,0.581152,1,0.110987,0.63089,0,0.187804,0.651832,0,0.322705,0.772251,0,0,0,1,0,0,0
harden,True,1,000001,Ev,,True,2,100001,Ev,Kn,0.843,0.41,0.055,0.112,0.266,0.916,0.843209,0.853403,0,0.409995,0.827225,0,0.054568,0.581152,0,0.112021,0.63089,0,0.266302,0.651832,0,0.916366,0.772251,1,0,0,0,0,0,1
hark,True,2,110000,Kn,Cm,True,2,110000,Kn,Cm,0.92,0.862,0.039,0.147,0.418,0.338,0.920019,0.853403,1,0.862034,0.827225,1,0.039234,0.581152,0,0.146661,0.63089,0,0.418464,0.651832,0,0.338165,0.772251,0,1,1,0,0,0,0
harm,True,1,001000,Ap,,True,2,001001,Ap,Ev,0.427,0.082,0.86,0.051,0.198,0.657,0.427051,0.853403,0,0.082163,0.827225,0,0.859697,0.581152,1,0.050639,0.63089,0,0.197934,0.651832,0,0.657265,0.772251,0,0,0,1,0,0,0
harmonise,True,1,000010,Sn,,True,1,000010,Sn,,0.423,0.215,0.082,0.08,0.802,0.474,0.423177,0.853403,0,0.214646,0.827225,0,0.082264,0.581152,0,0.080268,0.63089,0,0.801732,0.651832,1,0.474318,0.772251,0,0,0,0,0,1,0
harness,False,0,000000,,,True,3,101100,Kn,"Ap, An",0.843,0.236,0.574,0.592,0.003,0.345,0.843021,0.853403,0,0.236045,0.827225,0,0.573897,0.581152,0,0.592173,0.63089,0,0.002764,0.651832,0,0.344603,0.772251,0,0,0,0,0,0,0
harvest,True,1,001000,Ap,,True,2,001010,Ap,Sn,0.688,0.087,0.846,0.274,0.631,0.442,0.688271,0.853403,0,0.086713,0.827225,0,0.845984,0.581152,1,0.273813,0.63089,0,0.631036,0.651832,0,0.441983,0.772251,0,0,0,1,0,0,0
hate,True,1,000001,Ev,,True,1,000001,Ev,,0.374,0.391,0.421,0.527,0.172,0.941,0.374148,0.853403,0,0.390786,0.827225,0,0.420696,0.581152,0,0.527216,0.63089,0,0.171899,0.651832,0,0.941335,0.772251,1,0,0,0,0,0,1
haunt,True,1,100000,Kn,,True,3,111000,Kn,"Cm, Ap",0.973,0.72,0.549,0.465,0.005,0.148,0.973169,0.853403,1,0.720205,0.827225,0,0.54893,0.581152,0,0.464524,0.63089,0,0.005126,0.651832,0,0.148024,0.772251,0,1,0,0,0,0,0
heal,True,1,000010,Sn,,True,2,000011,Sn,Ev,0.361,0.193,0.441,0.03,0.864,0.761,0.360823,0.853403,0,0.193292,0.827225,0,0.440946,0.581152,0,0.030411,0.63089,0,0.864347,0.651832,1,0.76069,0.772251,0,0,0,0,0,1,0
hear,True,1,100000,Kn,,True,2,110000,Kn,Cm,0.961,0.707,0.05,0.016,0.544,0.283,0.960667,0.853403,1,0.706988,0.827225,0,0.050331,0.581152,0,0.016293,0.63089,0,0.544456,0.651832,0,0.283449,0.772251,0,1,0,0,0,0,0
heave,True,1,100000,Kn,,True,1,100000,Kn,,0.917,0.355,0.416,0.145,0.095,0.653,0.916868,0.853403,1,0.355198,0.827225,0,0.415795,0.581152,0,0.144814,0.63089,0,0.095192,0.651832,0,0.65261,0.772251,0,1,0,0,0,0,0
heed,True,1,100000,Kn,,True,2,100010,Kn,Sn,0.858,0.275,0.188,0.017,0.667,0.493,0.857502,0.853403,1,0.275027,0.827225,0,0.188335,0.581152,0,0.016897,0.63089,0,0.667043,0.651832,1,0.49331,0.772251,0,1,0,0,0,0,0
heighten,True,1,001000,Ap,,True,1,001000,Ap,,0.173,0.116,0.84,0.356,0.452,0.014,0.173193,0.853403,0,0.116178,0.827225,0,0.839911,0.581152,1,0.356487,0.63089,0,0.451803,0.651832,0,0.01368,0.772251,0,0,0,1,0,0,0
help,False,0,000000,,,True,1,000001,Ev,,0.558,0.233,0.282,0.326,0.462,0.719,0.55844,0.853403,0,0.232916,0.827225,0,0.281528,0.581152,0,0.325524,0.63089,0,0.461946,0.651832,0,0.718799,0.772251,0,0,0,0,0,0,0
hesitate,True,1,000001,Ev,,True,2,000101,Ev,An,0.612,0.082,0.36,0.807,0.395,0.957,0.611567,0.853403,0,0.081716,0.827225,0,0.359923,0.581152,0,0.807392,0.63089,1,0.394787,0.651832,0,0.957496,0.772251,1,0,0,0,0,0,1
hide,True,1,100000,Kn,,True,2,110000,Kn,Cm,0.962,0.831,0.324,0.139,0.395,0.579,0.962401,0.853403,1,0.831406,0.827225,1,0.323651,0.581152,0,0.13865,0.63089,0,0.395207,0.651832,0,0.579136,0.772251,0,1,0,0,0,0,0
highlight,True,1,100000,Kn,,True,3,110100,Kn,"Cm, An",0.896,0.825,0.076,0.617,0.282,0.355,0.896185,0.853403,1,0.824863,0.827225,0,0.07573,0.581152,0,0.616991,0.63089,0,0.282061,0.651832,0,0.35528,0.772251,0,1,0,0,0,0,0
hinder,True,1,000001,Ev,,True,2,001001,Ev,Ap,0.149,0.372,0.581,0.207,0.266,0.946,0.149215,0.853403,0,0.372197,0.827225,0,0.580696,0.581152,0,0.20734,0.63089,0,0.265636,0.651832,0,0.945864,0.772251,1,0,0,0,0,0,1
hit,True,1,000001,Ev,,True,3,110001,Kn,"Cm, Ev",0.843,0.776,0.192,0.115,0.037,0.811,0.842943,0.853403,0,0.776043,0.827225,0,0.191985,0.581152,0,0.115036,0.63089,0,0.036909,0.651832,0,0.81072,0.772251,1,0,0,0,0,0,1
hoist,False,0,000000,,,True,2,101000,Kn,Ap,0.737,0.082,0.572,0.198,0.201,0.498,0.737019,0.853403,0,0.081651,0.827225,0,0.571585,0.581152,0,0.197775,0.63089,0,0.200789,0.651832,0,0.497913,0.772251,0,0,0,0,0,0,0
hold,True,1,001000,Ap,,True,2,101000,Kn,Ap,0.846,0.679,0.591,0.33,0.302,0.493,0.846012,0.853403,0,0.678569,0.827225,0,0.591058,0.581152,1,0.330033,0.63089,0,0.302348,0.651832,0,0.493168,0.772251,0,0,0,1,0,0,0
homogenize,True,1,000010,Sn,,True,2,000110,Sn,An,0.204,0.68,0.404,0.727,0.866,0.358,0.204368,0.853403,0,0.680184,0.827225,0,0.403573,0.581152,0,0.726603,0.63089,1,0.866215,0.651832,1,0.357551,0.772251,0,0,0,0,0,1,0
hone,False,0,000000,,,True,1,000100,An,,0.297,0.239,0.217,0.588,0.44,0.062,0.297078,0.853403,0,0.238959,0.827225,0,0.216601,0.581152,0,0.588485,0.63089,0,0.440211,0.651832,0,0.061585,0.772251,0,0,0,0,0,0,0
hop,True,1,000100,An,,True,2,100100,Kn,An,0.754,0.375,0.275,0.638,0.106,0.226,0.753559,0.853403,0,0.374725,0.827225,0,0.274653,0.581152,0,0.638009,0.63089,1,0.106182,0.651832,0,0.225593,0.772251,0,0,0,0,1,0,0
hope,True,1,000010,Sn,,True,1,000010,Sn,,0.691,0.106,0.111,0.017,0.941,0.522,0.690692,0.853403,0,0.105894,0.827225,0,0.111092,0.581152,0,0.017379,0.63089,0,0.94144,0.651832,1,0.522498,0.772251,0,0,0,0,0,1,0
humanize,True,1,000010,Sn,,True,1,000010,Sn,,0.257,0.656,0.454,0.332,0.786,0.436,0.25727,0.853403,0,0.656159,0.827225,0,0.453518,0.581152,0,0.331602,0.63089,0,0.786304,0.651832,1,0.436133,0.772251,0,0,0,0,0,1,0
humidify,True,1,000010,Sn,,True,1,000010,Sn,,0.149,0.353,0.298,0.332,0.921,0.525,0.149215,0.853403,0,0.353315,0.827225,0,0.29773,0.581152,0,0.331768,0.63089,0,0.921389,0.651832,1,0.524674,0.772251,0,0,0,0,0,1,0
hurt,True,1,100000,Kn,,True,3,110001,Kn,"Cm, Ev",0.947,0.852,0.016,0.347,0.418,0.795,0.947467,0.853403,1,0.852143,0.827225,1,0.015743,0.581152,0,0.347385,0.63089,0,0.418487,0.651832,0,0.795394,0.772251,1,1,0,0,0,0,0
hybridize,True,1,000010,Sn,,True,1,000010,Sn,,0.311,0.554,0.386,0.211,0.968,0.364,0.311269,0.853403,0,0.554435,0.827225,0,0.38611,0.581152,0,0.210689,0.63089,0,0.967664,0.651832,1,0.363842,0.772251,0,0,0,0,0,1,0
hydrate,False,0,000000,,,True,2,000110,An,Sn,0.248,0.026,0.015,0.608,0.578,0.502,0.248319,0.853403,0,0.026178,0.827225,0,0.015007,0.581152,0,0.607763,0.63089,0,0.577516,0.651832,0,0.50185,0.772251,0,0,0,0,0,0,0
hydrogenate,True,1,000010,Sn,,True,3,100110,Sn,"Kn, An",0.733,0.367,0.015,0.584,0.787,0.533,0.733406,0.853403,0,0.366524,0.827225,0,0.014617,0.581152,0,0.583648,0.63089,0,0.786941,0.651832,1,0.532666,0.772251,0,0,0,0,0,1,0
hydrolyze,True,1,000010,Sn,,True,2,001010,Sn,Ap,0.149,0.026,0.532,0.454,0.71,0.379,0.149215,0.853403,0,0.026178,0.827225,0,0.531713,0.581152,0,0.453624,0.63089,0,0.709515,0.651832,1,0.37872,0.772251,0,0,0,0,0,1,0
idealize,True,1,000010,Sn,,True,2,001010,Sn,Ap,0.467,0.275,0.751,0.047,0.922,0.146,0.466669,0.853403,0,0.274812,0.827225,0,0.750724,0.581152,1,0.047495,0.63089,0,0.922441,0.651832,1,0.145673,0.772251,0,0,0,0,0,1,0
ideate,True,1,000010,Sn,,True,1,000010,Sn,,0.257,0.55,0.181,0.311,0.952,0.649,0.25687,0.853403,0,0.550153,0.827225,0,0.181173,0.581152,0,0.310507,0.63089,0,0.951963,0.651832,1,0.648827,0.772251,0,0,0,0,0,1,0
ignite,True,1,000010,Sn,,True,2,000011,Sn,Ev,0.444,0.24,0.21,0.016,0.785,0.767,0.444372,0.853403,0,0.240249,0.827225,0,0.210346,0.581152,0,0.016346,0.63089,0,0.784607,0.651832,1,0.767427,0.772251,0,0,0,0,0,1,0
ignore,True,1,000010,Sn,,True,1,000010,Sn,,0.205,0.146,0.484,0.215,0.662,0.631,0.204729,0.853403,0,0.145549,0.827225,0,0.484465,0.581152,0,0.215381,0.63089,0,0.662133,0.651832,1,0.631231,0.772251,0,0,0,0,0,1,0
illuminate,True,1,000010,Sn,,True,2,001010,Sn,Ap,0.634,0.533,0.68,0.037,0.848,0.047,0.63439,0.853403,0,0.532841,0.827225,0,0.679884,0.581152,1,0.036954,0.63089,0,0.847658,0.651832,1,0.046898,0.772251,0,0,0,0,0,1,0
imbibe,True,1,100000,Kn,,True,2,110000,Kn,Cm,0.921,0.779,0.106,0.038,0.192,0.359,0.920513,0.853403,1,0.779184,0.827225,0,0.105526,0.581152,0,0.037561,0.63089,0,0.191658,0.651832,0,0.359017,0.772251,0,1,0,0,0,0,0
imbue,True,1,000010,Sn,,True,2,000011,Sn,Ev,0.428,0.379,0.198,0.46,0.863,0.661,0.428299,0.853403,0,0.379335,0.827225,0,0.197796,0.581152,0,0.460437,0.63089,0,0.862943,0.651832,1,0.660556,0.772251,0,0,0,0,0,1,0
immerse,True,2,001010,Sn,Ap,True,2,001010,Sn,Ap,0.42,0.24,0.744,0.039,0.799,0.335,0.420334,0.853403,0,0.240462,0.827225,0,0.743946,0.581152,1,0.039067,0.63089,0,0.799132,0.651832,1,0.335412,0.772251,0,0,0,1,0,1,0
immobilize,True,1,001000,Ap,,True,3,001011,Ap,"Sn, Ev",0.149,0.066,0.749,0.345,0.555,0.697,0.149215,0.853403,0,0.066378,0.827225,0,0.748871,0.581152,1,0.344756,0.63089,0,0.55494,0.651832,0,0.696911,0.772251,0,0,0,1,0,0,0
immunize,True,1,000001,Ev,,True,3,001011,Ev,"Ap, Sn",0.308,0.248,0.575,0.039,0.754,0.838,0.308063,0.853403,0,0.24757,0.827225,0,0.574778,0.581152,0,0.038752,0.63089,0,0.753961,0.651832,1,0.837596,0.772251,1,0,0,0,0,0,1
impair,True,1,001000,Ap,,True,1,001000,Ap,,0.428,0.388,0.94,0.124,0.41,0.298,0.427836,0.853403,0,0.388464,0.827225,0,0.939613,0.581152,1,0.124201,0.63089,0,0.40982,0.651832,0,0.29847,0.772251,0,0,0,1,0,0,0
impart,True,1,001000,Ap,,True,1,001000,Ap,,0.317,0.325,0.887,0.03,0.522,0.008,0.317295,0.853403,0,0.324872,0.827225,0,0.887199,0.581152,1,0.030167,0.63089,0,0.521814,0.651832,0,0.007853,0.772251,0,0,0,1,0,0,0
impede,True,1,000001,Ev,,True,1,000001,Ev,,0.149,0.082,0.451,0.454,0.173,0.837,0.149215,0.853403,0,0.082338,0.827225,0,0.451015,0.581152,0,0.454447,0.63089,0,0.172536,0.651832,0,0.837073,0.772251,1,0,0,0,0,0,1
impend,True,1,001000,Ap,,True,1,001000,Ap,,0.229,0.37,0.772,0.194,0.28,0.217,0.228803,0.853403,0,0.370211,0.827225,0,0.771535,0.581152,1,0.193929,0.63089,0,0.279906,0.651832,0,0.216708,0.772251,0,0,0,1,0,0,0
impinge,True,1,000001,Ev,,True,1,000001,Ev,,0.312,0.278,0.288,0.454,0.17,0.797,0.312198,0.853403,0,0.277842,0.827225,0,0.288188,0.581152,0,0.454377,0.63089,0,0.170452,0.651832,0,0.797201,0.772251,1,0,0,0,0,0,1
implicate,True,1,000100,An,,True,1,000100,An,,0.149,0.535,0.044,0.756,0.159,0.516,0.149215,0.853403,0,0.534749,0.827225,0,0.044008,0.581152,0,0.75587,0.63089,1,0.159388,0.651832,0,0.515558,0.772251,0,0,0,0,1,0,0
imply,True,1,010000,Cm,,True,3,010101,Cm,"An, Ev",0.328,0.945,0.341,0.739,0.257,0.81,0.327537,0.853403,0,0.945369,0.827225,1,0.341252,0.581152,0,0.739468,0.63089,1,0.257088,0.651832,0,0.809973,0.772251,1,0,1,0,0,0,0
impose,True,1,000001,Ev,,True,2,001001,Ev,Ap,0.181,0.038,0.532,0.038,0.415,0.81,0.180938,0.853403,0,0.03827,0.827225,0,0.531517,0.581152,0,0.03827,0.63089,0,0.415375,0.651832,0,0.809725,0.772251,1,0,0,0,0,0,1
impregnate,False,0,000000,,,False,0,000000,,,0.331,0.258,0.186,0.189,0.409,0.481,0.330582,0.853403,0,0.257988,0.827225,0,0.186495,0.581152,0,0.189219,0.63089,0,0.408816,0.651832,0,0.480638,0.772251,0,0,0,0,0,0,0
impress,True,1,001000,Ap,,True,2,001010,Ap,Sn,0.317,0.503,0.791,0.055,0.698,0.054,0.317272,0.853403,0,0.503373,0.827225,0,0.790701,0.581152,1,0.054795,0.63089,0,0.698156,0.651832,1,0.053597,0.772251,0,0,0,1,0,0,0
improvise,True,1,001000,Ap,,True,2,001010,Ap,Sn,0.289,0.506,0.99,0.454,0.71,0.055,0.288686,0.853403,0,0.505904,0.827225,0,0.989685,0.581152,1,0.454318,0.63089,0,0.709943,0.651832,1,0.055401,0.772251,0,0,0,1,0,0,0
impute,False,0,000000,,,True,1,001000,Ap,,0.26,0.516,0.537,0.504,0.264,0.367,0.259582,0.853403,0,0.515598,0.827225,0,0.537123,0.581152,0,0.504016,0.63089,0,0.263704,0.651832,0,0.367152,0.772251,0,0,0,0,0,0,0
inactivate,True,1,001000,Ap,,True,1,001000,Ap,,0.149,0.102,0.848,0.466,0.265,0.349,0.149215,0.853403,0,0.101527,0.827225,0,0.847674,0.581152,1,0.465811,0.63089,0,0.264532,0.651832,0,0.349447,0.772251,0,0,0,1,0,0,0
inaugurate,True,1,000010,Sn,,True,1,000010,Sn,,0.239,0.153,0.379,0.234,0.944,0.228,0.238901,0.853403,0,0.153456,0.827225,0,0.378508,0.581152,0,0.234193,0.63089,0,0.944093,0.651832,1,0.227729,0.772251,0,0,0,0,0,1,0
incise,True,2,001010,Ap,Sn,True,2,001010,Ap,Sn,0.408,0.25,0.74,0.114,0.72,0.008,0.408252,0.853403,0,0.249666,0.827225,0,0.739681,0.581152,1,0.11438,0.63089,0,0.720207,0.651832,1,0.007853,0.772251,0,0,0,1,0,1,0
increase,True,2,001010,Sn,Ap,True,2,001010,Sn,Ap,0.149,0.126,0.761,0.186,0.813,0.013,0.149215,0.853403,0,0.126067,0.827225,0,0.760764,0.581152,1,0.186061,0.63089,0,0.812713,0.651832,1,0.013317,0.772251,0,0,0,1,0,1,0
incubate,True,1,000010,Sn,,True,1,000010,Sn,,0.33,0.026,0.282,0.201,0.986,0.469,0.330008,0.853403,0,0.026178,0.827225,0,0.282372,0.581152,0,0.201304,0.63089,0,0.98595,0.651832,1,0.469471,0.772251,0,0,0,0,0,1,0
inculcate,True,1,000010,Sn,,True,3,001011,Sn,"Ap, Ev",0.149,0.065,0.67,0.017,0.884,0.747,0.149215,0.853403,0,0.06508,0.827225,0,0.669659,0.581152,1,0.017352,0.63089,0,0.884303,0.651832,1,0.747381,0.772251,0,0,0,0,0,1,0
incur,True,1,000001,Ev,,True,1,000001,Ev,,0.149,0.517,0.292,0.207,0.303,0.849,0.149215,0.853403,0,0.516917,0.827225,0,0.291969,0.581152,0,0.206507,0.63089,0,0.302634,0.651832,0,0.848728,0.772251,1,0,0,0,0,0,1
indict,True,1,000001,Ev,,True,1,000001,Ev,,0.308,0.205,0.29,0.13,0.4,0.86,0.308282,0.853403,0,0.204781,0.827225,0,0.290116,0.581152,0,0.130218,0.63089,0,0.399898,0.651832,0,0.860465,0.772251,1,0,0,0,0,0,1
induce,True,1,000010,Sn,,True,2,000011,Sn,Ev,0.149,0.026,0.199,0.037,0.986,0.757,0.149215,0.853403,0,0.026178,0.827225,0,0.198542,0.581152,0,0.037092,0.63089,0,0.986017,0.651832,1,0.756689,0.772251,0,0,0,0,0,1,0
industrialize,True,1,000010,Sn,,True,2,001010,Sn,Ap,0.149,0.319,0.844,0.432,0.98,0.521,0.149215,0.853403,0,0.318674,0.827225,0,0.843761,0.581152,1,0.431562,0.63089,0,0.979634,0.651832,1,0.52144,0.772251,0,0,0,0,0,1,0
infect,True,1,000001,Ev,,True,1,000001,Ev,,0.149,0.496,0.296,0.429,0.316,0.798,0.149215,0.853403,0,0.495789,0.827225,0,0.296064,0.581152,0,0.4292,0.63089,0,0.316422,0.651832,0,0.798475,0.772251,1,0,0,0,0,0,1
inflame,True,1,000001,Ev,,True,2,000101,Ev,An,0.149,0.342,0.391,0.635,0.44,0.79,0.149215,0.853403,0,0.342119,0.827225,0,0.390869,0.581152,0,0.634752,0.63089,1,0.44027,0.651832,0,0.789899,0.772251,1,0,0,0,0,0,1
inflate,True,2,001010,Ap,Sn,True,2,001010,Ap,Sn,0.149,0.41,0.704,0.429,0.704,0.205,0.149215,0.853403,0,0.409787,0.827225,0,0.70388,0.581152,1,0.428507,0.63089,0,0.703588,0.651832,1,0.205214,0.772251,0,0,0,1,0,1,0
infringe,True,2,100001,Ev,Kn,True,3,100101,Ev,"Kn, An",0.889,0.626,0.293,0.577,0.181,0.908,0.889115,0.853403,1,0.625515,0.827225,0,0.293144,0.581152,0,0.577146,0.63089,0,0.180776,0.651832,0,0.908322,0.772251,1,1,0,0,0,0,1
infuse,True,1,000100,An,,True,3,001101,An,"Ap, Ev",0.149,0.104,0.496,0.807,0.454,0.707,0.149215,0.853403,0,0.10402,0.827225,0,0.496077,0.581152,0,0.807317,0.63089,1,0.454479,0.651832,0,0.706521,0.772251,0,0,0,0,1,0,0
ingest,True,1,001000,Ap,,True,1,001000,Ap,,0.459,0.378,0.761,0.503,0.095,0.485,0.458714,0.853403,0,0.378325,0.827225,0,0.761326,0.581152,1,0.502767,0.63089,0,0.094925,0.651832,0,0.485074,0.772251,0,0,0,1,0,0,0
ingrain,True,1,000100,An,,True,1,000100,An,,0.417,0.504,0.402,0.719,0.11,0.375,0.417159,0.853403,0,0.504068,0.827225,0,0.401989,0.581152,0,0.719397,0.63089,1,0.10965,0.651832,0,0.374771,0.772251,0,0,0,0,1,0,0
inhabit,True,1,001000,Ap,,True,2,001010,Ap,Sn,0.539,0.465,0.944,0.153,0.793,0.35,0.538781,0.853403,0,0.46467,0.827225,0,0.943938,0.581152,1,0.152858,0.63089,0,0.793289,0.651832,1,0.3501,0.772251,0,0,0,1,0,0,0
inherit,True,1,001000,Ap,,True,2,101000,Ap,Kn,0.882,0.084,0.968,0.109,0.5,0.293,0.882371,0.853403,1,0.083511,0.827225,0,0.967977,0.581152,1,0.109457,0.63089,0,0.500047,0.651832,0,0.293379,0.772251,0,0,0,1,0,0,0
inhibit,False,0,000000,,,True,1,000001,Ev,,0.149,0.07,0.472,0.152,0.122,0.75,0.149215,0.853403,0,0.069865,0.827225,0,0.4715,0.581152,0,0.152255,0.63089,0,0.122224,0.651832,0,0.750252,0.772251,0,0,0,0,0,0,0
initialize,True,1,000010,Sn,,True,1,000010,Sn,,0.207,0.154,0.449,0.127,0.986,0.47,0.207069,0.853403,0,0.153882,0.827225,0,0.44895,0.581152,0,0.126621,0.63089,0,0.985847,0.651832,1,0.470033,0.772251,0,0,0,0,0,1,0
inject,True,3,001011,Ev,"Ap, Sn",True,3,001011,Ev,"Ap, Sn",0.149,0.064,0.846,0.424,0.709,0.847,0.149215,0.853403,0,0.064337,0.827225,0,0.846458,0.581152,1,0.423872,0.63089,0,0.70913,0.651832,1,0.847067,0.772251,1,0,0,1,0,1,1
injure,True,1,001000,Ap,,True,2,001001,Ap,Ev,0.261,0.265,0.751,0.037,0.512,0.699,0.260676,0.853403,0,0.265158,0.827225,0,0.750573,0.581152,1,0.037494,0.63089,0,0.512353,0.651832,0,0.699099,0.772251,0,0,0,1,0,0,0
innovate,True,1,000010,Sn,,True,3,001110,Sn,"Ap, An",0.193,0.488,0.761,0.573,0.943,0.57,0.19349,0.853403,0,0.487581,0.827225,0,0.761182,0.581152,1,0.573485,0.63089,0,0.942854,0.651832,1,0.570193,0.772251,0,0,0,0,0,1,0
inoculate,True,1,000010,Sn,,True,1,000010,Sn,,0.33,0.026,0.351,0.031,0.929,0.352,0.330162,0.853403,0,0.026178,0.827225,0,0.351263,0.581152,0,0.031377,0.63089,0,0.929335,0.651832,1,0.352203,0.772251,0,0,0,0,0,1,0
input,False,0,000000,,,True,1,000010,Sn,,0.149,0.691,0.274,0.459,0.556,0.363,0.149215,0.853403,0,0.690869,0.827225,0,0.273914,0.581152,0,0.45906,0.63089,0,0.556467,0.651832,0,0.36319,0.772251,0,0,0,0,0,0,0
inscribe,True,1,000010,Sn,,True,2,001010,Sn,Ap,0.63,0.056,0.559,0.136,0.958,0.176,0.629973,0.853403,0,0.056132,0.827225,0,0.559166,0.581152,0,0.136067,0.63089,0,0.957817,0.651832,1,0.175813,0.772251,0,0,0,0,0,1,0
insert,True,1,000010,Sn,,True,1,000010,Sn,,0.149,0.269,0.049,0.345,0.912,0.314,0.149215,0.853403,0,0.269012,0.827225,0,0.048812,0.581152,0,0.345171,0.63089,0,0.911627,0.651832,1,0.314105,0.772251,0,0,0,0,0,1,0
insist,True,1,000001,Ev,,True,2,000101,Ev,An,0.269,0.082,0.297,0.577,0.211,0.917,0.268554,0.853403,0,0.082354,0.827225,0,0.296655,0.581152,0,0.576694,0.63089,0,0.211234,0.651832,0,0.917388,0.772251,1,0,0,0,0,0,1
inspire,True,1,000010,Sn,,True,2,001010,Sn,Ap,0.249,0.205,0.655,0.109,0.946,0.564,0.249439,0.853403,0,0.204727,0.827225,0,0.655015,0.581152,1,0.108674,0.63089,0,0.946168,0.651832,1,0.563975,0.772251,0,0,0,0,0,1,0
install,False,0,000000,,,True,1,000010,Sn,,0.314,0.079,0.282,0.152,0.592,0.314,0.313912,0.853403,0,0.078721,0.827225,0,0.281641,0.581152,0,0.152291,0.63089,0,0.591547,0.651832,0,0.313751,0.772251,0,0,0,0,0,0,0
instantiate,True,1,000010,Sn,,True,2,001010,Sn,Ap,0.149,0.038,0.538,0.061,0.99,0.397,0.149215,0.853403,0,0.03806,0.827225,0,0.537527,0.581152,0,0.060621,0.63089,0,0.989566,0.651832,1,0.397326,0.772251,0,0,0,0,0,1,0
instigate,True,2,000011,Sn,Ev,True,2,000011,Sn,Ev,0.149,0.081,0.094,0.075,0.883,0.846,0.149215,0.853403,0,0.081276,0.827225,0,0.09388,0.581152,0,0.074881,0.63089,0,0.882861,0.651832,1,0.84636,0.772251,1,0,0,0,0,1,1
instill,True,1,000010,Sn,,True,3,001011,Sn,"Ap, Ev",0.149,0.026,0.599,0.018,0.892,0.732,0.149215,0.853403,0,0.026178,0.827225,0,0.599326,0.581152,1,0.018481,0.63089,0,0.892394,0.651832,1,0.732343,0.772251,0,0,0,0,0,1,0
institutionalize,True,1,000010,Sn,,True,2,001010,Sn,Ap,0.149,0.278,0.758,0.229,0.932,0.474,0.149215,0.853403,0,0.277688,0.827225,0,0.7582,0.581152,1,0.229335,0.63089,0,0.931697,0.651832,1,0.473654,0.772251,0,0,0,0,0,1,0
insulate,True,3,001011,Sn,"Ap, Ev",True,3,001011,Sn,"Ap, Ev",0.149,0.107,0.583,0.115,0.819,0.798,0.149215,0.853403,0,0.106762,0.827225,0,0.58324,0.581152,1,0.115026,0.63089,0,0.819226,0.651832,1,0.79806,0.772251,1,0,0,1,0,1,1
insure,True,1,000001,Ev,,True,2,000011,Ev,Sn,0.24,0.104,0.474,0.018,0.763,0.905,0.239862,0.853403,0,0.103849,0.827225,0,0.474394,0.581152,0,0.018355,0.63089,0,0.762976,0.651832,1,0.905319,0.772251,1,0,0,0,0,0,1
intend,True,1,000010,Sn,,True,2,001010,Sn,Ap,0.327,0.111,0.664,0.043,0.794,0.256,0.326954,0.853403,0,0.111135,0.827225,0,0.664465,0.581152,1,0.043235,0.63089,0,0.794082,0.651832,1,0.256472,0.772251,0,0,0,0,0,1,0
intensify,True,2,001010,Sn,Ap,True,2,001010,Sn,Ap,0.174,0.376,0.702,0.168,0.736,0.089,0.174499,0.853403,0,0.376357,0.827225,0,0.701808,0.581152,1,0.167884,0.63089,0,0.736316,0.651832,1,0.088935,0.772251,0,0,0,1,0,1,0
intercalate,True,1,000010,Sn,,True,2,001010,Sn,Ap,0.149,0.418,0.494,0.229,0.698,0.197,0.149215,0.853403,0,0.417669,0.827225,0,0.494038,0.581152,0,0.228974,0.63089,0,0.698306,0.651832,1,0.197309,0.772251,0,0,0,0,0,1,0
intercept,True,2,001010,Ap,Sn,True,2,001010,Ap,Sn,0.58,0.497,0.689,0.147,0.661,0.067,0.579885,0.853403,0,0.497246,0.827225,0,0.688556,0.581152,1,0.146792,0.63089,0,0.660772,0.651832,1,0.066611,0.772251,0,0,0,1,0,1,0
interchange,True,1,000010,Sn,,True,3,011010,Sn,"Cm, Ap",0.149,0.752,0.636,0.3,0.788,0.107,0.149215,0.853403,0,0.752466,0.827225,0,0.635605,0.581152,1,0.300208,0.63089,0,0.787781,0.651832,1,0.107485,0.772251,0,0,0,0,0,1,0
intercommunicate,True,1,000010,Sn,,True,1,000010,Sn,,0.149,0.291,0.02,0.044,0.912,0.035,0.149215,0.853403,0,0.290644,0.827225,0,0.02035,0.581152,0,0.043851,0.63089,0,0.911832,0.651832,1,0.03487,0.772251,0,0,0,0,0,1,0
interconnect,True,1,000010,Sn,,True,2,000110,Sn,An,0.149,0.427,0.079,0.585,0.738,0.296,0.149215,0.853403,0,0.427443,0.827225,0,0.078695,0.581152,0,0.5846,0.63089,0,0.737584,0.651832,1,0.296242,0.772251,0,0,0,0,0,1,0
interfere,True,1,000010,Sn,,True,1,000010,Sn,,0.411,0.554,0.229,0.195,0.718,0.436,0.411403,0.853403,0,0.554136,0.827225,0,0.229492,0.581152,0,0.195492,0.63089,0,0.718027,0.651832,1,0.435666,0.772251,0,0,0,0,0,1,0
interject,True,1,000010,Sn,,True,1,000010,Sn,,0.354,0.557,0.076,0.019,0.767,0.071,0.354077,0.853403,0,0.5567,0.827225,0,0.075691,0.581152,0,0.019479,0.63089,0,0.766687,0.651832,1,0.071249,0.772251,0,0,0,0,0,1,0
interlace,True,1,010000,Cm,,True,1,010000,Cm,,0.149,0.862,0.197,0.414,0.514,0.036,0.149215,0.853403,0,0.861841,0.827225,1,0.196675,0.581152,0,0.413908,0.63089,0,0.513609,0.651832,0,0.036005,0.772251,0,0,1,0,0,0,0
interleave,True,1,001000,Ap,,True,1,001000,Ap,,0.149,0.273,0.67,0.187,0.411,0.469,0.149215,0.853403,0,0.273254,0.827225,0,0.669989,0.581152,1,0.187414,0.63089,0,0.410708,0.651832,0,0.468879,0.772251,0,0,0,1,0,0,0
interlink,False,0,000000,,,True,1,000010,Sn,,0.291,0.292,0.065,0.152,0.612,0.081,0.290573,0.853403,0,0.291592,0.827225,0,0.064955,0.581152,0,0.152282,0.63089,0,0.611597,0.651832,0,0.081332,0.772251,0,0,0,0,0,0,0
interlock,True,1,000010,Sn,,True,1,000010,Sn,,0.367,0.289,0.016,0.118,0.659,0.579,0.367127,0.853403,0,0.288702,0.827225,0,0.015909,0.581152,0,0.117594,0.63089,0,0.658524,0.651832,1,0.579016,0.772251,0,0,0,0,0,1,0
intermingle,False,0,000000,,,True,1,000010,Sn,,0.36,0.581,0.111,0.274,0.569,0.243,0.359654,0.853403,0,0.580627,0.827225,0,0.11133,0.581152,0,0.274039,0.63089,0,0.568549,0.651832,0,0.242769,0.772251,0,0,0,0,0,0,0
internalize,True,1,000010,Sn,,True,3,101010,Sn,"Kn, Ap",0.736,0.535,0.531,0.038,0.862,0.339,0.735922,0.853403,0,0.535278,0.827225,0,0.531433,0.581152,0,0.038245,0.63089,0,0.861702,0.651832,1,0.339089,0.772251,0,0,0,0,0,1,0
interpenetrate,False,0,000000,,,True,1,000100,An,,0.244,0.586,0.016,0.575,0.374,0.11,0.243791,0.853403,0,0.586319,0.827225,0,0.016166,0.581152,0,0.575168,0.63089,0,0.374013,0.651832,0,0.110471,0.772251,0,0,0,0,0,0,0
interpose,True,1,001000,Ap,,True,1,001000,Ap,,0.462,0.62,0.583,0.277,0.44,0.369,0.462473,0.853403,0,0.619572,0.827225,0,0.582758,0.581152,1,0.27668,0.63089,0,0.439928,0.651832,0,0.369006,0.772251,0,0,0,1,0,0,0
interrogate,True,1,000100,An,,True,3,001101,An,"Ap, Ev",0.433,0.453,0.568,0.925,0.03,0.825,0.43281,0.853403,0,0.452868,0.827225,0,0.567868,0.581152,0,0.924857,0.63089,1,0.029761,0.651832,0,0.825393,0.772251,1,0,0,0,1,0,0
intersect,False,0,000000,,,True,1,010000,Cm,,0.636,0.814,0.356,0.427,0.418,0.44,0.63589,0.853403,0,0.814311,0.827225,0,0.356102,0.581152,0,0.427015,0.63089,0,0.417804,0.651832,0,0.439652,0.772251,0,0,0,0,0,0,0
intersperse,True,1,000010,Sn,,True,3,010011,Ev,"Cm, Sn",0.364,0.722,0.106,0.43,0.66,0.746,0.364316,0.853403,0,0.721544,0.827225,0,0.1056,0.581152,0,0.429898,0.63089,0,0.659987,0.651832,1,0.746162,0.772251,0,0,0,0,0,1,0
interstratify,False,0,000000,,,True,2,010100,Cm,An,0.208,0.815,0.289,0.57,0.497,0.033,0.208364,0.853403,0,0.815247,0.827225,0,0.289378,0.581152,0,0.570047,0.63089,0,0.497039,0.651832,0,0.033331,0.772251,0,0,0,0,0,0,0
intertwine,True,1,000010,Sn,,True,1,000010,Sn,,0.163,0.344,0.014,0.175,0.759,0.105,0.163366,0.853403,0,0.344265,0.827225,0,0.013896,0.581152,0,0.175167,0.63089,0,0.759342,0.651832,1,0.105091,0.772251,0,0,0,0,0,1,0
interweave,True,1,000010,Sn,,True,1,000010,Sn,,0.149,0.293,0.014,0.108,0.821,0.42,0.149215,0.853403,0,0.293061,0.827225,0,0.013702,0.581152,0,0.10766,0.63089,0,0.820525,0.651832,1,0.419924,0.772251,0,0,0,0,0,1,0
intimidate,True,1,000001,Ev,,True,1,000001,Ev,,0.149,0.045,0.254,0.065,0.497,0.825,0.149215,0.853403,0,0.04475,0.827225,0,0.254302,0.581152,0,0.065191,0.63089,0,0.496714,0.651832,0,0.825473,0.772251,1,0,0,0,0,0,1
introduce,True,1,001000,Ap,,True,2,001010,Ap,Sn,0.393,0.454,0.681,0.153,0.618,0.194,0.393098,0.853403,0,0.453901,0.827225,0,0.680979,0.581152,1,0.152519,0.63089,0,0.61835,0.651832,0,0.193738,0.772251,0,0,0,1,0,0,0
inundate,True,1,001000,Ap,,True,2,001010,Ap,Sn,0.149,0.232,0.851,0.017,0.577,0.22,0.149215,0.853403,0,0.232002,0.827225,0,0.851179,0.581152,1,0.017458,0.63089,0,0.577279,0.651832,0,0.22043,0.772251,0,0,0,1,0,0,0
invade,True,1,001000,Ap,,True,1,001000,Ap,,0.248,0.409,0.843,0.058,0.426,0.377,0.247707,0.853403,0,0.408966,0.827225,0,0.84342,0.581152,1,0.05802,0.63089,0,0.42644,0.651832,0,0.37679,0.772251,0,0,0,1,0,0,0
invalidate,True,1,000001,Ev,,True,2,000011,Ev,Sn,0.149,0.117,0.254,0.169,0.623,0.958,0.149215,0.853403,0,0.117166,0.827225,0,0.253513,0.581152,0,0.168645,0.63089,0,0.623235,0.651832,0,0.958417,0.772251,1,0,0,0,0,0,1
invert,True,1,001000,Ap,,True,2,001100,Ap,An,0.184,0.553,0.738,0.624,0.409,0.515,0.184025,0.853403,0,0.552775,0.827225,0,0.738023,0.581152,1,0.624428,0.63089,0,0.408918,0.651832,0,0.515079,0.772251,0,0,0,1,0,0,0
invest,True,2,001010,Sn,Ap,True,2,001010,Sn,Ap,0.478,0.106,0.938,0.113,0.951,0.313,0.478053,0.853403,0,0.105976,0.827225,0,0.938215,0.581152,1,0.11348,0.63089,0,0.951343,0.651832,1,0.313475,0.772251,0,0,0,1,0,1,0
invite,False,0,000000,,,False,0,000000,,,0.149,0.61,0.063,0.46,0.257,0.421,0.149215,0.853403,0,0.610258,0.827225,0,0.062618,0.581152,0,0.459854,0.63089,0,0.257268,0.651832,0,0.42058,0.772251,0,0,0,0,0,0,0
invoke,True,1,001000,Ap,,True,1,001000,Ap,,0.356,0.329,0.672,0.367,0.416,0.535,0.355641,0.853403,0,0.329048,0.827225,0,0.671662,0.581152,1,0.367372,0.63089,0,0.415514,0.651832,0,0.534714,0.772251,0,0,0,1,0,0,0
involve,False,0,000000,,,True,1,001000,Ap,,0.341,0.656,0.544,0.068,0.554,0.13,0.340562,0.853403,0,0.656174,0.827225,0,0.544182,0.581152,0,0.0683,0.63089,0,0.553508,0.651832,0,0.130397,0.772251,0,0,0,0,0,0,0
ionize,True,2,001010,Sn,Ap,True,2,001010,Sn,Ap,0.149,0.026,0.759,0.213,0.785,0.361,0.149215,0.853403,0,0.026178,0.827225,0,0.759178,0.581152,1,0.213385,0.63089,0,0.785238,0.651832,1,0.360967,0.772251,0,0,0,1,0,1,0
irrigate,True,1,001000,Ap,,True,2,001001,Ap,Ev,0.228,0.319,0.667,0.112,0.315,0.659,0.228038,0.853403,0,0.31935,0.827225,0,0.667137,0.581152,1,0.112167,0.63089,0,0.314922,0.651832,0,0.658971,0.772251,0,0,0,1,0,0,0
issue,True,1,000100,An,,True,2,000101,An,Ev,0.374,0.082,0.277,0.834,0.3,0.768,0.373659,0.853403,0,0.082457,0.827225,0,0.276881,0.581152,0,0.833887,0.63089,1,0.300019,0.651832,0,0.767596,0.772251,0,0,0,0,1,0,0
italicize,True,1,000010,Sn,,True,1,000010,Sn,,0.666,0.385,0.156,0.134,0.819,0.427,0.665594,0.853403,0,0.384527,0.827225,0,0.155687,0.581152,0,0.134415,0.63089,0,0.819339,0.651832,1,0.427315,0.772251,0,0,0,0,0,1,0
iterate,True,1,100000,Kn,,True,2,101000,Kn,Ap,0.996,0.487,0.741,0.089,0.005,0.008,0.995926,0.853403,1,0.487012,0.827225,0,0.740534,0.581152,1,0.089478,0.63089,0,0.00519,0.651832,0,0.007853,0.772251,0,1,0,0,0,0,0
jeopardize,True,2,001001,Ev,Ap,True,2,001001,Ev,Ap,0.149,0.215,0.761,0.494,0.076,0.787,0.149215,0.853403,0,0.215443,0.827225,0,0.760894,0.581152,1,0.494435,0.63089,0,0.075625,0.651832,0,0.78716,0.772251,1,0,0,1,0,0,1
jump,True,1,001000,Ap,,True,1,001000,Ap,,0.374,0.506,0.697,0.348,0.161,0.073,0.374152,0.853403,0,0.505946,0.827225,0,0.696812,0.581152,1,0.347578,0.63089,0,0.160812,0.651832,0,0.072694,0.772251,0,0,0,1,0,0,0
juxtapose,True,1,000001,Ev,,True,2,000011,Ev,Sn,0.6,0.559,0.094,0.448,0.785,0.904,0.600309,0.853403,0,0.558966,0.827225,0,0.093872,0.581152,0,0.447679,0.63089,0,0.784975,0.651832,1,0.904054,0.772251,1,0,0,0,0,0,1
keep,True,1,000001,Ev,,True,2,001001,Ev,Ap,0.427,0.205,0.769,0.069,0.157,0.851,0.427233,0.853403,0,0.205402,0.827225,0,0.768663,0.581152,1,0.068979,0.63089,0,0.156779,0.651832,0,0.850935,0.772251,1,0,0,0,0,0,1
kick,True,1,001000,Ap,,True,2,001001,Ev,Ap,0.328,0.423,0.644,0.33,0.159,0.705,0.327521,0.853403,0,0.423443,0.827225,0,0.643857,0.581152,1,0.329627,0.63089,0,0.159024,0.651832,0,0.704945,0.772251,0,0,0,1,0,0,0
kill,True,1,000001,Ev,,True,2,001001,Ev,Ap,0.427,0.403,0.597,0.215,0.172,0.849,0.427394,0.853403,0,0.403134,0.827225,0,0.597334,0.581152,1,0.21484,0.63089,0,0.172343,0.651832,0,0.849081,0.772251,1,0,0,0,0,0,1
kink,True,1,000100,An,,True,2,100100,Kn,An,0.848,0.543,0.269,0.72,0.003,0.053,0.848128,0.853403,0,0.54288,0.827225,0,0.268945,0.581152,0,0.720018,0.63089,1,0.002648,0.651832,0,0.052857,0.772251,0,0,0,0,1,0,0
knead,True,1,000100,An,,True,2,100100,An,Kn,0.864,0.386,0.276,0.967,0.261,0.176,0.86351,0.853403,1,0.385628,0.827225,0,0.276078,0.581152,0,0.967379,0.63089,1,0.260561,0.651832,0,0.175802,0.772251,0,0,0,0,1,0,0
knit,True,1,100000,Kn,,True,2,101000,Kn,Ap,0.921,0.557,0.773,0.474,0.28,0.337,0.921216,0.853403,1,0.556817,0.827225,0,0.773376,0.581152,1,0.474104,0.63089,0,0.280225,0.651832,0,0.33694,0.772251,0,1,0,0,0,0,0
knock,True,1,100000,Kn,,True,2,100100,Kn,An,0.945,0.702,0.106,0.626,0.512,0.654,0.944953,0.853403,1,0.702212,0.827225,0,0.10624,0.581152,0,0.625975,0.63089,0,0.512051,0.651832,0,0.653668,0.772251,0,1,0,0,0,0,0
lag,True,1,000010,Sn,,True,1,000010,Sn,,0.372,0.181,0.005,0.503,0.702,0.633,0.3722,0.853403,0,0.180958,0.827225,0,0.005033,0.581152,0,0.502538,0.63089,0,0.701542,0.651832,1,0.632968,0.772251,0,0,0,0,0,1,0
laminate,False,0,000000,,,True,1,100000,Kn,,0.737,0.227,0.274,0.393,0.41,0.479,0.736538,0.853403,0,0.226635,0.827225,0,0.273575,0.581152,0,0.39256,0.63089,0,0.410435,0.651832,0,0.478675,0.772251,0,0,0,0,0,0,0
latch,False,0,000000,,,True,2,001001,Ev,Ap,0.299,0.096,0.547,0.33,0.162,0.698,0.29862,0.853403,0,0.096129,0.827225,0,0.547232,0.581152,0,0.329927,0.63089,0,0.161547,0.651832,0,0.697637,0.772251,0,0,0,0,0,0,0
laud,True,1,000001,Ev,,True,2,010001,Ev,Cm,0.599,0.776,0.003,0.132,0.171,0.94,0.598876,0.853403,0,0.776312,0.827225,0,0.003404,0.581152,0,0.131515,0.63089,0,0.170879,0.651832,0,0.940308,0.772251,1,0,0,0,0,0,1
launch,False,0,000000,,,True,1,001000,Ap,,0.373,0.352,0.533,0.293,0.158,0.563,0.373462,0.853403,0,0.352341,0.827225,0,0.533372,0.581152,0,0.292534,0.63089,0,0.158463,0.651832,0,0.562741,0.772251,0,0,0,0,0,0,0
lay,True,1,001000,Ap,,True,3,101100,Kn,"Ap, An",0.837,0.496,0.829,0.556,0.41,0.053,0.836775,0.853403,0,0.496483,0.827225,0,0.828571,0.581152,1,0.555856,0.63089,0,0.409582,0.651832,0,0.052826,0.772251,0,0,0,1,0,0,0
leach,True,1,001000,Ap,,True,4,101101,Ap,"Kn, An, Ev",0.755,0.394,0.851,0.632,0.417,0.672,0.754877,0.853403,0,0.394218,0.827225,0,0.851094,0.581152,1,0.631616,0.63089,1,0.416973,0.651832,0,0.672482,0.772251,0,0,0,1,0,0,0
lead,True,1,100000,Kn,,True,1,100000,Kn,,0.947,0.377,0.436,0.463,0.105,0.344,0.947363,0.853403,1,0.376966,0.827225,0,0.436144,0.581152,0,0.463272,0.63089,0,0.105172,0.651832,0,0.3437,0.772251,0,1,0,0,0,0,0
learn,True,1,100000,Kn,,True,2,101000,Kn,Ap,0.894,0.293,0.74,0.068,0.549,0.113,0.893518,0.853403,1,0.292979,0.827225,0,0.740203,0.581152,1,0.06844,0.63089,0,0.549028,0.651832,0,0.112811,0.772251,0,1,0,0,0,0,0
lease,True,1,001000,Ap,,True,2,001001,Ap,Ev,0.275,0.087,0.935,0.457,0.037,0.783,0.275361,0.853403,0,0.087141,0.827225,0,0.935041,0.581152,1,0.457419,0.63089,0,0.03723,0.651832,0,0.78277,0.772251,1,0,0,1,0,0,0
leave,True,1,000001,Ev,,True,2,001001,Ev,Ap,0.427,0.642,0.565,0.337,0.432,0.85,0.426852,0.853403,0,0.641591,0.827225,0,0.565143,0.581152,0,0.337443,0.63089,0,0.432179,0.651832,0,0.84955,0.772251,1,0,0,0,0,0,1
legitimize,True,1,000001,Ev,,True,1,000001,Ev,,0.149,0.026,0.187,0.315,0.303,0.959,0.149215,0.853403,0,0.026178,0.827225,0,0.187045,0.581152,0,0.31529,0.63089,0,0.302715,0.651832,0,0.959283,0.772251,1,0,0,0,0,0,1
lend,True,1,001000,Ap,,True,2,001010,Ap,Sn,0.432,0.267,0.772,0.038,0.656,0.324,0.432401,0.853403,0,0.266669,0.827225,0,0.772094,0.581152,1,0.037963,0.63089,0,0.655878,0.651832,1,0.323957,0.772251,0,0,0,1,0,0,0
lengthen,True,1,001000,Ap,,True,1,001000,Ap,,0.206,0.594,0.736,0.417,0.553,0.106,0.205733,0.853403,0,0.594123,0.827225,0,0.735893,0.581152,1,0.41674,0.63089,0,0.552612,0.651832,0,0.105813,0.772251,0,0,0,1,0,0,0
lessen,True,1,001000,Ap,,True,1,001000,Ap,,0.149,0.178,0.695,0.255,0.48,0.243,0.149215,0.853403,0,0.177854,0.827225,0,0.694737,0.581152,1,0.255461,0.63089,0,0.480177,0.651832,0,0.243216,0.772251,0,0,0,1,0,0,0
let,True,1,001000,Ap,,True,1,001000,Ap,,0.69,0.523,0.736,0.401,0.26,0.258,0.690456,0.853403,0,0.522629,0.827225,0,0.735614,0.581152,1,0.401222,0.63089,0,0.259922,0.651832,0,0.258158,0.772251,0,0,0,1,0,0,0
liberate,True,1,000001,Ev,,True,2,001001,Ev,Ap,0.247,0.216,0.522,0.106,0.107,0.861,0.246774,0.853403,0,0.216111,0.827225,0,0.52164,0.581152,0,0.105604,0.63089,0,0.106597,0.651832,0,0.861168,0.772251,1,0,0,0,0,0,1
lie,False,0,000000,,,True,3,100101,Kn,"An, Ev",0.802,0.585,0.329,0.564,0.226,0.727,0.802442,0.853403,0,0.584639,0.827225,0,0.328852,0.581152,0,0.564416,0.63089,0,0.226393,0.651832,0,0.726913,0.772251,0,0,0,0,0,0,0
lift,True,1,001000,Ap,,True,1,001000,Ap,,0.149,0.314,0.851,0.235,0.36,0.427,0.149215,0.853403,0,0.313652,0.827225,0,0.850939,0.581152,1,0.234611,0.63089,0,0.359555,0.651832,0,0.427451,0.772251,0,0,0,1,0,0,0
ligate,True,1,000010,Sn,,True,1,000010,Sn,,0.264,0.026,0.295,0.369,0.671,0.499,0.264428,0.853403,0,0.026178,0.827225,0,0.295368,0.581152,0,0.36873,0.63089,0,0.670585,0.651832,1,0.499473,0.772251,0,0,0,0,0,1,0
liken,True,3,100011,Kn,"Sn, Ev",True,4,110011,Kn,"Cm, Sn, Ev",0.88,0.816,0.419,0.233,0.786,0.855,0.879997,0.853403,1,0.815738,0.827225,0,0.418989,0.581152,0,0.233243,0.63089,0,0.786025,0.651832,1,0.855149,0.772251,1,1,0,0,0,1,1
linearize,True,1,001000,Ap,,True,2,011000,Ap,Cm,0.293,0.812,0.823,0.385,0.375,0.008,0.29273,0.853403,0,0.812162,0.827225,0,0.822666,0.581152,1,0.384979,0.63089,0,0.37516,0.651832,0,0.007853,0.772251,0,0,0,1,0,0,0
liquefy,True,1,000010,Sn,,True,2,001010,Sn,Ap,0.149,0.204,0.532,0.368,0.782,0.541,0.149215,0.853403,0,0.204342,0.827225,0,0.532112,0.581152,0,0.368087,0.63089,0,0.781537,0.651832,1,0.541371,0.772251,0,0,0,0,0,1,0
liquidize,True,1,000010,Sn,,True,2,001010,Sn,Ap,0.259,0.163,0.552,0.174,0.787,0.544,0.258932,0.853403,0,0.163136,0.827225,0,0.551737,0.581152,0,0.173968,0.63089,0,0.787141,0.651832,1,0.543839,0.772251,0,0,0,0,0,1,0
listen,True,1,100000,Kn,,True,1,100000,Kn,,0.956,0.277,0.392,0.016,0.294,0.117,0.956069,0.853403,1,0.276538,0.827225,0,0.392012,0.581152,0,0.015777,0.63089,0,0.294347,0.651832,0,0.11749,0.772251,0,1,0,0,0,0,0
live,True,1,100000,Kn,,True,3,111000,Kn,"Cm, Ap",0.917,0.8,0.784,0.202,0.307,0.036,0.916785,0.853403,1,0.800136,0.827225,0,0.783733,0.581152,1,0.202225,0.63089,0,0.306888,0.651832,0,0.036197,0.772251,0,1,0,0,0,0,0
load,True,1,000001,Ev,,True,2,000011,Ev,Sn,0.401,0.084,0.406,0.337,0.784,0.865,0.4009,0.853403,0,0.083582,0.827225,0,0.406102,0.581152,0,0.336505,0.63089,0,0.783987,0.651832,1,0.864761,0.772251,1,0,0,0,0,0,1
localize,True,1,010000,Cm,,True,3,011010,Cm,"Ap, Sn",0.341,0.893,0.635,0.173,0.607,0.575,0.341306,0.853403,0,0.892906,0.827225,1,0.634714,0.581152,1,0.172594,0.63089,0,0.606949,0.651832,0,0.574801,0.772251,0,0,1,0,0,0,0
lock,True,1,000001,Ev,,True,1,000001,Ev,,0.427,0.102,0.276,0.206,0.19,0.809,0.427488,0.853403,0,0.102262,0.827225,0,0.276037,0.581152,0,0.206182,0.63089,0,0.190345,0.651832,0,0.809265,0.772251,1,0,0,0,0,0,1
locomote,True,1,000100,An,,True,2,001100,An,Ap,0.295,0.659,0.761,0.911,0.205,0.061,0.294783,0.853403,0,0.658844,0.827225,0,0.760798,0.581152,1,0.91113,0.63089,1,0.20538,0.651832,0,0.060725,0.772251,0,0,0,0,1,0,0
look,True,2,100100,Kn,An,True,4,111100,Kn,"Cm, Ap, An",0.99,0.778,0.58,0.956,0.005,0.015,0.989852,0.853403,1,0.777883,0.827225,0,0.579903,0.581152,0,0.956009,0.63089,1,0.005094,0.651832,0,0.015106,0.772251,0,1,0,0,1,0,0
loosen,True,1,001000,Ap,,True,3,001011,Ap,"Sn, Ev",0.149,0.096,0.791,0.251,0.569,0.75,0.149215,0.853403,0,0.095533,0.827225,0,0.790712,0.581152,1,0.250533,0.63089,0,0.569216,0.651832,0,0.749733,0.772251,0,0,0,1,0,0,0
lose,True,1,000001,Ev,,True,4,111001,Ev,"Kn, Cm, Ap",0.846,0.87,0.643,0.191,0.278,0.941,0.846036,0.853403,0,0.870164,0.827225,1,0.643075,0.581152,1,0.191317,0.63089,0,0.278396,0.651832,0,0.940703,0.772251,1,0,0,0,0,0,1
love,True,1,100000,Kn,,True,1,100000,Kn,,0.918,0.42,0.099,0.197,0.275,0.312,0.918019,0.853403,1,0.419746,0.827225,0,0.098954,0.581152,0,0.196673,0.63089,0,0.275304,0.651832,0,0.311595,0.772251,0,1,0,0,0,0,0
lubricate,True,1,001000,Ap,,True,2,001010,Ap,Sn,0.289,0.248,0.856,0.144,0.661,0.519,0.288818,0.853403,0,0.248006,0.827225,0,0.856297,0.581152,1,0.144404,0.63089,0,0.660985,0.651832,1,0.518868,0.772251,0,0,0,1,0,0,0
lure,True,1,100000,Kn,,True,3,111000,Kn,"Cm, Ap",0.921,0.714,0.568,0.197,0.033,0.205,0.921202,0.853403,1,0.714478,0.827225,0,0.567627,0.581152,0,0.196582,0.63089,0,0.033004,0.651832,0,0.205492,0.772251,0,1,0,0,0,0,0
lustrate,True,1,000001,Ev,,True,1,000001,Ev,,0.408,0.239,0.196,0.465,0.197,0.917,0.407777,0.853403,0,0.238848,0.827225,0,0.195973,0.581152,0,0.465145,0.63089,0,0.196912,0.651832,0,0.917005,0.772251,1,0,0,0,0,0,1
magnetize,True,1,000010,Sn,,True,2,000011,Sn,Ev,0.401,0.211,0.282,0.14,0.86,0.67,0.400677,0.853403,0,0.211065,0.827225,0,0.281811,0.581152,0,0.14039,0.63089,0,0.860016,0.651832,1,0.670247,0.772251,0,0,0,0,0,1,0
magnify,True,1,000100,An,,True,2,001100,An,Ap,0.309,0.504,0.773,0.834,0.442,0.089,0.309421,0.853403,0,0.504346,0.827225,0,0.772895,0.581152,1,0.833984,0.63089,1,0.442072,0.651832,0,0.08896,0.772251,0,0,0,0,1,0,0
mandate,True,1,000010,Sn,,True,1,000010,Sn,,0.388,0.188,0.302,0.428,0.708,0.55,0.388192,0.853403,0,0.188328,0.827225,0,0.302311,0.581152,0,0.427582,0.63089,0,0.707918,0.651832,1,0.550443,0.772251,0,0,0,0,0,1,0
manifest,True,1,001000,Ap,,True,1,001000,Ap,,0.605,0.645,0.77,0.227,0.512,0.367,0.605497,0.853403,0,0.644962,0.827225,0,0.769996,0.581152,1,0.227309,0.63089,0,0.511529,0.651832,0,0.367263,0.772251,0,0,0,1,0,0,0
manufacture,True,1,000010,Sn,,True,3,001110,Sn,"Ap, An",0.149,0.161,0.856,0.715,0.987,0.553,0.149215,0.853403,0,0.160532,0.827225,0,0.855792,0.581152,1,0.715257,0.63089,1,0.986606,0.651832,1,0.55263,0.772251,0,0,0,0,0,1,0
map,True,3,111000,Kn,"Cm, Ap",True,3,111000,Kn,"Cm, Ap",0.923,0.869,0.852,0.223,0.189,0.032,0.923278,0.853403,1,0.86945,0.827225,1,0.851903,0.581152,1,0.222565,0.63089,0,0.18877,0.651832,0,0.031572,0.772251,0,1,1,1,0,0,0
marginalize,True,1,000010,Sn,,True,2,010010,Cm,Sn,0.428,0.816,0.21,0.465,0.785,0.526,0.428405,0.853403,0,0.815801,0.827225,0,0.210258,0.581152,0,0.46471,0.63089,0,0.784807,0.651832,1,0.525513,0.772251,0,0,0,0,0,1,0
marry,True,1,000010,Sn,,True,1,000010,Sn,,0.655,0.065,0.349,0.301,0.711,0.139,0.655158,0.853403,0,0.06476,0.827225,0,0.348637,0.581152,0,0.300693,0.63089,0,0.711443,0.651832,1,0.139146,0.772251,0,0,0,0,0,1,0
marvel,True,1,000001,Ev,,True,2,000101,Ev,An,0.149,0.377,0.296,0.64,0.54,0.776,0.149215,0.853403,0,0.37687,0.827225,0,0.296043,0.581152,0,0.639897,0.63089,1,0.540397,0.651832,0,0.775758,0.772251,1,0,0,0,0,0,1
mat,True,1,000100,An,,True,3,110100,Kn,"Cm, An",0.787,0.712,0.037,0.752,0.416,0.259,0.786836,0.853403,0,0.712132,0.827225,0,0.036697,0.581152,0,0.752,0.63089,1,0.415631,0.651832,0,0.259052,0.772251,0,0,0,0,1,0,0
mate,True,1,100000,Kn,,True,2,100001,Kn,Ev,0.954,0.395,0.003,0.332,0.033,0.851,0.953714,0.853403,1,0.394564,0.827225,0,0.002618,0.581152,0,0.33219,0.63089,0,0.033488,0.651832,0,0.851274,0.772251,1,1,0,0,0,0,0
materialize,True,1,000010,Sn,,True,1,000010,Sn,,0.467,0.273,0.415,0.048,0.917,0.221,0.467375,0.853403,0,0.272962,0.827225,0,0.41549,0.581152,0,0.047556,0.63089,0,0.916926,0.651832,1,0.221108,0.772251,0,0,0,0,0,1,0
matter,False,0,000000,,,True,2,001001,Ev,Ap,0.628,0.68,0.56,0.344,0.105,0.682,0.627771,0.853403,0,0.679623,0.827225,0,0.560043,0.581152,0,0.343877,0.63089,0,0.104556,0.651832,0,0.681598,0.772251,0,0,0,0,0,0,0
mean,True,1,100000,Kn,,True,2,100001,Kn,Ev,0.855,0.542,0.452,0.469,0.287,0.783,0.854729,0.853403,1,0.541725,0.827225,0,0.452182,0.581152,0,0.468971,0.63089,0,0.287347,0.651832,0,0.782777,0.772251,1,1,0,0,0,0,0
mechanize,True,1,000010,Sn,,True,2,001010,Sn,Ap,0.399,0.205,0.758,0.359,0.865,0.231,0.399283,0.853403,0,0.205414,0.827225,0,0.757871,0.581152,1,0.359206,0.63089,0,0.864868,0.651832,1,0.231454,0.772251,0,0,0,0,0,1,0
melt,True,1,000100,An,,True,1,000100,An,,0.149,0.026,0.211,0.923,0.398,0.491,0.149215,0.853403,0,0.026178,0.827225,0,0.21087,0.581152,0,0.922906,0.63089,1,0.397689,0.651832,0,0.490811,0.772251,0,0,0,0,1,0,0
mend,True,1,000010,Sn,,True,2,000011,Ev,Sn,0.634,0.272,0.007,0.114,0.667,0.77,0.634331,0.853403,0,0.272372,0.827225,0,0.006552,0.581152,0,0.114134,0.63089,0,0.666565,0.651832,1,0.770325,0.772251,0,0,0,0,0,1,0
mention,True,2,110000,Kn,Cm,True,2,110000,Kn,Cm,0.963,0.904,0.048,0.016,0.204,0.262,0.963013,0.853403,1,0.903786,0.827225,1,0.047881,0.581152,0,0.016326,0.63089,0,0.203534,0.651832,0,0.262403,0.772251,0,1,1,0,0,0,0
mentor,True,1,000010,Sn,,True,3,001011,Sn,"Ap, Ev",0.149,0.108,0.658,0.172,0.886,0.69,0.149215,0.853403,0,0.108017,0.827225,0,0.657912,0.581152,1,0.172192,0.63089,0,0.886215,0.651832,1,0.690316,0.772251,0,0,0,0,0,1,0
merge,True,1,000010,Sn,,True,1,000010,Sn,,0.332,0.136,0.159,0.152,0.981,0.533,0.33161,0.853403,0,0.135693,0.827225,0,0.15869,0.581152,0,0.152492,0.63089,0,0.980945,0.651832,1,0.533178,0.772251,0,0,0,0,0,1,0
metabolize,False,0,000000,,,False,0,000000,,,0.23,0.185,0.461,0.469,0.458,0.544,0.230449,0.853403,0,0.184659,0.827225,0,0.460999,0.581152,0,0.468816,0.63089,0,0.457902,0.651832,0,0.54386,0.772251,0,0,0,0,0,0,0
migrate,True,1,001000,Ap,,True,2,001010,Ap,Sn,0.332,0.38,0.713,0.409,0.627,0.257,0.332446,0.853403,0,0.379522,0.827225,0,0.713464,0.581152,1,0.409465,0.63089,0,0.62662,0.651832,0,0.257104,0.772251,0,0,0,1,0,0,0
mimic,True,1,000010,Sn,,True,2,001010,Sn,Ap,0.68,0.323,0.638,0.075,0.89,0.107,0.67972,0.853403,0,0.322837,0.827225,0,0.638291,0.581152,1,0.074824,0.63089,0,0.889863,0.651832,1,0.106604,0.772251,0,0,0,0,0,1,0
mingle,True,1,000010,Sn,,True,3,110010,Sn,"Kn, Cm",0.761,0.772,0.003,0.087,0.921,0.278,0.760646,0.853403,0,0.772138,0.827225,0,0.002618,0.581152,0,0.086507,0.63089,0,0.921269,0.651832,1,0.277886,0.772251,0,0,0,0,0,1,0
miniaturize,True,1,000100,An,,True,3,001110,An,"Ap, Sn",0.149,0.046,0.537,0.67,0.629,0.432,0.149215,0.853403,0,0.04612,0.827225,0,0.536879,0.581152,0,0.669683,0.63089,1,0.628688,0.651832,0,0.432074,0.772251,0,0,0,0,1,0,0
misalign,True,2,000011,Ev,Sn,True,3,000111,Ev,"An, Sn",0.635,0.416,0.039,0.609,0.794,0.824,0.634829,0.853403,0,0.415606,0.827225,0,0.03882,0.581152,0,0.609119,0.63089,0,0.793781,0.651832,1,0.823614,0.772251,1,0,0,0,0,1,1
misidentify,True,3,110100,Kn,"Cm, An",True,3,110100,Kn,"Cm, An",0.905,0.872,0.119,0.753,0.281,0.321,0.904637,0.853403,1,0.871727,0.827225,1,0.118642,0.581152,0,0.753353,0.63089,1,0.281329,0.651832,0,0.320966,0.772251,0,1,1,0,1,0,0
misjudge,True,1,000001,Ev,,True,2,010001,Ev,Cm,0.283,0.778,0.282,0.504,0.195,0.938,0.282692,0.853403,0,0.778119,0.827225,0,0.281998,0.581152,0,0.503541,0.63089,0,0.195439,0.651832,0,0.938088,0.772251,1,0,0,0,0,0,1
mislead,True,1,010000,Cm,,True,2,010001,Cm,Ev,0.435,0.852,0.292,0.435,0.106,0.772,0.434547,0.853403,0,0.851741,0.827225,1,0.292095,0.581152,0,0.434831,0.63089,0,0.10641,0.651832,0,0.772051,0.772251,0,0,1,0,0,0,0
misrepresent,True,1,010000,Cm,,True,1,010000,Cm,,0.149,0.853,0.345,0.176,0.459,0.648,0.149215,0.853403,0,0.852787,0.827225,1,0.345289,0.581152,0,0.175524,0.63089,0,0.459327,0.651832,0,0.64805,0.772251,0,0,1,0,0,0,0
miss,True,2,110000,Kn,Cm,True,2,110000,Kn,Cm,0.97,0.964,0.187,0.331,0.037,0.492,0.969752,0.853403,1,0.964276,0.827225,1,0.187368,0.581152,0,0.330906,0.63089,0,0.036716,0.651832,0,0.492375,0.772251,0,1,1,0,0,0,0
mitigate,True,1,000001,Ev,,True,1,000001,Ev,,0.149,0.065,0.33,0.433,0.488,0.831,0.149215,0.853403,0,0.064787,0.827225,0,0.329987,0.581152,0,0.433316,0.63089,0,0.487572,0.651832,0,0.830784,0.772251,1,0,0,0,0,0,1
mix,True,1,000010,Sn,,True,1,000010,Sn,,0.688,0.336,0.092,0.437,0.876,0.255,0.688443,0.853403,0,0.336242,0.827225,0,0.092442,0.581152,0,0.437005,0.63089,0,0.876132,0.651832,1,0.255425,0.772251,0,0,0,0,0,1,0
mobilize,True,1,000010,Sn,,True,2,001010,Sn,Ap,0.149,0.109,0.494,0.229,0.98,0.632,0.149215,0.853403,0,0.108611,0.827225,0,0.494103,0.581152,0,0.229214,0.63089,0,0.980097,0.651832,1,0.631573,0.772251,0,0,0,0,0,1,0
modulate,True,2,001010,Sn,Ap,True,2,001010,Sn,Ap,0.149,0.375,0.794,0.067,0.801,0.473,0.149215,0.853403,0,0.375422,0.827225,0,0.793678,0.581152,1,0.067361,0.63089,0,0.800628,0.651832,1,0.473027,0.772251,0,0,0,1,0,1,0
moisten,True,2,000011,Sn,Ev,True,2,000011,Sn,Ev,0.25,0.238,0.301,0.322,0.784,0.778,0.250329,0.853403,0,0.238445,0.827225,0,0.300897,0.581152,0,0.321722,0.63089,0,0.784064,0.651832,1,0.778287,0.772251,1,0,0,0,0,1,1
mold,True,1,000100,An,,True,2,001100,An,Ap,0.428,0.232,0.751,0.955,0.104,0.071,0.428166,0.853403,0,0.231521,0.827225,0,0.751163,0.581152,1,0.954925,0.63089,1,0.104066,0.651832,0,0.071444,0.772251,0,0,0,0,1,0,0
monetize,True,1,000010,Sn,,True,4,001111,Sn,"Ap, An, Ev",0.428,0.24,0.771,0.609,0.915,0.69,0.427916,0.853403,0,0.240038,0.827225,0,0.771035,0.581152,1,0.609096,0.63089,0,0.914646,0.651832,1,0.689827,0.772251,0,0,0,0,0,1,0
morph,True,3,001110,Sn,"Ap, An",True,3,001110,Sn,"Ap, An",0.294,0.459,0.762,0.76,0.818,0.305,0.293508,0.853403,0,0.458815,0.827225,0,0.762242,0.581152,1,0.760209,0.63089,1,0.818276,0.651832,1,0.305084,0.772251,0,0,0,1,1,1,0
motorize,True,1,000010,Sn,,True,2,001010,Sn,Ap,0.374,0.082,0.537,0.379,0.866,0.206,0.37441,0.853403,0,0.081589,0.827225,0,0.537147,0.581152,0,0.379287,0.63089,0,0.866052,0.651832,1,0.205865,0.772251,0,0,0,0,0,1,0
mould,True,1,000100,An,,True,2,001100,An,Ap,0.293,0.082,0.679,0.915,0.523,0.328,0.293411,0.853403,0,0.082299,0.827225,0,0.679432,0.581152,1,0.914861,0.63089,1,0.522661,0.651832,0,0.327895,0.772251,0,0,0,0,1,0,0
move,True,1,001000,Ap,,True,1,001000,Ap,,0.434,0.68,0.872,0.353,0.507,0.148,0.43427,0.853403,0,0.67989,0.827225,0,0.871807,0.581152,1,0.353431,0.63089,0,0.507429,0.651832,0,0.147711,0.772251,0,0,0,1,0,0,0
mutate,True,1,001000,Ap,,True,2,001100,Ap,An,0.428,0.145,0.808,0.671,0.549,0.43,0.427876,0.853403,0,0.144517,0.827225,0,0.807864,0.581152,1,0.671263,0.63089,1,0.549195,0.651832,0,0.429722,0.772251,0,0,0,1,0,0,0
nail,True,1,100000,Kn,,True,4,111100,Kn,"Cm, Ap, An",0.943,0.866,0.598,0.714,0.108,0.053,0.942552,0.853403,1,0.866194,0.827225,1,0.598418,0.581152,1,0.713789,0.63089,1,0.108382,0.651832,0,0.052725,0.772251,0,1,0,0,0,0,0
narrate,True,1,000010,Sn,,True,1,000010,Sn,,0.657,0.467,0.294,0.226,0.783,0.026,0.656857,0.853403,0,0.466975,0.827225,0,0.294049,0.581152,0,0.226121,0.63089,0,0.783356,0.651832,1,0.026042,0.772251,0,0,0,0,0,1,0
navigate,True,2,011000,Cm,Ap,True,3,111000,Kn,"Cm, Ap",0.847,0.842,0.809,0.489,0.473,0.008,0.847162,0.853403,0,0.841694,0.827225,1,0.809289,0.581152,1,0.488801,0.63089,0,0.47291,0.651832,0,0.007853,0.772251,0,0,1,1,0,0,0
necessitate,True,1,000001,Ev,,True,2,000011,Ev,Sn,0.256,0.081,0.129,0.453,0.785,0.85,0.256429,0.853403,0,0.081227,0.827225,0,0.129375,0.581152,0,0.45302,0.63089,0,0.784814,0.651832,1,0.850075,0.772251,1,0,0,0,0,0,1
need,True,1,000001,Ev,,True,2,001001,Ev,Ap,0.442,0.532,0.564,0.232,0.18,0.798,0.442316,0.853403,0,0.531874,0.827225,0,0.563927,0.581152,0,0.231709,0.63089,0,0.180128,0.651832,0,0.797847,0.772251,1,0,0,0,0,0,1
negate,True,1,000001,Ev,,True,2,010001,Ev,Cm,0.149,0.722,0.212,0.437,0.032,0.944,0.149215,0.853403,0,0.721712,0.827225,0,0.212448,0.581152,0,0.436532,0.63089,0,0.032099,0.651832,0,0.944327,0.772251,1,0,0,0,0,0,1
neglect,True,1,000001,Ev,,True,3,001011,Ev,"Ap, Sn",0.429,0.239,0.563,0.197,0.556,0.907,0.428806,0.853403,0,0.239437,0.827225,0,0.563471,0.581152,0,0.196577,0.63089,0,0.555644,0.651832,0,0.90656,0.772251,1,0,0,0,0,0,1
neutralize,True,2,001010,Ap,Sn,True,3,001011,Ev,"Ap, Sn",0.149,0.062,0.666,0.204,0.665,0.685,0.149215,0.853403,0,0.061507,0.827225,0,0.665824,0.581152,1,0.204193,0.63089,0,0.665021,0.651832,1,0.684902,0.772251,0,0,0,1,0,1,0
nominate,True,3,001101,An,"Ap, Ev",True,4,001111,An,"Ap, Sn, Ev",0.398,0.206,0.682,0.833,0.628,0.829,0.398223,0.853403,0,0.205651,0.827225,0,0.68247,0.581152,1,0.832823,0.63089,1,0.627709,0.651832,0,0.828619,0.772251,1,0,0,1,1,0,1
normalize,True,1,000010,Sn,,True,2,010010,Cm,Sn,0.247,0.814,0.456,0.455,0.785,0.07,0.247105,0.853403,0,0.813645,0.827225,0,0.455837,0.581152,0,0.455321,0.63089,0,0.785059,0.651832,1,0.070483,0.772251,0,0,0,0,0,1,0
notate,True,1,100000,Kn,,True,2,100010,Kn,Sn,0.921,0.424,0.365,0.118,0.581,0.084,0.920568,0.853403,1,0.423631,0.827225,0,0.364512,0.581152,0,0.118171,0.63089,0,0.580975,0.651832,0,0.083805,0.772251,0,1,0,0,0,0,0
note,True,1,100000,Kn,,True,1,100000,Kn,,0.923,0.58,0.003,0.489,0.192,0.443,0.922979,0.853403,1,0.580318,0.827225,0,0.002618,0.581152,0,0.488861,0.63089,0,0.192075,0.651832,0,0.443019,0.772251,0,1,0,0,0,0,0
notice,True,1,100000,Kn,,True,2,100100,Kn,An,0.928,0.587,0.181,0.582,0.239,0.161,0.928354,0.853403,1,0.587426,0.827225,0,0.181421,0.581152,0,0.582222,0.63089,0,0.238941,0.651832,0,0.161134,0.772251,0,1,0,0,0,0,0
notify,True,1,001000,Ap,,True,2,101000,Kn,Ap,0.777,0.68,0.605,0.076,0.243,0.019,0.776991,0.853403,0,0.680116,0.827225,0,0.605405,0.581152,1,0.075652,0.63089,0,0.243049,0.651832,0,0.01887,0.772251,0,0,0,1,0,0,0
nucleate,True,1,000001,Ev,,True,2,001001,Ev,Ap,0.319,0.026,0.688,0.335,0.397,0.777,0.319282,0.853403,0,0.026178,0.827225,0,0.68821,0.581152,1,0.334811,0.63089,0,0.397324,0.651832,0,0.776686,0.772251,1,0,0,0,0,0,1
nudge,True,1,000001,Ev,,True,1,000001,Ev,,0.289,0.373,0.024,0.038,0.403,0.94,0.288636,0.853403,0,0.37332,0.827225,0,0.023903,0.581152,0,0.038037,0.63089,0,0.402621,0.651832,0,0.940239,0.772251,1,0,0,0,0,0,1
nullify,True,1,001000,Ap,,True,2,001001,Ev,Ap,0.149,0.156,0.607,0.19,0.5,0.762,0.149215,0.853403,0,0.156097,0.827225,0,0.606959,0.581152,1,0.190398,0.63089,0,0.499728,0.651832,0,0.761774,0.772251,0,0,0,1,0,0,0
nurture,True,1,000010,Sn,,True,2,001010,Sn,Ap,0.458,0.055,0.668,0.295,0.986,0.597,0.458347,0.853403,0,0.055134,0.827225,0,0.667882,0.581152,1,0.295137,0.63089,0,0.985959,0.651832,1,0.597115,0.772251,0,0,0,0,0,1,0
obey,True,1,001000,Ap,,True,3,101001,Kn,"Ap, Ev",0.84,0.341,0.811,0.003,0.341,0.659,0.839654,0.853403,0,0.34051,0.827225,0,0.811375,0.581152,1,0.002618,0.63089,0,0.341335,0.651832,0,0.658504,0.772251,0,0,0,1,0,0,0
obfuscate,True,1,001000,Ap,,True,3,001110,Ap,"An, Sn",0.149,0.416,0.69,0.592,0.555,0.512,0.149215,0.853403,0,0.415508,0.827225,0,0.690241,0.581152,1,0.59234,0.63089,0,0.555489,0.651832,0,0.511703,0.772251,0,0,0,1,0,0,0
object,True,1,010000,Cm,,True,3,011100,Cm,"Ap, An",0.603,0.929,0.558,0.645,0.549,0.053,0.602811,0.853403,0,0.928857,0.827225,1,0.557723,0.581152,0,0.645443,0.63089,1,0.548728,0.651832,0,0.053211,0.772251,0,0,1,0,0,0,0
oblige,True,1,000001,Ev,,True,2,000011,Ev,Sn,0.31,0.105,0.454,0.016,0.577,0.847,0.310104,0.853403,0,0.105163,0.827225,0,0.45356,0.581152,0,0.01592,0.63089,0,0.577062,0.651832,0,0.846894,0.772251,1,0,0,0,0,0,1
obstruct,True,1,001000,Ap,,True,2,001001,Ev,Ap,0.293,0.358,0.666,0.112,0.201,0.669,0.293489,0.853403,0,0.358342,0.827225,0,0.666482,0.581152,1,0.112287,0.63089,0,0.201252,0.651832,0,0.669351,0.772251,0,0,0,1,0,0,0
obviate,True,1,001000,Ap,,True,2,011000,Cm,Ap,0.307,0.774,0.7,0.206,0.033,0.648,0.306763,0.853403,0,0.77399,0.827225,0,0.700459,0.581152,1,0.206412,0.63089,0,0.033431,0.651832,0,0.648184,0.772251,0,0,0,1,0,0,0
occlude,True,1,000001,Ev,,True,1,000001,Ev,,0.149,0.394,0.403,0.365,0.513,0.853,0.149215,0.853403,0,0.39428,0.827225,0,0.403365,0.581152,0,0.365113,0.63089,0,0.512901,0.651832,0,0.852825,0.772251,1,0,0,0,0,0,1
occupy,True,1,001000,Ap,,True,2,001010,Ap,Sn,0.442,0.699,0.97,0.058,0.57,0.354,0.442498,0.853403,0,0.699041,0.827225,0,0.969595,0.581152,1,0.058409,0.63089,0,0.569824,0.651832,0,0.353735,0.772251,0,0,0,1,0,0,0
occur,True,1,001000,Ap,,True,1,001000,Ap,,0.642,0.54,0.92,0.216,0.451,0.008,0.642458,0.853403,0,0.539945,0.827225,0,0.920381,0.581152,1,0.216089,0.63089,0,0.451368,0.651832,0,0.007853,0.772251,0,0,0,1,0,0,0
offer,False,0,000000,,,True,1,000100,An,,0.5,0.604,0.02,0.577,0.33,0.481,0.499979,0.853403,0,0.603916,0.827225,0,0.020051,0.581152,0,0.577028,0.63089,0,0.329712,0.651832,0,0.48075,0.772251,0,0,0,0,0,0,0
offload,True,1,001000,Ap,,True,1,001000,Ap,,0.308,0.17,0.846,0.197,0.282,0.33,0.307684,0.853403,0,0.170013,0.827225,0,0.846343,0.581152,1,0.19744,0.63089,0,0.28212,0.651832,0,0.329617,0.772251,0,0,0,1,0,0,0
offset,True,1,000100,An,,True,2,010100,Cm,An,0.46,0.786,0.215,0.718,0.431,0.363,0.460151,0.853403,0,0.786092,0.827225,0,0.214798,0.581152,0,0.717831,0.63089,1,0.430567,0.651832,0,0.363351,0.772251,0,0,0,0,1,0,0
omit,True,1,010000,Cm,,True,1,010000,Cm,,0.149,0.852,0.292,0.34,0.397,0.648,0.149215,0.853403,0,0.851828,0.827225,1,0.292265,0.581152,0,0.339535,0.63089,0,0.396597,0.651832,0,0.647914,0.772251,0,0,1,0,0,0,0
open,True,1,000100,An,,True,1,000100,An,,0.581,0.414,0.309,0.729,0.373,0.536,0.581441,0.853403,0,0.413621,0.827225,0,0.309092,0.581152,0,0.728648,0.63089,1,0.373459,0.651832,0,0.53592,0.772251,0,0,0,0,1,0,0
oppose,True,1,000001,Ev,,True,2,000011,Ev,Sn,0.244,0.399,0.276,0.037,0.749,0.941,0.24395,0.853403,0,0.398939,0.827225,0,0.27612,0.581152,0,0.03746,0.63089,0,0.748667,0.651832,1,0.941482,0.772251,1,0,0,0,0,0,1
opsonize,True,1,000010,Sn,,True,2,001010,Sn,Ap,0.149,0.276,0.689,0.479,0.929,0.328,0.149215,0.853403,0,0.276385,0.827225,0,0.689201,0.581152,1,0.479173,0.63089,0,0.929023,0.651832,1,0.328169,0.772251,0,0,0,0,0,1,0
opt,True,1,000001,Ev,,True,3,000111,Ev,"An, Sn",0.485,0.25,0.3,0.66,0.688,0.874,0.485002,0.853403,0,0.249868,0.827225,0,0.29973,0.581152,0,0.660346,0.63089,1,0.687855,0.651832,1,0.873909,0.772251,1,0,0,0,0,0,1
orchestrate,True,1,000010,Sn,,True,2,000110,Sn,An,0.245,0.553,0.448,0.731,0.923,0.609,0.245096,0.853403,0,0.553129,0.827225,0,0.4477,0.581152,0,0.730952,0.63089,1,0.923089,0.651832,1,0.608841,0.772251,0,0,0,0,0,1,0
orient,True,1,001000,Ap,,True,4,111010,Ap,"Kn, Cm, Sn",0.848,0.815,0.853,0.243,0.683,0.161,0.84755,0.853403,0,0.815269,0.827225,0,0.852571,0.581152,1,0.243105,0.63089,0,0.682898,0.651832,1,0.16119,0.772251,0,0,0,1,0,0,0
orientate,True,1,000010,Sn,,True,2,000110,Sn,An,0.447,0.252,0.411,0.618,0.958,0.364,0.447241,0.853403,0,0.251631,0.827225,0,0.411156,0.581152,0,0.617582,0.63089,0,0.957543,0.651832,1,0.363645,0.772251,0,0,0,0,0,1,0
oscillate,True,1,010000,Cm,,True,2,010100,Cm,An,0.643,0.935,0.403,0.716,0.295,0.008,0.643049,0.853403,0,0.935327,0.827225,1,0.40336,0.581152,0,0.715556,0.63089,1,0.295193,0.651832,0,0.007853,0.772251,0,0,1,0,0,0,0
outlaw,True,1,100000,Kn,,True,1,100000,Kn,,0.909,0.508,0.105,0.445,0.092,0.56,0.909399,0.853403,1,0.507743,0.827225,0,0.105426,0.581152,0,0.444631,0.63089,0,0.091911,0.651832,0,0.560312,0.772251,0,1,0,0,0,0,0
outnumber,True,1,100000,Kn,,True,1,100000,Kn,,0.962,0.477,0.094,0.419,0.057,0.581,0.96213,0.853403,1,0.476779,0.827225,0,0.09378,0.581152,0,0.41861,0.63089,0,0.05678,0.651832,0,0.58092,0.772251,0,1,0,0,0,0,0
outpace,True,1,000100,An,,True,1,000100,An,,0.4,0.506,0.3,0.721,0.259,0.222,0.39957,0.853403,0,0.505954,0.827225,0,0.299769,0.581152,0,0.721026,0.63089,1,0.258585,0.651832,0,0.221991,0.772251,0,0,0,0,1,0,0
outperform,True,1,000010,Sn,,True,3,001011,Sn,"Ap, Ev",0.149,0.515,0.743,0.195,0.978,0.752,0.149215,0.853403,0,0.514505,0.827225,0,0.742908,0.581152,1,0.194543,0.63089,0,0.978425,0.651832,1,0.751961,0.772251,0,0,0,0,0,1,0
outsource,True,1,001000,Ap,,True,1,001000,Ap,,0.247,0.341,0.919,0.347,0.378,0.386,0.246978,0.853403,0,0.340997,0.827225,0,0.919127,0.581152,1,0.347089,0.63089,0,0.377519,0.651832,0,0.386348,0.772251,0,0,0,1,0,0,0
outstrip,False,0,000000,,,True,1,010000,Cm,,0.61,0.712,0.439,0.365,0.239,0.14,0.609682,0.853403,0,0.712395,0.827225,0,0.439371,0.581152,0,0.364998,0.63089,0,0.238748,0.651832,0,0.139949,0.772251,0,0,0,0,0,0,0
outweigh,True,2,010001,Ev,Cm,True,2,010001,Ev,Cm,0.225,0.833,0.421,0.117,0.359,0.85,0.225247,0.853403,0,0.83306,0.827225,1,0.420569,0.581152,0,0.116892,0.63089,0,0.359227,0.651832,0,0.850469,0.772251,1,0,1,0,0,0,1
overarch,True,2,110000,Kn,Cm,True,2,110000,Kn,Cm,0.87,0.845,0.294,0.215,0.162,0.054,0.870239,0.853403,1,0.844531,0.827225,1,0.293581,0.581152,0,0.215235,0.63089,0,0.161843,0.651832,0,0.05389,0.772251,0,1,1,0,0,0,0
overcome,True,2,000011,Sn,Ev,True,2,000011,Sn,Ev,0.539,0.16,0.289,0.343,0.785,0.778,0.539165,0.853403,0,0.159976,0.827225,0,0.288686,0.581152,0,0.342957,0.63089,0,0.785194,0.651832,1,0.778194,0.772251,1,0,0,0,0,1,1
overcompensate,False,0,000000,,,False,0,000000,,,0.149,0.56,0.371,0.138,0.414,0.506,0.149215,0.853403,0,0.560197,0.827225,0,0.37095,0.581152,0,0.137574,0.63089,0,0.413859,0.651832,0,0.506094,0.772251,0,0,0,0,0,0,0
overemphasize,True,1,010000,Cm,,True,2,011000,Cm,Ap,0.644,0.956,0.563,0.115,0.265,0.321,0.643852,0.853403,0,0.955671,0.827225,1,0.562616,0.581152,0,0.1154,0.63089,0,0.265019,0.651832,0,0.320985,0.772251,0,0,1,0,0,0,0
overestimate,True,1,010000,Cm,,True,2,010010,Cm,Sn,0.341,0.832,0.149,0.448,0.731,0.556,0.34079,0.853403,0,0.832128,0.827225,1,0.149163,0.581152,0,0.447977,0.63089,0,0.731213,0.651832,1,0.555572,0.772251,0,0,1,0,0,0,0
overexpose,True,1,001000,Ap,,True,2,011000,Cm,Ap,0.461,0.812,0.599,0.315,0.395,0.061,0.460542,0.853403,0,0.811946,0.827225,0,0.598519,0.581152,1,0.315277,0.63089,0,0.3949,0.651832,0,0.061494,0.772251,0,0,0,1,0,0,0
overflow,True,1,000100,An,,True,1,000100,An,,0.612,0.676,0.405,0.749,0.095,0.443,0.612245,0.853403,0,0.675905,0.827225,0,0.40511,0.581152,0,0.749384,0.63089,1,0.095281,0.651832,0,0.44335,0.772251,0,0,0,0,1,0,0
overhear,False,0,000000,,,True,1,100000,Kn,,0.784,0.41,0.186,0.332,0.179,0.05,0.784038,0.853403,0,0.410266,0.827225,0,0.186243,0.581152,0,0.332433,0.63089,0,0.178538,0.651832,0,0.049662,0.772251,0,0,0,0,0,0,0
overlap,True,1,000010,Sn,,True,2,010010,Sn,Cm,0.602,0.714,0.109,0.429,0.719,0.654,0.602114,0.853403,0,0.71445,0.827225,0,0.109224,0.581152,0,0.428942,0.63089,0,0.718918,0.651832,1,0.654337,0.772251,0,0,0,0,0,1,0
overlay,True,1,100000,Kn,,True,2,100010,Kn,Sn,0.873,0.642,0.197,0.039,0.655,0.035,0.873163,0.853403,1,0.642453,0.827225,0,0.197199,0.581152,0,0.039042,0.63089,0,0.65479,0.651832,1,0.034777,0.772251,0,1,0,0,0,0,0
overlie,True,1,100000,Kn,,True,2,110000,Kn,Cm,0.96,0.835,0.36,0.038,0.258,0.328,0.960472,0.853403,1,0.83486,0.827225,1,0.359583,0.581152,0,0.037844,0.63089,0,0.257994,0.651832,0,0.328435,0.772251,0,1,0,0,0,0,0
overload,True,1,000001,Ev,,True,2,001001,Ev,Ap,0.149,0.083,0.679,0.481,0.261,0.776,0.149215,0.853403,0,0.082719,0.827225,0,0.679433,0.581152,1,0.481463,0.63089,0,0.260888,0.651832,0,0.776282,0.772251,1,0,0,0,0,0,1
overlook,True,1,100000,Kn,,True,3,101100,Kn,"Ap, An",0.946,0.701,0.559,0.804,0.172,0.061,0.945757,0.853403,1,0.701353,0.827225,0,0.559026,0.581152,0,0.803947,0.63089,1,0.171784,0.651832,0,0.061342,0.772251,0,1,0,0,0,0,0
overproduce,True,1,001000,Ap,,True,2,001010,Ap,Sn,0.418,0.376,0.857,0.384,0.555,0.201,0.417885,0.853403,0,0.376469,0.827225,0,0.856897,0.581152,1,0.384042,0.63089,0,0.554835,0.651832,0,0.200768,0.772251,0,0,0,1,0,0,0
override,True,1,001000,Ap,,True,2,001010,Ap,Sn,0.399,0.423,0.607,0.232,0.578,0.221,0.39933,0.853403,0,0.422985,0.827225,0,0.606685,0.581152,1,0.231847,0.63089,0,0.577897,0.651832,0,0.220641,0.772251,0,0,0,1,0,0,0
overrun,False,0,000000,,,False,0,000000,,,0.149,0.537,0.454,0.205,0.201,0.647,0.149215,0.853403,0,0.53721,0.827225,0,0.454442,0.581152,0,0.204816,0.63089,0,0.200745,0.651832,0,0.646996,0.772251,0,0,0,0,0,0,0
oversee,True,1,001000,Ap,,True,4,001111,Ap,"An, Sn, Ev",0.265,0.375,0.824,0.66,0.623,0.743,0.264963,0.853403,0,0.375192,0.827225,0,0.824278,0.581152,1,0.660481,0.63089,1,0.622724,0.651832,0,0.742639,0.772251,0,0,0,1,0,0,0
overshadow,True,2,110000,Kn,Cm,True,2,110000,Kn,Cm,0.872,0.843,0.356,0.439,0.301,0.22,0.871696,0.853403,1,0.842861,0.827225,1,0.356245,0.581152,0,0.438665,0.63089,0,0.301259,0.651832,0,0.219994,0.772251,0,1,1,0,0,0,0
overshoot,False,0,000000,,,True,2,010100,Cm,An,0.368,0.713,0.198,0.547,0.03,0.486,0.367774,0.853403,0,0.713263,0.827225,0,0.198467,0.581152,0,0.547068,0.63089,0,0.030044,0.651832,0,0.486258,0.772251,0,0,0,0,0,0,0
overstate,True,1,010000,Cm,,True,1,010000,Cm,,0.428,0.933,0.191,0.118,0.41,0.524,0.427623,0.853403,0,0.932602,0.827225,1,0.191244,0.581152,0,0.117541,0.63089,0,0.410421,0.651832,0,0.524057,0.772251,0,0,1,0,0,0,0
overstrain,False,0,000000,,,False,0,000000,,,0.205,0.303,0.442,0.394,0.336,0.574,0.204788,0.853403,0,0.303304,0.827225,0,0.441683,0.581152,0,0.394343,0.63089,0,0.336146,0.651832,0,0.57417,0.772251,0,0,0,0,0,0,0
overstress,True,1,000001,Ev,,True,1,000001,Ev,,0.429,0.233,0.113,0.481,0.54,0.936,0.428508,0.853403,0,0.232664,0.827225,0,0.113368,0.581152,0,0.480536,0.63089,0,0.540326,0.651832,0,0.936381,0.772251,1,0,0,0,0,0,1
overtake,True,1,001000,Ap,,True,1,001000,Ap,,0.72,0.507,0.864,0.346,0.157,0.184,0.720496,0.853403,0,0.507091,0.827225,0,0.863577,0.581152,1,0.346463,0.63089,0,0.15708,0.651832,0,0.184386,0.772251,0,0,0,1,0,0,0
overturn,False,0,000000,,,False,0,000000,,,0.636,0.245,0.211,0.196,0.264,0.523,0.636051,0.853403,0,0.245026,0.827225,0,0.211397,0.581152,0,0.195914,0.63089,0,0.264135,0.651832,0,0.522808,0.772251,0,0,0,0,0,0,0
overwhelm,True,1,000010,Sn,,True,2,001010,Sn,Ap,0.427,0.497,0.574,0.038,0.684,0.321,0.42711,0.853403,0,0.496603,0.827225,0,0.574171,0.581152,0,0.037784,0.63089,0,0.683835,0.651832,1,0.320716,0.772251,0,0,0,0,0,1,0
overwrite,False,0,000000,,,True,3,100011,Kn,"Sn, Ev",0.831,0.29,0.183,0.038,0.603,0.706,0.830688,0.853403,0,0.290109,0.827225,0,0.18251,0.581152,0,0.038344,0.63089,0,0.602923,0.651832,0,0.706426,0.772251,0,0,0,0,0,0,0
owe,False,0,000000,,,True,2,101000,Kn,Ap,0.727,0.554,0.54,0.116,0.501,0.542,0.726627,0.853403,0,0.553545,0.827225,0,0.539769,0.581152,0,0.116344,0.63089,0,0.501224,0.651832,0,0.542013,0.772251,0,0,0,0,0,0,0
own,True,1,001000,Ap,,True,1,001000,Ap,,0.66,0.082,0.948,0.433,0.259,0.314,0.659937,0.853403,0,0.082067,0.827225,0,0.947971,0.581152,1,0.432678,0.63089,0,0.259119,0.651832,0,0.31391,0.772251,0,0,0,1,0,0,0
oxidize,True,1,001000,Ap,,True,1,001000,Ap,,0.242,0.224,0.781,0.434,0.266,0.543,0.241971,0.853403,0,0.223636,0.827225,0,0.780871,0.581152,1,0.433647,0.63089,0,0.265524,0.651832,0,0.542838,0.772251,0,0,0,1,0,0,0
pack,True,1,000010,Sn,,True,3,001110,Sn,"Ap, An",0.33,0.375,0.59,0.594,0.94,0.177,0.330215,0.853403,0,0.375287,0.827225,0,0.58995,0.581152,1,0.594274,0.63089,0,0.93999,0.651832,1,0.176882,0.772251,0,0,0,0,0,1,0
parallelize,True,1,000010,Sn,,True,2,010010,Sn,Cm,0.3,0.707,0.21,0.407,0.738,0.348,0.300253,0.853403,0,0.707007,0.827225,0,0.209537,0.581152,0,0.407326,0.63089,0,0.737501,0.651832,1,0.348466,0.772251,0,0,0,0,0,1,0
paralyse,True,1,001000,Ap,,True,1,001000,Ap,,0.293,0.274,0.762,0.357,0.511,0.061,0.293114,0.853403,0,0.273595,0.827225,0,0.761659,0.581152,1,0.35687,0.63089,0,0.511074,0.651832,0,0.060623,0.772251,0,0,0,1,0,0,0
pare,False,0,000000,,,False,0,000000,,,0.428,0.392,0.38,0.153,0.435,0.051,0.427646,0.853403,0,0.391779,0.827225,0,0.380161,0.581152,0,0.153059,0.63089,0,0.434697,0.651832,0,0.051469,0.772251,0,0,0,0,0,0,0
parse,True,2,010100,Cm,An,True,3,010110,Cm,"An, Sn",0.149,0.865,0.375,0.834,0.639,0.359,0.149215,0.853403,0,0.864981,0.827225,1,0.374605,0.581152,0,0.833555,0.63089,1,0.638583,0.651832,0,0.359341,0.772251,0,0,1,0,1,0,0
pass,False,0,000000,,,True,1,000001,Ev,,0.561,0.387,0.281,0.05,0.366,0.692,0.560823,0.853403,0,0.386511,0.827225,0,0.281155,0.581152,0,0.050368,0.63089,0,0.366174,0.651832,0,0.691991,0.772251,0,0,0,0,0,0,0
paste,True,1,100000,Kn,,True,2,100010,Kn,Sn,0.934,0.07,0.254,0.057,0.761,0.112,0.933702,0.853403,1,0.069857,0.827225,0,0.253874,0.581152,0,0.056569,0.63089,0,0.761334,0.651832,1,0.112414,0.772251,0,1,0,0,0,0,0
patch,True,1,000010,Sn,,True,1,000010,Sn,,0.352,0.153,0.263,0.186,0.748,0.472,0.352282,0.853403,0,0.15321,0.827225,0,0.263366,0.581152,0,0.185981,0.63089,0,0.747628,0.651832,1,0.472389,0.772251,0,0,0,0,0,1,0
pause,True,1,000100,An,,True,2,100100,An,Kn,0.748,0.496,0.074,0.754,0.353,0.044,0.747831,0.853403,0,0.495696,0.827225,0,0.073673,0.581152,0,0.754473,0.63089,1,0.353273,0.651832,0,0.044446,0.772251,0,0,0,0,1,0,0
pave,True,1,000100,An,,True,2,100100,Kn,An,0.756,0.682,0.38,0.743,0.535,0.061,0.755908,0.853403,0,0.681591,0.827225,0,0.379826,0.581152,0,0.742848,0.63089,1,0.534858,0.651832,0,0.0607,0.772251,0,0,0,0,1,0,0
pay,False,0,000000,,,True,1,001000,Ap,,0.433,0.259,0.548,0.485,0.541,0.518,0.43297,0.853403,0,0.258606,0.827225,0,0.548331,0.581152,0,0.484861,0.63089,0,0.540816,0.651832,0,0.517936,0.772251,0,0,0,0,0,0,0
peek,True,2,100100,An,Kn,True,2,100100,An,Kn,0.923,0.625,0.475,0.974,0.122,0.467,0.922936,0.853403,1,0.624933,0.827225,0,0.474772,0.581152,0,0.974098,0.63089,1,0.121774,0.651832,0,0.46654,0.772251,0,1,0,0,1,0,0
peel,True,1,000100,An,,True,2,100100,Kn,An,0.762,0.082,0.209,0.72,0.24,0.196,0.761603,0.853403,0,0.081892,0.827225,0,0.208707,0.581152,0,0.719856,0.63089,1,0.239662,0.651832,0,0.196285,0.772251,0,0,0,0,1,0,0
peer,False,0,000000,,,True,2,000011,Ev,Sn,0.266,0.378,0.105,0.33,0.568,0.659,0.266139,0.853403,0,0.378339,0.827225,0,0.105388,0.581152,0,0.329581,0.63089,0,0.568408,0.651832,0,0.659364,0.772251,0,0,0,0,0,0,0
penalize,True,1,000001,Ev,,True,2,001001,Ev,Ap,0.149,0.055,0.533,0.215,0.241,0.941,0.149215,0.853403,0,0.055128,0.827225,0,0.533225,0.581152,0,0.215041,0.63089,0,0.240527,0.651832,0,0.941381,0.772251,1,0,0,0,0,0,1
penetrate,True,2,001010,Sn,Ap,True,2,001010,Sn,Ap,0.149,0.259,0.755,0.134,0.785,0.338,0.149215,0.853403,0,0.259063,0.827225,0,0.755256,0.581152,1,0.133895,0.63089,0,0.784801,0.651832,1,0.337886,0.772251,0,0,0,1,0,1,0
perceive,True,3,110100,Cm,"Kn, An",True,3,110100,Cm,"Kn, An",0.935,0.977,0.25,0.806,0.106,0.609,0.934691,0.853403,1,0.976991,0.827225,1,0.250253,0.581152,0,0.805678,0.63089,1,0.105672,0.651832,0,0.608586,0.772251,0,1,1,0,1,0,0
percolate,True,1,000100,An,,True,1,000100,An,,0.429,0.506,0.298,0.722,0.549,0.332,0.429243,0.853403,0,0.505573,0.827225,0,0.297812,0.581152,0,0.72166,0.63089,1,0.548522,0.651832,0,0.332442,0.772251,0,0,0,0,1,0,0
perforate,True,1,000010,Sn,,True,1,000010,Sn,,0.257,0.241,0.425,0.138,0.784,0.206,0.257333,0.853403,0,0.241331,0.827225,0,0.42454,0.581152,0,0.137804,0.63089,0,0.783779,0.651832,1,0.20583,0.772251,0,0,0,0,0,1,0
perish,True,1,001000,Ap,,True,2,011000,Cm,Ap,0.615,0.786,0.773,0.038,0.035,0.634,0.614739,0.853403,0,0.786364,0.827225,0,0.773333,0.581152,1,0.038167,0.63089,0,0.035322,0.651832,0,0.63433,0.772251,0,0,0,1,0,0,0
permeate,False,0,000000,,,True,2,010001,Cm,Ev,0.301,0.779,0.453,0.123,0.416,0.768,0.300594,0.853403,0,0.778935,0.827225,0,0.453358,0.581152,0,0.123098,0.63089,0,0.415588,0.651832,0,0.767784,0.772251,0,0,0,0,0,0,0
permit,True,1,000100,An,,True,3,001101,Ev,"Ap, An",0.574,0.353,0.512,0.64,0.262,0.77,0.573506,0.853403,0,0.352665,0.827225,0,0.511898,0.581152,0,0.639588,0.63089,1,0.261564,0.651832,0,0.769632,0.772251,0,0,0,0,1,0,0
permute,True,1,000010,Sn,,True,2,001010,Sn,Ap,0.476,0.405,0.666,0.511,0.785,0.552,0.475509,0.853403,0,0.405012,0.827225,0,0.66647,0.581152,1,0.510987,0.63089,0,0.785425,0.651832,1,0.552246,0.772251,0,0,0,0,0,1,0
perpetuate,False,0,000000,,,True,2,101000,Kn,Ap,0.749,0.337,0.543,0.005,0.54,0.534,0.749362,0.853403,0,0.336665,0.827225,0,0.542908,0.581152,0,0.005399,0.63089,0,0.540369,0.651832,0,0.534301,0.772251,0,0,0,0,0,0,0
persevere,True,1,000001,Ev,,True,2,000011,Ev,Sn,0.531,0.233,0.183,0.016,0.788,0.905,0.531227,0.853403,0,0.2331,0.827225,0,0.182734,0.581152,0,0.015722,0.63089,0,0.787926,0.651832,1,0.905063,0.772251,1,0,0,0,0,0,1
persist,True,2,001010,Ap,Sn,True,3,001011,Ap,"Sn, Ev",0.205,0.147,0.7,0.114,0.683,0.695,0.205336,0.853403,0,0.146764,0.827225,0,0.700321,0.581152,1,0.113849,0.63089,0,0.683136,0.651832,1,0.694754,0.772251,0,0,0,1,0,1,0
persuade,True,1,000001,Ev,,True,2,000011,Ev,Sn,0.149,0.289,0.213,0.13,0.697,0.94,0.149215,0.853403,0,0.289172,0.827225,0,0.213168,0.581152,0,0.129982,0.63089,0,0.696822,0.651832,1,0.940013,0.772251,1,0,0,0,0,0,1
pertain,True,1,000001,Ev,,True,4,101011,Ev,"Kn, Ap, Sn",0.735,0.508,0.539,0.429,0.601,0.911,0.734766,0.853403,0,0.507681,0.827225,0,0.539384,0.581152,0,0.428638,0.63089,0,0.601166,0.651832,0,0.910769,0.772251,1,0,0,0,0,0,1
perturb,True,1,000100,An,,True,2,010100,Cm,An,0.28,0.789,0.201,0.74,0.436,0.071,0.280283,0.853403,0,0.789,0.827225,0,0.201091,0.581152,0,0.739944,0.63089,1,0.436172,0.651832,0,0.071272,0.772251,0,0,0,0,1,0,0
phase,True,1,000100,An,,True,2,001100,An,Ap,0.428,0.506,0.541,0.806,0.038,0.35,0.427603,0.853403,0,0.506452,0.827225,0,0.540685,0.581152,0,0.80564,0.63089,1,0.038479,0.651832,0,0.350221,0.772251,0,0,0,0,1,0,0
photograph,True,4,111100,Kn,"Cm, Ap, An",True,4,111100,Kn,"Cm, Ap, An",0.909,0.892,0.852,0.805,0.294,0.061,0.908558,0.853403,1,0.89172,0.827225,1,0.852443,0.581152,1,0.805269,0.63089,1,0.29371,0.651832,0,0.061307,0.772251,0,1,1,1,1,0,0
pick,True,3,101001,Kn,"Ap, Ev",True,5,101111,Kn,"Ap, An, Sn, Ev",0.962,0.555,0.609,0.56,0.566,0.96,0.961725,0.853403,1,0.555268,0.827225,0,0.608553,0.581152,1,0.559868,0.63089,0,0.565697,0.651832,0,0.959636,0.772251,1,1,0,1,0,0,1
pile,True,1,100000,Kn,,True,3,100110,Kn,"An, Sn",0.883,0.353,0.228,0.613,0.708,0.442,0.88281,0.853403,1,0.353361,0.827225,0,0.228327,0.581152,0,0.613187,0.63089,0,0.708437,0.651832,1,0.442172,0.772251,0,1,0,0,0,0,0
pinch,True,2,100100,Kn,An,True,2,100100,Kn,An,0.855,0.645,0.299,0.805,0.282,0.513,0.854707,0.853403,1,0.645338,0.827225,0,0.298914,0.581152,0,0.804961,0.63089,1,0.281819,0.651832,0,0.513195,0.772251,0,1,0,0,1,0,0
ping,False,0,000000,,,True,2,100010,Kn,Sn,0.74,0.553,0.156,0.343,0.578,0.176,0.739793,0.853403,0,0.553276,0.827225,0,0.156443,0.581152,0,0.342602,0.63089,0,0.578224,0.651832,0,0.17621,0.772251,0,0,0,0,0,0,0
pinpoint,True,3,110100,Kn,"Cm, An",True,3,110100,Kn,"Cm, An",0.983,0.96,0.281,0.813,0.049,0.108,0.983493,0.853403,1,0.960217,0.827225,1,0.280569,0.581152,0,0.813033,0.63089,1,0.049325,0.651832,0,0.108337,0.772251,0,1,1,0,1,0,0
plagiarize,True,1,100000,Kn,,True,2,100010,Kn,Sn,0.95,0.524,0.204,0.394,0.604,0.429,0.949787,0.853403,1,0.523634,0.827225,0,0.204192,0.581152,0,0.394063,0.63089,0,0.604068,0.651832,0,0.429111,0.772251,0,1,0,0,0,0,0
plasticize,True,1,000010,Sn,,True,2,001010,Sn,Ap,0.244,0.064,0.702,0.377,0.784,0.349,0.24353,0.853403,0,0.064483,0.827225,0,0.70174,0.581152,1,0.376954,0.63089,0,0.784166,0.651832,1,0.34899,0.772251,0,0,0,0,0,1,0
play,True,1,001000,Ap,,True,2,001010,Ap,Sn,0.571,0.469,0.961,0.296,0.727,0.114,0.57134,0.853403,0,0.468584,0.827225,0,0.961167,0.581152,1,0.295998,0.63089,0,0.726764,0.651832,1,0.114023,0.772251,0,0,0,1,0,0,0
please,False,0,000000,,,True,2,110000,Cm,Kn,0.737,0.776,0.448,0.459,0.166,0.338,0.73669,0.853403,0,0.776314,0.827225,0,0.447641,0.581152,0,0.459424,0.63089,0,0.166208,0.651832,0,0.337977,0.772251,0,0,0,0,0,0,0
plicate,True,1,000100,An,,True,1,000100,An,,0.629,0.394,0.016,0.713,0.201,0.18,0.62894,0.853403,0,0.393829,0.827225,0,0.015548,0.581152,0,0.713206,0.63089,1,0.200637,0.651832,0,0.18029,0.772251,0,0,0,0,1,0,0
plow,True,1,000010,Sn,,True,2,001010,Sn,Ap,0.255,0.515,0.554,0.49,0.829,0.008,0.25503,0.853403,0,0.515368,0.827225,0,0.553881,0.581152,0,0.489757,0.63089,0,0.829215,0.651832,1,0.007853,0.772251,0,0,0,0,0,1,0
pluck,True,1,100000,Kn,,True,3,101100,Kn,"Ap, An",0.91,0.495,0.758,0.754,0.258,0.299,0.909678,0.853403,1,0.494946,0.827225,0,0.75845,0.581152,1,0.754374,0.63089,1,0.258349,0.651832,0,0.299295,0.772251,0,1,0,0,0,0,0
plug,True,1,000100,An,,True,2,000101,An,Ev,0.276,0.361,0.256,0.918,0.418,0.686,0.276103,0.853403,0,0.361486,0.827225,0,0.256143,0.581152,0,0.918465,0.63089,1,0.41786,0.651832,0,0.686153,0.772251,0,0,0,0,1,0,0
plumb,True,1,000100,An,,True,1,000100,An,,0.599,0.214,0.093,0.918,0.171,0.355,0.599271,0.853403,0,0.213699,0.827225,0,0.093229,0.581152,0,0.917934,0.63089,1,0.171086,0.651832,0,0.354506,0.772251,0,0,0,0,1,0,0
plunge,True,1,001000,Ap,,True,1,001000,Ap,,0.566,0.191,0.761,0.53,0.534,0.216,0.566498,0.853403,0,0.191015,0.827225,0,0.761001,0.581152,1,0.529859,0.63089,0,0.533865,0.651832,0,0.216269,0.772251,0,0,0,1,0,0,0
ply,True,1,000100,An,,True,1,000100,An,,0.613,0.384,0.109,0.639,0.397,0.313,0.613368,0.853403,0,0.384272,0.827225,0,0.108652,0.581152,0,0.639016,0.63089,1,0.397018,0.651832,0,0.313467,0.772251,0,0,0,0,1,0,0
poke,True,1,100000,Kn,,True,3,110100,Kn,"Cm, An",0.917,0.708,0.385,0.644,0.159,0.083,0.916896,0.853403,1,0.707984,0.827225,0,0.385211,0.581152,0,0.643959,0.63089,1,0.159183,0.651832,0,0.083228,0.772251,0,1,0,0,0,0,0
polarize,True,1,000100,An,,True,1,000100,An,,0.289,0.641,0.44,0.819,0.409,0.299,0.289291,0.853403,0,0.640693,0.827225,0,0.440251,0.581152,0,0.81888,0.63089,1,0.409188,0.651832,0,0.298871,0.772251,0,0,0,0,1,0,0
pollute,True,2,001001,Ev,Ap,True,2,001001,Ev,Ap,0.257,0.081,0.76,0.451,0.552,0.8,0.256721,0.853403,0,0.081265,0.827225,0,0.759746,0.581152,1,0.450964,0.63089,0,0.551769,0.651832,0,0.799687,0.772251,1,0,0,1,0,0,1
polymerize,True,1,001000,Ap,,True,2,001010,Ap,Sn,0.234,0.173,0.758,0.237,0.592,0.381,0.23432,0.853403,0,0.173483,0.827225,0,0.75755,0.581152,1,0.237422,0.63089,0,0.591805,0.651832,0,0.381232,0.772251,0,0,0,1,0,0,0
ponder,True,1,000001,Ev,,True,2,000101,Ev,An,0.428,0.381,0.404,0.721,0.282,0.983,0.428065,0.853403,0,0.381451,0.827225,0,0.403668,0.581152,0,0.720568,0.63089,1,0.282077,0.651832,0,0.983493,0.772251,1,0,0,0,0,0,1
pop,False,0,000000,,,True,1,000001,Ev,,0.614,0.103,0.198,0.342,0.418,0.767,0.614382,0.853403,0,0.102805,0.827225,0,0.198012,0.581152,0,0.341578,0.63089,0,0.417878,0.651832,0,0.767471,0.772251,0,0,0,0,0,0,0
popularize,True,1,000010,Sn,,True,2,001010,Sn,Ap,0.291,0.422,0.787,0.005,0.929,0.162,0.290713,0.853403,0,0.421966,0.827225,0,0.787005,0.581152,1,0.005457,0.63089,0,0.929165,0.651832,1,0.161758,0.772251,0,0,0,0,0,1,0
populate,True,1,000010,Sn,,True,2,001010,Sn,Ap,0.31,0.19,0.69,0.136,0.856,0.208,0.309528,0.853403,0,0.19048,0.827225,0,0.690494,0.581152,1,0.135756,0.63089,0,0.855742,0.651832,1,0.208108,0.772251,0,0,0,0,0,1,0
pore,True,1,000100,An,,True,3,110100,An,"Kn, Cm",0.846,0.814,0.42,0.872,0.19,0.329,0.846303,0.853403,0,0.814437,0.827225,0,0.419742,0.581152,0,0.871913,0.63089,1,0.190004,0.651832,0,0.328997,0.772251,0,0,0,0,1,0,0
port,True,1,000010,Sn,,True,3,000111,Sn,"An, Ev",0.231,0.343,0.169,0.597,0.787,0.768,0.230737,0.853403,0,0.342766,0.827225,0,0.169395,0.581152,0,0.597323,0.63089,0,0.787316,0.651832,1,0.768018,0.772251,0,0,0,0,0,1,0
pose,True,3,001110,Sn,"Ap, An",True,3,001110,Sn,"Ap, An",0.428,0.377,0.681,0.863,0.918,0.205,0.428442,0.853403,0,0.377176,0.827225,0,0.68129,0.581152,1,0.862587,0.63089,1,0.918109,0.651832,1,0.204941,0.772251,0,0,0,1,1,1,0
posit,True,1,000010,Sn,,True,2,000011,Sn,Ev,0.309,0.641,0.257,0.353,0.708,0.658,0.309246,0.853403,0,0.640748,0.827225,0,0.256508,0.581152,0,0.353004,0.63089,0,0.708174,0.651832,1,0.658033,0.772251,0,0,0,0,0,1,0
position,True,1,000100,An,,True,4,110101,Kn,"Cm, An, Ev",0.787,0.713,0.272,0.719,0.415,0.705,0.787266,0.853403,0,0.713029,0.827225,0,0.272391,0.581152,0,0.719355,0.63089,1,0.415072,0.651832,0,0.705101,0.772251,0,0,0,0,1,0,0
possess,True,1,001000,Ap,,True,1,001000,Ap,,0.66,0.202,0.956,0.016,0.352,0.255,0.660127,0.853403,0,0.202131,0.827225,0,0.9565,0.581152,1,0.016039,0.63089,0,0.352076,0.651832,0,0.254859,0.772251,0,0,0,1,0,0,0
post,True,1,001000,Ap,,True,2,101000,Kn,Ap,0.736,0.655,0.692,0.203,0.308,0.175,0.735861,0.853403,0,0.655399,0.827225,0,0.692343,0.581152,1,0.202664,0.63089,0,0.307831,0.651832,0,0.17547,0.772251,0,0,0,1,0,0,0
postpone,True,1,000010,Sn,,True,3,001011,Sn,"Ap, Ev",0.149,0.369,0.665,0.323,0.929,0.675,0.149215,0.853403,0,0.368646,0.827225,0,0.665133,0.581152,1,0.32321,0.63089,0,0.928694,0.651832,1,0.674788,0.772251,0,0,0,0,0,1,0
postulate,True,2,000101,An,Ev,True,2,000101,An,Ev,0.363,0.63,0.33,0.844,0.336,0.797,0.362882,0.853403,0,0.630331,0.827225,0,0.329773,0.581152,0,0.843973,0.63089,1,0.336438,0.651832,0,0.796765,0.772251,1,0,0,0,1,0,1
potentiate,True,1,000010,Sn,,True,2,001010,Sn,Ap,0.279,0.026,0.513,0.037,0.865,0.381,0.27935,0.853403,0,0.026178,0.827225,0,0.513166,0.581152,0,0.036884,0.63089,0,0.864751,0.651832,1,0.381136,0.772251,0,0,0,0,0,1,0
pour,True,1,000010,Sn,,True,2,001010,Sn,Ap,0.149,0.377,0.564,0.331,0.781,0.616,0.149215,0.853403,0,0.376609,0.827225,0,0.564149,0.581152,0,0.330958,0.63089,0,0.780535,0.651832,1,0.615562,0.772251,0,0,0,0,0,1,0
praise,True,1,000001,Ev,,True,1,000001,Ev,,0.568,0.387,0.198,0.018,0.501,0.876,0.568112,0.853403,0,0.386804,0.827225,0,0.198389,0.581152,0,0.017656,0.63089,0,0.500688,0.651832,0,0.876492,0.772251,1,0,0,0,0,0,1
preach,False,0,000000,,,True,1,000001,Ev,,0.633,0.392,0.196,0.016,0.409,0.681,0.633006,0.853403,0,0.392448,0.827225,0,0.195999,0.581152,0,0.016386,0.63089,0,0.409187,0.651832,0,0.681237,0.772251,0,0,0,0,0,0,0
precede,True,3,100011,Sn,"Kn, Ev",True,4,100111,Sn,"Kn, An, Ev",0.865,0.699,0.19,0.539,0.919,0.91,0.86536,0.853403,1,0.698813,0.827225,0,0.190487,0.581152,0,0.539104,0.63089,0,0.91938,0.651832,1,0.91034,0.772251,1,1,0,0,0,1,1
precipitate,True,1,000010,Sn,,True,2,000011,Sn,Ev,0.295,0.216,0.05,0.464,0.985,0.852,0.294574,0.853403,0,0.216046,0.827225,0,0.049898,0.581152,0,0.464241,0.63089,0,0.985258,0.651832,1,0.851847,0.772251,1,0,0,0,0,1,0
preclude,True,1,000001,Ev,,True,2,000011,Ev,Sn,0.222,0.153,0.215,0.367,0.625,0.809,0.222185,0.853403,0,0.152701,0.827225,0,0.215258,0.581152,0,0.367327,0.63089,0,0.625342,0.651832,0,0.809433,0.772251,1,0,0,0,0,0,1
predetermine,True,1,000001,Ev,,True,3,000111,Ev,"An, Sn",0.586,0.191,0.092,0.584,0.804,0.941,0.586336,0.853403,0,0.191333,0.827225,0,0.092173,0.581152,0,0.583634,0.63089,0,0.803759,0.651832,1,0.940663,0.772251,1,0,0,0,0,0,1
predispose,True,1,000010,Sn,,True,4,001111,Sn,"Ap, An, Ev",0.149,0.084,0.643,0.577,0.972,0.815,0.149215,0.853403,0,0.083524,0.827225,0,0.642701,0.581152,1,0.577312,0.63089,0,0.971663,0.651832,1,0.814724,0.772251,1,0,0,0,0,1,0
predominate,False,0,000000,,,True,3,011001,Cm,"Ap, Ev",0.623,0.709,0.543,0.195,0.458,0.658,0.623066,0.853403,0,0.708609,0.827225,0,0.542632,0.581152,0,0.195326,0.63089,0,0.458479,0.651832,0,0.658457,0.772251,0,0,0,0,0,0,0
prefabricate,True,1,000010,Sn,,True,2,001010,Sn,Ap,0.149,0.026,0.739,0.278,0.987,0.543,0.149215,0.853403,0,0.026178,0.827225,0,0.738601,0.581152,1,0.277558,0.63089,0,0.98667,0.651832,1,0.543284,0.772251,0,0,0,0,0,1,0
prefer,True,1,000001,Ev,,True,3,000111,Ev,"An, Sn",0.656,0.427,0.382,0.538,0.685,0.862,0.655887,0.853403,0,0.427395,0.827225,0,0.381885,0.581152,0,0.538454,0.63089,0,0.684654,0.651832,1,0.861854,0.772251,1,0,0,0,0,0,1
preform,True,1,001000,Ap,,True,2,001010,Ap,Sn,0.342,0.107,0.985,0.183,0.741,0.024,0.342409,0.853403,0,0.106851,0.827225,0,0.9853,0.581152,1,0.18331,0.63089,0,0.741403,0.651832,1,0.023736,0.772251,0,0,0,1,0,0,0
preheat,True,1,000010,Sn,,True,3,000111,Sn,"An, Ev",0.149,0.065,0.455,0.642,0.997,0.706,0.149215,0.853403,0,0.065021,0.827225,0,0.455212,0.581152,0,0.64178,0.63089,1,0.997382,0.651832,1,0.706084,0.772251,0,0,0,0,0,1,0
preoccupy,True,1,000100,An,,True,2,000101,An,Ev,0.589,0.518,0.167,0.874,0.502,0.79,0.589129,0.853403,0,0.518248,0.827225,0,0.167268,0.581152,0,0.874325,0.63089,1,0.501867,0.651832,0,0.790221,0.772251,1,0,0,0,1,0,0
present,True,3,111000,Kn,"Cm, Ap",True,3,111000,Kn,"Cm, Ap",0.896,0.868,0.784,0.492,0.347,0.008,0.896082,0.853403,1,0.868288,0.827225,1,0.783666,0.581152,1,0.491518,0.63089,0,0.346892,0.651832,0,0.007853,0.772251,0,1,1,1,0,0,0
pressure,True,1,001000,Ap,,True,1,001000,Ap,,0.408,0.215,0.697,0.348,0.39,0.512,0.408234,0.853403,0,0.215092,0.827225,0,0.697147,0.581152,1,0.347688,0.63089,0,0.390321,0.651832,0,0.512324,0.772251,0,0,0,1,0,0,0
pressurize,True,1,001000,Ap,,True,3,001101,Ap,"An, Ev",0.149,0.181,0.702,0.622,0.441,0.657,0.149215,0.853403,0,0.181093,0.827225,0,0.701655,0.581152,1,0.622148,0.63089,0,0.44071,0.651832,0,0.657316,0.772251,0,0,0,1,0,0,0
presume,True,2,000101,Ev,An,True,3,010101,Ev,"Cm, An",0.149,0.812,0.337,0.851,0.46,0.853,0.149215,0.853403,0,0.812199,0.827225,0,0.337367,0.581152,0,0.85096,0.63089,1,0.459952,0.651832,0,0.852721,0.772251,1,0,0,0,1,0,1
presuppose,True,2,000011,Ev,Sn,True,2,000011,Ev,Sn,0.233,0.463,0.076,0.418,0.888,0.931,0.23263,0.853403,0,0.462695,0.827225,0,0.075677,0.581152,0,0.418293,0.63089,0,0.888099,0.651832,1,0.931305,0.772251,1,0,0,0,0,1,1
prevail,True,1,000001,Ev,,True,2,000011,Ev,Sn,0.246,0.274,0.1,0.038,0.658,0.941,0.246418,0.853403,0,0.273749,0.827225,0,0.100226,0.581152,0,0.037743,0.63089,0,0.657734,0.651832,1,0.941123,0.772251,1,0,0,0,0,0,1
prevent,True,1,000001,Ev,,True,1,000001,Ev,,0.149,0.083,0.254,0.033,0.326,0.931,0.149215,0.853403,0,0.083049,0.827225,0,0.253606,0.581152,0,0.03269,0.63089,0,0.325642,0.651832,0,0.930589,0.772251,1,0,0,0,0,0,1
print,True,3,100110,An,"Kn, Sn",True,4,101110,An,"Kn, Ap, Sn",0.871,0.524,0.562,0.872,0.721,0.192,0.871327,0.853403,1,0.523613,0.827225,0,0.56203,0.581152,0,0.871996,0.63089,1,0.721046,0.651832,1,0.192057,0.772251,0,1,0,0,1,1,0
prise,True,1,000100,An,,True,3,010101,An,"Cm, Ev",0.411,0.775,0.093,0.884,0.119,0.751,0.41075,0.853403,0,0.775064,0.827225,0,0.092561,0.581152,0,0.883845,0.63089,1,0.119362,0.651832,0,0.751139,0.772251,0,0,0,0,1,0,0
proceed,True,2,001010,Sn,Ap,True,2,001010,Sn,Ap,0.252,0.407,0.855,0.526,0.864,0.227,0.251727,0.853403,0,0.407081,0.827225,0,0.854939,0.581152,1,0.526436,0.63089,0,0.863508,0.651832,1,0.226601,0.772251,0,0,0,1,0,1,0
prod,True,1,001000,Ap,,True,4,001111,Ap,"An, Sn, Ev",0.269,0.24,0.938,0.634,0.561,0.669,0.268849,0.853403,0,0.239977,0.827225,0,0.938388,0.581152,1,0.634231,0.63089,1,0.561095,0.651832,0,0.668958,0.772251,0,0,0,1,0,0,0
profess,True,1,000010,Sn,,True,2,001010,Sn,Ap,0.393,0.026,0.533,0.038,0.866,0.053,0.392601,0.853403,0,0.026178,0.827225,0,0.533008,0.581152,0,0.037886,0.63089,0,0.865825,0.651832,1,0.053376,0.772251,0,0,0,0,0,1,0
prohibit,True,1,000001,Ev,,True,1,000001,Ev,,0.149,0.026,0.34,0.395,0.469,0.863,0.149215,0.853403,0,0.026178,0.827225,0,0.339543,0.581152,0,0.395481,0.63089,0,0.469158,0.651832,0,0.862885,0.772251,1,0,0,0,0,0,1
proliferate,True,1,000010,Sn,,True,3,001011,Sn,"Ap, Ev",0.486,0.44,0.759,0.081,0.951,0.728,0.48571,0.853403,0,0.440244,0.827225,0,0.758742,0.581152,1,0.08061,0.63089,0,0.951294,0.651832,1,0.727615,0.772251,0,0,0,0,0,1,0
prolong,True,1,001000,Ap,,True,1,001000,Ap,,0.31,0.429,0.695,0.293,0.3,0.324,0.310041,0.853403,0,0.428712,0.827225,0,0.695039,0.581152,1,0.292964,0.63089,0,0.300464,0.651832,0,0.324471,0.772251,0,0,0,1,0,0,0
promise,False,0,000000,,,True,2,100001,Ev,Kn,0.749,0.497,0.059,0.199,0.077,0.753,0.74867,0.853403,0,0.497295,0.827225,0,0.058807,0.581152,0,0.198904,0.63089,0,0.076854,0.651832,0,0.75281,0.772251,0,0,0,0,0,0,0
promote,True,1,000010,Sn,,True,3,001011,Sn,"Ap, Ev",0.149,0.084,0.656,0.037,0.932,0.752,0.149215,0.853403,0,0.08373,0.827225,0,0.656424,0.581152,1,0.037062,0.63089,0,0.931606,0.651832,1,0.751995,0.772251,0,0,0,0,0,1,0
prompt,True,2,000011,Sn,Ev,True,2,000011,Sn,Ev,0.401,0.379,0.21,0.038,0.785,0.78,0.401396,0.853403,0,0.378982,0.827225,0,0.209844,0.581152,0,0.03802,0.63089,0,0.785193,0.651832,1,0.779784,0.772251,1,0,0,0,0,1,1
pronounce,True,1,100000,Kn,,True,2,100001,Kn,Ev,0.874,0.506,0.303,0.185,0.24,0.742,0.873852,0.853403,1,0.506138,0.827225,0,0.302573,0.581152,0,0.184655,0.63089,0,0.24045,0.651832,0,0.741687,0.772251,0,1,0,0,0,0,0
propagate,True,1,001000,Ap,,True,2,001010,Ap,Sn,0.311,0.559,0.918,0.315,0.784,0.067,0.311321,0.853403,0,0.558637,0.827225,0,0.918269,0.581152,1,0.315199,0.63089,0,0.783728,0.651832,1,0.066669,0.772251,0,0,0,1,0,0,0
propel,True,1,001000,Ap,,True,1,001000,Ap,,0.149,0.091,0.694,0.352,0.511,0.336,0.149215,0.853403,0,0.090857,0.827225,0,0.694091,0.581152,1,0.351558,0.63089,0,0.511163,0.651832,0,0.335915,0.772251,0,0,0,1,0,0,0
prosper,True,1,001000,Ap,,True,2,001010,Ap,Sn,0.615,0.409,0.863,0.039,0.785,0.514,0.614789,0.853403,0,0.409207,0.827225,0,0.863165,0.581152,1,0.038672,0.63089,0,0.784725,0.651832,1,0.513944,0.772251,0,0,0,1,0,0,0
protest,True,1,000001,Ev,,True,3,011001,Ev,"Cm, Ap",0.395,0.709,0.682,0.341,0.315,0.846,0.394507,0.853403,0,0.708663,0.827225,0,0.682499,0.581152,1,0.340708,0.63089,0,0.315408,0.651832,0,0.845979,0.772251,1,0,0,0,0,0,1
protrude,True,4,111100,Kn,"Cm, Ap, An",True,4,111100,Kn,"Cm, Ap, An",0.918,0.891,0.665,0.752,0.166,0.162,0.917956,0.853403,1,0.890537,0.827225,1,0.665291,0.581152,1,0.752432,0.63089,1,0.166162,0.651832,0,0.161607,0.772251,0,1,1,1,1,0,0
provoke,True,1,000001,Ev,,True,3,001011,Ev,"Ap, Sn",0.149,0.11,0.5,0.05,0.557,0.919,0.149215,0.853403,0,0.109671,0.827225,0,0.499518,0.581152,0,0.050081,0.63089,0,0.557418,0.651832,0,0.918662,0.772251,1,0,0,0,0,0,1
prune,True,1,001000,Ap,,True,1,001000,Ap,,0.149,0.152,0.846,0.49,0.235,0.647,0.149215,0.853403,0,0.152026,0.827225,0,0.846074,0.581152,1,0.490105,0.63089,0,0.235096,0.651832,0,0.646796,0.772251,0,0,0,1,0,0,0
pry,False,0,000000,,,True,1,000100,An,,0.425,0.529,0.407,0.543,0.502,0.324,0.424969,0.853403,0,0.528665,0.827225,0,0.407137,0.581152,0,0.543279,0.63089,0,0.502371,0.651832,0,0.323505,0.772251,0,0,0,0,0,0,0
publicize,True,1,001000,Ap,,True,2,001010,Ap,Sn,0.209,0.24,0.983,0.194,0.736,0.106,0.208506,0.853403,0,0.240402,0.827225,0,0.982817,0.581152,1,0.194457,0.63089,0,0.73625,0.651832,1,0.105614,0.772251,0,0,0,1,0,0,0
publish,True,1,001000,Ap,,True,2,001010,Ap,Sn,0.429,0.361,0.92,0.422,0.773,0.226,0.428581,0.853403,0,0.360959,0.827225,0,0.920063,0.581152,1,0.422233,0.63089,0,0.773382,0.651832,1,0.225715,0.772251,0,0,0,1,0,0,0
pull,True,1,001000,Ap,,True,2,101000,Ap,Kn,0.922,0.555,0.994,0.216,0.105,0.153,0.921628,0.853403,1,0.554704,0.827225,0,0.994404,0.581152,1,0.216407,0.63089,0,0.105043,0.651832,0,0.152851,0.772251,0,0,0,1,0,0,0
pulsate,True,1,001000,Ap,,True,2,101000,Kn,Ap,0.768,0.553,0.671,0.115,0.554,0.176,0.767825,0.853403,0,0.553181,0.827225,0,0.67137,0.581152,1,0.115093,0.63089,0,0.554011,0.651832,0,0.175733,0.772251,0,0,0,1,0,0,0
pulverize,True,2,001010,Ap,Sn,True,2,001010,Ap,Sn,0.213,0.026,0.691,0.492,0.657,0.231,0.212875,0.853403,0,0.026178,0.827225,0,0.691467,0.581152,1,0.492096,0.63089,0,0.656863,0.651832,1,0.230819,0.772251,0,0,0,1,0,1,0
pump,True,1,001000,Ap,,True,2,001100,Ap,An,0.42,0.375,0.967,0.644,0.187,0.485,0.419712,0.853403,0,0.374646,0.827225,0,0.967104,0.581152,1,0.643651,0.63089,1,0.18694,0.651832,0,0.48509,0.772251,0,0,0,1,0,0,0
punch,False,0,000000,,,True,1,000001,Ev,,0.478,0.577,0.402,0.45,0.282,0.772,0.478205,0.853403,0,0.577167,0.827225,0,0.402304,0.581152,0,0.449529,0.63089,0,0.281871,0.651832,0,0.771997,0.772251,0,0,0,0,0,0,0
purchase,False,0,000000,,,False,0,000000,,,0.685,0.569,0.492,0.358,0.158,0.416,0.684632,0.853403,0,0.568673,0.827225,0,0.491532,0.581152,0,0.357874,0.63089,0,0.158376,0.651832,0,0.416167,0.772251,0,0,0,0,0,0,0
purge,True,1,001000,Ap,,True,1,001000,Ap,,0.149,0.214,0.675,0.311,0.293,0.653,0.149215,0.853403,0,0.213857,0.827225,0,0.675343,0.581152,1,0.31072,0.63089,0,0.293279,0.651832,0,0.653288,0.772251,0,0,0,1,0,0,0
purify,True,1,000100,An,,True,2,000101,An,Ev,0.247,0.065,0.382,0.806,0.418,0.691,0.247448,0.853403,0,0.065431,0.827225,0,0.381512,0.581152,0,0.805626,0.63089,1,0.418032,0.651832,0,0.690527,0.772251,0,0,0,0,1,0,0
pursue,True,1,001000,Ap,,True,2,001010,Ap,Sn,0.149,0.246,0.86,0.038,0.665,0.357,0.149215,0.853403,0,0.246165,0.827225,0,0.859859,0.581152,1,0.037974,0.63089,0,0.665027,0.651832,1,0.356691,0.772251,0,0,0,1,0,0,0
push,True,1,001000,Ap,,True,1,001000,Ap,,0.387,0.258,0.861,0.117,0.404,0.323,0.386632,0.853403,0,0.258479,0.827225,0,0.86104,0.581152,1,0.117099,0.63089,0,0.403813,0.651832,0,0.32269,0.772251,0,0,0,1,0,0,0
put,True,1,001000,Ap,,True,2,011000,Cm,Ap,0.466,0.724,0.664,0.528,0.516,0.36,0.46598,0.853403,0,0.723607,0.827225,0,0.663841,0.581152,1,0.528354,0.63089,0,0.516429,0.651832,0,0.360335,0.772251,0,0,0,1,0,0,0
quadruple,True,1,001000,Ap,,True,2,101000,Kn,Ap,0.847,0.618,0.72,0.177,0.005,0.263,0.846855,0.853403,0,0.6178,0.827225,0,0.719983,0.581152,1,0.177266,0.63089,0,0.005081,0.651832,0,0.262629,0.772251,0,0,0,1,0,0,0
qualify,True,1,000001,Ev,,True,3,001101,Ev,"Ap, An",0.207,0.316,0.772,0.667,0.502,0.965,0.207479,0.853403,0,0.316211,0.827225,0,0.77243,0.581152,1,0.667377,0.63089,1,0.502335,0.651832,0,0.96537,0.772251,1,0,0,0,0,0,1
quantify,True,3,010101,Ev,"Cm, An",True,5,111101,Ev,"Kn, Cm, Ap, An",0.772,0.852,0.502,0.848,0.46,0.891,0.772291,0.853403,0,0.852324,0.827225,1,0.50229,0.581152,0,0.847981,0.63089,1,0.459953,0.651832,0,0.891292,0.772251,1,0,1,0,1,0,1
quantize,True,1,000100,An,,True,3,010101,An,"Cm, Ev",0.149,0.713,0.38,0.986,0.459,0.773,0.149215,0.853403,0,0.71302,0.827225,0,0.379917,0.581152,0,0.986043,0.63089,1,0.459343,0.651832,0,0.772663,0.772251,1,0,0,0,1,0,0
quarantine,True,1,000001,Ev,,True,1,000001,Ev,,0.149,0.026,0.275,0.513,0.499,0.904,0.149215,0.853403,0,0.026178,0.827225,0,0.275308,0.581152,0,0.512904,0.63089,0,0.498836,0.651832,0,0.904263,0.772251,1,0,0,0,0,0,1
quench,True,1,000100,An,,True,1,000100,An,,0.408,0.084,0.094,0.832,0.397,0.495,0.407818,0.853403,0,0.083561,0.827225,0,0.093595,0.581152,0,0.83196,0.63089,1,0.397021,0.651832,0,0.495315,0.772251,0,0,0,0,1,0,0
quit,True,1,000001,Ev,,True,2,000011,Ev,Sn,0.299,0.233,0.419,0.219,0.702,0.935,0.298571,0.853403,0,0.232959,0.827225,0,0.418981,0.581152,0,0.219351,0.63089,0,0.702105,0.651832,1,0.935232,0.772251,1,0,0,0,0,0,1
radiate,True,1,001000,Ap,,True,1,001000,Ap,,0.599,0.497,0.944,0.115,0.097,0.196,0.598571,0.853403,0,0.497336,0.827225,0,0.94364,0.581152,1,0.114623,0.63089,0,0.096857,0.651832,0,0.19559,0.772251,0,0,0,1,0,0,0
raise,True,1,000010,Sn,,True,2,001010,Sn,Ap,0.355,0.108,0.666,0.049,0.868,0.615,0.354608,0.853403,0,0.108145,0.827225,0,0.665523,0.581152,1,0.049464,0.63089,0,0.868077,0.651832,1,0.61541,0.772251,0,0,0,0,0,1,0
ramp,True,1,001000,Ap,,True,2,001010,Ap,Sn,0.249,0.504,0.757,0.365,0.683,0.148,0.248747,0.853403,0,0.503872,0.827225,0,0.756823,0.581152,1,0.36457,0.63089,0,0.682539,0.651832,1,0.148492,0.772251,0,0,0,1,0,0,0
randomize,True,1,000010,Sn,,True,2,001010,Sn,Ap,0.427,0.353,0.681,0.194,0.924,0.472,0.427462,0.853403,0,0.353365,0.827225,0,0.680889,0.581152,1,0.194254,0.63089,0,0.923666,0.651832,1,0.471677,0.772251,0,0,0,0,0,1,0
rasterize,True,1,010000,Cm,,True,2,011000,Cm,Ap,0.398,0.843,0.663,0.223,0.303,0.147,0.398453,0.853403,0,0.843111,0.827225,1,0.663214,0.581152,1,0.22325,0.63089,0,0.302762,0.651832,0,0.147034,0.772251,0,0,1,0,0,0,0
rationalize,True,3,011100,Cm,"Ap, An",True,3,011100,Cm,"Ap, An",0.245,0.845,0.721,0.795,0.159,0.491,0.244541,0.853403,0,0.844505,0.827225,1,0.720979,0.581152,1,0.795326,0.63089,1,0.159164,0.651832,0,0.49122,0.772251,0,0,1,1,1,0,0
ravel,True,1,100000,Kn,,True,2,110000,Kn,Cm,0.919,0.854,0.413,0.356,0.174,0.648,0.919185,0.853403,1,0.854111,0.827225,1,0.412638,0.581152,0,0.355814,0.63089,0,0.174357,0.651832,0,0.648036,0.772251,0,1,0,0,0,0,0
re-create,True,1,000010,Sn,,True,2,000011,Sn,Ev,0.335,0.257,0.158,0.115,0.943,0.85,0.334925,0.853403,0,0.257427,0.827225,0,0.15818,0.581152,0,0.115085,0.63089,0,0.942773,0.651832,1,0.849552,0.772251,1,0,0,0,0,1,0
re-examine,True,1,000001,Ev,,True,3,100101,Ev,"Kn, An",0.765,0.507,0.137,0.679,0.496,0.932,0.765222,0.853403,0,0.507302,0.827225,0,0.13746,0.581152,0,0.678793,0.63089,1,0.495789,0.651832,0,0.93165,0.772251,1,0,0,0,0,0,1
re-introduce,True,1,000010,Sn,,True,2,000011,Sn,Ev,0.411,0.427,0.111,0.015,0.922,0.675,0.410532,0.853403,0,0.426846,0.827225,0,0.111067,0.581152,0,0.01525,0.63089,0,0.921708,0.651832,1,0.675101,0.772251,0,0,0,0,0,1,0
reach,False,0,000000,,,False,0,000000,,,0.614,0.096,0.451,0.436,0.2,0.651,0.613609,0.853403,0,0.095586,0.827225,0,0.451147,0.581152,0,0.436257,0.63089,0,0.200322,0.651832,0,0.651306,0.772251,0,0,0,0,0,0,0
react,True,2,001010,Sn,Ap,True,3,001011,Ev,"Ap, Sn",0.598,0.572,0.67,0.114,0.671,0.753,0.59769,0.853403,0,0.572268,0.827225,0,0.669958,0.581152,1,0.114451,0.63089,0,0.67116,0.651832,1,0.752747,0.772251,0,0,0,1,0,1,0
reactivate,True,2,000011,Ev,Sn,True,2,000011,Ev,Sn,0.398,0.24,0.211,0.017,0.783,0.837,0.397977,0.853403,0,0.239501,0.827225,0,0.211486,0.581152,0,0.017239,0.63089,0,0.783055,0.651832,1,0.837157,0.772251,1,0,0,0,0,1,1
readjust,True,1,000010,Sn,,True,2,000011,Sn,Ev,0.332,0.375,0.225,0.3,0.93,0.81,0.332177,0.853403,0,0.374744,0.827225,0,0.22484,0.581152,0,0.299971,0.63089,0,0.929786,0.651832,1,0.809714,0.772251,1,0,0,0,0,1,0
realign,True,2,000011,Sn,Ev,True,2,000011,Sn,Ev,0.33,0.5,0.252,0.429,0.961,0.918,0.329845,0.853403,0,0.499752,0.827225,0,0.251899,0.581152,0,0.428579,0.63089,0,0.961005,0.651832,1,0.917712,0.772251,1,0,0,0,0,1,1
realize,True,1,100000,Kn,,True,3,110001,Kn,"Cm, Ev",0.864,0.813,0.108,0.225,0.378,0.657,0.864225,0.853403,1,0.8134,0.827225,0,0.108076,0.581152,0,0.224758,0.63089,0,0.378403,0.651832,0,0.657392,0.772251,0,1,0,0,0,0,0
reallocate,True,1,001000,Ap,,True,1,001000,Ap,,0.23,0.152,0.971,0.258,0.5,0.496,0.230377,0.853403,0,0.151919,0.827225,0,0.97091,0.581152,1,0.258245,0.63089,0,0.499591,0.651832,0,0.496058,0.772251,0,0,0,1,0,0,0
ream,True,1,000001,Ev,,True,3,100011,Ev,"Kn, Sn",0.776,0.428,0.069,0.175,0.573,0.811,0.775652,0.853403,0,0.428007,0.827225,0,0.068613,0.581152,0,0.175027,0.63089,0,0.572949,0.651832,0,0.810666,0.772251,1,0,0,0,0,0,1
reap,True,1,100000,Kn,,True,1,100000,Kn,,0.863,0.213,0.308,0.148,0.431,0.259,0.863265,0.853403,1,0.212863,0.827225,0,0.30777,0.581152,0,0.147894,0.63089,0,0.431328,0.651832,0,0.258696,0.772251,0,1,0,0,0,0,0
reappear,True,1,100000,Kn,,True,2,101000,Kn,Ap,0.92,0.423,0.495,0.013,0.287,0.616,0.919558,0.853403,1,0.423384,0.827225,0,0.494764,0.581152,0,0.013119,0.63089,0,0.286754,0.651832,0,0.615649,0.772251,0,1,0,0,0,0,0
rear,False,0,000000,,,False,0,000000,,,0.402,0.377,0.135,0.317,0.511,0.492,0.402074,0.853403,0,0.376544,0.827225,0,0.13523,0.581152,0,0.317322,0.63089,0,0.511223,0.651832,0,0.491806,0.772251,0,0,0,0,0,0,0
reassemble,True,1,000010,Sn,,True,1,000010,Sn,,0.173,0.295,0.115,0.169,0.986,0.566,0.173071,0.853403,0,0.294721,0.827225,0,0.114929,0.581152,0,0.168546,0.63089,0,0.986464,0.651832,1,0.566162,0.772251,0,0,0,0,0,1,0
reassert,True,1,000010,Sn,,True,1,000010,Sn,,0.367,0.273,0.17,0.065,0.871,0.592,0.366759,0.853403,0,0.272791,0.827225,0,0.169542,0.581152,0,0.065128,0.63089,0,0.871091,0.651832,1,0.592003,0.772251,0,0,0,0,0,1,0
reassure,True,2,000011,Ev,Sn,True,2,000011,Ev,Sn,0.238,0.098,0.201,0.032,0.786,0.837,0.238405,0.853403,0,0.09766,0.827225,0,0.200958,0.581152,0,0.031505,0.63089,0,0.785714,0.651832,1,0.836794,0.772251,1,0,0,0,0,1,1
rebound,True,1,001000,Ap,,True,1,001000,Ap,,0.65,0.407,0.668,0.016,0.369,0.357,0.650297,0.853403,0,0.40735,0.827225,0,0.667639,0.581152,1,0.015992,0.63089,0,0.369282,0.651832,0,0.357372,0.772251,0,0,0,1,0,0,0
rebuild,True,1,000010,Sn,,True,2,001010,Sn,Ap,0.149,0.301,0.662,0.003,0.958,0.237,0.149215,0.853403,0,0.30142,0.827225,0,0.661586,0.581152,1,0.002618,0.63089,0,0.958085,0.651832,1,0.237114,0.772251,0,0,0,0,0,1,0
recalculate,True,1,001000,Ap,,True,2,001001,Ev,Ap,0.205,0.584,0.67,0.341,0.266,0.67,0.204671,0.853403,0,0.58384,0.827225,0,0.669598,0.581152,1,0.341319,0.63089,0,0.266463,0.651832,0,0.669962,0.772251,0,0,0,1,0,0,0
recapitulate,False,0,000000,,,True,2,100001,Kn,Ev,0.803,0.677,0.146,0.064,0.528,0.733,0.803093,0.853403,0,0.677176,0.827225,0,0.146343,0.581152,0,0.063521,0.63089,0,0.527941,0.651832,0,0.733038,0.772251,0,0,0,0,0,0,0
recapture,True,1,001000,Ap,,True,2,101000,Kn,Ap,0.82,0.154,0.735,0.008,0.057,0.296,0.820264,0.853403,0,0.153909,0.827225,0,0.73511,0.581152,1,0.007686,0.63089,0,0.05732,0.651832,0,0.296279,0.772251,0,0,0,1,0,0,0
recast,True,1,000010,Sn,,True,2,000011,Sn,Ev,0.617,0.29,0.245,0.183,0.719,0.694,0.616672,0.853403,0,0.28973,0.827225,0,0.244893,0.581152,0,0.183446,0.63089,0,0.718803,0.651832,1,0.694137,0.772251,0,0,0,0,0,1,0
recede,False,0,000000,,,True,1,000001,Ev,,0.63,0.4,0.46,0.07,0.371,0.751,0.630474,0.853403,0,0.399638,0.827225,0,0.460074,0.581152,0,0.070413,0.63089,0,0.371216,0.651832,0,0.75136,0.772251,0,0,0,0,0,0,0
receive,True,1,001000,Ap,,True,1,001000,Ap,,0.615,0.277,0.926,0.084,0.106,0.008,0.615424,0.853403,0,0.276807,0.827225,0,0.926092,0.581152,1,0.083589,0.63089,0,0.10575,0.651832,0,0.007853,0.772251,0,0,0,1,0,0,0
recharge,False,0,000000,,,True,2,100001,Kn,Ev,0.732,0.266,0.361,0.005,0.435,0.662,0.732004,0.853403,0,0.265712,0.827225,0,0.360509,0.581152,0,0.005303,0.63089,0,0.435203,0.651832,0,0.66182,0.772251,0,0,0,0,0,0,0
reciprocate,False,0,000000,,,False,0,000000,,,0.687,0.119,0.288,0.018,0.518,0.178,0.68742,0.853403,0,0.11886,0.827225,0,0.287552,0.581152,0,0.018379,0.63089,0,0.518202,0.651832,0,0.177915,0.772251,0,0,0,0,0,0,0
reckon,True,1,000001,Ev,,True,3,100101,Ev,"Kn, An",0.846,0.679,0.05,0.805,0.105,0.91,0.846091,0.853403,0,0.679006,0.827225,0,0.049645,0.581152,0,0.805188,0.63089,1,0.105197,0.651832,0,0.910485,0.772251,1,0,0,0,0,0,1
reclaim,False,0,000000,,,True,2,100001,Kn,Ev,0.816,0.109,0.325,0.016,0.257,0.733,0.816399,0.853403,0,0.109041,0.827225,0,0.324838,0.581152,0,0.015942,0.63089,0,0.256776,0.651832,0,0.73266,0.772251,0,0,0,0,0,0,0
reclassify,True,1,000001,Ev,,True,3,000111,Ev,"An, Sn",0.149,0.427,0.287,0.661,0.571,0.932,0.149215,0.853403,0,0.426561,0.827225,0,0.286646,0.581152,0,0.661176,0.63089,1,0.571262,0.651832,0,0.93192,0.772251,1,0,0,0,0,0,1
recode,True,1,000010,Sn,,True,1,000010,Sn,,0.564,0.284,0.273,0.038,0.711,0.538,0.563657,0.853403,0,0.28392,0.827225,0,0.273333,0.581152,0,0.037627,0.63089,0,0.711338,0.651832,1,0.537707,0.772251,0,0,0,0,0,1,0
recollect,True,1,100000,Kn,,True,3,110010,Kn,"Cm, Sn",0.991,0.88,0.015,0.403,0.734,0.42,0.991112,0.853403,1,0.880241,0.827225,1,0.014774,0.581152,0,0.403071,0.63089,0,0.734418,0.651832,1,0.419708,0.772251,0,1,0,0,0,0,0
recombine,True,1,000010,Sn,,True,1,000010,Sn,,0.149,0.177,0.405,0.134,0.947,0.616,0.149215,0.853403,0,0.17744,0.827225,0,0.40471,0.581152,0,0.134033,0.63089,0,0.947481,0.651832,1,0.616122,0.772251,0,0,0,0,0,1,0
recondition,False,0,000000,,,True,1,000010,Sn,,0.667,0.241,0.366,0.021,0.598,0.595,0.666914,0.853403,0,0.240553,0.827225,0,0.36627,0.581152,0,0.020606,0.63089,0,0.597829,0.651832,0,0.595241,0.772251,0,0,0,0,0,0,0
reconsider,True,1,000001,Ev,,True,2,100001,Ev,Kn,0.821,0.495,0.339,0.3,0.37,0.93,0.821044,0.853403,0,0.495345,0.827225,0,0.339331,0.581152,0,0.299577,0.63089,0,0.370496,0.651832,0,0.929879,0.772251,1,0,0,0,0,0,1
reconstitute,True,1,000001,Ev,,True,2,000011,Ev,Sn,0.681,0.271,0.062,0.064,0.57,0.882,0.681043,0.853403,0,0.271464,0.827225,0,0.062362,0.581152,0,0.063973,0.63089,0,0.570078,0.651832,0,0.882443,0.772251,1,0,0,0,0,0,1
recopy,True,1,000010,Sn,,True,2,001010,Sn,Ap,0.207,0.279,0.76,0.038,0.828,0.478,0.206764,0.853403,0,0.279368,0.827225,0,0.7603,0.581152,1,0.037671,0.63089,0,0.82786,0.651832,1,0.477858,0.772251,0,0,0,0,0,1,0
recount,True,1,100000,Kn,,True,1,100000,Kn,,0.922,0.107,0.111,0.375,0.122,0.449,0.922053,0.853403,1,0.106942,0.827225,0,0.11056,0.581152,0,0.375303,0.63089,0,0.121946,0.651832,0,0.448558,0.772251,0,1,0,0,0,0,0
recover,True,1,000010,Sn,,True,2,000011,Sn,Ev,0.721,0.342,0.134,0.073,0.778,0.749,0.720589,0.853403,0,0.342468,0.827225,0,0.134385,0.581152,0,0.073152,0.63089,0,0.777662,0.651832,1,0.748603,0.772251,0,0,0,0,0,1,0
recreate,True,1,000010,Sn,,True,2,000011,Sn,Ev,0.337,0.229,0.245,0.037,0.98,0.832,0.336963,0.853403,0,0.228914,0.827225,0,0.244588,0.581152,0,0.037126,0.63089,0,0.980099,0.651832,1,0.832299,0.772251,1,0,0,0,0,1,0
recruit,True,1,001000,Ap,,True,2,001001,Ev,Ap,0.149,0.148,0.739,0.253,0.512,0.769,0.149215,0.853403,0,0.147707,0.827225,0,0.738588,0.581152,1,0.25299,0.63089,0,0.511631,0.651832,0,0.769439,0.772251,0,0,0,1,0,0,0
rectify,True,1,000001,Ev,,True,2,100001,Ev,Kn,0.752,0.424,0.148,0.119,0.374,0.91,0.752486,0.853403,0,0.424144,0.827225,0,0.147976,0.581152,0,0.119107,0.63089,0,0.373551,0.651832,0,0.910238,0.772251,1,0,0,0,0,0,1
recur,True,1,100000,Kn,,True,1,100000,Kn,,0.905,0.519,0.142,0.02,0.403,0.585,0.905373,0.853403,1,0.519283,0.827225,0,0.141885,0.581152,0,0.020482,0.63089,0,0.402967,0.651832,0,0.5855,0.772251,0,1,0,0,0,0,0
recycle,True,1,001000,Ap,,True,3,001011,Ap,"Sn, Ev",0.322,0.31,0.874,0.113,0.747,0.757,0.322059,0.853403,0,0.30979,0.827225,0,0.873984,0.581152,1,0.112684,0.63089,0,0.746733,0.651832,1,0.757444,0.772251,0,0,0,1,0,0,0
redefine,False,0,000000,,,True,4,011011,Cm,"Ap, Sn, Ev",0.174,0.744,0.523,0.054,0.618,0.711,0.173571,0.853403,0,0.743614,0.827225,0,0.523331,0.581152,0,0.054336,0.63089,0,0.617699,0.651832,0,0.711373,0.772251,0,0,0,0,0,0,0
redeposit,False,0,000000,,,True,1,010000,Cm,,0.581,0.776,0.216,0.136,0.359,0.474,0.58052,0.853403,0,0.775713,0.827225,0,0.21565,0.581152,0,0.135728,0.63089,0,0.359015,0.651832,0,0.473573,0.772251,0,0,0,0,0,0,0
redesign,True,1,000010,Sn,,True,2,000011,Sn,Ev,0.149,0.08,0.411,0.398,0.962,0.688,0.149215,0.853403,0,0.080061,0.827225,0,0.410508,0.581152,0,0.397975,0.63089,0,0.961667,0.651832,1,0.688357,0.772251,0,0,0,0,0,1,0
redevelop,True,1,000010,Sn,,True,1,000010,Sn,,0.205,0.355,0.413,0.021,0.923,0.598,0.205302,0.853403,0,0.355188,0.827225,0,0.413431,0.581152,0,0.020909,0.63089,0,0.923154,0.651832,1,0.59814,0.772251,0,0,0,0,0,1,0
redirect,True,1,000001,Ev,,True,1,000001,Ev,,0.416,0.56,0.176,0.359,0.303,0.809,0.415732,0.853403,0,0.559695,0.827225,0,0.175813,0.581152,0,0.358555,0.63089,0,0.3026,0.651832,0,0.809111,0.772251,1,0,0,0,0,0,1
rediscover,True,1,100000,Kn,,True,1,100000,Kn,,0.944,0.489,0.131,0.312,0.106,0.444,0.944092,0.853403,1,0.488523,0.827225,0,0.131344,0.581152,0,0.311633,0.63089,0,0.10567,0.651832,0,0.444409,0.772251,0,1,0,0,0,0,0
redistribute,True,1,001000,Ap,,True,1,001000,Ap,,0.149,0.394,0.948,0.031,0.239,0.121,0.149215,0.853403,0,0.393863,0.827225,0,0.948306,0.581152,1,0.030573,0.63089,0,0.239063,0.651832,0,0.12052,0.772251,0,0,0,1,0,0,0
redo,True,1,000010,Sn,,True,1,000010,Sn,,0.643,0.428,0.149,0.015,0.702,0.56,0.643457,0.853403,0,0.428368,0.827225,0,0.148657,0.581152,0,0.015307,0.63089,0,0.701692,0.651832,1,0.560465,0.772251,0,0,0,0,0,1,0
reduce,False,0,000000,,,True,2,001100,Ap,An,0.149,0.145,0.565,0.558,0.472,0.581,0.149215,0.853403,0,0.144592,0.827225,0,0.564829,0.581152,0,0.557568,0.63089,0,0.471793,0.651832,0,0.580636,0.772251,0,0,0,0,0,0,0
reestablish,True,1,000010,Sn,,True,1,000010,Sn,,0.669,0.275,0.262,0.003,0.784,0.485,0.669269,0.853403,0,0.275173,0.827225,0,0.262436,0.581152,0,0.002618,0.63089,0,0.78439,0.651832,1,0.485284,0.772251,0,0,0,0,0,1,0
reevaluate,True,1,000001,Ev,,True,3,001101,Ev,"Ap, An",0.614,0.419,0.641,0.656,0.264,0.849,0.613741,0.853403,0,0.418687,0.827225,0,0.641483,0.581152,1,0.655531,0.63089,1,0.264135,0.651832,0,0.848945,0.772251,1,0,0,0,0,0,1
reexamine,False,0,000000,,,False,0,000000,,,0.645,0.428,0.335,0.197,0.55,0.555,0.645492,0.853403,0,0.427653,0.827225,0,0.335481,0.581152,0,0.196631,0.63089,0,0.549947,0.651832,0,0.554623,0.772251,0,0,0,0,0,0,0
refine,True,2,000011,Ev,Sn,True,2,000011,Ev,Sn,0.149,0.289,0.365,0.075,0.864,0.872,0.149215,0.853403,0,0.288561,0.827225,0,0.364512,0.581152,0,0.074734,0.63089,0,0.863577,0.651832,1,0.87162,0.772251,1,0,0,0,0,1,1
reflect,True,1,000010,Sn,,True,1,000010,Sn,,0.31,0.083,0.43,0.018,0.784,0.325,0.310021,0.853403,0,0.083117,0.827225,0,0.430092,0.581152,0,0.017654,0.63089,0,0.783685,0.651832,1,0.324589,0.772251,0,0,0,0,0,1,0
refocus,False,0,000000,,,True,2,000011,Ev,Sn,0.336,0.217,0.143,0.327,0.626,0.663,0.336488,0.853403,0,0.217374,0.827225,0,0.143472,0.581152,0,0.327395,0.63089,0,0.625892,0.651832,0,0.662576,0.772251,0,0,0,0,0,0,0
reformulate,True,1,000010,Sn,,True,1,000010,Sn,,0.149,0.442,0.448,0.071,0.985,0.589,0.149215,0.853403,0,0.44228,0.827225,0,0.44839,0.581152,0,0.071308,0.63089,0,0.984954,0.651832,1,0.589267,0.772251,0,0,0,0,0,1,0
refract,False,0,000000,,,True,1,000010,Sn,,0.149,0.515,0.493,0.505,0.576,0.549,0.149215,0.853403,0,0.514507,0.827225,0,0.492864,0.581152,0,0.504996,0.63089,0,0.575921,0.651832,0,0.549389,0.772251,0,0,0,0,0,0,0
refrain,True,1,100000,Kn,,True,2,100001,Kn,Ev,0.871,0.375,0.262,0.017,0.098,0.779,0.871455,0.853403,1,0.375023,0.827225,0,0.262431,0.581152,0,0.016618,0.63089,0,0.097846,0.651832,0,0.77894,0.772251,1,1,0,0,0,0,0
refresh,True,1,000001,Ev,,True,2,000011,Ev,Sn,0.693,0.278,0.02,0.3,0.604,0.811,0.6931,0.853403,0,0.278313,0.827225,0,0.020169,0.581152,0,0.29979,0.63089,0,0.604036,0.651832,0,0.810912,0.772251,1,0,0,0,0,0,1
refrigerate,True,1,001000,Ap,,True,2,001010,Ap,Sn,0.413,0.108,0.839,0.316,0.661,0.555,0.41343,0.853403,0,0.107782,0.827225,0,0.839253,0.581152,1,0.315567,0.63089,0,0.660642,0.651832,1,0.554986,0.772251,0,0,0,1,0,0,0
refuel,True,1,001000,Ap,,True,2,001010,Ap,Sn,0.149,0.547,0.826,0.22,0.586,0.65,0.149215,0.853403,0,0.547435,0.827225,0,0.826311,0.581152,1,0.219633,0.63089,0,0.586427,0.651832,0,0.649632,0.772251,0,0,0,1,0,0,0
refurbish,True,1,000010,Sn,,True,2,001010,Sn,Ap,0.149,0.302,0.721,0.012,0.812,0.578,0.149215,0.853403,0,0.302393,0.827225,0,0.720943,0.581152,1,0.011938,0.63089,0,0.811802,0.651832,1,0.578451,0.772251,0,0,0,0,0,1,0
refuse,True,1,000001,Ev,,True,2,000101,Ev,An,0.434,0.155,0.225,0.798,0.278,0.992,0.43416,0.853403,0,0.154835,0.827225,0,0.224536,0.581152,0,0.798072,0.63089,1,0.278206,0.651832,0,0.992001,0.772251,1,0,0,0,0,0,1
refute,True,1,000001,Ev,,True,2,000101,Ev,An,0.149,0.387,0.198,0.756,0.037,0.993,0.149215,0.853403,0,0.387338,0.827225,0,0.197784,0.581152,0,0.756204,0.63089,1,0.037284,0.651832,0,0.992866,0.772251,1,0,0,0,0,0,1
regain,False,0,000000,,,True,1,100000,Kn,,0.754,0.248,0.301,0.003,0.19,0.605,0.753871,0.853403,0,0.24826,0.827225,0,0.301076,0.581152,0,0.002618,0.63089,0,0.18964,0.651832,0,0.605419,0.772251,0,0,0,0,0,0,0
regard,True,1,000010,Sn,,True,2,100010,Kn,Sn,0.747,0.399,0.397,0.406,0.73,0.431,0.747015,0.853403,0,0.39924,0.827225,0,0.397002,0.581152,0,0.406284,0.63089,0,0.730425,0.651832,1,0.431375,0.772251,0,0,0,0,0,1,0
regenerate,True,1,000010,Sn,,True,1,000010,Sn,,0.183,0.24,0.344,0.031,0.864,0.536,0.182776,0.853403,0,0.240101,0.827225,0,0.344,0.581152,0,0.031359,0.63089,0,0.864033,0.651832,1,0.535668,0.772251,0,0,0,0,0,1,0
register,True,1,000010,Sn,,True,2,000011,Sn,Ev,0.341,0.026,0.42,0.321,0.854,0.683,0.341152,0.853403,0,0.026178,0.827225,0,0.419855,0.581152,0,0.321285,0.63089,0,0.85415,0.651832,1,0.683102,0.772251,0,0,0,0,0,1,0
regret,True,2,100001,Ev,Kn,True,2,100001,Ev,Kn,0.923,0.188,0.188,0.321,0.075,0.935,0.923096,0.853403,1,0.187845,0.827225,0,0.188166,0.581152,0,0.32111,0.63089,0,0.075352,0.651832,0,0.935269,0.772251,1,1,0,0,0,0,1
regroup,True,1,000010,Sn,,True,1,000010,Sn,,0.508,0.586,0.041,0.431,0.944,0.427,0.508326,0.853403,0,0.585658,0.827225,0,0.040549,0.581152,0,0.430529,0.63089,0,0.943865,0.651832,1,0.426682,0.772251,0,0,0,0,0,1,0
regularize,True,1,001000,Ap,,True,3,011100,Cm,"Ap, An",0.149,0.816,0.642,0.548,0.414,0.016,0.149215,0.853403,0,0.815874,0.827225,0,0.641753,0.581152,1,0.548084,0.63089,0,0.414141,0.651832,0,0.016472,0.772251,0,0,0,1,0,0,0
regulate,True,1,001000,Ap,,True,4,001111,Ap,"An, Sn, Ev",0.149,0.155,0.743,0.636,0.625,0.712,0.149215,0.853403,0,0.155266,0.827225,0,0.74304,0.581152,1,0.636099,0.63089,1,0.625438,0.651832,0,0.711561,0.772251,0,0,0,1,0,0,0
rehabilitate,True,1,000001,Ev,,True,3,100011,Ev,"Kn, Sn",0.774,0.105,0.082,0.015,0.785,0.846,0.774024,0.853403,0,0.105333,0.827225,0,0.081544,0.581152,0,0.015456,0.63089,0,0.785214,0.651832,1,0.846365,0.772251,1,0,0,0,0,0,1
reify,False,0,000000,,,True,1,000001,Ev,,0.615,0.667,0.216,0.008,0.315,0.706,0.61527,0.853403,0,0.667022,0.827225,0,0.216351,0.581152,0,0.007671,0.63089,0,0.314716,0.651832,0,0.705872,0.772251,0,0,0,0,0,0,0
reignite,True,1,100000,Kn,,True,2,100001,Kn,Ev,0.884,0.274,0.035,0.016,0.26,0.754,0.884291,0.853403,1,0.273758,0.827225,0,0.03516,0.581152,0,0.015818,0.63089,0,0.259756,0.651832,0,0.753877,0.772251,0,1,0,0,0,0,0
reimpose,False,0,000000,,,True,2,000011,Ev,Sn,0.509,0.412,0.282,0.095,0.589,0.682,0.509164,0.853403,0,0.412387,0.827225,0,0.281694,0.581152,0,0.095353,0.63089,0,0.58899,0.651832,0,0.682117,0.772251,0,0,0,0,0,0,0
reintroduce,False,0,000000,,,True,1,000010,Sn,,0.699,0.393,0.119,0.003,0.576,0.595,0.698986,0.853403,0,0.39297,0.827225,0,0.119105,0.581152,0,0.002618,0.63089,0,0.57632,0.651832,0,0.595117,0.772251,0,0,0,0,0,0,0
reinvent,True,1,000010,Sn,,True,2,000011,Sn,Ev,0.345,0.286,0.253,0.114,0.964,0.881,0.345444,0.853403,0,0.285856,0.827225,0,0.253053,0.581152,0,0.114218,0.63089,0,0.964092,0.651832,1,0.881391,0.772251,1,0,0,0,0,1,0
reinvigorate,True,1,000010,Sn,,True,1,000010,Sn,,0.355,0.107,0.365,0.003,0.77,0.553,0.354658,0.853403,0,0.106904,0.827225,0,0.365311,0.581152,0,0.002618,0.63089,0,0.769509,0.651832,1,0.553384,0.772251,0,0,0,0,0,1,0
reiterate,False,0,000000,,,True,2,110000,Kn,Cm,0.794,0.787,0.134,0.007,0.333,0.578,0.794255,0.853403,0,0.786511,0.827225,0,0.134132,0.581152,0,0.007491,0.63089,0,0.332882,0.651832,0,0.57754,0.772251,0,0,0,0,0,0,0
reject,True,1,000001,Ev,,True,2,000101,Ev,An,0.227,0.345,0.201,0.66,0.237,0.942,0.22716,0.853403,0,0.34492,0.827225,0,0.200518,0.581152,0,0.660075,0.63089,1,0.237167,0.651832,0,0.94231,0.772251,1,0,0,0,0,0,1
rejoin,True,1,000010,Sn,,True,1,000010,Sn,,0.531,0.165,0.051,0.018,0.722,0.243,0.531406,0.853403,0,0.164718,0.827225,0,0.05138,0.581152,0,0.018163,0.63089,0,0.722179,0.651832,1,0.243197,0.772251,0,0,0,0,0,1,0
rejuvenate,True,1,000010,Sn,,True,1,000010,Sn,,0.539,0.249,0.129,0.003,0.819,0.514,0.539163,0.853403,0,0.248511,0.827225,0,0.129083,0.581152,0,0.002618,0.63089,0,0.819144,0.651832,1,0.514064,0.772251,0,0,0,0,0,1,0
relax,False,0,000000,,,True,2,000011,Ev,Sn,0.269,0.37,0.358,0.048,0.591,0.768,0.268674,0.853403,0,0.370273,0.827225,0,0.357534,0.581152,0,0.048281,0.63089,0,0.591018,0.651832,0,0.768395,0.772251,0,0,0,0,0,0,0
relegate,False,0,000000,,,False,0,000000,,,0.454,0.408,0.396,0.037,0.513,0.654,0.453515,0.853403,0,0.407882,0.827225,0,0.395892,0.581152,0,0.037064,0.63089,0,0.512925,0.651832,0,0.653519,0.772251,0,0,0,0,0,0,0
relieve,True,1,001000,Ap,,True,2,001001,Ap,Ev,0.253,0.202,0.908,0.153,0.096,0.698,0.253242,0.853403,0,0.202325,0.827225,0,0.907571,0.581152,1,0.152654,0.63089,0,0.096402,0.651832,0,0.697785,0.772251,0,0,0,1,0,0,0
reload,True,1,000010,Sn,,True,2,100010,Sn,Kn,0.748,0.288,0.247,0.005,0.785,0.405,0.74773,0.853403,0,0.288417,0.827225,0,0.247256,0.581152,0,0.005254,0.63089,0,0.78522,0.651832,1,0.405088,0.772251,0,0,0,0,0,1,0
relocate,True,1,001000,Ap,,True,3,001110,Ap,"An, Sn",0.331,0.584,0.964,0.698,0.762,0.428,0.330753,0.853403,0,0.584183,0.827225,0,0.964092,0.581152,1,0.697586,0.63089,1,0.76223,0.651832,1,0.428048,0.772251,0,0,0,1,0,0,0
rely,True,1,000001,Ev,,True,2,000011,Ev,Sn,0.41,0.219,0.446,0.345,0.57,0.797,0.40971,0.853403,0,0.21854,0.827225,0,0.446402,0.581152,0,0.344574,0.63089,0,0.569931,0.651832,0,0.796508,0.772251,1,0,0,0,0,0,1
remain,True,1,001000,Ap,,True,3,001011,Ap,"Sn, Ev",0.309,0.351,0.795,0.185,0.577,0.752,0.309405,0.853403,0,0.351187,0.827225,0,0.795418,0.581152,1,0.185111,0.63089,0,0.577125,0.651832,0,0.752151,0.772251,0,0,0,1,0,0,0
remake,True,1,000010,Sn,,True,1,000010,Sn,,0.666,0.281,0.135,0.057,0.793,0.65,0.666391,0.853403,0,0.280678,0.827225,0,0.134541,0.581152,0,0.057025,0.63089,0,0.793321,0.651832,1,0.65038,0.772251,0,0,0,0,0,1,0
remediate,True,1,000001,Ev,,True,2,000011,Ev,Sn,0.344,0.289,0.276,0.054,0.709,0.811,0.343799,0.853403,0,0.288684,0.827225,0,0.276022,0.581152,0,0.053551,0.63089,0,0.709474,0.651832,1,0.810925,0.772251,1,0,0,0,0,0,1
remember,True,1,100000,Kn,,True,1,100000,Kn,,0.997,0.616,0.143,0.407,0.065,0.104,0.997382,0.853403,1,0.616401,0.827225,0,0.142554,0.581152,0,0.40738,0.63089,0,0.065391,0.651832,0,0.103972,0.772251,0,1,0,0,0,0,0
remind,True,1,001000,Ap,,True,2,101000,Ap,Kn,0.78,0.654,0.835,0.188,0.288,0.316,0.779707,0.853403,0,0.653949,0.827225,0,0.835313,0.581152,1,0.187926,0.63089,0,0.287957,0.651832,0,0.316126,0.772251,0,0,0,1,0,0,0
remodel,True,1,000010,Sn,,True,2,001010,Sn,Ap,0.149,0.342,0.749,0.292,0.884,0.485,0.149215,0.853403,0,0.342344,0.827225,0,0.748705,0.581152,1,0.292442,0.63089,0,0.883524,0.651832,1,0.485144,0.772251,0,0,0,0,0,1,0
remold,True,1,000010,Sn,,True,2,000011,Ev,Sn,0.367,0.429,0.479,0.065,0.683,0.711,0.366705,0.853403,0,0.428678,0.827225,0,0.479325,0.581152,0,0.06501,0.63089,0,0.68342,0.651832,1,0.710922,0.772251,0,0,0,0,0,1,0
remove,True,1,000100,An,,True,1,000100,An,,0.394,0.375,0.449,0.811,0.092,0.651,0.39382,0.853403,0,0.374622,0.827225,0,0.449095,0.581152,0,0.810543,0.63089,1,0.092325,0.651832,0,0.65052,0.772251,0,0,0,0,1,0,0
rename,False,0,000000,,,True,1,000001,Ev,,0.552,0.428,0.366,0.316,0.332,0.71,0.55188,0.853403,0,0.428384,0.827225,0,0.365547,0.581152,0,0.316309,0.63089,0,0.331824,0.651832,0,0.710293,0.772251,0,0,0,0,0,0,0
render,False,0,000000,,,True,3,110010,Kn,"Cm, Sn",0.844,0.777,0.366,0.422,0.611,0.284,0.844206,0.853403,0,0.776943,0.827225,0,0.365926,0.581152,0,0.421873,0.63089,0,0.611411,0.651832,0,0.284092,0.772251,0,0,0,0,0,0,0
renew,True,2,001010,Sn,Ap,True,2,001010,Sn,Ap,0.435,0.427,0.639,0.013,0.683,0.475,0.434536,0.853403,0,0.42693,0.827225,0,0.638974,0.581152,1,0.013193,0.63089,0,0.6833,0.651832,1,0.474597,0.772251,0,0,0,1,0,1,0
renormalize,True,1,000010,Sn,,True,3,011010,Cm,"Ap, Sn",0.149,0.815,0.587,0.364,0.66,0.263,0.149215,0.853403,0,0.81481,0.827225,0,0.586596,0.581152,1,0.364023,0.63089,0,0.660267,0.651832,1,0.262631,0.772251,0,0,0,0,0,1,0
renounce,True,1,000001,Ev,,True,2,001001,Ev,Ap,0.233,0.353,0.566,0.488,0.07,0.965,0.233143,0.853403,0,0.352583,0.827225,0,0.566393,0.581152,0,0.487713,0.63089,0,0.070473,0.651832,0,0.964767,0.772251,1,0,0,0,0,0,1
renovate,True,1,000010,Sn,,True,2,001010,Sn,Ap,0.149,0.323,0.783,0.017,0.919,0.468,0.149215,0.853403,0,0.322665,0.827225,0,0.783242,0.581152,1,0.016639,0.63089,0,0.918834,0.651832,1,0.468022,0.772251,0,0,0,0,0,1,0
reorder,True,1,000001,Ev,,True,4,110011,Ev,"Kn, Cm, Sn",0.805,0.733,0.305,0.524,0.624,0.904,0.805411,0.853403,0,0.732532,0.827225,0,0.304711,0.581152,0,0.524495,0.63089,0,0.624464,0.651832,0,0.903893,0.772251,1,0,0,0,0,0,1
reorient,True,1,000010,Sn,,True,3,001011,Sn,"Ap, Ev",0.218,0.368,0.635,0.376,0.863,0.705,0.218242,0.853403,0,0.367864,0.827225,0,0.634528,0.581152,1,0.375734,0.63089,0,0.86298,0.651832,1,0.704994,0.772251,0,0,0,0,0,1,0
repaint,True,1,001000,Ap,,True,2,001010,Ap,Sn,0.571,0.624,0.847,0.065,0.587,0.237,0.570975,0.853403,0,0.624225,0.827225,0,0.846669,0.581152,1,0.065045,0.63089,0,0.586878,0.651832,0,0.236723,0.772251,0,0,0,1,0,0,0
repay,False,0,000000,,,False,0,000000,,,0.69,0.397,0.271,0.054,0.075,0.547,0.689958,0.853403,0,0.396554,0.827225,0,0.271302,0.581152,0,0.054175,0.63089,0,0.074966,0.651832,0,0.547459,0.772251,0,0,0,0,0,0,0
repel,True,1,000001,Ev,,True,1,000001,Ev,,0.149,0.354,0.315,0.037,0.171,0.903,0.149215,0.853403,0,0.353898,0.827225,0,0.315232,0.581152,0,0.036978,0.63089,0,0.171373,0.651832,0,0.903417,0.772251,1,0,0,0,0,0,1
rephrase,True,1,010000,Cm,,True,3,010011,Cm,"Sn, Ev",0.352,0.915,0.217,0.064,0.742,0.846,0.351945,0.853403,0,0.915333,0.827225,1,0.216587,0.581152,0,0.064141,0.63089,0,0.741628,0.651832,1,0.846403,0.772251,1,0,1,0,0,0,0
replace,True,1,000010,Sn,,True,1,000010,Sn,,0.149,0.436,0.358,0.019,0.943,0.418,0.149215,0.853403,0,0.43563,0.827225,0,0.35815,0.581152,0,0.019006,0.63089,0,0.943246,0.651832,1,0.417886,0.772251,0,0,0,0,0,1,0
replant,True,1,000010,Sn,,True,2,000011,Sn,Ev,0.205,0.416,0.291,0.014,0.922,0.658,0.205124,0.853403,0,0.416366,0.827225,0,0.291486,0.581152,0,0.013778,0.63089,0,0.921724,0.651832,1,0.657568,0.772251,0,0,0,0,0,1,0
replenish,True,1,001000,Ap,,True,1,001000,Ap,,0.689,0.288,0.735,0.016,0.552,0.361,0.688549,0.853403,0,0.287983,0.827225,0,0.735098,0.581152,1,0.015972,0.63089,0,0.551585,0.651832,0,0.361048,0.772251,0,0,0,1,0,0,0
replicate,True,1,100000,Kn,,True,2,100010,Kn,Sn,0.912,0.314,0.449,0.285,0.802,0.128,0.912365,0.853403,1,0.313843,0.827225,0,0.44862,0.581152,0,0.285213,0.63089,0,0.802114,0.651832,1,0.128378,0.772251,0,1,0,0,0,0,0
reposition,True,2,000011,Ev,Sn,True,3,001011,Ev,"Ap, Sn",0.483,0.699,0.56,0.325,0.785,0.811,0.482948,0.853403,0,0.699215,0.827225,0,0.559802,0.581152,0,0.325003,0.63089,0,0.784964,0.651832,1,0.810633,0.772251,1,0,0,0,0,1,1
repress,True,1,000001,Ev,,True,2,001001,Ev,Ap,0.235,0.216,0.555,0.223,0.029,0.798,0.23539,0.853403,0,0.21636,0.827225,0,0.555291,0.581152,0,0.222787,0.63089,0,0.029075,0.651832,0,0.798149,0.772251,1,0,0,0,0,0,1
reprint,True,1,100000,Kn,,True,1,100000,Kn,,0.984,0.385,0.293,0.107,0.366,0.112,0.984017,0.853403,1,0.385369,0.827225,0,0.292702,0.581152,0,0.107095,0.63089,0,0.365912,0.651832,0,0.111874,0.772251,0,1,0,0,0,0,0
republish,True,1,100000,Kn,,True,1,100000,Kn,,0.959,0.591,0.153,0.003,0.501,0.375,0.958578,0.853403,1,0.591155,0.827225,0,0.153119,0.581152,0,0.002618,0.63089,0,0.500956,0.651832,0,0.374738,0.772251,0,1,0,0,0,0,0
request,True,1,000100,An,,True,1,000100,An,,0.538,0.549,0.105,0.744,0.374,0.429,0.537668,0.853403,0,0.548797,0.827225,0,0.105422,0.581152,0,0.743596,0.63089,1,0.374036,0.651832,0,0.429031,0.772251,0,0,0,0,1,0,0
require,True,1,001000,Ap,,True,2,001010,Ap,Sn,0.372,0.173,0.873,0.113,0.67,0.066,0.372456,0.853403,0,0.173429,0.827225,0,0.872899,0.581152,1,0.112741,0.63089,0,0.670181,0.651832,1,0.065797,0.772251,0,0,0,1,0,0,0
reread,True,1,100000,Kn,,True,3,110001,Kn,"Cm, Ev",0.911,0.818,0.141,0.218,0.373,0.68,0.911385,0.853403,1,0.817519,0.827225,0,0.141449,0.581152,0,0.218423,0.63089,0,0.372694,0.651832,0,0.679851,0.772251,0,1,0,0,0,0,0
rescale,True,1,001000,Ap,,True,2,011000,Cm,Ap,0.204,0.768,0.702,0.157,0.499,0.417,0.204392,0.853403,0,0.768123,0.827225,0,0.701535,0.581152,1,0.157403,0.63089,0,0.498737,0.651832,0,0.417128,0.772251,0,0,0,1,0,0,0
reschedule,True,1,000010,Sn,,True,1,000010,Sn,,0.392,0.437,0.225,0.268,0.772,0.631,0.391619,0.853403,0,0.437167,0.827225,0,0.224525,0.581152,0,0.268193,0.63089,0,0.771795,0.651832,1,0.631402,0.772251,0,0,0,0,0,1,0
reseed,True,1,000010,Sn,,True,2,100010,Sn,Kn,0.732,0.379,0.254,0.006,0.787,0.505,0.73189,0.853403,0,0.379004,0.827225,0,0.254317,0.581152,0,0.005522,0.63089,0,0.787354,0.651832,1,0.504709,0.772251,0,0,0,0,0,1,0
resemble,True,2,100010,Kn,Sn,True,4,111010,Kn,"Cm, Ap, Sn",0.944,0.79,0.498,0.319,0.897,0.207,0.944091,0.853403,1,0.789615,0.827225,0,0.498071,0.581152,0,0.318627,0.63089,0,0.896928,0.651832,1,0.207242,0.772251,0,1,0,0,0,1,0
resent,True,1,000001,Ev,,True,1,000001,Ev,,0.63,0.274,0.113,0.135,0.481,0.911,0.629878,0.853403,0,0.274172,0.827225,0,0.112972,0.581152,0,0.134942,0.63089,0,0.480815,0.651832,0,0.910505,0.772251,1,0,0,0,0,0,1
reserve,True,1,000001,Ev,,True,2,001001,Ev,Ap,0.149,0.399,0.675,0.214,0.419,0.795,0.149215,0.853403,0,0.398904,0.827225,0,0.674845,0.581152,1,0.214018,0.63089,0,0.418596,0.651832,0,0.795316,0.772251,1,0,0,0,0,0,1
reset,True,1,000010,Sn,,True,1,000010,Sn,,0.65,0.247,0.049,0.113,0.819,0.448,0.650139,0.853403,0,0.24736,0.827225,0,0.049294,0.581152,0,0.112562,0.63089,0,0.819132,0.651832,1,0.448363,0.772251,0,0,0,0,0,1,0
reshape,True,1,000010,Sn,,True,2,001010,Sn,Ap,0.152,0.437,0.55,0.422,0.818,0.602,0.151808,0.853403,0,0.436559,0.827225,0,0.549733,0.581152,0,0.422419,0.63089,0,0.818059,0.651832,1,0.601933,0.772251,0,0,0,0,0,1,0
reside,True,1,001000,Ap,,True,2,001010,Ap,Sn,0.65,0.426,0.852,0.058,0.784,0.071,0.650271,0.853403,0,0.425843,0.827225,0,0.851667,0.581152,1,0.058436,0.63089,0,0.784059,0.651832,1,0.070858,0.772251,0,0,0,1,0,0,0
resist,True,1,000001,Ev,,True,2,001001,Ev,Ap,0.23,0.24,0.597,0.088,0.53,0.932,0.230316,0.853403,0,0.239531,0.827225,0,0.597319,0.581152,1,0.087541,0.63089,0,0.530218,0.651832,0,0.931881,0.772251,1,0,0,0,0,0,1
resize,True,1,000010,Sn,,True,2,001010,Sn,Ap,0.149,0.376,0.683,0.406,0.758,0.427,0.149215,0.853403,0,0.375797,0.827225,0,0.682542,0.581152,1,0.406024,0.63089,0,0.757632,0.651832,1,0.426641,0.772251,0,0,0,0,0,1,0
resonate,True,1,000001,Ev,,True,3,110001,Ev,"Kn, Cm",0.769,0.777,0.181,0.11,0.437,0.848,0.769107,0.853403,0,0.777258,0.827225,0,0.180674,0.581152,0,0.109681,0.63089,0,0.437124,0.651832,0,0.847853,0.772251,1,0,0,0,0,0,1
rest,False,0,000000,,,False,0,000000,,,0.291,0.232,0.29,0.149,0.498,0.647,0.290949,0.853403,0,0.232253,0.827225,0,0.28969,0.581152,0,0.14918,0.63089,0,0.498309,0.651832,0,0.647471,0.772251,0,0,0,0,0,0,0
restart,True,1,000010,Sn,,True,1,000010,Sn,,0.329,0.254,0.081,0.33,0.687,0.486,0.32922,0.853403,0,0.253807,0.827225,0,0.080564,0.581152,0,0.330111,0.63089,0,0.687269,0.651832,1,0.486499,0.772251,0,0,0,0,0,1,0
restore,True,1,000010,Sn,,True,1,000010,Sn,,0.688,0.091,0.157,0.003,0.737,0.569,0.687922,0.853403,0,0.090992,0.827225,0,0.156903,0.581152,0,0.002618,0.63089,0,0.73744,0.651832,1,0.569313,0.772251,0,0,0,0,0,1,0
restrain,True,1,000001,Ev,,True,1,000001,Ev,,0.149,0.046,0.462,0.083,0.341,0.946,0.149215,0.853403,0,0.046232,0.827225,0,0.46191,0.581152,0,0.082798,0.63089,0,0.340935,0.651832,0,0.946052,0.772251,1,0,0,0,0,0,1
restrict,True,1,000001,Ev,,True,3,001101,Ev,"Ap, An",0.17,0.035,0.498,0.66,0.48,0.801,0.170249,0.853403,0,0.035377,0.827225,0,0.498478,0.581152,0,0.660292,0.63089,1,0.479896,0.651832,0,0.800978,0.772251,1,0,0,0,0,0,1
result,False,0,000000,,,True,1,000001,Ev,,0.551,0.411,0.197,0.496,0.076,0.705,0.550733,0.853403,0,0.410631,0.827225,0,0.196511,0.581152,0,0.496392,0.63089,0,0.075848,0.651832,0,0.705312,0.772251,0,0,0,0,0,0,0
resume,True,1,000100,An,,True,1,000100,An,,0.252,0.355,0.481,0.673,0.493,0.496,0.252183,0.853403,0,0.355182,0.827225,0,0.481427,0.581152,0,0.673193,0.63089,1,0.493135,0.651832,0,0.495841,0.772251,0,0,0,0,1,0,0
resuspend,True,1,000010,Sn,,True,2,000011,Ev,Sn,0.688,0.286,0.21,0.003,0.659,0.752,0.687825,0.853403,0,0.286249,0.827225,0,0.210251,0.581152,0,0.002618,0.63089,0,0.658993,0.651832,1,0.751653,0.772251,0,0,0,0,0,1,0
retain,True,1,001000,Ap,,True,1,001000,Ap,,0.419,0.315,0.921,0.003,0.038,0.55,0.419249,0.853403,0,0.314683,0.827225,0,0.92104,0.581152,1,0.002618,0.63089,0,0.03786,0.651832,0,0.550169,0.772251,0,0,0,1,0,0,0
rethink,True,1,000001,Ev,,True,2,000011,Ev,Sn,0.425,0.29,0.113,0.072,0.684,0.819,0.425286,0.853403,0,0.29018,0.827225,0,0.11313,0.581152,0,0.072418,0.63089,0,0.683863,0.651832,1,0.818547,0.772251,1,0,0,0,0,0,1
retire,True,1,001000,Ap,,True,3,001011,Ap,"Sn, Ev",0.31,0.215,0.796,0.205,0.656,0.76,0.310405,0.853403,0,0.214668,0.827225,0,0.79554,0.581152,1,0.204923,0.63089,0,0.656329,0.651832,1,0.759519,0.772251,0,0,0,1,0,0,0
retrace,True,1,100000,Kn,,True,2,100001,Kn,Ev,0.856,0.428,0.248,0.075,0.308,0.687,0.856007,0.853403,1,0.427955,0.827225,0,0.247892,0.581152,0,0.074976,0.63089,0,0.307621,0.651832,0,0.686566,0.772251,0,1,0,0,0,0,0
retract,True,1,001000,Ap,,True,1,001000,Ap,,0.463,0.416,0.733,0.018,0.437,0.534,0.463022,0.853403,0,0.416219,0.827225,0,0.733013,0.581152,1,0.018187,0.63089,0,0.436973,0.651832,0,0.534097,0.772251,0,0,0,1,0,0,0
retrain,True,2,001010,Sn,Ap,True,2,001010,Sn,Ap,0.334,0.081,0.643,0.155,0.699,0.251,0.33407,0.853403,0,0.081422,0.827225,0,0.643469,0.581152,1,0.155179,0.63089,0,0.69891,0.651832,1,0.251337,0.772251,0,0,0,1,0,1,0
retreat,True,1,000001,Ev,,True,1,000001,Ev,,0.149,0.246,0.196,0.147,0.522,0.855,0.149215,0.853403,0,0.246292,0.827225,0,0.196441,0.581152,0,0.147003,0.63089,0,0.522269,0.651832,0,0.855333,0.772251,1,0,0,0,0,0,1
retry,False,0,000000,,,True,2,100001,Kn,Ev,0.802,0.647,0.047,0.332,0.372,0.754,0.801539,0.853403,0,0.646604,0.827225,0,0.047234,0.581152,0,0.331544,0.63089,0,0.371823,0.651832,0,0.754032,0.772251,0,0,0,0,0,0,0
return,False,0,000000,,,True,1,000001,Ev,,0.655,0.638,0.297,0.016,0.239,0.747,0.655206,0.853403,0,0.63848,0.827225,0,0.297248,0.581152,0,0.016472,0.63089,0,0.238745,0.651832,0,0.747452,0.772251,0,0,0,0,0,0,0
reunify,True,1,000010,Sn,,True,2,000011,Sn,Ev,0.521,0.216,0.016,0.067,0.883,0.747,0.521035,0.853403,0,0.216485,0.827225,0,0.015867,0.581152,0,0.06659,0.63089,0,0.882601,0.651832,1,0.746888,0.772251,0,0,0,0,0,1,0
reunite,False,0,000000,,,True,1,100000,Kn,,0.754,0.187,0.008,0.317,0.537,0.206,0.753866,0.853403,0,0.18747,0.827225,0,0.008164,0.581152,0,0.317174,0.63089,0,0.536553,0.651832,0,0.206255,0.772251,0,0,0,0,0,0,0
reuse,True,1,001000,Ap,,True,1,001000,Ap,,0.643,0.318,0.791,0.019,0.338,0.536,0.642971,0.853403,0,0.317535,0.827225,0,0.790644,0.581152,1,0.018577,0.63089,0,0.3382,0.651832,0,0.535703,0.772251,0,0,0,1,0,0,0
reveal,True,1,100000,Kn,,True,4,111100,Kn,"Cm, Ap, An",0.948,0.885,0.637,0.574,0.032,0.209,0.947739,0.853403,1,0.88511,0.827225,1,0.63739,0.581152,1,0.574258,0.63089,0,0.031741,0.651832,0,0.209385,0.772251,0,1,0,0,0,0,0
reverse,True,1,000100,An,,True,3,001101,An,"Ap, Ev",0.566,0.641,0.513,0.72,0.452,0.704,0.565582,0.853403,0,0.640803,0.827225,0,0.513159,0.581152,0,0.719856,0.63089,1,0.451961,0.651832,0,0.704204,0.772251,0,0,0,0,1,0,0
revert,False,0,000000,,,False,0,000000,,,0.512,0.518,0.407,0.149,0.446,0.56,0.512322,0.853403,0,0.517661,0.827225,0,0.407028,0.581152,0,0.148709,0.63089,0,0.445995,0.651832,0,0.560234,0.772251,0,0,0,0,0,0,0
revisit,True,1,000010,Sn,,True,3,100011,Kn,"Sn, Ev",0.751,0.544,0.074,0.067,0.717,0.698,0.750568,0.853403,0,0.543925,0.827225,0,0.074183,0.581152,0,0.067488,0.63089,0,0.717446,0.651832,1,0.698365,0.772251,0,0,0,0,0,1,0
revive,True,1,000010,Sn,,True,3,100011,Kn,"Sn, Ev",0.786,0.232,0.049,0.014,0.682,0.755,0.785666,0.853403,0,0.231642,0.827225,0,0.048984,0.581152,0,0.013661,0.63089,0,0.681791,0.651832,1,0.754944,0.772251,0,0,0,0,0,1,0
revolutionize,True,1,000010,Sn,,True,2,001010,Sn,Ap,0.215,0.315,0.764,0.285,0.828,0.275,0.215345,0.853403,0,0.314723,0.827225,0,0.763627,0.581152,1,0.284824,0.63089,0,0.827836,0.651832,1,0.274733,0.772251,0,0,0,0,0,1,0
revolve,True,2,001010,Sn,Ap,True,3,001110,Sn,"Ap, An",0.149,0.645,0.627,0.546,0.672,0.537,0.149215,0.853403,0,0.644988,0.827225,0,0.626611,0.581152,1,0.545609,0.63089,0,0.672276,0.651832,1,0.537359,0.772251,0,0,0,1,0,1,0
rewire,True,1,000010,Sn,,True,1,000010,Sn,,0.149,0.247,0.282,0.435,0.93,0.492,0.149215,0.853403,0,0.246645,0.827225,0,0.282109,0.581152,0,0.434953,0.63089,0,0.929875,0.651832,1,0.491696,0.772251,0,0,0,0,0,1,0
reword,True,1,010000,Cm,,True,2,010001,Cm,Ev,0.53,0.887,0.214,0.407,0.382,0.697,0.530179,0.853403,0,0.887155,0.827225,1,0.214301,0.581152,0,0.406799,0.63089,0,0.382041,0.651832,0,0.697126,0.772251,0,0,1,0,0,0,0
rework,True,1,000010,Sn,,True,2,000011,Sn,Ev,0.336,0.292,0.115,0.163,0.941,0.712,0.336002,0.853403,0,0.292328,0.827225,0,0.115017,0.581152,0,0.163342,0.63089,0,0.940657,0.651832,1,0.711885,0.772251,0,0,0,0,0,1,0
ride,True,1,001000,Ap,,True,2,001100,Ap,An,0.599,0.347,0.993,0.557,0.346,0.037,0.598551,0.853403,0,0.346863,0.827225,0,0.992737,0.581152,1,0.557496,0.63089,0,0.346278,0.651832,0,0.036803,0.772251,0,0,0,1,0,0,0
ring,False,0,000000,,,True,2,100010,Kn,Sn,0.848,0.373,0.094,0.017,0.564,0.64,0.847513,0.853403,0,0.372828,0.827225,0,0.093524,0.581152,0,0.017309,0.63089,0,0.564233,0.651832,0,0.640377,0.772251,0,0,0,0,0,0,0
rinse,True,1,000001,Ev,,True,2,100001,Ev,Kn,0.773,0.239,0.294,0.194,0.291,0.776,0.772527,0.853403,0,0.238575,0.827225,0,0.294101,0.581152,0,0.193737,0.63089,0,0.290617,0.651832,0,0.775523,0.772251,1,0,0,0,0,0,1
rip,True,1,000100,An,,True,1,000100,An,,0.605,0.105,0.112,0.642,0.096,0.353,0.604883,0.853403,0,0.105111,0.827225,0,0.111525,0.581152,0,0.641661,0.63089,1,0.096223,0.651832,0,0.352598,0.772251,0,0,0,0,1,0,0
ripple,True,1,001000,Ap,,True,2,001010,Ap,Sn,0.428,0.249,0.839,0.203,0.588,0.008,0.427507,0.853403,0,0.248868,0.827225,0,0.838858,0.581152,1,0.202535,0.63089,0,0.588153,0.651832,0,0.007853,0.772251,0,0,0,1,0,0,0
rise,True,2,000011,Ev,Sn,True,2,000011,Ev,Sn,0.261,0.1,0.407,0.195,0.828,0.852,0.260949,0.853403,0,0.100243,0.827225,0,0.407136,0.581152,0,0.195028,0.63089,0,0.8277,0.651832,1,0.852211,0.772251,1,0,0,0,0,1,1
roam,True,1,001000,Ap,,True,1,001000,Ap,,0.604,0.657,0.609,0.381,0.403,0.272,0.604333,0.853403,0,0.656925,0.827225,0,0.609268,0.581152,1,0.380834,0.63089,0,0.403082,0.651832,0,0.272354,0.772251,0,0,0,1,0,0,0
rob,False,0,000000,,,True,1,100000,Kn,,0.847,0.239,0.21,0.356,0.005,0.164,0.84651,0.853403,0,0.239284,0.827225,0,0.210148,0.581152,0,0.355591,0.63089,0,0.005187,0.651832,0,0.163903,0.772251,0,0,0,0,0,0,0
roll,True,1,000100,An,,True,1,000100,An,,0.289,0.239,0.381,0.813,0.26,0.355,0.288696,0.853403,0,0.239106,0.827225,0,0.381021,0.581152,0,0.813408,0.63089,1,0.260207,0.651832,0,0.355361,0.772251,0,0,0,0,1,0,0
rotate,True,1,010000,Cm,,True,3,011100,Cm,"Ap, An",0.569,0.833,0.635,0.773,0.549,0.536,0.568748,0.853403,0,0.832969,0.827225,1,0.635443,0.581152,1,0.772879,0.63089,1,0.548982,0.651832,0,0.535849,0.772251,0,0,1,0,0,0,0
roughen,True,1,000001,Ev,,True,1,000001,Ev,,0.395,0.506,0.038,0.219,0.411,0.916,0.394988,0.853403,0,0.505715,0.827225,0,0.038052,0.581152,0,0.218667,0.63089,0,0.411399,0.651832,0,0.916355,0.772251,1,0,0,0,0,0,1
round,False,0,000000,,,True,1,010000,Cm,,0.374,0.755,0.348,0.305,0.123,0.429,0.373826,0.853403,0,0.754905,0.827225,0,0.348394,0.581152,0,0.304967,0.63089,0,0.12263,0.651832,0,0.428775,0.772251,0,0,0,0,0,0,0
rout,True,1,010000,Cm,,True,4,110101,Cm,"Kn, An, Ev",0.774,0.853,0.275,0.713,0.105,0.775,0.773552,0.853403,0,0.85302,0.827225,1,0.275499,0.581152,0,0.712902,0.63089,1,0.105297,0.651832,0,0.774952,0.772251,1,0,1,0,0,0,0
rove,True,1,000100,An,,True,1,000100,An,,0.4,0.104,0.204,0.811,0.261,0.204,0.399753,0.853403,0,0.104148,0.827225,0,0.204262,0.581152,0,0.811176,0.63089,1,0.26056,0.651832,0,0.204428,0.772251,0,0,0,0,1,0,0
rub,False,0,000000,,,True,2,101000,Kn,Ap,0.85,0.543,0.544,0.465,0.411,0.312,0.849723,0.853403,0,0.543176,0.827225,0,0.54367,0.581152,0,0.464932,0.63089,0,0.410592,0.651832,0,0.31153,0.772251,0,0,0,0,0,0,0
ruin,True,1,001000,Ap,,True,1,001000,Ap,,0.309,0.235,0.834,0.332,0.257,0.55,0.309406,0.853403,0,0.234564,0.827225,0,0.833521,0.581152,1,0.332221,0.63089,0,0.25699,0.651832,0,0.549972,0.772251,0,0,0,1,0,0,0
rule,True,1,000001,Ev,,True,1,000001,Ev,,0.318,0.461,0.051,0.491,0.159,0.911,0.317744,0.853403,0,0.461485,0.827225,0,0.051437,0.581152,0,0.490772,0.63089,0,0.159392,0.651832,0,0.910888,0.772251,1,0,0,0,0,0,1
run,True,1,001000,Ap,,True,1,001000,Ap,,0.692,0.64,0.912,0.534,0.356,0.3,0.692266,0.853403,0,0.639993,0.827225,0,0.912309,0.581152,1,0.534128,0.63089,0,0.355831,0.651832,0,0.300046,0.772251,0,0,0,1,0,0,0
rupture,False,0,000000,,,True,1,000001,Ev,,0.149,0.507,0.286,0.4,0.237,0.752,0.149215,0.853403,0,0.506983,0.827225,0,0.285503,0.581152,0,0.400255,0.63089,0,0.236676,0.651832,0,0.752187,0.772251,0,0,0,0,0,0,0
safeguard,False,0,000000,,,True,2,001001,Ev,Ap,0.337,0.239,0.496,0.174,0.005,0.76,0.336892,0.853403,0,0.239363,0.827225,0,0.496186,0.581152,0,0.173636,0.63089,0,0.004756,0.651832,0,0.760051,0.772251,0,0,0,0,0,0,0
sail,True,2,001010,Ap,Sn,True,2,001010,Ap,Sn,0.408,0.223,0.844,0.246,0.829,0.008,0.407938,0.853403,0,0.222678,0.827225,0,0.843599,0.581152,1,0.246291,0.63089,0,0.829258,0.651832,1,0.007853,0.772251,0,0,0,1,0,1,0
satisfy,True,1,001000,Ap,,True,2,001001,Ev,Ap,0.477,0.178,0.597,0.31,0.356,0.749,0.476724,0.853403,0,0.177501,0.827225,0,0.596992,0.581152,1,0.310286,0.63089,0,0.355726,0.651832,0,0.748877,0.772251,0,0,0,1,0,0,0
saturate,False,0,000000,,,False,0,000000,,,0.282,0.217,0.42,0.129,0.553,0.485,0.281722,0.853403,0,0.216913,0.827225,0,0.419656,0.581152,0,0.128632,0.63089,0,0.553143,0.651832,0,0.485367,0.772251,0,0,0,0,0,0,0
save,True,1,000010,Sn,,True,1,000010,Sn,,0.643,0.026,0.415,0.348,0.769,0.232,0.642681,0.853403,0,0.026178,0.827225,0,0.414707,0.581152,0,0.348132,0.63089,0,0.769202,0.651832,1,0.231573,0.772251,0,0,0,0,0,1,0
saw,True,1,100000,Kn,,True,3,110100,Kn,"Cm, An",0.985,0.707,0.187,0.818,0.423,0.208,0.985173,0.853403,1,0.707398,0.827225,0,0.186939,0.581152,0,0.817754,0.63089,1,0.423232,0.651832,0,0.207741,0.772251,0,1,0,0,0,0,0
say,True,1,100000,Kn,,True,2,110000,Kn,Cm,0.96,0.823,0.157,0.053,0.301,0.654,0.959988,0.853403,1,0.822502,0.827225,0,0.157426,0.581152,0,0.052664,0.63089,0,0.30113,0.651832,0,0.653757,0.772251,0,1,0,0,0,0,0
scale,True,1,000001,Ev,,True,3,001101,Ev,"Ap, An",0.307,0.477,0.663,0.703,0.274,0.797,0.307434,0.853403,0,0.477299,0.827225,0,0.66279,0.581152,1,0.703274,0.63089,1,0.274486,0.651832,0,0.796849,0.772251,1,0,0,0,0,0,1
scan,True,1,000100,An,,True,4,101101,An,"Kn, Ap, Ev",0.767,0.323,0.609,0.925,0.083,0.753,0.766771,0.853403,0,0.323154,0.827225,0,0.608716,0.581152,1,0.925322,0.63089,1,0.08337,0.651832,0,0.753325,0.772251,0,0,0,0,1,0,0
scarify,False,0,000000,,,False,0,000000,,,0.372,0.327,0.421,0.347,0.043,0.653,0.372081,0.853403,0,0.327334,0.827225,0,0.421103,0.581152,0,0.346956,0.63089,0,0.042808,0.651832,0,0.653447,0.772251,0,0,0,0,0,0,0
scatter,True,1,000100,An,,True,3,110100,Cm,"Kn, An",0.737,0.786,0.404,0.742,0.103,0.322,0.736532,0.853403,0,0.785871,0.827225,0,0.403646,0.581152,0,0.742123,0.63089,1,0.10301,0.651832,0,0.32239,0.772251,0,0,0,0,1,0,0
scavenge,True,1,001000,Ap,,True,1,001000,Ap,,0.655,0.206,0.791,0.427,0.41,0.611,0.654991,0.853403,0,0.206173,0.827225,0,0.790623,0.581152,1,0.427433,0.63089,0,0.409722,0.651832,0,0.610933,0.772251,0,0,0,1,0,0,0
scour,True,1,001000,Ap,,True,2,001001,Ev,Ap,0.265,0.377,0.666,0.338,0.086,0.673,0.264718,0.853403,0,0.377473,0.827225,0,0.665696,0.581152,1,0.337534,0.63089,0,0.085908,0.651832,0,0.673125,0.772251,0,0,0,1,0,0,0
scramble,True,1,000010,Sn,,True,3,100110,Sn,"Kn, An",0.775,0.569,0.166,0.642,0.803,0.388,0.774814,0.853403,0,0.569236,0.827225,0,0.16571,0.581152,0,0.64172,0.63089,1,0.802565,0.651832,1,0.387823,0.772251,0,0,0,0,0,1,0
scrape,True,1,001000,Ap,,True,3,101100,Ap,"Kn, An",0.731,0.393,0.839,0.761,0.006,0.296,0.730895,0.853403,0,0.392947,0.827225,0,0.838691,0.581152,1,0.761443,0.63089,1,0.00584,0.651832,0,0.296292,0.772251,0,0,0,1,0,0,0
scratch,True,1,100000,Kn,,True,3,111000,Kn,"Cm, Ap",0.963,0.816,0.713,0.376,0.191,0.142,0.962917,0.853403,1,0.815793,0.827225,0,0.712958,0.581152,1,0.376474,0.63089,0,0.191268,0.651832,0,0.141737,0.772251,0,1,0,0,0,0,0
screw,False,0,000000,,,False,0,000000,,,0.429,0.379,0.297,0.335,0.296,0.634,0.429051,0.853403,0,0.378881,0.827225,0,0.296653,0.581152,0,0.335103,0.63089,0,0.295703,0.651832,0,0.633953,0.772251,0,0,0,0,0,0,0
scribe,True,1,100000,Kn,,True,3,101010,Kn,"Ap, Sn",0.925,0.459,0.599,0.275,0.812,0.008,0.925223,0.853403,1,0.458823,0.827225,0,0.59932,0.581152,1,0.274691,0.63089,0,0.811573,0.651832,1,0.007853,0.772251,0,1,0,0,0,0,0
scroll,True,1,100000,Kn,,True,1,100000,Kn,,0.959,0.205,0.199,0.462,0.4,0.328,0.959028,0.853403,1,0.205435,0.827225,0,0.199319,0.581152,0,0.46197,0.63089,0,0.399512,0.651832,0,0.328487,0.772251,0,1,0,0,0,0,0
sculpt,True,3,011100,Cm,"Ap, An",True,4,111100,Cm,"Kn, Ap, An",0.846,0.917,0.891,0.846,0.24,0.035,0.845847,0.853403,0,0.91734,0.827225,1,0.890729,0.581152,1,0.845656,0.63089,1,0.24047,0.651832,0,0.035116,0.772251,0,0,1,1,1,0,0
seal,True,1,000001,Ev,,True,2,000101,Ev,An,0.63,0.377,0.119,0.718,0.258,0.907,0.630101,0.853403,0,0.376875,0.827225,0,0.119397,0.581152,0,0.718419,0.63089,1,0.258493,0.651832,0,0.907314,0.772251,1,0,0,0,0,0,1
seat,True,1,100000,Kn,,True,4,110101,Kn,"Cm, An, Ev",0.956,0.814,0.193,0.806,0.184,0.785,0.955605,0.853403,1,0.814341,0.827225,0,0.193407,0.581152,0,0.806333,0.63089,1,0.184373,0.651832,0,0.785013,0.772251,1,1,0,0,0,0,0
secrete,True,1,100000,Kn,,True,1,100000,Kn,,0.909,0.363,0.198,0.373,0.109,0.199,0.909497,0.853403,1,0.362713,0.827225,0,0.197921,0.581152,0,0.372904,0.63089,0,0.109226,0.651832,0,0.198637,0.772251,0,1,0,0,0,0,0
sectionalize,True,1,000010,Sn,,True,2,000110,Sn,An,0.372,0.683,0.3,0.702,0.986,0.363,0.372198,0.853403,0,0.683053,0.827225,0,0.299882,0.581152,0,0.7017,0.63089,1,0.986121,0.651832,1,0.362524,0.772251,0,0,0,0,0,1,0
secure,True,1,000001,Ev,,True,1,000001,Ev,,0.149,0.084,0.059,0.422,0.372,0.938,0.149215,0.853403,0,0.083608,0.827225,0,0.058602,0.581152,0,0.422445,0.63089,0,0.37238,0.651832,0,0.937944,0.772251,1,0,0,0,0,0,1
sediment,True,1,000100,An,,True,2,001100,An,Ap,0.252,0.518,0.675,0.914,0.172,0.493,0.252062,0.853403,0,0.517721,0.827225,0,0.675225,0.581152,1,0.9143,0.63089,1,0.172248,0.651832,0,0.49274,0.772251,0,0,0,0,1,0,0
see,True,3,110100,Kn,"Cm, An",True,3,110100,Kn,"Cm, An",0.99,0.937,0.356,0.718,0.241,0.492,0.989565,0.853403,1,0.937299,0.827225,1,0.356065,0.581152,0,0.718468,0.63089,1,0.240701,0.651832,0,0.491871,0.772251,0,1,1,0,1,0,0
seek,True,1,100000,Kn,,True,2,101000,Kn,Ap,0.954,0.319,0.87,0.048,0.023,0.025,0.954118,0.853403,1,0.318986,0.827225,0,0.870172,0.581152,1,0.047766,0.63089,0,0.022838,0.651832,0,0.025294,0.772251,0,1,0,0,0,0,0
seem,True,1,100000,Kn,,True,3,110100,Kn,"Cm, An",0.967,0.862,0.114,0.583,0.267,0.498,0.96687,0.853403,1,0.861569,0.827225,1,0.113975,0.581152,0,0.582857,0.63089,0,0.266996,0.651832,0,0.49792,0.772251,0,1,0,0,0,0,0
seep,True,2,100100,Kn,An,True,3,110100,Kn,"Cm, An",0.92,0.802,0.412,0.911,0.086,0.324,0.920294,0.853403,1,0.802154,0.827225,0,0.411982,0.581152,0,0.911429,0.63089,1,0.085761,0.651832,0,0.32411,0.772251,0,1,0,0,1,0,0
segregate,True,1,000100,An,,True,3,000111,An,"Sn, Ev",0.363,0.626,0.282,0.93,0.785,0.755,0.36328,0.853403,0,0.626172,0.827225,0,0.282134,0.581152,0,0.929888,0.63089,1,0.785267,0.651832,1,0.755208,0.772251,0,0,0,0,1,0,0
sell,True,1,001000,Ap,,True,2,011000,Cm,Ap,0.634,0.752,0.609,0.248,0.107,0.522,0.63427,0.853403,0,0.752309,0.827225,0,0.60907,0.581152,1,0.247985,0.63089,0,0.106916,0.651832,0,0.521583,0.772251,0,0,0,1,0,0,0
send,False,0,000000,,,False,0,000000,,,0.149,0.417,0.399,0.195,0.264,0.106,0.149215,0.853403,0,0.417389,0.827225,0,0.399092,0.581152,0,0.194676,0.63089,0,0.264415,0.651832,0,0.106326,0.772251,0,0,0,0,0,0,0
sensitize,True,1,000010,Sn,,True,3,001110,Sn,"Ap, An",0.39,0.373,0.686,0.636,0.783,0.514,0.390365,0.853403,0,0.373496,0.827225,0,0.686425,0.581152,1,0.635966,0.63089,1,0.782689,0.651832,1,0.513917,0.772251,0,0,0,0,0,1,0
sequester,True,1,000100,An,,True,2,000101,An,Ev,0.257,0.205,0.272,0.66,0.158,0.659,0.257313,0.853403,0,0.204644,0.827225,0,0.272187,0.581152,0,0.660153,0.63089,1,0.157638,0.651832,0,0.659188,0.772251,0,0,0,0,1,0,0
serve,True,1,001000,Ap,,True,1,001000,Ap,,0.538,0.657,0.95,0.108,0.405,0.485,0.537942,0.853403,0,0.656709,0.827225,0,0.949974,0.581152,1,0.108329,0.63089,0,0.405387,0.651832,0,0.485087,0.772251,0,0,0,1,0,0,0
set,True,1,000010,Sn,,True,1,000010,Sn,,0.363,0.467,0.182,0.375,0.886,0.433,0.362984,0.853403,0,0.467367,0.827225,0,0.181549,0.581152,0,0.374723,0.63089,0,0.885793,0.651832,1,0.433184,0.772251,0,0,0,0,0,1,0
settle,True,1,000001,Ev,,True,2,000101,Ev,An,0.373,0.238,0.043,0.834,0.522,0.974,0.372943,0.853403,0,0.238304,0.827225,0,0.042546,0.581152,0,0.833843,0.63089,1,0.521526,0.651832,0,0.973964,0.772251,1,0,0,0,0,0,1
shadow,True,3,110100,Kn,"Cm, An",True,3,110100,Kn,"Cm, An",0.967,0.937,0.42,0.653,0.172,0.259,0.966501,0.853403,1,0.937187,0.827225,1,0.419514,0.581152,0,0.652781,0.63089,1,0.172486,0.651832,0,0.258978,0.772251,0,1,1,0,1,0,0
shake,False,0,000000,,,True,1,001000,Ap,,0.429,0.387,0.533,0.236,0.257,0.329,0.428673,0.853403,0,0.387269,0.827225,0,0.532851,0.581152,0,0.236292,0.63089,0,0.257461,0.651832,0,0.328755,0.772251,0,0,0,0,0,0,0
share,False,0,000000,,,True,3,101010,Kn,"Ap, Sn",0.733,0.68,0.514,0.03,0.593,0.18,0.732703,0.853403,0,0.68024,0.827225,0,0.51434,0.581152,0,0.029579,0.63089,0,0.593346,0.651832,0,0.18019,0.772251,0,0,0,0,0,0,0
sharpen,True,1,001000,Ap,,True,2,001010,Ap,Sn,0.149,0.069,0.839,0.442,0.72,0.138,0.149215,0.853403,0,0.068826,0.827225,0,0.839126,0.581152,1,0.442433,0.63089,0,0.719634,0.651832,1,0.137675,0.772251,0,0,0,1,0,0,0
shatter,True,1,000100,An,,True,1,000100,An,,0.218,0.026,0.076,0.779,0.348,0.322,0.218227,0.853403,0,0.026178,0.827225,0,0.075756,0.581152,0,0.778678,0.63089,1,0.347822,0.651832,0,0.322443,0.772251,0,0,0,0,1,0,0
shave,False,0,000000,,,True,2,100001,Kn,Ev,0.849,0.553,0.3,0.223,0.423,0.768,0.848512,0.853403,0,0.552635,0.827225,0,0.299892,0.581152,0,0.222869,0.63089,0,0.423234,0.651832,0,0.767546,0.772251,0,0,0,0,0,0,0
shear,True,1,100000,Kn,,True,2,101000,Kn,Ap,0.854,0.358,0.58,0.525,0.189,0.314,0.854236,0.853403,1,0.357562,0.827225,0,0.580366,0.581152,0,0.525045,0.63089,0,0.188834,0.651832,0,0.314374,0.772251,0,1,0,0,0,0,0
shed,True,1,001000,Ap,,True,1,001000,Ap,,0.429,0.239,0.853,0.332,0.179,0.226,0.428898,0.853403,0,0.239464,0.827225,0,0.852991,0.581152,1,0.331765,0.63089,0,0.178556,0.651832,0,0.225833,0.772251,0,0,0,1,0,0,0
shield,True,1,000001,Ev,,True,2,000011,Ev,Sn,0.427,0.282,0.137,0.409,0.627,0.798,0.426988,0.853403,0,0.28161,0.827225,0,0.137174,0.581152,0,0.409262,0.63089,0,0.627321,0.651832,0,0.79817,0.772251,1,0,0,0,0,0,1
shift,True,1,000100,An,,True,2,001100,An,Ap,0.149,0.456,0.769,0.833,0.371,0.161,0.149215,0.853403,0,0.456202,0.827225,0,0.769162,0.581152,1,0.832875,0.63089,1,0.371065,0.651832,0,0.161122,0.772251,0,0,0,0,1,0,0
shine,True,1,001000,Ap,,True,1,001000,Ap,,0.608,0.626,0.694,0.32,0.451,0.488,0.607836,0.853403,0,0.626361,0.827225,0,0.694334,0.581152,1,0.320183,0.63089,0,0.451146,0.651832,0,0.488456,0.772251,0,0,0,1,0,0,0
ship,True,1,001000,Ap,,True,1,001000,Ap,,0.401,0.553,0.774,0.368,0.395,0.055,0.401324,0.853403,0,0.55328,0.827225,0,0.773619,0.581152,1,0.367817,0.63089,0,0.395307,0.651832,0,0.054718,0.772251,0,0,0,1,0,0,0
shoot,True,1,000001,Ev,,True,2,000101,Ev,An,0.611,0.506,0.41,0.722,0.008,0.797,0.610661,0.853403,0,0.505965,0.827225,0,0.409991,0.581152,0,0.722286,0.63089,1,0.008268,0.651832,0,0.796779,0.772251,1,0,0,0,0,0,1
shorten,False,0,000000,,,False,0,000000,,,0.374,0.702,0.468,0.322,0.452,0.33,0.373994,0.853403,0,0.702175,0.827225,0,0.467632,0.581152,0,0.321827,0.63089,0,0.451519,0.651832,0,0.329876,0.772251,0,0,0,0,0,0,0
shove,True,1,000001,Ev,,True,2,001001,Ev,Ap,0.252,0.342,0.558,0.187,0.464,0.799,0.252314,0.853403,0,0.342286,0.827225,0,0.557909,0.581152,0,0.186736,0.63089,0,0.463891,0.651832,0,0.798794,0.772251,1,0,0,0,0,0,1
shovel,True,2,001100,An,Ap,True,2,001100,An,Ap,0.391,0.474,0.774,0.805,0.54,0.061,0.390719,0.853403,0,0.473546,0.827225,0,0.774225,0.581152,1,0.805441,0.63089,1,0.540186,0.651832,0,0.06118,0.772251,0,0,0,1,1,0,0
shrink,True,1,001000,Ap,,True,2,001100,Ap,An,0.149,0.109,0.886,0.59,0.531,0.105,0.149215,0.853403,0,0.108897,0.827225,0,0.886353,0.581152,1,0.590191,0.63089,0,0.531387,0.651832,0,0.105404,0.772251,0,0,0,1,0,0,0
shuffle,True,1,000100,An,,True,3,000111,An,"Sn, Ev",0.65,0.556,0.299,0.807,0.702,0.673,0.650332,0.853403,0,0.555544,0.827225,0,0.29917,0.581152,0,0.807194,0.63089,1,0.7024,0.651832,1,0.672588,0.772251,0,0,0,0,1,0,0
shut,True,3,001101,Ev,"Ap, An",True,4,011101,Ev,"Cm, Ap, An",0.643,0.704,0.682,0.803,0.306,0.838,0.642922,0.853403,0,0.70374,0.827225,0,0.682092,0.581152,1,0.803148,0.63089,1,0.305961,0.651832,0,0.837628,0.772251,1,0,0,1,1,0,1
side,True,1,000100,An,,True,2,100100,An,Kn,0.853,0.241,0.28,0.862,0.264,0.513,0.85328,0.853403,0,0.241415,0.827225,0,0.280433,0.581152,0,0.862396,0.63089,1,0.263859,0.651832,0,0.512883,0.772251,0,0,0,0,1,0,0
sidestep,True,1,000100,An,,True,1,000100,An,,0.258,0.082,0.206,0.806,0.292,0.322,0.258427,0.853403,0,0.081888,0.827225,0,0.206258,0.581152,0,0.806072,0.63089,1,0.292252,0.651832,0,0.322009,0.772251,0,0,0,0,1,0,0
sign,True,1,100000,Kn,,True,4,110110,Kn,"Cm, An, Sn",0.986,0.866,0.392,0.855,0.685,0.16,0.985968,0.853403,1,0.866471,0.827225,1,0.392324,0.581152,0,0.855188,0.63089,1,0.685108,0.651832,1,0.159816,0.772251,0,1,0,0,0,0,0
signal,False,0,000000,,,True,3,110100,Kn,"Cm, An",0.847,0.774,0.252,0.623,0.198,0.224,0.847407,0.853403,0,0.774205,0.827225,0,0.252424,0.581152,0,0.623324,0.63089,0,0.197623,0.651832,0,0.224262,0.772251,0,0,0,0,0,0,0
signify,True,1,010000,Cm,,True,3,110100,Cm,"Kn, An",0.816,0.965,0.093,0.698,0.501,0.427,0.81604,0.853403,0,0.964946,0.827225,1,0.092687,0.581152,0,0.698487,0.63089,1,0.501344,0.651832,0,0.427041,0.772251,0,0,1,0,0,0,0
silt,True,1,000100,An,,True,1,000100,An,,0.149,0.379,0.19,0.913,0.079,0.495,0.149215,0.853403,0,0.378632,0.827225,0,0.189541,0.581152,0,0.913405,0.63089,1,0.078562,0.651832,0,0.495171,0.772251,0,0,0,0,1,0,0
sin,True,1,000001,Ev,,True,2,100001,Ev,Kn,0.744,0.214,0.281,0.33,0.005,0.917,0.743889,0.853403,0,0.214244,0.827225,0,0.280643,0.581152,0,0.32985,0.63089,0,0.005235,0.651832,0,0.916763,0.772251,1,0,0,0,0,0,1
sing,True,1,100000,Kn,,True,3,101010,Kn,"Ap, Sn",0.945,0.026,0.713,0.111,0.591,0.008,0.944718,0.853403,1,0.026178,0.827225,0,0.713364,0.581152,1,0.110611,0.63089,0,0.590996,0.651832,0,0.007853,0.772251,0,1,0,0,0,0,0
sink,True,1,000100,An,,True,2,001100,An,Ap,0.458,0.398,0.548,0.917,0.433,0.061,0.458166,0.853403,0,0.398082,0.827225,0,0.547579,0.581152,0,0.916574,0.63089,1,0.433458,0.651832,0,0.060985,0.772251,0,0,0,0,1,0,0
siphon,True,1,001000,Ap,,True,2,001100,Ap,An,0.588,0.67,0.935,0.811,0.166,0.008,0.588121,0.853403,0,0.670037,0.827225,0,0.935108,0.581152,1,0.811013,0.63089,1,0.165866,0.651832,0,0.007853,0.772251,0,0,0,1,0,0,0
sit,True,1,000010,Sn,,True,2,100010,Kn,Sn,0.768,0.274,0.387,0.36,0.681,0.354,0.767952,0.853403,0,0.274388,0.827225,0,0.386822,0.581152,0,0.360145,0.63089,0,0.680925,0.651832,1,0.354405,0.772251,0,0,0,0,0,1,0
situate,True,1,000010,Sn,,True,3,110010,Sn,"Kn, Cm",0.805,0.816,0.386,0.37,0.86,0.377,0.805189,0.853403,0,0.816051,0.827225,0,0.385616,0.581152,0,0.370257,0.63089,0,0.860017,0.651832,1,0.376501,0.772251,0,0,0,0,0,1,0
skew,True,1,000100,An,,True,2,000101,An,Ev,0.605,0.376,0.264,0.918,0.414,0.674,0.605336,0.853403,0,0.376297,0.827225,0,0.264085,0.581152,0,0.917549,0.63089,1,0.413876,0.651832,0,0.674187,0.772251,0,0,0,0,1,0,0
skip,True,1,100000,Kn,,True,2,100100,Kn,An,0.983,0.497,0.216,0.715,0.156,0.634,0.983324,0.853403,1,0.497255,0.827225,0,0.215608,0.581152,0,0.715115,0.63089,1,0.156262,0.651832,0,0.633602,0.772251,0,1,0,0,0,0,0
slap,True,1,000010,Sn,,True,2,001010,Sn,Ap,0.374,0.422,0.541,0.038,0.765,0.551,0.373916,0.853403,0,0.422228,0.827225,0,0.540528,0.581152,0,0.038146,0.63089,0,0.7654,0.651832,1,0.551439,0.772251,0,0,0,0,0,1,0
slice,True,1,000100,An,,True,1,000100,An,,0.615,0.495,0.294,0.977,0.028,0.325,0.614737,0.853403,0,0.495462,0.827225,0,0.293725,0.581152,0,0.976738,0.63089,1,0.027928,0.651832,0,0.324506,0.772251,0,0,0,0,1,0,0
slide,True,1,001000,Ap,,True,2,001100,Ap,An,0.619,0.626,0.775,0.541,0.423,0.11,0.618947,0.853403,0,0.62554,0.827225,0,0.774653,0.581152,1,0.54104,0.63089,0,0.422982,0.651832,0,0.110473,0.772251,0,0,0,1,0,0,0
slip,False,0,000000,,,True,1,010000,Cm,,0.611,0.812,0.293,0.216,0.091,0.355,0.611266,0.853403,0,0.811724,0.827225,0,0.293139,0.581152,0,0.21559,0.63089,0,0.090732,0.651832,0,0.35488,0.772251,0,0,0,0,0,0,0
slither,True,1,000100,An,,True,2,001100,An,Ap,0.597,0.641,0.687,0.862,0.411,0.147,0.597097,0.853403,0,0.641309,0.827225,0,0.686576,0.581152,1,0.861953,0.63089,1,0.410666,0.651832,0,0.146618,0.772251,0,0,0,0,1,0,0
slosh,True,1,000100,An,,True,3,010110,Cm,"An, Sn",0.582,0.815,0.21,0.743,0.666,0.328,0.581602,0.853403,0,0.814694,0.827225,0,0.210182,0.581152,0,0.742878,0.63089,1,0.665693,0.651832,1,0.327783,0.772251,0,0,0,0,1,0,0
slow,False,0,000000,,,True,2,100001,Kn,Ev,0.847,0.535,0.004,0.223,0.196,0.683,0.846617,0.853403,0,0.535067,0.827225,0,0.004,0.581152,0,0.222939,0.63089,0,0.196414,0.651832,0,0.683448,0.772251,0,0,0,0,0,0,0
smear,True,1,000100,An,,True,3,110100,An,"Kn, Cm",0.92,0.895,0.298,0.99,0.034,0.355,0.919577,0.853403,1,0.895085,0.827225,1,0.297723,0.581152,0,0.989878,0.63089,1,0.03378,0.651832,0,0.355451,0.772251,0,0,0,0,1,0,0
smile,True,1,000010,Sn,,True,2,100010,Sn,Kn,0.731,0.375,0.271,0.316,0.787,0.141,0.730543,0.853403,0,0.374726,0.827225,0,0.271331,0.581152,0,0.316051,0.63089,0,0.787227,0.651832,1,0.140754,0.772251,0,0,0,0,0,1,0
smoke,True,3,101100,Ap,"Kn, An",True,4,111100,Ap,"Kn, Cm, An",0.984,0.789,0.994,0.722,0.105,0.328,0.983954,0.853403,1,0.789413,0.827225,0,0.993735,0.581152,1,0.722278,0.63089,1,0.105319,0.651832,0,0.327856,0.772251,0,1,0,1,1,0,0
smooth,False,0,000000,,,False,0,000000,,,0.429,0.526,0.436,0.486,0.523,0.063,0.429125,0.853403,0,0.525942,0.827225,0,0.435601,0.581152,0,0.485501,0.63089,0,0.523188,0.651832,0,0.063381,0.772251,0,0,0,0,0,0,0
smoothen,True,1,000010,Sn,,True,1,000010,Sn,,0.226,0.211,0.298,0.209,0.718,0.206,0.225693,0.853403,0,0.21101,0.827225,0,0.297917,0.581152,0,0.209209,0.63089,0,0.717596,0.651832,1,0.205655,0.772251,0,0,0,0,0,1,0
smudge,True,3,110100,Cm,"Kn, An",True,3,110100,Cm,"Kn, An",0.918,0.964,0.417,0.833,0.258,0.06,0.917601,0.853403,1,0.964409,0.827225,1,0.416926,0.581152,0,0.832501,0.63089,1,0.258107,0.651832,0,0.060409,0.772251,0,1,1,0,1,0,0
snap,True,1,000001,Ev,,True,3,100101,Ev,"Kn, An",0.754,0.526,0.168,0.81,0.006,0.917,0.754018,0.853403,0,0.525522,0.827225,0,0.168407,0.581152,0,0.809694,0.63089,1,0.006399,0.651832,0,0.9168,0.772251,1,0,0,0,0,0,1
soak,True,1,001000,Ap,,True,1,001000,Ap,,0.312,0.097,0.966,0.017,0.402,0.36,0.31248,0.853403,0,0.096622,0.827225,0,0.966071,0.581152,1,0.016686,0.63089,0,0.402137,0.651832,0,0.359614,0.772251,0,0,0,1,0,0,0
soar,False,0,000000,,,True,2,100001,Kn,Ev,0.846,0.527,0.395,0.121,0.008,0.689,0.845532,0.853403,0,0.527049,0.827225,0,0.395413,0.581152,0,0.120803,0.63089,0,0.008053,0.651832,0,0.688635,0.772251,0,0,0,0,0,0,0
socialize,True,1,000010,Sn,,True,2,010010,Sn,Cm,0.48,0.729,0.252,0.053,0.984,0.368,0.480466,0.853403,0,0.729207,0.827225,0,0.251901,0.581152,0,0.052905,0.63089,0,0.9842,0.651832,1,0.367996,0.772251,0,0,0,0,0,1,0
soften,True,1,000010,Sn,,True,2,001010,Sn,Ap,0.266,0.097,0.701,0.326,0.785,0.312,0.266419,0.853403,0,0.096972,0.827225,0,0.701105,0.581152,1,0.325907,0.63089,0,0.784689,0.651832,1,0.311842,0.772251,0,0,0,0,0,1,0
solicit,False,0,000000,,,False,0,000000,,,0.196,0.377,0.247,0.254,0.429,0.32,0.195995,0.853403,0,0.376862,0.827225,0,0.247429,0.581152,0,0.253527,0.63089,0,0.429422,0.651832,0,0.319826,0.772251,0,0,0,0,0,0,0
solidify,True,2,001010,Sn,Ap,True,2,001010,Sn,Ap,0.364,0.166,0.74,0.109,0.795,0.544,0.364352,0.853403,0,0.165572,0.827225,0,0.740365,0.581152,1,0.108943,0.63089,0,0.795015,0.651832,1,0.544214,0.772251,0,0,0,1,0,1,0
sound,False,0,000000,,,True,1,000100,An,,0.722,0.508,0.114,0.61,0.303,0.368,0.72199,0.853403,0,0.50775,0.827225,0,0.113784,0.581152,0,0.609594,0.63089,0,0.303498,0.651832,0,0.368182,0.772251,0,0,0,0,0,0,0
sow,True,1,000100,An,,True,4,110110,An,"Kn, Cm, Sn",0.736,0.801,0.213,0.872,0.577,0.354,0.736407,0.853403,0,0.800963,0.827225,0,0.212736,0.581152,0,0.871864,0.63089,1,0.577198,0.651832,0,0.353696,0.772251,0,0,0,0,1,0,0
sparge,False,0,000000,,,True,3,100011,Kn,"Sn, Ev",0.752,0.507,0.113,0.05,0.556,0.658,0.752496,0.853403,0,0.507398,0.827225,0,0.112835,0.581152,0,0.050257,0.63089,0,0.556346,0.651832,0,0.657799,0.772251,0,0,0,0,0,0,0
spark,True,1,000100,An,,True,2,100100,Kn,An,0.798,0.424,0.257,0.719,0.174,0.485,0.797825,0.853403,0,0.424392,0.827225,0,0.256521,0.581152,0,0.718574,0.63089,1,0.173538,0.651832,0,0.485332,0.772251,0,0,0,0,1,0,0
spawn,True,1,000010,Sn,,True,1,000010,Sn,,0.657,0.229,0.366,0.357,0.914,0.22,0.656521,0.853403,0,0.228959,0.827225,0,0.365923,0.581152,0,0.356552,0.63089,0,0.914027,0.651832,1,0.220104,0.772251,0,0,0,0,0,1,0
speak,True,1,000010,Sn,,True,3,101010,Kn,"Ap, Sn",0.833,0.656,0.656,0.005,0.729,0.071,0.832581,0.853403,0,0.656051,0.827225,0,0.655966,0.581152,1,0.005398,0.63089,0,0.72906,0.651832,1,0.071226,0.772251,0,0,0,0,0,1,0
spearhead,True,1,000100,An,,True,3,100101,Kn,"An, Ev",0.845,0.523,0.119,0.798,0.308,0.67,0.844987,0.853403,0,0.523288,0.827225,0,0.119422,0.581152,0,0.798291,0.63089,1,0.30818,0.651832,0,0.670138,0.772251,0,0,0,0,1,0,0
specialize,True,1,001000,Ap,,True,2,001010,Ap,Sn,0.263,0.541,0.939,0.23,0.712,0.112,0.262914,0.853403,0,0.541115,0.827225,0,0.938831,0.581152,1,0.23043,0.63089,0,0.712004,0.651832,1,0.112368,0.772251,0,0,0,1,0,0,0
spell,True,1,100000,Kn,,True,1,100000,Kn,,0.944,0.488,0.198,0.263,0.109,0.499,0.944326,0.853403,1,0.488321,0.827225,0,0.198139,0.581152,0,0.262881,0.63089,0,0.108645,0.651832,0,0.499191,0.772251,0,1,0,0,0,0,0
spend,True,1,001000,Ap,,True,1,001000,Ap,,0.633,0.259,0.994,0.019,0.4,0.369,0.633455,0.853403,0,0.258959,0.827225,0,0.994339,0.581152,1,0.018675,0.63089,0,0.399614,0.651832,0,0.368701,0.772251,0,0,0,1,0,0,0
spin,True,1,001000,Ap,,True,2,001100,Ap,An,0.465,0.503,0.935,0.718,0.173,0.148,0.464817,0.853403,0,0.502821,0.827225,0,0.934858,0.581152,1,0.718029,0.63089,1,0.172687,0.651832,0,0.148437,0.772251,0,0,0,1,0,0,0
splash,True,1,100000,Kn,,True,2,100100,Kn,An,0.919,0.557,0.114,0.817,0.005,0.162,0.91863,0.853403,1,0.556652,0.827225,0,0.113922,0.581152,0,0.81719,0.63089,1,0.005169,0.651832,0,0.162019,0.772251,0,1,0,0,0,0,0
splice,True,2,000110,Sn,An,True,2,000110,Sn,An,0.149,0.224,0.299,0.752,0.767,0.3,0.149215,0.853403,0,0.22422,0.827225,0,0.298787,0.581152,0,0.751625,0.63089,1,0.766793,0.651832,1,0.300296,0.772251,0,0,0,0,1,1,0
split,True,1,000100,An,,True,2,000110,An,Sn,0.206,0.295,0.059,0.955,0.647,0.236,0.205506,0.853403,0,0.29527,0.827225,0,0.058729,0.581152,0,0.95503,0.63089,1,0.646501,0.651832,0,0.236293,0.772251,0,0,0,0,1,0,0
spoil,True,2,001100,An,Ap,True,3,011100,An,"Cm, Ap",0.429,0.707,0.69,0.725,0.172,0.528,0.429175,0.853403,0,0.707081,0.827225,0,0.690451,0.581152,1,0.724983,0.63089,1,0.172094,0.651832,0,0.527571,0.772251,0,0,0,1,1,0,0
sponsor,True,1,001000,Ap,,True,1,001000,Ap,,0.429,0.702,0.845,0.435,0.277,0.222,0.428616,0.853403,0,0.702014,0.827225,0,0.844864,0.581152,1,0.435402,0.63089,0,0.276648,0.651832,0,0.222185,0.772251,0,0,0,1,0,0,0
sporulate,False,0,000000,,,True,3,011010,Cm,"Ap, Sn",0.614,0.77,0.58,0.217,0.592,0.185,0.614419,0.853403,0,0.769626,0.827225,0,0.580403,0.581152,0,0.216594,0.63089,0,0.591788,0.651832,0,0.185239,0.772251,0,0,0,0,0,0,0
spray,True,1,001000,Ap,,True,1,001000,Ap,,0.289,0.355,0.938,0.038,0.16,0.503,0.288974,0.853403,0,0.355388,0.827225,0,0.937701,0.581152,1,0.037591,0.63089,0,0.159975,0.651832,0,0.502922,0.772251,0,0,0,1,0,0,0
spread,True,1,001000,Ap,,True,1,001000,Ap,,0.374,0.375,0.766,0.376,0.258,0.184,0.373554,0.853403,0,0.37455,0.827225,0,0.765595,0.581152,1,0.376145,0.63089,0,0.258445,0.651832,0,0.183793,0.772251,0,0,0,1,0,0,0
sprinkle,True,1,001000,Ap,,True,1,001000,Ap,,0.615,0.695,0.674,0.225,0.171,0.008,0.614945,0.853403,0,0.695439,0.827225,0,0.673914,0.581152,1,0.225117,0.63089,0,0.170509,0.651832,0,0.007853,0.772251,0,0,0,1,0,0,0
sputter,False,0,000000,,,True,3,110100,Cm,"Kn, An",0.735,0.815,0.42,0.615,0.179,0.008,0.734942,0.853403,0,0.815096,0.827225,0,0.420257,0.581152,0,0.615498,0.63089,0,0.179391,0.651832,0,0.007853,0.772251,0,0,0,0,0,0,0
squander,True,1,001000,Ap,,True,3,001101,Ap,"An, Ev",0.267,0.229,0.977,0.582,0.005,0.662,0.267194,0.853403,0,0.229007,0.827225,0,0.977039,0.581152,1,0.582456,0.63089,0,0.005166,0.651832,0,0.662257,0.772251,0,0,0,1,0,0,0
squash,True,1,000100,An,,True,2,001100,An,Ap,0.65,0.557,0.562,0.721,0.415,0.35,0.649717,0.853403,0,0.557426,0.827225,0,0.56246,0.581152,0,0.721311,0.63089,1,0.415418,0.651832,0,0.350056,0.772251,0,0,0,0,1,0,0
squeeze,True,1,000001,Ev,,True,3,001101,Ev,"Ap, An",0.427,0.661,0.768,0.72,0.197,0.848,0.426842,0.853403,0,0.661344,0.827225,0,0.768399,0.581152,1,0.720048,0.63089,1,0.197421,0.651832,0,0.848342,0.772251,1,0,0,0,0,0,1
squirt,True,1,001000,Ap,,True,2,001100,Ap,An,0.634,0.679,0.679,0.617,0.079,0.157,0.634437,0.853403,0,0.678856,0.827225,0,0.678815,0.581152,1,0.617042,0.63089,0,0.078864,0.651832,0,0.156705,0.772251,0,0,0,1,0,0,0
stabilize,True,1,000010,Sn,,True,2,000011,Sn,Ev,0.149,0.026,0.122,0.195,0.917,0.847,0.149215,0.853403,0,0.026178,0.827225,0,0.121922,0.581152,0,0.19548,0.63089,0,0.916886,0.651832,1,0.846807,0.772251,1,0,0,0,0,1,0
stack,True,1,000010,Sn,,True,1,000010,Sn,,0.477,0.107,0.447,0.219,0.929,0.479,0.476704,0.853403,0,0.107192,0.827225,0,0.446697,0.581152,0,0.218636,0.63089,0,0.928888,0.651832,1,0.479001,0.772251,0,0,0,0,0,1,0
stagger,True,1,001000,Ap,,True,2,101000,Kn,Ap,0.765,0.696,0.758,0.362,0.037,0.343,0.764503,0.853403,0,0.695621,0.827225,0,0.757643,0.581152,1,0.3616,0.63089,0,0.036832,0.651832,0,0.343344,0.772251,0,0,0,1,0,0,0
stagnate,True,2,001010,Ap,Sn,True,2,001010,Ap,Sn,0.278,0.098,0.688,0.105,0.685,0.519,0.277896,0.853403,0,0.097722,0.827225,0,0.687638,0.581152,1,0.10473,0.63089,0,0.684918,0.651832,1,0.51856,0.772251,0,0,0,1,0,1,0
stall,False,0,000000,,,True,1,000100,An,,0.31,0.252,0.299,0.617,0.181,0.48,0.310247,0.853403,0,0.252218,0.827225,0,0.298644,0.581152,0,0.61737,0.63089,0,0.181002,0.651832,0,0.48005,0.772251,0,0,0,0,0,0,0
stamp,True,1,100000,Kn,,True,3,110100,Kn,"Cm, An",0.966,0.776,0.197,0.718,0.538,0.147,0.966078,0.853403,1,0.775707,0.827225,0,0.197153,0.581152,0,0.717903,0.63089,1,0.537927,0.651832,0,0.147284,0.772251,0,1,0,0,0,0,0
stand,True,1,100000,Kn,,True,3,110001,Kn,"Cm, Ev",0.873,0.708,0.286,0.502,0.415,0.752,0.873209,0.853403,1,0.70757,0.827225,0,0.285743,0.581152,0,0.502021,0.63089,0,0.415026,0.651832,0,0.752333,0.772251,0,1,0,0,0,0,0
standardize,True,1,001000,Ap,,True,2,001010,Ap,Sn,0.149,0.599,0.915,0.194,0.736,0.209,0.149215,0.853403,0,0.598522,0.827225,0,0.91524,0.581152,1,0.194106,0.63089,0,0.735596,0.651832,1,0.208826,0.772251,0,0,0,1,0,0,0
start,True,1,000010,Sn,,True,2,001010,Sn,Ap,0.687,0.206,0.514,0.486,0.787,0.313,0.686953,0.853403,0,0.205558,0.827225,0,0.514371,0.581152,0,0.486004,0.63089,0,0.786824,0.651832,1,0.313296,0.772251,0,0,0,0,0,1,0
starve,True,1,000010,Sn,,True,3,001011,Sn,"Ap, Ev",0.272,0.381,0.701,0.196,0.86,0.767,0.272236,0.853403,0,0.38082,0.827225,0,0.70101,0.581152,1,0.196254,0.63089,0,0.859538,0.651832,1,0.767114,0.772251,0,0,0,0,0,1,0
stay,True,1,001000,Ap,,True,2,001001,Ev,Ap,0.722,0.355,0.601,0.039,0.302,0.749,0.722165,0.853403,0,0.354733,0.827225,0,0.600524,0.581152,1,0.038518,0.63089,0,0.302176,0.651832,0,0.748637,0.772251,0,0,0,1,0,0,0
steal,True,1,001000,Ap,,True,2,101000,Ap,Kn,0.816,0.489,0.876,0.067,0.057,0.58,0.816277,0.853403,0,0.488644,0.827225,0,0.876062,0.581152,1,0.067495,0.63089,0,0.057481,0.651832,0,0.579673,0.772251,0,0,0,1,0,0,0
steer,True,2,001010,Ap,Sn,True,2,001010,Ap,Sn,0.373,0.257,0.699,0.52,0.685,0.654,0.372901,0.853403,0,0.257233,0.827225,0,0.69898,0.581152,1,0.520233,0.63089,0,0.684671,0.651832,1,0.653578,0.772251,0,0,0,1,0,1,0
stick,True,1,001000,Ap,,True,1,001000,Ap,,0.581,0.081,0.867,0.534,0.1,0.345,0.580768,0.853403,0,0.081354,0.827225,0,0.867312,0.581152,1,0.534395,0.63089,0,0.099878,0.651832,0,0.344564,0.772251,0,0,0,1,0,0,0
stiffen,True,1,001000,Ap,,True,1,001000,Ap,,0.149,0.1,0.703,0.453,0.413,0.289,0.149215,0.853403,0,0.100292,0.827225,0,0.703187,0.581152,1,0.45337,0.63089,0,0.412524,0.651832,0,0.28915,0.772251,0,0,0,1,0,0,0
stifle,False,0,000000,,,False,0,000000,,,0.149,0.067,0.405,0.328,0.158,0.554,0.149215,0.853403,0,0.066603,0.827225,0,0.404741,0.581152,0,0.327607,0.63089,0,0.158486,0.651832,0,0.554239,0.772251,0,0,0,0,0,0,0
stimulate,True,1,000010,Sn,,True,2,001010,Sn,Ap,0.323,0.07,0.632,0.016,0.866,0.204,0.323134,0.853403,0,0.069804,0.827225,0,0.632093,0.581152,1,0.016104,0.63089,0,0.865784,0.651832,1,0.204444,0.772251,0,0,0,0,0,1,0
stipulate,False,0,000000,,,True,1,000010,Sn,,0.4,0.496,0.281,0.232,0.607,0.514,0.399617,0.853403,0,0.496042,0.827225,0,0.281287,0.581152,0,0.231922,0.63089,0,0.607301,0.651832,0,0.513839,0.772251,0,0,0,0,0,0,0
stir,True,1,000010,Sn,,True,2,000110,Sn,An,0.311,0.381,0.183,0.803,0.966,0.639,0.310685,0.853403,0,0.380944,0.827225,0,0.182953,0.581152,0,0.803057,0.63089,1,0.965552,0.651832,1,0.638592,0.772251,0,0,0,0,0,1,0
stitch,True,1,100000,Kn,,True,3,101100,Kn,"Ap, An",0.947,0.656,0.592,0.81,0.258,0.053,0.946885,0.853403,1,0.65562,0.827225,0,0.592059,0.581152,1,0.80995,0.63089,1,0.257919,0.651832,0,0.053084,0.772251,0,1,0,0,0,0,0
stockpile,True,1,001000,Ap,,True,3,001110,Ap,"An, Sn",0.475,0.155,0.978,0.549,0.639,0.603,0.475177,0.853403,0,0.155483,0.827225,0,0.977614,0.581152,1,0.548727,0.63089,0,0.638545,0.651832,0,0.602732,0.772251,0,0,0,1,0,0,0
stomp,True,1,010000,Cm,,True,2,011000,Cm,Ap,0.705,0.834,0.553,0.447,0.009,0.373,0.704874,0.853403,0,0.834112,0.827225,1,0.552578,0.581152,0,0.447069,0.63089,0,0.008987,0.651832,0,0.373156,0.772251,0,0,1,0,0,0,0
stoop,False,0,000000,,,True,1,000100,An,,0.409,0.215,0.407,0.627,0.539,0.352,0.409499,0.853403,0,0.215451,0.827225,0,0.406572,0.581152,0,0.626878,0.63089,0,0.539315,0.651832,0,0.351636,0.772251,0,0,0,0,0,0,0
stop,True,1,100000,Kn,,True,2,100001,Kn,Ev,0.854,0.548,0.298,0.487,0.259,0.776,0.853614,0.853403,1,0.548214,0.827225,0,0.297904,0.581152,0,0.486993,0.63089,0,0.259249,0.651832,0,0.775861,0.772251,1,1,0,0,0,0,0
store,True,1,001000,Ap,,True,4,111100,Ap,"Kn, Cm, An",0.737,0.833,0.958,0.575,0.332,0.161,0.737464,0.853403,0,0.832729,0.827225,1,0.958087,0.581152,1,0.5754,0.63089,0,0.332015,0.651832,0,0.160837,0.772251,0,0,0,1,0,0,0
straddle,False,0,000000,,,True,3,101100,Kn,"Ap, An",0.753,0.529,0.541,0.592,0.424,0.356,0.753382,0.853403,0,0.52924,0.827225,0,0.541182,0.581152,0,0.592459,0.63089,0,0.423976,0.651832,0,0.356112,0.772251,0,0,0,0,0,0,0
straighten,True,1,000001,Ev,,True,3,000111,Ev,"An, Sn",0.478,0.275,0.281,0.546,0.566,0.852,0.477803,0.853403,0,0.274641,0.827225,0,0.281026,0.581152,0,0.546389,0.63089,0,0.566207,0.651832,0,0.852354,0.772251,1,0,0,0,0,0,1
stratify,True,1,000010,Sn,,True,4,011110,Sn,"Cm, Ap, An",0.605,0.761,0.748,0.743,0.829,0.653,0.605019,0.853403,0,0.761327,0.827225,0,0.747669,0.581152,1,0.742547,0.63089,1,0.829442,0.651832,1,0.653081,0.772251,0,0,0,0,0,1,0
stray,True,1,000100,An,,True,3,110100,Kn,"Cm, An",0.845,0.798,0.114,0.742,0.084,0.649,0.845248,0.853403,0,0.79833,0.827225,0,0.113938,0.581152,0,0.742338,0.63089,1,0.084491,0.651832,0,0.648927,0.772251,0,0,0,0,1,0,0
streamline,True,1,100000,Kn,,True,2,110000,Kn,Cm,0.926,0.815,0.404,0.497,0.541,0.05,0.92602,0.853403,1,0.815149,0.827225,0,0.404305,0.581152,0,0.497181,0.63089,0,0.541449,0.651832,0,0.049701,0.772251,0,1,0,0,0,0,0
strengthen,True,1,001000,Ap,,True,2,001010,Ap,Sn,0.149,0.206,0.826,0.069,0.736,0.238,0.149215,0.853403,0,0.205706,0.827225,0,0.826295,0.581152,1,0.069329,0.63089,0,0.735659,0.651832,1,0.237738,0.772251,0,0,0,1,0,0,0
stretch,True,1,001000,Ap,,True,2,001100,Ap,An,0.206,0.557,0.628,0.609,0.261,0.237,0.205545,0.853403,0,0.556553,0.827225,0,0.627796,0.581152,1,0.609347,0.63089,0,0.261407,0.651832,0,0.237059,0.772251,0,0,0,1,0,0,0
strike,True,1,000001,Ev,,True,1,000001,Ev,,0.44,0.253,0.156,0.457,0.201,0.914,0.440073,0.853403,0,0.252852,0.827225,0,0.156426,0.581152,0,0.457162,0.63089,0,0.200581,0.651832,0,0.913704,0.772251,1,0,0,0,0,0,1
strive,True,1,001000,Ap,,True,1,001000,Ap,,0.364,0.055,0.82,0.177,0.5,0.444,0.363517,0.853403,0,0.054996,0.827225,0,0.820294,0.581152,1,0.177147,0.63089,0,0.499989,0.651832,0,0.443598,0.772251,0,0,0,1,0,0,0
struggle,True,4,001111,Ev,"Ap, An, Sn",True,4,001111,Ev,"Ap, An, Sn",0.316,0.522,0.663,0.848,0.811,0.855,0.316196,0.853403,0,0.521761,0.827225,0,0.662872,0.581152,1,0.847731,0.63089,1,0.810679,0.651832,1,0.855251,0.772251,1,0,0,1,1,1,1
stutter,True,1,100000,Kn,,True,1,100000,Kn,,0.916,0.403,0.207,0.325,0.54,0.047,0.916321,0.853403,1,0.403083,0.827225,0,0.20711,0.581152,0,0.32475,0.63089,0,0.54035,0.651832,0,0.047447,0.772251,0,1,0,0,0,0,0
stylize,True,1,000010,Sn,,True,1,000010,Sn,,0.355,0.31,0.481,0.427,0.702,0.259,0.355289,0.853403,0,0.309963,0.827225,0,0.481201,0.581152,0,0.426709,0.63089,0,0.701582,0.651832,1,0.25874,0.772251,0,0,0,0,0,1,0
stymy,True,1,000100,An,,True,3,110100,Kn,"Cm, An",0.848,0.816,0.296,0.72,0.261,0.196,0.847678,0.853403,0,0.815818,0.827225,0,0.29628,0.581152,0,0.719687,0.63089,1,0.261369,0.651832,0,0.195954,0.772251,0,0,0,0,1,0,0
subdue,True,1,000010,Sn,,True,2,000011,Sn,Ev,0.27,0.097,0.281,0.018,0.697,0.689,0.269515,0.853403,0,0.097394,0.827225,0,0.280781,0.581152,0,0.018353,0.63089,0,0.697277,0.651832,1,0.688619,0.772251,0,0,0,0,0,1,0
submerge,True,1,001000,Ap,,True,1,001000,Ap,,0.391,0.497,0.796,0.135,0.409,0.344,0.391496,0.853403,0,0.497227,0.827225,0,0.795932,0.581152,1,0.135389,0.63089,0,0.409061,0.651832,0,0.343669,0.772251,0,0,0,1,0,0,0
submit,True,1,000001,Ev,,True,2,000011,Ev,Sn,0.359,0.395,0.486,0.46,0.696,0.826,0.35866,0.853403,0,0.395134,0.827225,0,0.486039,0.581152,0,0.459868,0.63089,0,0.696294,0.651832,1,0.826464,0.772251,1,0,0,0,0,0,1
subside,False,0,000000,,,False,0,000000,,,0.392,0.512,0.311,0.441,0.076,0.478,0.392206,0.853403,0,0.511771,0.827225,0,0.310876,0.581152,0,0.441402,0.63089,0,0.075601,0.651832,0,0.478113,0.772251,0,0,0,0,0,0,0
substantiate,True,1,000001,Ev,,True,3,010101,Ev,"Cm, An",0.182,0.747,0.252,0.555,0.058,0.916,0.181789,0.853403,0,0.746662,0.827225,0,0.252131,0.581152,0,0.555268,0.63089,0,0.057556,0.651832,0,0.916335,0.772251,1,0,0,0,0,0,1
subsume,False,0,000000,,,True,2,010010,Cm,Sn,0.149,0.768,0.287,0.365,0.555,0.514,0.149215,0.853403,0,0.76816,0.827225,0,0.286649,0.581152,0,0.365044,0.63089,0,0.554655,0.651832,0,0.513981,0.772251,0,0,0,0,0,0,0
subtend,False,0,000000,,,True,2,101000,Kn,Ap,0.769,0.685,0.517,0.055,0.167,0.48,0.76903,0.853403,0,0.684652,0.827225,0,0.516546,0.581152,0,0.055088,0.63089,0,0.167253,0.651832,0,0.479787,0.772251,0,0,0,0,0,0,0
succeed,True,1,001000,Ap,,True,2,001010,Ap,Sn,0.244,0.367,0.987,0.455,0.588,0.332,0.243921,0.853403,0,0.367301,0.827225,0,0.986803,0.581152,1,0.454597,0.63089,0,0.588183,0.651832,0,0.331778,0.772251,0,0,0,1,0,0,0
sue,True,1,000001,Ev,,True,2,001001,Ev,Ap,0.379,0.679,0.532,0.332,0.411,0.941,0.378942,0.853403,0,0.679047,0.827225,0,0.532472,0.581152,0,0.331929,0.63089,0,0.410974,0.651832,0,0.94129,0.772251,1,0,0,0,0,0,1
suffer,True,1,000010,Sn,,True,3,100011,Sn,"Kn, Ev",0.839,0.633,0.36,0.113,0.898,0.826,0.838563,0.853403,0,0.632719,0.827225,0,0.359823,0.581152,0,0.11265,0.63089,0,0.897768,0.651832,1,0.826454,0.772251,1,0,0,0,0,1,0
suffice,False,0,000000,,,True,1,000001,Ev,,0.308,0.258,0.119,0.123,0.505,0.769,0.308324,0.853403,0,0.257927,0.827225,0,0.118597,0.581152,0,0.123458,0.63089,0,0.50495,0.651832,0,0.768585,0.772251,0,0,0,0,0,0,0
superimpose,False,0,000000,,,True,1,000010,Sn,,0.684,0.468,0.303,0.031,0.589,0.511,0.684106,0.853403,0,0.468462,0.827225,0,0.302609,0.581152,0,0.030954,0.63089,0,0.589182,0.651832,0,0.510734,0.772251,0,0,0,0,0,0,0
supersede,True,1,010000,Cm,,True,3,011100,Cm,"Ap, An",0.276,0.841,0.539,0.634,0.042,0.523,0.276145,0.853403,0,0.841265,0.827225,1,0.538709,0.581152,0,0.634195,0.63089,1,0.041983,0.651832,0,0.522796,0.772251,0,0,1,0,0,0,0
supplant,True,1,001000,Ap,,True,1,001000,Ap,,0.149,0.487,0.642,0.109,0.47,0.444,0.149215,0.853403,0,0.487339,0.827225,0,0.64192,0.581152,1,0.108936,0.63089,0,0.470081,0.651832,0,0.443511,0.772251,0,0,0,1,0,0,0
suppose,True,1,000001,Ev,,True,3,000111,Ev,"An, Sn",0.368,0.495,0.158,0.577,0.736,0.901,0.367849,0.853403,0,0.495191,0.827225,0,0.158134,0.581152,0,0.577021,0.63089,0,0.735647,0.651832,1,0.901454,0.772251,1,0,0,0,0,0,1
suppress,True,1,000001,Ev,,True,2,001001,Ev,Ap,0.246,0.154,0.606,0.148,0.234,0.826,0.246219,0.853403,0,0.15361,0.827225,0,0.606071,0.581152,1,0.1481,0.63089,0,0.23383,0.651832,0,0.826295,0.772251,1,0,0,0,0,0,1
surpass,True,3,011010,Cm,"Ap, Sn",True,3,011010,Cm,"Ap, Sn",0.375,0.834,0.602,0.109,0.819,0.481,0.374908,0.853403,0,0.834425,0.827225,1,0.601853,0.581152,1,0.109178,0.63089,0,0.818751,0.651832,1,0.481271,0.772251,0,0,1,1,0,1,0
surround,True,1,000010,Sn,,True,1,000010,Sn,,0.28,0.376,0.281,0.114,0.866,0.181,0.279738,0.853403,0,0.375888,0.827225,0,0.28092,0.581152,0,0.114227,0.63089,0,0.865835,0.651832,1,0.181282,0.772251,0,0,0,0,0,1,0
survive,True,3,001011,Sn,"Ap, Ev",True,3,001011,Sn,"Ap, Ev",0.568,0.496,0.596,0.172,0.886,0.832,0.56791,0.853403,0,0.496087,0.827225,0,0.596245,0.581152,1,0.172278,0.63089,0,0.88619,0.651832,1,0.832433,0.772251,1,0,0,1,0,1,1
suspect,True,2,000101,An,Ev,True,3,100101,An,"Kn, Ev",0.752,0.541,0.057,0.922,0.094,0.908,0.751659,0.853403,0,0.541222,0.827225,0,0.056765,0.581152,0,0.922295,0.63089,1,0.093666,0.651832,0,0.907754,0.772251,1,0,0,0,1,0,1
suspend,False,0,000000,,,False,0,000000,,,0.31,0.026,0.253,0.155,0.511,0.535,0.309788,0.853403,0,0.026178,0.827225,0,0.253284,0.581152,0,0.154812,0.63089,0,0.510787,0.651832,0,0.535401,0.772251,0,0,0,0,0,0,0
sustain,True,3,001011,Ev,"Ap, Sn",True,3,001011,Ev,"Ap, Sn",0.174,0.302,0.607,0.112,0.769,0.809,0.174036,0.853403,0,0.30185,0.827225,0,0.607032,0.581152,1,0.111878,0.63089,0,0.769452,0.651832,1,0.808588,0.772251,1,0,0,1,0,1,1
sway,True,1,000010,Sn,,True,3,001110,Sn,"Ap, An",0.306,0.101,0.587,0.64,0.782,0.48,0.306259,0.853403,0,0.100617,0.827225,0,0.587198,0.581152,1,0.639724,0.63089,1,0.781771,0.651832,1,0.480458,0.772251,0,0,0,0,0,1,0
sweep,True,1,100000,Kn,,True,3,100110,Kn,"An, Sn",0.945,0.673,0.281,0.716,0.569,0.297,0.945143,0.853403,1,0.673498,0.827225,0,0.281099,0.581152,0,0.716267,0.63089,1,0.568776,0.651832,0,0.297159,0.772251,0,1,0,0,0,0,0
swell,False,0,000000,,,True,1,100000,Kn,,0.746,0.083,0.297,0.364,0.276,0.631,0.746235,0.853403,0,0.082914,0.827225,0,0.296654,0.581152,0,0.36407,0.63089,0,0.276159,0.651832,0,0.631128,0.772251,0,0,0,0,0,0,0
switch,True,1,000100,An,,True,2,000110,An,Sn,0.392,0.109,0.318,0.812,0.665,0.259,0.392365,0.853403,0,0.108776,0.827225,0,0.317653,0.581152,0,0.812457,0.63089,1,0.665448,0.651832,1,0.258991,0.772251,0,0,0,0,1,0,0
swivel,True,1,000100,An,,True,2,001100,An,Ap,0.421,0.505,0.547,0.872,0.553,0.354,0.421153,0.853403,0,0.50546,0.827225,0,0.54654,0.581152,0,0.872074,0.63089,1,0.552953,0.651832,0,0.353749,0.772251,0,0,0,0,1,0,0
symbolize,True,1,010000,Cm,,True,4,110110,Cm,"Kn, An, Sn",0.904,0.969,0.256,0.563,0.623,0.017,0.904472,0.853403,1,0.9695,0.827225,1,0.255865,0.581152,0,0.563114,0.63089,0,0.623322,0.651832,0,0.01668,0.772251,0,0,1,0,0,0,0
symmetrize,True,1,000010,Sn,,True,2,000011,Sn,Ev,0.714,0.505,0.421,0.375,0.913,0.677,0.714134,0.853403,0,0.504698,0.827225,0,0.42066,0.581152,0,0.37513,0.63089,0,0.913319,0.651832,1,0.677345,0.772251,0,0,0,0,0,1,0
synchronize,False,0,000000,,,True,1,000010,Sn,,0.538,0.419,0.035,0.356,0.557,0.443,0.538457,0.853403,0,0.41857,0.827225,0,0.035306,0.581152,0,0.356073,0.63089,0,0.556578,0.651832,0,0.442582,0.772251,0,0,0,0,0,0,0
systematize,True,1,000010,Sn,,True,1,000010,Sn,,0.149,0.357,0.396,0.311,0.957,0.362,0.149215,0.853403,0,0.35675,0.827225,0,0.395628,0.581152,0,0.311306,0.63089,0,0.957161,0.651832,1,0.362151,0.772251,0,0,0,0,0,1,0
tackle,True,1,000001,Ev,,True,2,001001,Ev,Ap,0.399,0.396,0.7,0.314,0.436,0.838,0.398871,0.853403,0,0.395771,0.827225,0,0.700309,0.581152,1,0.314196,0.63089,0,0.435813,0.651832,0,0.837535,0.772251,1,0,0,0,0,0,1
take,True,1,000001,Ev,,True,3,101001,Ev,"Kn, Ap",0.764,0.418,0.541,0.251,0.501,0.856,0.763693,0.853403,0,0.417876,0.827225,0,0.540756,0.581152,0,0.251151,0.63089,0,0.501148,0.651832,0,0.855712,0.772251,1,0,0,0,0,0,1
talk,True,2,000011,Ev,Sn,True,2,000011,Ev,Sn,0.511,0.427,0.449,0.166,0.736,0.777,0.511424,0.853403,0,0.427482,0.827225,0,0.449082,0.581152,0,0.166289,0.63089,0,0.735541,0.651832,1,0.776708,0.772251,1,0,0,0,0,1,1
tame,True,1,000001,Ev,,True,2,001001,Ev,Ap,0.379,0.06,0.541,0.507,0.259,0.78,0.379008,0.853403,0,0.059677,0.827225,0,0.541281,0.581152,0,0.506691,0.63089,0,0.25883,0.651832,0,0.780081,0.772251,1,0,0,0,0,0,1
tamper,True,1,000100,An,,True,1,000100,An,,0.149,0.215,0.468,0.827,0.201,0.643,0.149215,0.853403,0,0.215025,0.827225,0,0.467798,0.581152,0,0.826558,0.63089,1,0.200652,0.651832,0,0.643349,0.772251,0,0,0,0,1,0,0
taper,False,0,000000,,,False,0,000000,,,0.225,0.188,0.474,0.511,0.257,0.472,0.225435,0.853403,0,0.188303,0.827225,0,0.473639,0.581152,0,0.511182,0.63089,0,0.256652,0.651832,0,0.471956,0.772251,0,0,0,0,0,0,0
target,False,0,000000,,,True,2,001100,An,Ap,0.721,0.554,0.545,0.621,0.069,0.079,0.720828,0.853403,0,0.553918,0.827225,0,0.545201,0.581152,0,0.620992,0.63089,0,0.069128,0.651832,0,0.079318,0.772251,0,0,0,0,0,0,0
tear,True,1,000100,An,,True,2,100100,Kn,An,0.844,0.506,0.341,0.661,0.169,0.329,0.843858,0.853403,0,0.505716,0.827225,0,0.340852,0.581152,0,0.660907,0.63089,1,0.16857,0.651832,0,0.328939,0.772251,0,0,0,0,1,0,0
tease,False,0,000000,,,True,1,100000,Kn,,0.773,0.553,0.461,0.123,0.511,0.06,0.772643,0.853403,0,0.553162,0.827225,0,0.460904,0.581152,0,0.12281,0.63089,0,0.511267,0.651832,0,0.060253,0.772251,0,0,0,0,0,0,0
teleport,False,0,000000,,,True,2,011000,Cm,Ap,0.612,0.778,0.565,0.232,0.258,0.12,0.612042,0.853403,0,0.777974,0.827225,0,0.564862,0.581152,0,0.231901,0.63089,0,0.257609,0.651832,0,0.120385,0.772251,0,0,0,0,0,0,0
tempt,True,1,001000,Ap,,True,1,001000,Ap,,0.427,0.395,0.856,0.227,0.402,0.196,0.427111,0.853403,0,0.394658,0.827225,0,0.855725,0.581152,1,0.22727,0.63089,0,0.401648,0.651832,0,0.19553,0.772251,0,0,0,1,0,0,0
tend,True,1,000010,Sn,,True,3,001011,Sn,"Ap, Ev",0.149,0.206,0.668,0.128,0.966,0.797,0.149215,0.853403,0,0.205509,0.827225,0,0.668184,0.581152,1,0.127754,0.63089,0,0.96648,0.651832,1,0.796634,0.772251,1,0,0,0,0,1,0
terminate,True,1,000001,Ev,,True,3,001101,Ev,"Ap, An",0.149,0.308,0.644,0.697,0.348,0.891,0.149215,0.853403,0,0.308024,0.827225,0,0.643541,0.581152,1,0.69665,0.63089,1,0.347555,0.651832,0,0.891201,0.772251,1,0,0,0,0,0,1
terrorize,True,1,001000,Ap,,True,2,001001,Ap,Ev,0.293,0.496,0.863,0.047,0.24,0.777,0.293206,0.853403,0,0.496381,0.827225,0,0.86335,0.581152,1,0.047304,0.63089,0,0.240193,0.651832,0,0.776608,0.772251,1,0,0,1,0,0,0
testify,True,1,000001,Ev,,True,2,010001,Ev,Cm,0.642,0.708,0.361,0.235,0.282,0.939,0.641835,0.853403,0,0.708262,0.827225,0,0.361022,0.581152,0,0.235141,0.63089,0,0.281644,0.651832,0,0.938976,0.772251,1,0,0,0,0,0,1
thank,True,2,000101,Ev,An,True,2,000101,Ev,An,0.427,0.376,0.112,0.727,0.091,0.785,0.427292,0.853403,0,0.375898,0.827225,0,0.111748,0.581152,0,0.727192,0.63089,1,0.091239,0.651832,0,0.785045,0.772251,1,0,0,0,1,0,1
thaw,False,0,000000,,,True,1,100000,Kn,,0.733,0.668,0.291,0.456,0.44,0.343,0.733194,0.853403,0,0.668221,0.827225,0,0.291197,0.581152,0,0.456003,0.63089,0,0.440476,0.651832,0,0.343001,0.772251,0,0,0,0,0,0,0
theorize,True,2,010100,Cm,An,True,3,010101,Cm,"An, Ev",0.411,0.878,0.329,0.836,0.499,0.727,0.411231,0.853403,0,0.878452,0.827225,1,0.328563,0.581152,0,0.835807,0.63089,1,0.498773,0.651832,0,0.7266,0.772251,0,0,1,0,1,0,0
thicken,True,1,000010,Sn,,True,1,000010,Sn,,0.543,0.253,0.477,0.018,0.783,0.446,0.543326,0.853403,0,0.252619,0.827225,0,0.477489,0.581152,0,0.018461,0.63089,0,0.783024,0.651832,1,0.4459,0.772251,0,0,0,0,0,1,0
think,True,1,000001,Ev,,True,3,100101,Ev,"Kn, An",0.82,0.383,0.189,0.594,0.551,0.918,0.820417,0.853403,0,0.38333,0.827225,0,0.188797,0.581152,0,0.593896,0.63089,0,0.551331,0.651832,0,0.917667,0.772251,1,0,0,0,0,0,1
threaten,True,1,000001,Ev,,True,2,001001,Ev,Ap,0.243,0.257,0.574,0.321,0.513,0.794,0.242675,0.853403,0,0.257376,0.827225,0,0.573551,0.581152,0,0.321268,0.63089,0,0.512607,0.651832,0,0.793947,0.772251,1,0,0,0,0,0,1
thrive,True,1,000010,Sn,,True,2,001010,Sn,Ap,0.429,0.214,0.846,0.175,0.983,0.58,0.429163,0.853403,0,0.213968,0.827225,0,0.845938,0.581152,1,0.175302,0.63089,0,0.982685,0.651832,1,0.580156,0.772251,0,0,0,0,0,1,0
throttle,False,0,000000,,,True,1,000100,An,,0.227,0.318,0.309,0.596,0.286,0.332,0.22654,0.853403,0,0.317953,0.827225,0,0.309328,0.581152,0,0.595674,0.63089,0,0.286331,0.651832,0,0.332225,0.772251,0,0,0,0,0,0,0
throw,True,1,001000,Ap,,True,1,001000,Ap,,0.428,0.421,0.997,0.323,0.282,0.345,0.428473,0.853403,0,0.421429,0.827225,0,0.996767,0.581152,1,0.322771,0.63089,0,0.281915,0.651832,0,0.345411,0.772251,0,0,0,1,0,0,0
thumb,True,3,101100,Kn,"Ap, An",True,4,111100,Kn,"Cm, Ap, An",0.919,0.788,0.773,0.912,0.05,0.648,0.918637,0.853403,1,0.788409,0.827225,0,0.773168,0.581152,1,0.912384,0.63089,1,0.050057,0.651832,0,0.647983,0.772251,0,1,0,1,1,0,0
thwart,True,1,000001,Ev,,True,1,000001,Ev,,0.564,0.257,0.437,0.322,0.031,0.807,0.564251,0.853403,0,0.257464,0.827225,0,0.437351,0.581152,0,0.321673,0.63089,0,0.0313,0.651832,0,0.806601,0.772251,1,0,0,0,0,0,1
tick,True,1,100000,Kn,,True,3,110100,Kn,"Cm, An",0.946,0.776,0.449,0.809,0.032,0.062,0.945552,0.853403,1,0.775972,0.827225,0,0.448655,0.581152,0,0.809406,0.63089,1,0.032192,0.651832,0,0.062073,0.772251,0,1,0,0,0,0,0
tie,True,1,100000,Kn,,True,5,111101,Kn,"Cm, Ap, An, Ev",0.984,0.851,0.518,0.855,0.039,0.918,0.984008,0.853403,1,0.851199,0.827225,1,0.517963,0.581152,0,0.854503,0.63089,1,0.039033,0.651832,0,0.917686,0.772251,1,1,0,0,0,0,0
tighten,True,1,001000,Ap,,True,1,001000,Ap,,0.289,0.026,0.674,0.208,0.511,0.534,0.288745,0.853403,0,0.026178,0.827225,0,0.673963,0.581152,1,0.208329,0.63089,0,0.511083,0.651832,0,0.53391,0.772251,0,0,0,1,0,0,0
tile,True,1,000100,An,,True,2,001100,An,Ap,0.31,0.105,0.512,0.674,0.496,0.044,0.309869,0.853403,0,0.105157,0.827225,0,0.511594,0.581152,0,0.67417,0.63089,1,0.4957,0.651832,0,0.04381,0.772251,0,0,0,0,1,0,0
tilt,True,1,000100,An,,True,2,100100,An,Kn,0.729,0.205,0.407,0.912,0.281,0.489,0.728569,0.853403,0,0.20484,0.827225,0,0.407073,0.581152,0,0.912354,0.63089,1,0.280855,0.651832,0,0.489072,0.772251,0,0,0,0,1,0,0
tink,True,1,100000,Kn,,True,3,110100,Kn,"Cm, An",0.922,0.815,0.055,0.614,0.084,0.337,0.921815,0.853403,1,0.814663,0.827225,0,0.055436,0.581152,0,0.613874,0.63089,0,0.084036,0.651832,0,0.336919,0.772251,0,1,0,0,0,0,0
tinker,True,1,000100,An,,True,2,100100,Kn,An,0.745,0.555,0.121,0.738,0.096,0.179,0.745477,0.853403,0,0.554508,0.827225,0,0.120606,0.581152,0,0.738073,0.63089,1,0.096425,0.651832,0,0.178743,0.772251,0,0,0,0,1,0,0
tint,True,1,000100,An,,True,2,000101,An,Ev,0.615,0.573,0.211,0.803,0.435,0.683,0.615359,0.853403,0,0.572726,0.827225,0,0.211107,0.581152,0,0.80283,0.63089,1,0.434599,0.651832,0,0.682654,0.772251,0,0,0,0,1,0,0
titrate,False,0,000000,,,True,3,010101,Cm,"An, Ev",0.432,0.777,0.281,0.607,0.109,0.66,0.432214,0.853403,0,0.776501,0.827225,0,0.280879,0.581152,0,0.606804,0.63089,0,0.108576,0.651832,0,0.660074,0.772251,0,0,0,0,0,0,0
toggle,True,1,100000,Kn,,True,2,100100,Kn,An,0.879,0.681,0.446,0.817,0.399,0.64,0.879398,0.853403,1,0.680979,0.827225,0,0.445828,0.581152,0,0.817138,0.63089,1,0.399211,0.651832,0,0.640148,0.772251,0,1,0,0,0,0,0
tolerate,True,1,000001,Ev,,True,1,000001,Ev,,0.308,0.101,0.283,0.444,0.454,0.964,0.307756,0.853403,0,0.100603,0.827225,0,0.2825,0.581152,0,0.444379,0.63089,0,0.454057,0.651832,0,0.964384,0.772251,1,0,0,0,0,0,1
toss,True,1,001000,Ap,,True,3,101100,Ap,"Kn, An",0.736,0.555,0.969,0.606,0.287,0.328,0.736078,0.853403,0,0.555049,0.827225,0,0.969496,0.581152,1,0.606314,0.63089,0,0.287185,0.651832,0,0.328265,0.772251,0,0,0,1,0,0,0
total,True,1,000001,Ev,,True,3,011001,Ev,"Cm, Ap",0.662,0.78,0.56,0.232,0.247,0.829,0.661567,0.853403,0,0.779961,0.827225,0,0.55972,0.581152,0,0.231538,0.63089,0,0.246605,0.651832,0,0.829291,0.772251,1,0,0,0,0,0,1
touch,False,0,000000,,,True,2,011000,Cm,Ap,0.394,0.732,0.532,0.427,0.41,0.14,0.394345,0.853403,0,0.731605,0.827225,0,0.531885,0.581152,0,0.426709,0.63089,0,0.410304,0.651832,0,0.140021,0.772251,0,0,0,0,0,0,0
toughen,True,1,000001,Ev,,True,1,000001,Ev,,0.373,0.513,0.2,0.031,0.308,0.799,0.372725,0.853403,0,0.513104,0.827225,0,0.199849,0.581152,0,0.030542,0.63089,0,0.307832,0.651832,0,0.798502,0.772251,1,0,0,0,0,0,1
tour,True,1,001000,Ap,,True,1,001000,Ap,,0.714,0.353,0.713,0.387,0.502,0.256,0.713872,0.853403,0,0.353069,0.827225,0,0.712877,0.581152,1,0.387169,0.63089,0,0.50176,0.651832,0,0.256492,0.772251,0,0,0,1,0,0,0
track,True,1,100000,Kn,,True,3,111000,Kn,"Cm, Ap",0.974,0.814,0.636,0.057,0.159,0.485,0.97366,0.853403,1,0.813791,0.827225,0,0.635587,0.581152,1,0.057363,0.63089,0,0.1588,0.651832,0,0.485203,0.772251,0,1,0,0,0,0,0
transcend,True,1,001000,Ap,,True,2,001100,Ap,An,0.246,0.516,0.874,0.609,0.271,0.149,0.245614,0.853403,0,0.516332,0.827225,0,0.874177,0.581152,1,0.609385,0.63089,0,0.270851,0.651832,0,0.148884,0.772251,0,0,0,1,0,0,0
transect,True,1,000100,An,,True,3,011100,An,"Cm, Ap",0.598,0.773,0.699,0.798,0.164,0.134,0.598376,0.853403,0,0.773038,0.827225,0,0.699171,0.581152,1,0.79827,0.63089,1,0.163685,0.651832,0,0.133697,0.772251,0,0,0,0,1,0,0
transgress,True,1,001000,Ap,,True,1,001000,Ap,,0.427,0.096,0.684,0.333,0.172,0.65,0.427023,0.853403,0,0.096228,0.827225,0,0.684201,0.581152,1,0.332586,0.63089,0,0.172131,0.651832,0,0.649592,0.772251,0,0,0,1,0,0,0
transistorize,True,1,000010,Sn,,True,2,010010,Cm,Sn,0.288,0.789,0.428,0.368,0.778,0.367,0.288425,0.853403,0,0.789277,0.827225,0,0.428497,0.581152,0,0.367921,0.63089,0,0.778452,0.651832,1,0.366992,0.772251,0,0,0,0,0,1,0
transmit,True,1,001000,Ap,,True,2,001010,Ap,Sn,0.175,0.214,0.761,0.003,0.559,0.008,0.174871,0.853403,0,0.213742,0.827225,0,0.761248,0.581152,1,0.00341,0.63089,0,0.558733,0.651832,0,0.007853,0.772251,0,0,0,1,0,0,0
transport,True,1,001000,Ap,,True,2,001010,Ap,Sn,0.196,0.24,0.862,0.148,0.736,0.106,0.195543,0.853403,0,0.239933,0.827225,0,0.862092,0.581152,1,0.148499,0.63089,0,0.736016,0.651832,1,0.105835,0.772251,0,0,0,1,0,0,0
transpose,True,1,001000,Ap,,True,1,001000,Ap,,0.466,0.507,0.725,0.254,0.453,0.568,0.466339,0.853403,0,0.506952,0.827225,0,0.725038,0.581152,1,0.253994,0.63089,0,0.453318,0.651832,0,0.568399,0.772251,0,0,0,1,0,0,0
travel,True,1,001000,Ap,,True,2,001010,Ap,Sn,0.541,0.627,0.856,0.395,0.656,0.008,0.541428,0.853403,0,0.626731,0.827225,0,0.856373,0.581152,1,0.394564,0.63089,0,0.655787,0.651832,1,0.007853,0.772251,0,0,0,1,0,0,0
traverse,True,1,001000,Ap,,True,2,001100,Ap,An,0.623,0.681,0.986,0.54,0.259,0.044,0.62327,0.853403,0,0.680911,0.827225,0,0.986298,0.581152,1,0.539724,0.63089,0,0.258588,0.651832,0,0.043519,0.772251,0,0,0,1,0,0,0
treat,True,2,001001,Ap,Ev,True,2,001001,Ap,Ev,0.251,0.11,0.835,0.035,0.422,0.798,0.251058,0.853403,0,0.109576,0.827225,0,0.834635,0.581152,1,0.034985,0.63089,0,0.422362,0.651832,0,0.797714,0.772251,1,0,0,1,0,0,1
triangulate,True,3,011100,Cm,"Ap, An",True,3,011100,Cm,"Ap, An",0.641,0.916,0.857,0.713,0.108,0.008,0.641481,0.853403,0,0.916297,0.827225,1,0.857463,0.581152,1,0.712824,0.63089,1,0.108225,0.651832,0,0.007853,0.772251,0,0,1,1,1,0,0
trick,True,1,000100,An,,True,2,001100,An,Ap,0.72,0.554,0.689,0.915,0.005,0.196,0.720064,0.853403,0,0.553682,0.827225,0,0.689045,0.581152,1,0.914832,0.63089,1,0.005206,0.651832,0,0.195813,0.772251,0,0,0,0,1,0,0
trigger,True,1,100000,Kn,,True,1,100000,Kn,,0.956,0.518,0.055,0.32,0.005,0.349,0.955957,0.853403,1,0.517682,0.827225,0,0.055391,0.581152,0,0.319665,0.63089,0,0.005118,0.651832,0,0.348658,0.772251,0,1,0,0,0,0,0
trim,True,1,001000,Ap,,True,1,001000,Ap,,0.253,0.193,0.776,0.462,0.258,0.195,0.252583,0.853403,0,0.193356,0.827225,0,0.775928,0.581152,1,0.462145,0.63089,0,0.257904,0.651832,0,0.194748,0.772251,0,0,0,1,0,0,0
truncate,True,1,001000,Ap,,True,1,001000,Ap,,0.149,0.64,0.814,0.3,0.366,0.476,0.149215,0.853403,0,0.63996,0.827225,0,0.813961,0.581152,1,0.300071,0.63089,0,0.365878,0.651832,0,0.476042,0.772251,0,0,0,1,0,0,0
trust,True,1,000001,Ev,,True,1,000001,Ev,,0.242,0.231,0.291,0.114,0.432,0.796,0.242296,0.853403,0,0.230995,0.827225,0,0.291049,0.581152,0,0.114398,0.63089,0,0.432073,0.651832,0,0.795732,0.772251,1,0,0,0,0,0,1
try,True,1,000001,Ev,,True,2,100001,Ev,Kn,0.76,0.23,0.076,0.333,0.278,0.855,0.75999,0.853403,0,0.229566,0.827225,0,0.076112,0.581152,0,0.332927,0.63089,0,0.277856,0.651832,0,0.854693,0.772251,1,0,0,0,0,0,1
tuck,True,1,100000,Kn,,True,3,101100,Kn,"Ap, An",0.857,0.542,0.665,0.74,0.281,0.524,0.857156,0.853403,1,0.54241,0.827225,0,0.664687,0.581152,1,0.740102,0.63089,1,0.281282,0.651832,0,0.524195,0.772251,0,1,0,0,0,0,0
tumble,False,0,000000,,,True,1,001000,Ap,,0.615,0.386,0.563,0.357,0.289,0.484,0.615055,0.853403,0,0.385569,0.827225,0,0.562534,0.581152,0,0.356866,0.63089,0,0.288569,0.651832,0,0.484357,0.772251,0,0,0,0,0,0,0
tune,True,1,000010,Sn,,True,2,001010,Sn,Ap,0.414,0.241,0.54,0.33,0.698,0.352,0.414243,0.853403,0,0.240715,0.827225,0,0.539536,0.581152,0,0.330367,0.63089,0,0.698417,0.651832,1,0.351905,0.772251,0,0,0,0,0,1,0
turn,True,2,001100,Ap,An,True,3,001110,Ap,"An, Sn",0.232,0.207,0.681,0.672,0.646,0.3,0.231834,0.853403,0,0.206588,0.827225,0,0.681182,0.581152,1,0.672112,0.63089,1,0.645955,0.651832,0,0.300258,0.772251,0,0,0,1,1,0,0
tweak,True,1,000010,Sn,,True,3,001110,Sn,"Ap, An",0.149,0.317,0.494,0.632,0.786,0.192,0.149215,0.853403,0,0.317381,0.827225,0,0.494328,0.581152,0,0.632239,0.63089,1,0.786411,0.651832,1,0.191507,0.772251,0,0,0,0,0,1,0
twist,True,1,100000,Kn,,True,2,100100,Kn,An,0.941,0.522,0.293,0.752,0.105,0.22,0.941383,0.853403,1,0.522389,0.827225,0,0.292605,0.581152,0,0.752165,0.63089,1,0.105367,0.651832,0,0.220225,0.772251,0,1,0,0,0,0,0
typify,True,1,000010,Sn,,True,2,000110,Sn,An,0.393,0.553,0.211,0.607,0.666,0.345,0.392639,0.853403,0,0.553115,0.827225,0,0.2109,0.581152,0,0.606684,0.63089,0,0.666098,0.651832,1,0.344507,0.772251,0,0,0,0,0,1,0
unblock,False,0,000000,,,True,1,000001,Ev,,0.429,0.239,0.105,0.461,0.201,0.685,0.428955,0.853403,0,0.238766,0.827225,0,0.105447,0.581152,0,0.461361,0.63089,0,0.20123,0.651832,0,0.684754,0.772251,0,0,0,0,0,0,0
uncouple,True,2,000110,Sn,An,True,2,000110,Sn,An,0.206,0.146,0.055,0.7,0.732,0.363,0.205504,0.853403,0,0.146364,0.827225,0,0.055278,0.581152,0,0.700151,0.63089,1,0.731957,0.651832,1,0.362961,0.772251,0,0,0,0,1,1,0
uncover,True,4,111100,Kn,"Cm, Ap, An",True,4,111100,Kn,"Cm, Ap, An",0.942,0.832,0.812,0.937,0.143,0.106,0.942442,0.853403,1,0.832194,0.827225,1,0.812228,0.581152,1,0.936532,0.63089,1,0.142598,0.651832,0,0.106239,0.772251,0,1,1,1,1,0,0
underdevelop,True,1,000010,Sn,,True,2,001010,Sn,Ap,0.318,0.088,0.712,0.323,0.913,0.598,0.318217,0.853403,0,0.087538,0.827225,0,0.712238,0.581152,1,0.323299,0.63089,0,0.913258,0.651832,1,0.598002,0.772251,0,0,0,0,0,1,0
underestimate,True,1,000010,Sn,,True,2,010010,Cm,Sn,0.344,0.749,0.25,0.135,0.736,0.554,0.344319,0.853403,0,0.749251,0.827225,0,0.249911,0.581152,0,0.134827,0.63089,0,0.735755,0.651832,1,0.553842,0.772251,0,0,0,0,0,1,0
undergird,True,1,000100,An,,True,3,100101,An,"Kn, Ev",0.805,0.505,0.015,0.843,0.037,0.664,0.805453,0.853403,0,0.50525,0.827225,0,0.014687,0.581152,0,0.842952,0.63089,1,0.036985,0.651832,0,0.664131,0.772251,0,0,0,0,1,0,0
undergo,True,1,000010,Sn,,True,2,001010,Sn,Ap,0.307,0.1,0.858,0.037,0.958,0.008,0.30697,0.853403,0,0.099566,0.827225,0,0.858452,0.581152,1,0.037173,0.63089,0,0.957712,0.651832,1,0.007853,0.772251,0,0,0,0,0,1,0
underlie,False,0,000000,,,False,0,000000,,,0.662,0.627,0.346,0.031,0.373,0.511,0.661627,0.853403,0,0.626828,0.827225,0,0.346346,0.581152,0,0.031489,0.63089,0,0.372548,0.651832,0,0.51143,0.772251,0,0,0,0,0,0,0
undermine,True,1,001000,Ap,,True,2,001001,Ap,Ev,0.149,0.247,0.752,0.458,0.414,0.703,0.149215,0.853403,0,0.246799,0.827225,0,0.752314,0.581152,1,0.458306,0.63089,0,0.414455,0.651832,0,0.702527,0.772251,0,0,0,1,0,0,0
underperform,True,1,001000,Ap,,True,3,001011,Ap,"Sn, Ev",0.22,0.529,0.836,0.311,0.623,0.663,0.219651,0.853403,0,0.529018,0.827225,0,0.836482,0.581152,1,0.310765,0.63089,0,0.622699,0.651832,0,0.663482,0.772251,0,0,0,1,0,0,0
underpin,True,1,100000,Kn,,True,1,100000,Kn,,0.905,0.394,0.044,0.31,0.243,0.449,0.904807,0.853403,1,0.394282,0.827225,0,0.044356,0.581152,0,0.309946,0.63089,0,0.242864,0.651832,0,0.449129,0.772251,0,1,0,0,0,0,0
underscore,True,1,100000,Kn,,True,3,110100,Kn,"Cm, An",0.963,0.832,0.014,0.766,0.136,0.196,0.962684,0.853403,1,0.83229,0.827225,1,0.013976,0.581152,0,0.765542,0.63089,1,0.135639,0.651832,0,0.195888,0.772251,0,1,0,0,0,0,0
undertake,True,1,000010,Sn,,True,2,001010,Sn,Ap,0.362,0.063,0.702,0.038,0.784,0.112,0.361857,0.853403,0,0.0631,0.827225,0,0.701779,0.581152,1,0.037544,0.63089,0,0.784498,0.651832,1,0.111512,0.772251,0,0,0,0,0,1,0
undo,False,0,000000,,,True,1,000001,Ev,,0.628,0.386,0.281,0.303,0.22,0.69,0.627857,0.853403,0,0.386057,0.827225,0,0.28136,0.581152,0,0.303302,0.63089,0,0.220498,0.651832,0,0.689755,0.772251,0,0,0,0,0,0,0
undulate,True,2,001010,Sn,Ap,True,2,001010,Sn,Ap,0.232,0.354,0.598,0.151,0.657,0.61,0.232418,0.853403,0,0.353944,0.827225,0,0.597594,0.581152,1,0.150679,0.63089,0,0.65698,0.651832,1,0.60995,0.772251,0,0,0,1,0,1,0
unfold,True,1,000010,Sn,,True,2,000110,Sn,An,0.687,0.323,0.215,0.538,0.673,0.458,0.686513,0.853403,0,0.32285,0.827225,0,0.214835,0.581152,0,0.538198,0.63089,0,0.672894,0.651832,1,0.457797,0.772251,0,0,0,0,0,1,0
unite,True,1,000010,Sn,,True,1,000010,Sn,,0.344,0.608,0.01,0.458,0.885,0.561,0.343991,0.853403,0,0.607563,0.827225,0,0.009919,0.581152,0,0.45819,0.63089,0,0.88508,0.651832,1,0.560714,0.772251,0,0,0,0,0,1,0
unitize,True,1,010000,Cm,,True,4,011110,Cm,"Ap, An, Sn",0.259,0.895,0.664,0.578,0.57,0.114,0.259091,0.853403,0,0.895042,0.827225,1,0.664253,0.581152,1,0.577677,0.63089,0,0.570488,0.651832,0,0.114328,0.772251,0,0,1,0,0,0,0
unleash,True,1,001000,Ap,,True,1,001000,Ap,,0.211,0.05,0.848,0.09,0.13,0.233,0.210692,0.853403,0,0.050082,0.827225,0,0.848113,0.581152,1,0.090256,0.63089,0,0.129675,0.651832,0,0.232612,0.772251,0,0,0,1,0,0,0
unload,True,1,001000,Ap,,True,1,001000,Ap,,0.309,0.063,0.702,0.32,0.19,0.654,0.309256,0.853403,0,0.062642,0.827225,0,0.702451,0.581152,1,0.320108,0.63089,0,0.18972,0.651832,0,0.654361,0.772251,0,0,0,1,0,0,0
unlock,True,1,000100,An,,True,2,000101,Ev,An,0.25,0.026,0.253,0.712,0.365,0.713,0.249819,0.853403,0,0.026178,0.827225,0,0.252709,0.581152,0,0.711929,0.63089,1,0.365167,0.651832,0,0.713034,0.772251,0,0,0,0,1,0,0
unpack,True,1,000010,Sn,,True,2,000110,Sn,An,0.429,0.393,0.282,0.717,0.973,0.479,0.428662,0.853403,0,0.393018,0.827225,0,0.282036,0.581152,0,0.716631,0.63089,1,0.972747,0.651832,1,0.479144,0.772251,0,0,0,0,0,1,0
unravel,True,1,000100,An,,True,1,000100,An,,0.242,0.318,0.309,0.863,0.436,0.116,0.241798,0.853403,0,0.318276,0.827225,0,0.309451,0.581152,0,0.8631,0.63089,1,0.436459,0.651832,0,0.116226,0.772251,0,0,0,0,1,0,0
unroll,True,1,000010,Sn,,True,2,100010,Kn,Sn,0.842,0.355,0.183,0.368,0.689,0.474,0.842002,0.853403,0,0.354849,0.827225,0,0.183232,0.581152,0,0.367713,0.63089,0,0.688865,0.651832,1,0.474049,0.772251,0,0,0,0,0,1,0
unveil,True,1,001000,Ap,,True,1,001000,Ap,,0.399,0.147,0.964,0.423,0.032,0.085,0.39878,0.853403,0,0.146791,0.827225,0,0.963718,0.581152,1,0.422744,0.63089,0,0.03221,0.651832,0,0.084749,0.772251,0,0,0,1,0,0,0
unwrap,False,0,000000,,,True,1,100000,Kn,,0.734,0.342,0.105,0.373,0.535,0.471,0.733928,0.853403,0,0.342312,0.827225,0,0.10523,0.581152,0,0.372968,0.63089,0,0.534774,0.651832,0,0.47079,0.772251,0,0,0,0,0,0,0
upgrade,True,1,000010,Sn,,True,2,001010,Sn,Ap,0.311,0.239,0.83,0.069,0.962,0.014,0.310891,0.853403,0,0.238655,0.827225,0,0.829755,0.581152,1,0.068955,0.63089,0,0.961612,0.651832,1,0.013814,0.772251,0,0,0,0,0,1,0
uplift,True,1,000010,Sn,,True,2,001010,Sn,Ap,0.149,0.065,0.505,0.016,0.862,0.38,0.149215,0.853403,0,0.064721,0.827225,0,0.504646,0.581152,0,0.016327,0.63089,0,0.861995,0.651832,1,0.379681,0.772251,0,0,0,0,0,1,0
upload,False,0,000000,,,False,0,000000,,,0.276,0.04,0.255,0.47,0.517,0.223,0.276276,0.853403,0,0.04016,0.827225,0,0.254969,0.581152,0,0.470399,0.63089,0,0.516581,0.651832,0,0.222707,0.772251,0,0,0,0,0,0,0
upset,True,1,000001,Ev,,True,3,000111,Ev,"An, Sn",0.38,0.225,0.015,0.717,0.72,0.855,0.379502,0.853403,0,0.224757,0.827225,0,0.015104,0.581152,0,0.717494,0.63089,1,0.71978,0.651832,1,0.854756,0.772251,1,0,0,0,0,0,1
urge,True,1,000001,Ev,,True,2,001001,Ev,Ap,0.575,0.084,0.667,0.106,0.179,0.808,0.574973,0.853403,0,0.083657,0.827225,0,0.667429,0.581152,1,0.106393,0.63089,0,0.178724,0.651832,0,0.8082,0.772251,1,0,0,0,0,0,1
usher,True,1,100000,Kn,,True,2,110000,Kn,Cm,0.919,0.797,0.42,0.048,0.435,0.513,0.919017,0.853403,1,0.797077,0.827225,0,0.420148,0.581152,0,0.048131,0.63089,0,0.434739,0.651832,0,0.513221,0.772251,0,1,0,0,0,0,0
vaccinate,True,1,000010,Sn,,True,3,001011,Ev,"Ap, Sn",0.4,0.239,0.598,0.037,0.667,0.772,0.39975,0.853403,0,0.239173,0.827225,0,0.598002,0.581152,1,0.037088,0.63089,0,0.667037,0.651832,1,0.771789,0.772251,0,0,0,0,0,1,0
vanish,False,0,000000,,,False,0,000000,,,0.614,0.66,0.47,0.45,0.237,0.349,0.613708,0.853403,0,0.659951,0.827225,0,0.470311,0.581152,0,0.450448,0.63089,0,0.237199,0.651832,0,0.349376,0.772251,0,0,0,0,0,0,0
vaporize,False,0,000000,,,True,2,001100,An,Ap,0.295,0.171,0.575,0.577,0.258,0.55,0.294929,0.853403,0,0.1707,0.827225,0,0.575326,0.581152,0,0.576564,0.63089,0,0.257643,0.651832,0,0.550017,0.772251,0,0,0,0,0,0,0
vary,True,1,010000,Cm,,True,4,011110,Cm,"Ap, An, Sn",0.713,0.929,0.555,0.743,0.682,0.472,0.713017,0.853403,0,0.92918,0.827225,1,0.554843,0.581152,0,0.743374,0.63089,1,0.681568,0.651832,1,0.472194,0.772251,0,0,1,0,0,0,0
vascularize,True,1,000010,Sn,,True,1,000010,Sn,,0.328,0.395,0.217,0.238,0.947,0.494,0.328123,0.853403,0,0.394809,0.827225,0,0.217473,0.581152,0,0.238435,0.63089,0,0.946686,0.651832,1,0.493934,0.772251,0,0,0,0,0,1,0
veer,True,1,010000,Cm,,True,3,011100,Cm,"Ap, An",0.429,0.902,0.681,0.741,0.278,0.184,0.428788,0.853403,0,0.902201,0.827225,1,0.681238,0.581152,1,0.7409,0.63089,1,0.278389,0.651832,0,0.184267,0.772251,0,0,1,0,0,0,0
vegetate,True,1,000100,An,,True,3,001110,An,"Ap, Sn",0.313,0.496,0.647,0.798,0.723,0.495,0.313249,0.853403,0,0.495665,0.827225,0,0.647467,0.581152,1,0.798395,0.63089,1,0.723374,0.651832,1,0.49472,0.772251,0,0,0,0,1,0,0
vent,True,3,001011,Ev,"Ap, Sn",True,3,001011,Ev,"Ap, Sn",0.261,0.266,0.663,0.224,0.783,0.81,0.260966,0.853403,0,0.266237,0.827225,0,0.662569,0.581152,1,0.224098,0.63089,0,0.782746,0.651832,1,0.809992,0.772251,1,0,0,1,0,1,1
ventilate,True,2,001010,Ap,Sn,True,2,001010,Ap,Sn,0.278,0.24,0.668,0.15,0.658,0.535,0.277811,0.853403,0,0.239953,0.827225,0,0.668228,0.581152,1,0.149585,0.63089,0,0.657528,0.651832,1,0.534721,0.772251,0,0,0,1,0,1,0
verbalize,True,1,010000,Cm,,True,4,111010,Cm,"Kn, Ap, Sn",0.796,0.937,0.67,0.096,0.766,0.008,0.795991,0.853403,0,0.937008,0.827225,1,0.669911,0.581152,1,0.095998,0.63089,0,0.766002,0.651832,1,0.007853,0.772251,0,0,1,0,0,0,0
verge,False,0,000000,,,True,2,001010,Sn,Ap,0.429,0.38,0.54,0.462,0.583,0.325,0.428779,0.853403,0,0.379978,0.827225,0,0.539627,0.581152,0,0.461954,0.63089,0,0.583237,0.651832,0,0.324581,0.772251,0,0,0,0,0,0,0
vest,True,1,001000,Ap,,True,2,001001,Ap,Ev,0.603,0.241,0.688,0.342,0.43,0.676,0.602752,0.853403,0,0.240804,0.827225,0,0.687654,0.581152,1,0.342136,0.63089,0,0.429849,0.651832,0,0.676037,0.772251,0,0,0,1,0,0,0
vibrate,True,1,000010,Sn,,True,1,000010,Sn,,0.456,0.585,0.274,0.209,0.667,0.266,0.455838,0.853403,0,0.584798,0.827225,0,0.27413,0.581152,0,0.209386,0.63089,0,0.667443,0.651832,1,0.265939,0.772251,0,0,0,0,0,1,0
violate,True,1,000001,Ev,,True,2,001001,Ev,Ap,0.276,0.156,0.668,0.216,0.288,0.811,0.275963,0.853403,0,0.156208,0.827225,0,0.667735,0.581152,1,0.216073,0.63089,0,0.287701,0.651832,0,0.810546,0.772251,1,0,0,0,0,0,1
visit,True,1,100000,Kn,,True,3,101100,Kn,"Ap, An",0.95,0.693,0.861,0.663,0.03,0.113,0.950162,0.853403,1,0.692688,0.827225,0,0.860671,0.581152,1,0.662619,0.63089,1,0.02979,0.651832,0,0.11307,0.772251,0,1,0,0,0,0,0
void,True,1,000100,An,,True,1,000100,An,,0.644,0.432,0.298,0.831,0.416,0.455,0.644424,0.853403,0,0.431571,0.827225,0,0.297505,0.581152,0,0.831378,0.63089,1,0.416057,0.651832,0,0.455409,0.772251,0,0,0,0,1,0,0
vote,True,1,000001,Ev,,True,2,001001,Ev,Ap,0.634,0.627,0.773,0.531,0.2,0.847,0.633952,0.853403,0,0.627404,0.827225,0,0.773006,0.581152,1,0.5311,0.63089,0,0.200357,0.651832,0,0.846631,0.772251,1,0,0,0,0,0,1
vow,True,1,000001,Ev,,True,1,000001,Ev,,0.617,0.229,0.095,0.12,0.418,0.794,0.616946,0.853403,0,0.228695,0.827225,0,0.094709,0.581152,0,0.119725,0.63089,0,0.417985,0.651832,0,0.793837,0.772251,1,0,0,0,0,0,1
wait,True,1,100000,Kn,,True,3,110100,Kn,"Cm, An",0.948,0.797,0.189,0.639,0.293,0.352,0.948473,0.853403,1,0.796603,0.827225,0,0.188762,0.581152,0,0.639124,0.63089,1,0.293435,0.651832,0,0.352421,0.772251,0,1,0,0,0,0,0
wake,True,1,000001,Ev,,True,1,000001,Ev,,0.26,0.529,0.191,0.346,0.257,0.798,0.259952,0.853403,0,0.529352,0.827225,0,0.19077,0.581152,0,0.345877,0.63089,0,0.256972,0.651832,0,0.797866,0.772251,1,0,0,0,0,0,1
walk,True,1,001000,Ap,,True,1,001000,Ap,,0.376,0.253,0.963,0.156,0.348,0.047,0.376217,0.853403,0,0.252913,0.827225,0,0.962969,0.581152,1,0.155635,0.63089,0,0.348063,0.651832,0,0.047022,0.772251,0,0,0,1,0,0,0
want,False,0,000000,,,True,2,110000,Kn,Cm,0.79,0.705,0.139,0.232,0.478,0.58,0.789811,0.853403,0,0.705113,0.827225,0,0.139205,0.581152,0,0.23184,0.63089,0,0.477971,0.651832,0,0.580347,0.772251,0,0,0,0,0,0,0
warn,True,1,001000,Ap,,True,3,101010,Kn,"Ap, Sn",0.756,0.678,0.714,0.068,0.636,0.59,0.755693,0.853403,0,0.678387,0.827225,0,0.713954,0.581152,1,0.06773,0.63089,0,0.635907,0.651832,0,0.589621,0.772251,0,0,0,1,0,0,0
warp,True,1,000010,Sn,,True,2,000110,Sn,An,0.226,0.497,0.455,0.753,0.819,0.605,0.226132,0.853403,0,0.497376,0.827225,0,0.454711,0.581152,0,0.752751,0.63089,1,0.819115,0.651832,1,0.604938,0.772251,0,0,0,0,0,1,0
wash,True,1,001000,Ap,,True,2,001100,Ap,An,0.477,0.084,0.859,0.713,0.08,0.474,0.476792,0.853403,0,0.083891,0.827225,0,0.858822,0.581152,1,0.712869,0.63089,1,0.080254,0.651832,0,0.473666,0.772251,0,0,0,1,0,0,0
watch,True,1,100000,Kn,,True,3,101100,Kn,"Ap, An",0.963,0.608,0.899,0.592,0.225,0.1,0.962608,0.853403,1,0.608026,0.827225,0,0.898728,0.581152,1,0.59155,0.63089,0,0.225105,0.651832,0,0.100196,0.772251,0,1,0,0,0,0,0
weaken,True,1,001000,Ap,,True,2,001010,Ap,Sn,0.149,0.204,0.921,0.324,0.662,0.328,0.149215,0.853403,0,0.203876,0.827225,0,0.921351,0.581152,1,0.323956,0.63089,0,0.661723,0.651832,1,0.328257,0.772251,0,0,0,1,0,0,0
wear,True,1,001000,Ap,,True,3,101001,Ap,"Kn, Ev",0.76,0.401,0.987,0.205,0.258,0.668,0.759611,0.853403,0,0.400525,0.827225,0,0.98685,0.581152,1,0.204556,0.63089,0,0.257998,0.651832,0,0.668298,0.772251,0,0,0,1,0,0,0
weave,False,0,000000,,,True,2,101000,Kn,Ap,0.776,0.514,0.532,0.228,0.422,0.349,0.775554,0.853403,0,0.514335,0.827225,0,0.531654,0.581152,0,0.22793,0.63089,0,0.422299,0.651832,0,0.349003,0.772251,0,0,0,0,0,0,0
weep,True,2,100010,Kn,Sn,True,2,100010,Kn,Sn,0.917,0.505,0.276,0.135,0.863,0.481,0.917461,0.853403,1,0.505287,0.827225,0,0.276234,0.581152,0,0.134599,0.63089,0,0.863432,0.651832,1,0.481056,0.772251,0,1,0,0,0,1,0
welcome,False,0,000000,,,True,1,000001,Ev,,0.392,0.08,0.286,0.514,0.283,0.758,0.391604,0.853403,0,0.079964,0.827225,0,0.286324,0.581152,0,0.514088,0.63089,0,0.282719,0.651832,0,0.757548,0.772251,0,0,0,0,0,0,0
weld,True,1,001000,Ap,,True,1,001000,Ap,,0.267,0.34,0.871,0.195,0.552,0.481,0.267304,0.853403,0,0.339871,0.827225,0,0.87057,0.581152,1,0.194838,0.63089,0,0.551802,0.651832,0,0.481449,0.772251,0,0,0,1,0,0,0
wend,True,1,100000,Kn,,True,3,110001,Kn,"Cm, Ev",0.922,0.814,0.048,0.448,0.009,0.848,0.922274,0.853403,1,0.813809,0.827225,0,0.048334,0.581152,0,0.447708,0.63089,0,0.009282,0.651832,0,0.848134,0.772251,1,1,0,0,0,0,0
whiten,True,1,000001,Ev,,True,1,000001,Ev,,0.269,0.107,0.213,0.114,0.553,0.906,0.268827,0.853403,0,0.106654,0.827225,0,0.213012,0.581152,0,0.113712,0.63089,0,0.552868,0.651832,0,0.906156,0.772251,1,0,0,0,0,0,1
widen,True,2,001010,Ap,Sn,True,2,001010,Ap,Sn,0.149,0.428,0.751,0.409,0.727,0.237,0.149215,0.853403,0,0.428201,0.827225,0,0.750722,0.581152,1,0.408895,0.63089,0,0.727148,0.651832,1,0.236818,0.772251,0,0,0,1,0,1,0
wield,True,1,001000,Ap,,True,1,001000,Ap,,0.703,0.349,0.947,0.134,0.109,0.369,0.703213,0.853403,0,0.349326,0.827225,0,0.946867,0.581152,1,0.133877,0.63089,0,0.109372,0.651832,0,0.368556,0.772251,0,0,0,1,0,0,0
wiggle,True,1,001000,Ap,,True,2,001010,Ap,Sn,0.568,0.525,0.847,0.504,0.683,0.008,0.568489,0.853403,0,0.524857,0.827225,0,0.846891,0.581152,1,0.503521,0.63089,0,0.682813,0.651832,1,0.007853,0.772251,0,0,0,1,0,0,0
will,True,1,001000,Ap,,True,2,101000,Kn,Ap,0.737,0.411,0.678,0.359,0.308,0.535,0.737417,0.853403,0,0.410843,0.827225,0,0.67834,0.581152,1,0.359304,0.63089,0,0.307883,0.651832,0,0.534506,0.772251,0,0,0,1,0,0,0
win,True,1,000001,Ev,,True,4,111001,Ev,"Kn, Cm, Ap",0.738,0.863,0.648,0.11,0.374,0.941,0.738147,0.853403,0,0.862747,0.827225,1,0.648136,0.581152,1,0.109752,0.63089,0,0.374145,0.651832,0,0.941074,0.772251,1,0,0,0,0,0,1
winnow,True,1,000010,Sn,,True,1,000010,Sn,,0.246,0.193,0.281,0.497,0.843,0.488,0.246245,0.853403,0,0.192835,0.827225,0,0.280768,0.581152,0,0.496757,0.63089,0,0.843271,0.651832,1,0.487646,0.772251,0,0,0,0,0,1,0
wipe,True,1,000100,An,,True,2,100100,An,Kn,0.752,0.394,0.355,0.798,0.452,0.196,0.752023,0.853403,0,0.394184,0.827225,0,0.355363,0.581152,0,0.798346,0.63089,1,0.451987,0.651832,0,0.196,0.772251,0,0,0,0,1,0,0
wish,False,0,000000,,,True,1,100000,Kn,,0.841,0.252,0.421,0.331,0.437,0.008,0.840607,0.853403,0,0.25165,0.827225,0,0.42124,0.581152,0,0.33133,0.63089,0,0.436634,0.651832,0,0.007853,0.772251,0,0,0,0,0,0,0
withdraw,True,1,000100,An,,True,1,000100,An,,0.603,0.087,0.439,0.632,0.191,0.131,0.602595,0.853403,0,0.08725,0.827225,0,0.439022,0.581152,0,0.632105,0.63089,1,0.191314,0.651832,0,0.131335,0.772251,0,0,0,0,1,0,0
withhold,True,1,001000,Ap,,True,1,001000,Ap,,0.637,0.388,0.852,0.109,0.039,0.526,0.637171,0.853403,0,0.387554,0.827225,0,0.851615,0.581152,1,0.109005,0.63089,0,0.039204,0.651832,0,0.525608,0.772251,0,0,0,1,0,0,0
withstand,True,1,001000,Ap,,True,2,001001,Ap,Ev,0.219,0.537,0.852,0.106,0.41,0.779,0.219418,0.853403,0,0.537315,0.827225,0,0.852162,0.581152,1,0.10607,0.63089,0,0.409545,0.651832,0,0.779061,0.772251,1,0,0,1,0,0,0
witness,False,0,000000,,,True,2,100001,Kn,Ev,0.797,0.287,0.248,0.427,0.189,0.704,0.797174,0.853403,0,0.286871,0.827225,0,0.247976,0.581152,0,0.426968,0.63089,0,0.189316,0.651832,0,0.704326,0.772251,0,0,0,0,0,0,0
wonder,True,1,000100,An,,True,3,101100,An,"Kn, Ap",0.911,0.635,0.847,0.993,0.108,0.196,0.910537,0.853403,1,0.634936,0.827225,0,0.847323,0.581152,1,0.993099,0.63089,1,0.107694,0.651832,0,0.195986,0.772251,0,0,0,0,1,0,0
work,True,1,001000,Ap,,True,2,001100,Ap,An,0.149,0.541,0.99,0.876,0.239,0.53,0.149215,0.853403,0,0.540857,0.827225,0,0.990011,0.581152,1,0.876357,0.63089,1,0.238985,0.651832,0,0.529652,0.772251,0,0,0,1,0,0,0
worry,True,1,000010,Sn,,True,1,000010,Sn,,0.428,0.354,0.395,0.194,0.787,0.645,0.428433,0.853403,0,0.353649,0.827225,0,0.39541,0.581152,0,0.19422,0.63089,0,0.787237,0.651832,1,0.64473,0.772251,0,0,0,0,0,1,0
worsen,True,1,000010,Sn,,True,2,001010,Sn,Ap,0.203,0.313,0.568,0.314,0.73,0.345,0.202743,0.853403,0,0.313151,0.827225,0,0.56801,0.581152,0,0.314152,0.63089,0,0.730166,0.651832,1,0.345241,0.772251,0,0,0,0,0,1,0
wrap,True,1,000010,Sn,,True,3,100110,Sn,"Kn, An",0.733,0.534,0.181,0.536,0.839,0.51,0.732759,0.853403,0,0.533858,0.827225,0,0.181094,0.581152,0,0.536326,0.63089,0,0.838827,0.651832,1,0.51039,0.772251,0,0,0,0,0,1,0
wring,False,0,000000,,,True,2,001010,Sn,Ap,0.63,0.394,0.533,0.334,0.555,0.071,0.629912,0.853403,0,0.393702,0.827225,0,0.533389,0.581152,0,0.334442,0.63089,0,0.554641,0.651832,0,0.071073,0.772251,0,0,0,0,0,0,0
yield,True,1,001000,Ap,,True,2,001010,Ap,Sn,0.53,0.296,0.857,0.401,0.766,0.238,0.529651,0.853403,0,0.295645,0.827225,0,0.857075,0.581152,1,0.401265,0.63089,0,0.765542,0.651832,1,0.237779,0.772251,0,0,0,1,0,0,0
zoom,False,0,000000,,,True,2,001100,An,Ap,0.644,0.534,0.55,0.576,0.223,0.108,0.644325,0.853403,0,0.533711,0.827225,0,0.549672,0.581152,0,0.575803,0.63089,0,0.222965,0.651832,0,0.108373,0.772251,0,0,0,0,0,0,0
