Model,Params,Mode,Percentile,Thresholds,PassedMinAccept,UsedOOF,SCS_core,SCS_eval,PenalizedObj_eval,Core_D,Core_M,Core_T,Core_C,Core_E,Core_D_bar,Core_W_bar,Core_rho,Core_acceptance,Core_entry_rate,Core_en_over_ac,Core_per_level,Eval_D,Eval_M,Eval_T,Eval_C,Eval_E,Eval_D_bar,Eval_W_bar,Eval_rho,Eval_acceptance,Eval_entry_rate,Eval_en_over_ac,Eval_per_level
LinearSVC,"{'C': 0.1, 'class_weight': 'balanced', 'max_iter': 5000, 'tol': 0.0001, 'random_state': 13}",P20,20.0,"[0.667539, 0.397906, 0.28534, 0.387435, 0.303665, 0.384817]",True,True,0.5153111385926143,0.6165627974143,-3.481448699477804,0.07390833063546627,0.43516719966997275,0.95,0.38856669209040295,0.0,0.04125851685876403,0.516979540958155,0.8999999999999998,1.0,3.5826771653543306,3.5826771653543306,"[127, 230, 273, 234, 266, 235]",0.09213706340899952,0.3105163043129651,0.8999999999999999,0.38314012772755196,0,0.05378108565945454,0.5299253136171915,0.7999999999999999,0.9975757575757576,2.9242424242424243,2.93134872417983,"[417, 635, 1030, 827, 902, 1014]"
LinearSVC,"{'C': 0.1, 'class_weight': 'balanced', 'max_iter': 5000, 'tol': 0.0001, 'random_state': 13}",P25,25.0,"[0.719895, 0.424084, 0.335079, 0.45288, 0.390052, 0.439791]",True,True,0.5582586086522678,0.6987400152355331,-1.3502461513776267,0.08955578220785114,0.3677912497514041,0.8999999999999999,0.3883135873194027,0.0,0.050505066839294795,0.5134448651293072,0.7999999999999999,1.0,3.2467191601049867,3.2467191601049867,"[107, 220, 254, 209, 233, 214]",0.11408307456891116,0.2502665907733071,0.8999999999999999,0.38307843813309683,0,0.06791790812540185,0.5274183790405087,0.7999999999999999,0.9848484848484849,2.5145454545454546,2.5532307692307694,"[307, 597, 922, 676, 741, 906]"
LinearSVC,"{'C': 0.1, 'class_weight': 'balanced', 'max_iter': 5000, 'tol': 0.0001, 'random_state': 13}",P30,30.0,"[0.753927, 0.468586, 0.400524, 0.515707, 0.5, 0.554974]",True,True,0.6483388320194639,0.7804924725380131,0.05824182206996287,0.1142440659693962,0.30255542868750707,0.8999999999999999,0.38883398245858264,0.0,0.06563802046029439,0.5089030347732576,0.7999999999999999,0.9921259842519685,2.8136482939632548,2.8359788359788363,"[94, 203, 229, 185, 191, 170]",0.1377739045307083,0.19232512910459792,0.8999999999999999,0.38347899037300925,0,0.08373220610571651,0.5240176331473984,0.7999999999999999,0.9496969696969697,2.076969696969697,2.186981493299298,"[274, 537, 817, 611, 534, 654]"
LinearSVC,"{'C': 0.1, 'class_weight': 'balanced', 'max_iter': 5000, 'tol': 0.0001, 'random_state': 13}",P35,35.0,"[0.790576, 0.534031, 0.463351, 0.549738, 0.570681, 0.623037]",True,True,0.724603192543995,0.7676927547553238,0.6259133737236097,0.13916269527794445,0.2515320545876539,0.8999999999999999,0.38990850617901485,0.0,0.0816642718275309,0.5051606132591722,0.7999999999999999,0.984251968503937,2.4750656167979,2.5146666666666664,"[80, 178, 205, 172, 164, 144]",0.16344256361849394,0.15102605841663058,0.8,0.38425416517820116,0,0.10178336977431902,0.5209626523043409,0.6,0.9103030303030303,1.7212121212121212,1.8908122503328895,"[218, 432, 701, 501, 454, 534]"
LinearSVC,"{'C': 0.1, 'class_weight': 'balanced', 'max_iter': 5000, 'tol': 0.0001, 'random_state': 13}",P40,40.0,"[0.798429, 0.641361, 0.510471, 0.594241, 0.63089, 0.688482]",True,True,0.7779524046898465,0.8189685835733271,0.8163853331203249,0.1602120270858767,0.219354652018772,0.8999999999999999,0.3903167654091392,0.0,0.09518468471539544,0.4989312891892829,0.7999999999999999,0.952755905511811,2.141732283464567,2.2479338842975207,"[77, 137, 187, 155, 141, 119]",0.18021906689438222,0.11668414365724536,0.8,0.3847788677873007,0,0.11349098623617022,0.5162470762942215,0.6,0.8484848484848485,1.4424242424242424,1.7,"[216, 300, 620, 436, 390, 418]"
LinearSVC,"{'C': 0.1, 'class_weight': 'balanced', 'max_iter': 5000, 'tol': 0.0001, 'random_state': 13}",P45,45.0,"[0.848168, 0.727749, 0.562827, 0.65445, 0.675393, 0.751309]",True,True,0.8755660867908328,0.888802330508041,0.8479732673226815,0.2030913751664423,0.16520350258834465,0.8999999999999999,0.3922607140424506,0.0,0.12507674923837972,0.49078665729229554,0.7999999999999999,0.9081364829396326,1.7847769028871392,1.9653179190751446,"[58, 104, 167, 132, 124, 95]",0.21021185873032114,0.07722272328047139,0.8,0.38604398352730374,0,0.13597718935884956,0.5108796529158504,0.6,0.7606060606060606,1.1327272727272728,1.4892430278884463,"[176, 171, 537, 351, 314, 320]"
LinearSVC,"{'C': 0.1, 'class_weight': 'balanced', 'max_iter': 5000, 'tol': 0.0001, 'random_state': 13}",P50,50.0,"[0.866492, 0.767016, 0.620419, 0.693717, 0.732984, 0.806283]",True,True,0.9337656097234127,0.9382465527453396,0.6865042502271328,0.23615202892059214,0.14044859349540914,0.8999999999999999,0.3935405809940991,0.0,0.1493227493431181,0.4829924328453015,0.7999999999999999,0.8398950131233596,1.5170603674540681,1.80625,"[51, 89, 145, 117, 102, 74]",0.23766887349164192,0.05544555283808232,0.8,0.38674410697259975,0,0.15804315241138706,0.5069278739610311,0.6,0.6575757575757576,0.8842424242424243,1.344700460829493,"[147, 110, 412, 306, 258, 226]"
LinearSVC,"{'C': 0.1, 'class_weight': 'balanced', 'max_iter': 5000, 'tol': 0.0001, 'random_state': 13}",P55,55.0,"[0.890052, 0.82199, 0.667539, 0.73822, 0.759162, 0.837696]",True,True,1.043501094581512,0.9675104946465509,0.4716262570669478,0.27172890633697633,0.10653124093530394,0.95,0.3943447639327983,0.0,0.17776970164484956,0.47644641511781793,0.8999999999999998,0.7874015748031497,1.288713910761155,1.6366666666666667,"[42, 68, 127, 100, 92, 62]",0.258002200852423,0.046903781288288364,0.8,0.388040250274721,0,0.17525732638785327,0.5040278417487523,0.6,0.5781818181818181,0.7418181818181818,1.2830188679245285,"[118, 80, 364, 255, 221, 186]"
LinearSVC,"{'C': 0.1, 'class_weight': 'balanced', 'max_iter': 5000, 'tol': 0.0001, 'random_state': 13}",P60,60.0,"[0.91623, 0.871728, 0.71466, 0.803665, 0.78534, 0.861257]",True,True,1.1240500555547548,0.9993977700935698,-0.09334834448542828,0.31518892975352414,0.07003608657600033,0.95,0.3963240412574366,0.0,0.21368700552724115,0.4642768128892657,0.8999999999999998,0.7165354330708661,1.0498687664041995,1.4652014652014653,"[32, 49, 109, 75, 82, 53]",0.3106117805667219,0.02848899384040037,0.75,0.3909166112241606,0,0.22275376107625175,0.4943904826419029,0.49999999999999994,0.4381818181818182,0.5236363636363637,1.195020746887967,"[65, 41, 291, 138, 188, 141]"
LinearSVC,"{'C': 0.5, 'class_weight': 'balanced', 'max_iter': 5000, 'tol': 0.0001, 'random_state': 13}",P20,20.0,"[0.649215, 0.379581, 0.298429, 0.350785, 0.319372, 0.397906]",True,True,0.5146207443886486,0.6478875085253925,-3.947488971773618,0.06227991857569477,0.4626649767580826,1.0,0.3833526752367881,0.0,0.034286966042643696,0.5162420736036261,0.9999999999999999,1.0,3.6141732283464565,3.6141732283464565,"[134, 237, 268, 248, 260, 230]",0.08098483206225009,0.34698097843013,1.0,0.37961218297757465,0,0.04677734787834095,0.530827935757401,0.9999999999999999,0.996969696969697,2.998787878787879,3.0079027355623102,"[402, 732, 1064, 920, 834, 996]"
LinearSVC,"{'C': 0.5, 'class_weight': 'balanced', 'max_iter': 5000, 'tol': 0.0001, 'random_state': 13}",P25,25.0,"[0.712042, 0.421466, 0.350785, 0.397906, 0.390052, 0.494764]",True,True,0.5975499458538909,0.7318061004030951,-1.659331591490152,0.08093444384357956,0.3985313279877669,1.0,0.38382276666026055,0.0,0.04525787950862615,0.5139329473493576,0.9999999999999999,1.0,3.241469816272966,3.241469816272966,"[110, 221, 248, 230, 233, 193]",0.09995100821434545,0.2820334492617189,1.0,0.37962847150156204,0,0.058772438415737836,0.5292390235466271,0.9999999999999999,0.9927272727272727,2.606060606060606,2.625152625152625,"[317, 670, 971, 839, 681, 822]"
LinearSVC,"{'C': 0.5, 'class_weight': 'balanced', 'max_iter': 5000, 'tol': 0.0001, 'random_state': 13}",P30,30.0,"[0.772251, 0.492147, 0.418848, 0.494764, 0.463351, 0.520942]",True,True,0.647183496849458,0.825049064183617,-0.06343959248609854,0.10167277413045528,0.32956697803642165,0.95,0.38359233585141456,0.0,0.05776873018477195,0.5104131553402114,0.8999999999999998,0.9973753280839895,2.8451443569553807,2.8526315789473684,"[87, 194, 222, 193, 205, 183]",0.12556624799227967,0.2145426379881567,1.0,0.3800848472649802,0,0.07570721426937758,0.5272182526744493,0.9999999999999999,0.9654545454545455,2.164242424242424,2.2416823603264278,"[222, 560, 855, 640, 558, 736]"
LinearSVC,"{'C': 0.5, 'class_weight': 'balanced', 'max_iter': 5000, 'tol': 0.0001, 'random_state': 13}",P35,35.0,"[0.787958, 0.515707, 0.484293, 0.560209, 0.541885, 0.589005]",True,True,0.7202340183348396,0.8317215052233315,0.4733228379530199,0.11779477039289517,0.27277380546176405,0.95,0.38404351134569503,0.0,0.06784356255014341,0.5081025896354464,0.8999999999999998,0.9868766404199475,2.52755905511811,2.5611702127659575,"[81, 185, 197, 168, 175, 157]",0.13879955884426912,0.18120360665771,0.95,0.38041851012257477,0,0.08466140345336724,0.5252920096464321,0.8999999999999998,0.9309090909090909,1.8890909090909092,2.029296875,"[195, 513, 764, 557, 460, 628]"
LinearSVC,"{'C': 0.5, 'class_weight': 'balanced', 'max_iter': 5000, 'tol': 0.0001, 'random_state': 13}",P40,40.0,"[0.829843, 0.573298, 0.513089, 0.63089, 0.620419, 0.651832]",True,True,0.7939511693737213,0.89173721672115,0.8500629639367574,0.14053972156138617,0.22190004943780556,0.95,0.38437165750046914,0.0,0.08256168548170567,0.5048988845602106,0.8999999999999998,0.9606299212598425,2.1863517060367452,2.2759562841530054,"[65, 163, 186, 141, 145, 133]",0.15952631657649413,0.14208279830652099,0.95,0.3809789948372561,0,0.09917447857055985,0.5225055123711755,0.8999999999999998,0.8824242424242424,1.5787878787878789,1.7891483516483517,"[158, 428, 715, 425, 351, 528]"
LinearSVC,"{'C': 0.5, 'class_weight': 'balanced', 'max_iter': 5000, 'tol': 0.0001, 'random_state': 13}",P45,45.0,"[0.863874, 0.696335, 0.539267, 0.664921, 0.667539, 0.698953]",True,True,0.8687517534617375,0.7909441787859808,0.787931782091766,0.17702716665131443,0.1840164358481862,0.95,0.385803408862031,0.0,0.10767673204429323,0.5005720303008339,0.8999999999999998,0.9291338582677166,1.874015748031496,2.016949152542373,"[52, 116, 176, 128, 127, 115]",0.18607455528301392,0.10980829623596564,0.75,0.3822597324631081,0,0.11844920372700347,0.5181183133754328,0.49999999999999994,0.8254545454545454,1.2975757575757576,1.5719530102790016,"[129, 230, 680, 364, 311, 427]"
LinearSVC,"{'C': 0.5, 'class_weight': 'balanced', 'max_iter': 5000, 'tol': 0.0001, 'random_state': 13}",P50,50.0,"[0.884817, 0.759162, 0.578534, 0.701571, 0.698953, 0.782723]",True,True,0.9315367425234009,0.8806568081484576,0.8195082695720488,0.21247190230359536,0.15719287376082397,0.95,0.3875257132687651,0.0,0.13326090675310792,0.49393117293558897,0.8999999999999998,0.8740157480314961,1.5984251968503937,1.8288288288288288,"[44, 92, 161, 114, 115, 83]",0.21080189850114545,0.08502828430968798,0.8,0.3829439798566665,0,0.13756050306058543,0.5149966761525774,0.6,0.7521212121212121,1.0793939393939394,1.435132957292506,"[112, 173, 631, 313, 247, 305]"
LinearSVC,"{'C': 0.5, 'class_weight': 'balanced', 'max_iter': 5000, 'tol': 0.0001, 'random_state': 13}",P55,55.0,"[0.900524, 0.780105, 0.657068, 0.743455, 0.73822, 0.811518]",True,True,0.9831844523048662,0.9229221580508943,0.62241733002246,0.2351506480439318,0.12843037595836093,0.95,0.38821393406431765,0.0,0.15017129483776762,0.4884451025070698,0.8999999999999998,0.8267716535433071,1.372703412073491,1.6603174603174604,"[38, 84, 131, 98, 100, 72]",0.2309983551055603,0.06324865669061591,0.8,0.3839081987864993,0,0.15394789725470162,0.5124969619998,0.6,0.6418181818181818,0.8503030303030303,1.3248347497639283,"[83, 140, 462, 252, 209, 257]"
LinearSVC,"{'C': 0.5, 'class_weight': 'balanced', 'max_iter': 5000, 'tol': 0.0001, 'random_state': 13}",P60,60.0,"[0.921466, 0.853403, 0.725131, 0.782723, 0.764398, 0.842932]",True,True,1.0344696474099175,0.9531464859037642,0.20799677550214823,0.26363238326663874,0.10623784526653539,0.95,0.39025036469938057,0.0,0.17140328031749413,0.47875590938930773,0.8999999999999998,0.7217847769028871,1.1128608923884515,1.541818181818182,"[30, 56, 105, 83, 90, 60]",0.2769044990188384,0.039679428382694185,0.75,0.38640471755873257,0,0.19327709771867252,0.504713803472949,0.49999999999999994,0.5248484848484849,0.636969696969697,1.2136258660508081,"[50, 56, 353, 207, 190, 195]"
LinearSVC,"{'C': 1.0, 'class_weight': 'balanced', 'max_iter': 5000, 'tol': 0.0001, 'random_state': 13}",P20,20.0,"[0.641361, 0.356021, 0.311518, 0.332461, 0.311518, 0.350785]",True,True,0.49390190425870045,0.6236624941595097,-4.944570698983258,0.05423930843521042,0.4747164505035723,1.0,0.38126348775687435,0.0,0.02965247612885473,0.5170436884243218,0.9999999999999999,1.0,3.706036745406824,3.706036745406824,"[137, 246, 263, 255, 263, 248]",0.07090058040305487,0.36077782464695846,1.0,0.378465794678044,0,0.04055860531829015,0.5314893833884738,0.9999999999999999,0.9987878787878788,3.1418181818181816,3.145631067961165,"[430, 828, 1061, 976, 826, 1063]"
LinearSVC,"{'C': 1.0, 'class_weight': 'balanced', 'max_iter': 5000, 'tol': 0.0001, 'random_state': 13}",P25,25.0,"[0.727749, 0.418848, 0.350785, 0.413613, 0.387435, 0.492147]",True,True,0.6002758982832438,0.7181980953063837,-1.7708987690500377,0.07895054471456295,0.3930506994177397,1.0,0.3812535099547349,0.0,0.044042633537777084,0.513807280563049,0.9999999999999999,0.9973753280839895,3.2178477690288716,3.2263157894736842,"[104, 222, 248, 224, 234, 194]",0.09604784215253297,0.29139349183296587,1.0,0.37847914995605497,0,0.05629984232537173,0.5298637300755605,0.9999999999999999,0.9890909090909091,2.6175757575757577,2.6464460784313726,"[295, 714, 1006, 814, 710, 780]"
LinearSVC,"{'C': 1.0, 'class_weight': 'balanced', 'max_iter': 5000, 'tol': 0.0001, 'random_state': 13}",P30,30.0,"[0.780105, 0.439791, 0.410995, 0.502618, 0.463351, 0.526178]",True,True,0.6681089755965308,0.7946408415413004,-0.43678642764113107,0.09405617428926706,0.34016774775122804,1.0,0.3807351635283059,0.0,0.0530736983656671,0.5112019030027924,0.9999999999999999,0.994750656167979,2.884514435695538,2.899736147757256,"[84, 214, 225, 190, 205, 181]",0.11544765699718218,0.23440315217857982,1.0,0.37865445574232653,0,0.06908276120339553,0.5293065656360801,0.9999999999999999,0.9769696969696969,2.292727272727273,2.3467741935483875,"[208, 677, 914, 670, 588, 726]"
LinearSVC,"{'C': 1.0, 'class_weight': 'balanced', 'max_iter': 5000, 'tol': 0.0001, 'random_state': 13}",P35,35.0,"[0.801047, 0.494764, 0.460733, 0.554974, 0.534031, 0.575916]",True,True,0.6977094472166165,0.8396587274215523,0.22173850071589518,0.10883723946553832,0.28556846033866207,0.95,0.3814688936324678,0.0,0.06228835212531005,0.5100179981087312,0.8999999999999998,0.984251968503937,2.5853018372703414,2.626666666666667,"[76, 193, 206, 170, 178, 162]",0.12655137624374382,0.2005717761942461,1.0,0.3789304245735151,0,0.07651412638629947,0.5280940739034682,0.9999999999999999,0.9551515151515152,2.046666666666667,2.142766497461929,"[184, 613, 863, 583, 484, 650]"
LinearSVC,"{'C': 1.0, 'class_weight': 'balanced', 'max_iter': 5000, 'tol': 0.0001, 'random_state': 13}",P40,40.0,"[0.853403, 0.557592, 0.5, 0.638743, 0.602094, 0.638743]",True,True,0.7830419950611656,0.8825657626872508,0.8143474393140339,0.1391080940506311,0.23083712512619572,0.95,0.38257008712243395,0.0,0.08197715223053294,0.5073272565596684,0.8999999999999998,0.963254593175853,2.215223097112861,2.299727520435967,"[56, 169, 191, 138, 152, 138]",0.15787166053146734,0.14925547023047053,0.95,0.37983190795418026,0,0.09834486902105977,0.5245960110477664,0.8999999999999998,0.8963636363636364,1.6315151515151516,1.8201487491548345,"[134, 461, 776, 451, 351, 519]"
LinearSVC,"{'C': 1.0, 'class_weight': 'balanced', 'max_iter': 5000, 'tol': 0.0001, 'random_state': 13}",P45,45.0,"[0.866492, 0.680628, 0.544503, 0.667539, 0.641361, 0.709424]",True,True,0.8498928677909895,0.8486785048695381,0.8479801577621001,0.1630488770218715,0.18816546387560829,0.95,0.3833648488157542,0.0,0.0979130468688023,0.5025994228171505,0.8999999999999998,0.94750656167979,1.89501312335958,2.0,"[51, 122, 174, 127, 137, 111]",0.17586192043101484,0.12129995090694703,0.85,0.3803884511515678,0,0.1112887818865277,0.5215293162660074,0.7,0.8381818181818181,1.3636363636363635,1.6268980477223427,"[115, 276, 723, 394, 327, 415]"
LinearSVC,"{'C': 1.0, 'class_weight': 'balanced', 'max_iter': 5000, 'tol': 0.0001, 'random_state': 13}",P50,50.0,"[0.874346, 0.727749, 0.58377, 0.704188, 0.685864, 0.73822]",True,True,0.8778650748727257,0.8886951866474688,0.864900837898833,0.17430875565120332,0.17155001114584703,0.95,0.3836877678912314,0.0,0.10568321475564696,0.5006147308183896,0.8999999999999998,0.89501312335958,1.6902887139107612,1.8885630498533725,"[48, 104, 159, 113, 120, 100]",0.1884914961313924,0.09417533670277342,0.85,0.3812634240628328,0,0.1204047035862294,0.5183748571150262,0.7,0.7830303030303031,1.1624242424242424,1.484520123839009,"[115, 217, 640, 312, 275, 359]"
LinearSVC,"{'C': 1.0, 'class_weight': 'balanced', 'max_iter': 5000, 'tol': 0.0001, 'random_state': 13}",P55,55.0,"[0.897906, 0.777487, 0.641361, 0.730366, 0.717277, 0.793194]",True,True,0.9408338351148308,0.890060296379936,0.7133798504955365,0.2121714732398251,0.14702068339492966,0.95,0.38561015089978445,0.0,0.13306082856458992,0.4940763372442813,0.8999999999999998,0.8320209973753281,1.4461942257217848,1.7381703470031546,"[39, 85, 137, 103, 108, 79]",0.20965400605353682,0.07421688826961223,0.8,0.3820772619867041,0,0.136672512654333,0.5152220329019612,0.6,0.6933333333333334,0.9436363636363636,1.3610139860139858,"[94, 145, 533, 282, 241, 262]"
LinearSVC,"{'C': 1.0, 'class_weight': 'balanced', 'max_iter': 5000, 'tol': 0.0001, 'random_state': 13}",P60,60.0,"[0.91623, 0.829843, 0.717277, 0.764398, 0.753927, 0.827225]",True,True,1.000290569183374,0.9338735095269611,0.4473868933977318,0.2446572567038956,0.12075521205031695,0.95,0.3879617484326503,0.0,0.1572268155777204,0.4854133130604923,0.8999999999999998,0.7454068241469817,1.194225721784777,1.602112676056338,"[32, 65, 108, 90, 94, 66]",0.23432411444413162,0.05542239202356488,0.8,0.38323929035464765,0,0.156804983438571,0.5123738993513285,0.6,0.5842424242424242,0.7460606060606061,1.2769709543568466,"[60, 81, 420, 241, 197, 232]"
LinearSVC,"{'C': 2.0, 'class_weight': 'balanced', 'max_iter': 5000, 'tol': 0.0001, 'random_state': 13}",P20,20.0,"[0.628272, 0.324607, 0.311518, 0.342932, 0.303665, 0.36911]",True,True,0.4756803600550509,0.5926400301664374,-5.592542166187954,0.048047055511267686,0.48615563572938214,1.0,0.3792964675772177,0.0,0.02609887161058795,0.5170941146362364,0.9999999999999999,1.0,3.729658792650919,3.729658792650919,"[142, 258, 263, 251, 266, 241]",0.06123027425705678,0.38172833469630274,1.0,0.37712696868561113,0,0.03468151236087193,0.5317286752694838,0.9999999999999999,1.0,3.2266666666666666,3.2266666666666666,"[467, 896, 1149, 975, 874, 963]"
LinearSVC,"{'C': 2.0, 'class_weight': 'balanced', 'max_iter': 5000, 'tol': 0.0001, 'random_state': 13}",P25,25.0,"[0.743455, 0.41623, 0.358639, 0.442408, 0.384817, 0.471204]",True,True,0.6049162283079546,0.7208239640307633,-1.9081731509709514,0.07623981849555268,0.38512179752518394,1.0,0.37932735779195254,0.0,0.042497866190103414,0.5149246302021716,0.9999999999999999,0.9973753280839895,3.1916010498687664,3.1999999999999997,"[98, 223, 245, 213, 235, 202]",0.09338829895293194,0.28579964347959164,1.0,0.3774510285247434,0,0.05465264768686093,0.5305657887910009,0.9999999999999999,0.9921212121212121,2.652727272727273,2.673793524740379,"[244, 786, 1040, 783, 711, 813]"
LinearSVC,"{'C': 2.0, 'class_weight': 'balanced', 'max_iter': 5000, 'tol': 0.0001, 'random_state': 13}",P30,30.0,"[0.759162, 0.439791, 0.405759, 0.507853, 0.463351, 0.544503]",True,True,0.6625620882202787,0.7761553300387976,-0.5715722969298922,0.08696353244855677,0.33807435497897415,1.0,0.3789097025023204,0.0,0.04886205403669543,0.5130052677865902,0.9999999999999999,0.994750656167979,2.8871391076115485,2.9023746701846966,"[92, 214, 227, 188, 205, 174]",0.10619766720612606,0.24332064381544455,1.0,0.37759435549371984,0,0.06299954101127601,0.5302285069394294,0.9999999999999999,0.9787878787878788,2.329090909090909,2.3795665634674923,"[225, 729, 986, 671, 558, 674]"
LinearSVC,"{'C': 2.0, 'class_weight': 'balanced', 'max_iter': 5000, 'tol': 0.0001, 'random_state': 13}",P35,35.0,"[0.795812, 0.47644, 0.460733, 0.562827, 0.502618, 0.591623]",True,True,0.6746515451895908,0.8218604267239044,0.105973300342877,0.09900597876476612,0.29823950115452147,0.95,0.3796168919311537,0.0,0.056120867061379705,0.5107213454553151,0.8999999999999998,0.9816272965879265,2.6167979002624673,2.665775401069519,"[78, 200, 206, 167, 190, 156]",0.11752508873102545,0.2089624189054969,1.0,0.37765918966125245,0,0.07047405849630785,0.5291761245595821,0.9999999999999999,0.9618181818181818,2.096363636363636,2.1795841209829865,"[189, 668, 903, 580, 523, 596]"
LinearSVC,"{'C': 2.0, 'class_weight': 'balanced', 'max_iter': 5000, 'tol': 0.0001, 'random_state': 13}",P40,40.0,"[0.82199, 0.539267, 0.513089, 0.615183, 0.560209, 0.646597]",True,True,0.7339907760958171,0.8333452944118527,0.6490877473076664,0.11369046460257254,0.2536469971432213,0.95,0.379824362121553,0.0,0.06532878635051384,0.5092899636776306,0.8999999999999998,0.9658792650918635,2.309711286089239,2.3913043478260874,"[68, 176, 186, 147, 168, 135]",0.1339941524215652,0.1741046433736476,0.95,0.378185951213117,0,0.08155059046919168,0.5270614646186272,0.8999999999999998,0.9139393939393939,1.7587878787878788,1.9244031830238726,"[162, 521, 791, 476, 450, 502]"
LinearSVC,"{'C': 2.0, 'class_weight': 'balanced', 'max_iter': 5000, 'tol': 0.0001, 'random_state': 13}",P45,45.0,"[0.858639, 0.641361, 0.536649, 0.662304, 0.617801, 0.722513]",True,True,0.813220052679019,0.8993169300866429,0.898488237418063,0.14193305380847768,0.20295416572623046,0.95,0.3808038819892392,0.0,0.08368138463352108,0.5059011012994983,0.8999999999999998,0.9422572178477691,1.9658792650918635,2.086350974930362,"[54, 137, 177, 129, 146, 106]",0.15685507893487188,0.1312361904866956,0.95,0.37899347212822215,0,0.09758186792951072,0.5245319439856831,0.8999999999999998,0.8557575757575757,1.4418181818181819,1.684844192634561,"[136, 356, 752, 405, 358, 372]"
LinearSVC,"{'C': 2.0, 'class_weight': 'balanced', 'max_iter': 5000, 'tol': 0.0001, 'random_state': 13}",P50,50.0,"[0.86911, 0.704188, 0.604712, 0.688482, 0.667539, 0.735602]",True,True,0.8618971787608404,0.849371982751321,0.8359463629166103,0.15616808421492187,0.16875748341705227,0.95,0.3816219265432359,0.0,0.09317548261405784,0.5034593990544893,0.8999999999999998,0.910761154855643,1.7349081364829397,1.904899135446686,"[50, 113, 151, 119, 127, 101]",0.16618411740813996,0.11052237745383217,0.85,0.3790341426567106,0,0.10418624822945512,0.5227453964442765,0.7,0.7981818181818182,1.233939393939394,1.5459377372817007,"[126, 284, 643, 363, 285, 335]"
LinearSVC,"{'C': 2.0, 'class_weight': 'balanced', 'max_iter': 5000, 'tol': 0.0001, 'random_state': 13}",P55,55.0,"[0.897906, 0.756545, 0.643979, 0.727749, 0.704188, 0.764398]",True,True,0.9163145480571574,0.9033627696128207,0.8018635953807495,0.18933769436402026,0.14793047936463014,0.95,0.38302444352589093,0.0,0.11681801682572021,0.5001633395830682,0.8999999999999998,0.8556430446194225,1.5091863517060367,1.7638036809815951,"[39, 93, 136, 104, 113, 90]",0.19213742270314269,0.08286703640133083,0.85,0.38030794437002935,0,0.12350028720660151,0.5192693166096715,0.7,0.7315151515151516,1.0212121212121212,1.396023198011599,"[77, 185, 576, 293, 253, 301]"
LinearSVC,"{'C': 2.0, 'class_weight': 'balanced', 'max_iter': 5000, 'tol': 0.0001, 'random_state': 13}",P60,60.0,"[0.910995, 0.827225, 0.680628, 0.756545, 0.743455, 0.795812]",True,True,0.9513374003746426,0.9453310787537978,0.6461001986218541,0.2097179127160776,0.13365181665413606,0.95,0.38423768104233735,0.0,0.13099111131758698,0.49361410195770283,0.8999999999999998,0.7821522309711286,1.288713910761155,1.6476510067114094,"[34, 66, 122, 93, 98, 78]",0.21685363060763538,0.06590950731355738,0.85,0.38128985153239925,0,0.14278064380587227,0.5156377859532391,0.7,0.6442424242424243,0.850909090909091,1.3207902163687677,"[65, 93, 502, 271, 222, 251]"
CalibratedSVC,{'C': 0.5},P20,20.0,"[0.675393, 0.382199, 0.272251, 0.36911, 0.306283, 0.308901]",True,True,0.45981784905858447,0.6219569385990795,-4.856091550872809,0.0705913602405789,0.4476665684429972,0.8999999999999999,0.3896435242033426,0.0,0.039194107939308644,0.5160301746694009,0.7999999999999999,1.0,3.695538057742782,3.695538057742782,"[124, 236, 278, 241, 265, 264]",0.08454115658596431,0.33759216423038907,0.95,0.3833598208116809,0,0.048941402557671175,0.5299638312115096,0.8999999999999998,0.996969696969697,3.124242424242424,3.133738601823708,"[373, 706, 1112, 816, 992, 1156]"
CalibratedSVC,{'C': 0.5},P25,25.0,"[0.727749, 0.41623, 0.337696, 0.45288, 0.390052, 0.431937]",True,True,0.5615893103292937,0.7370238681358774,-1.6532396438772932,0.0907870650552565,0.36609116394499336,0.8999999999999999,0.38964469739676844,0.0,0.05109774370786393,0.511731915888455,0.7999999999999999,1.0,3.251968503937008,3.251968503937008,"[104, 223, 253, 209, 233, 217]",0.11454062506119779,0.25260559704822866,0.95,0.38362946707636053,0,0.0680435321049601,0.526011350413624,0.8999999999999998,0.9878787878787879,2.5945454545454547,2.6263803680981597,"[269, 647, 973, 686, 785, 921]"
CalibratedSVC,{'C': 0.5},P30,30.0,"[0.746073, 0.471204, 0.384817, 0.494764, 0.544503, 0.565445]",True,True,0.6668477381891614,0.7891221241209285,0.07671227527413649,0.11606683523731295,0.286153340728775,0.8999999999999999,0.3897808122687452,0.0,0.06666162141103248,0.5076756146125014,0.7999999999999999,0.994750656167979,2.800524934383202,2.815303430079156,"[97, 202, 235, 193, 174, 166]",0.1398284504589034,0.1859286249322603,0.8999999999999999,0.38407432864761837,0,0.08493647330266679,0.5224959426002738,0.7999999999999999,0.9587878787878787,2.08969696969697,2.179519595448799,"[239, 541, 882, 606, 491, 689]"
CalibratedSVC,{'C': 0.5},P35,35.0,"[0.767016, 0.552356, 0.439791, 0.539267, 0.581152, 0.651832]",True,True,0.7259553689732258,0.771130313309888,0.5879752067816705,0.139327535606643,0.2506082100632949,0.8999999999999999,0.3907868114329258,0.0,0.08158712972750133,0.5039897990879663,0.7999999999999999,0.9763779527559056,2.4750656167979,2.5349462365591395,"[89, 171, 214, 176, 160, 133]",0.16290447622290322,0.14720197092923665,0.8,0.3847593600540711,0,0.10093653558979783,0.5186681249181782,0.6,0.916969696969697,1.7624242424242424,1.922009253139458,"[204, 415, 785, 540, 444, 520]"
CalibratedSVC,{'C': 0.5},P40,40.0,"[0.819372, 0.609948, 0.515707, 0.596859, 0.60733, 0.735602]",True,True,0.8013455408227246,0.8289222998870144,0.8270999103243781,0.16902731350471864,0.20507223910929814,0.8999999999999999,0.3913015547576806,0.0,0.10152811509538505,0.4991318845397464,0.7999999999999999,0.958005249343832,2.120734908136483,2.2136986301369865,"[69, 149, 185, 154, 150, 101]",0.18602643501314933,0.11264405045336898,0.8,0.3851330510907799,0,0.1176874233856015,0.5149497464383954,0.6,0.8521212121212122,1.4442424242424243,1.6948790896159318,"[178, 318, 662, 425, 424, 376]"
CalibratedSVC,{'C': 0.5},P45,45.0,"[0.850785, 0.717277, 0.570681, 0.651832, 0.657068, 0.777487]",True,True,0.9184890225052457,0.8999484486092667,0.8447790845973857,0.20577306784426586,0.16500340416393536,0.95,0.39239786274971705,0.0,0.12713599890928634,0.4907086707947101,0.8999999999999998,0.905511811023622,1.779527559055118,1.9652173913043478,"[57, 108, 164, 133, 131, 85]",0.2206184797490028,0.07657033467785365,0.8,0.3863343451270582,0,0.14364698550110752,0.5074624095325923,0.6,0.7454545454545455,1.1133333333333333,1.4934959349593495,"[130, 155, 566, 337, 355, 294]"
CalibratedSVC,{'C': 0.5},P50,50.0,"[0.863874, 0.787958, 0.615183, 0.685864, 0.706806, 0.814136]",True,True,0.9203752196100747,0.946395058008928,0.7101731775607512,0.23103307222157635,0.1486464924441006,0.8999999999999999,0.3932954661086635,0.0,0.14505292747986154,0.48279093509784754,0.7999999999999999,0.8346456692913385,1.5301837270341208,1.8333333333333335,"[52, 81, 147, 120, 112, 71]",0.24864816314668312,0.05849360533503352,0.8,0.38746833399092767,0,0.16638735704374802,0.5027794941806037,0.6,0.6575757575757576,0.8975757575757576,1.3649769585253455,"[114, 86, 465, 295, 297, 224]"
CalibratedSVC,{'C': 0.5},P55,55.0,"[0.871728, 0.835079, 0.657068, 0.732984, 0.756545, 0.84555]",True,True,0.9885029652962162,0.9862061778964062,0.42256967043050975,0.25323164288360733,0.10292270605478275,0.8999999999999999,0.39398009489130514,0.0,0.16119207556220214,0.47534694655616605,0.7999999999999999,0.7979002624671916,1.304461942257218,1.6348684210526316,"[49, 63, 131, 102, 93, 59]",0.2698175881126459,0.040158662003193374,0.8,0.3884908392898454,0,0.1840651586806611,0.49811753426605626,0.6,0.5618181818181818,0.7103030303030303,1.2642934196332256,"[110, 65, 391, 229, 212, 165]"
CalibratedSVC,{'C': 0.5},P60,60.0,"[0.900524, 0.863874, 0.693717, 0.803665, 0.780105, 0.856021]",True,True,1.049752534090935,0.8648244293592229,-0.07626710919999136,0.28492866237809417,0.073900402151583,0.8999999999999999,0.39574757954807976,0.0,0.1847939763859376,0.46376728071938655,0.7999999999999999,0.7296587926509186,1.10498687664042,1.5143884892086332,"[38, 52, 117, 75, 84, 55]",0.2937425196675931,0.02591297714597776,0.6,0.3899829561253585,0,0.2044220938085356,0.4914996280359732,0.19999999999999998,0.47454545454545455,0.5696969696969697,1.2005108556832695,"[95, 38, 333, 148, 176, 150]"
CalibratedSVC,{'C': 1.0},P20,20.0,"[0.63089, 0.337696, 0.280105, 0.327225, 0.36911, 0.340314]",True,True,0.4340491356259575,0.6364885714853148,-4.064622150093025,0.06088748009070491,0.4625533571381272,0.8999999999999999,0.3857167089112661,0.0,0.03348971190580585,0.5165355308606179,0.7999999999999999,1.0,3.7244094488188977,3.7244094488188977,"[141, 253, 275, 257, 241, 252]",0.08192712116288613,0.3198733883969525,0.95,0.3814494623979375,0,0.04727915161595428,0.5298077643863016,0.8999999999999998,0.9963636363636363,3.0127272727272727,3.0237226277372264,"[397, 807, 1054, 873, 751, 1089]"
CalibratedSVC,{'C': 1.0},P25,25.0,"[0.727749, 0.408377, 0.353403, 0.376963, 0.442408, 0.465969]",True,True,0.6163472006225275,0.74196364729896,-1.1910230704681566,0.09268446262205451,0.39223397730050047,1.0,0.3863223843365776,0.0,0.05232970278589096,0.5122698926696732,0.9999999999999999,1.0,3.2335958005249346,3.2335958005249346,"[104, 226, 247, 238, 213, 204]",0.11229976116464885,0.24488039350436477,0.95,0.3818142654622533,0,0.06673201630545839,0.5274981344413264,0.8999999999999998,0.9775757575757575,2.472121212121212,2.528828270303782,"[265, 631, 940, 780, 600, 863]"
CalibratedSVC,{'C': 1.0},P30,30.0,"[0.756545, 0.465969, 0.382199, 0.47644, 0.5, 0.552356]",True,True,0.6236033492689346,0.7242604106413814,-0.15557391385946484,0.10981374270868277,0.32228950030909553,0.8999999999999999,0.3869303562311582,0.0,0.06291669421577357,0.5100223828989905,0.7999999999999999,0.9921259842519685,2.874015748031496,2.8968253968253967,"[93, 204, 236, 200, 191, 171]",0.1329888349238768,0.20340176435887702,0.85,0.38224446692127173,0,0.08056637836129067,0.5252457217189311,0.7,0.9569696969696969,2.1454545454545455,2.241925269157695,"[230, 544, 906, 618, 558, 684]"
CalibratedSVC,{'C': 1.0},P35,35.0,"[0.795812, 0.518325, 0.450262, 0.534031, 0.554974, 0.651832]",True,True,0.752864267504708,0.7969393899951743,0.5865707401097031,0.13500024337509983,0.2584639820587859,0.95,0.38776002062798043,0.0,0.07897142306247341,0.506000026528231,0.8999999999999998,0.979002624671916,2.5013123359580054,2.5549597855227884,"[78, 184, 210, 178, 170, 133]",0.15625191823405957,0.1541118976307997,0.85,0.3826645646397146,0,0.09673121481932959,0.5223399598622627,0.7,0.9218181818181819,1.7884848484848486,1.9401709401709402,"[178, 457, 784, 516, 466, 550]"
CalibratedSVC,{'C': 1.0},P40,40.0,"[0.824607, 0.60733, 0.497382, 0.596859, 0.609948, 0.685864]",True,True,0.76653104703059,0.8527355215569468,0.8350917434863601,0.15451758997166254,0.22444929654147944,0.8999999999999999,0.38820917866802296,0.0,0.09161652217455692,0.5013021718962524,0.7999999999999999,0.94750656167979,2.183727034120735,2.3047091412742384,"[67, 150, 192, 154, 149, 120]",0.17672986710276892,0.11904486024022898,0.85,0.38350171564802255,0,0.11136085264935482,0.5187571785871603,0.7,0.8563636363636363,1.5,1.7515923566878981,"[141, 338, 722, 421, 372, 481]"
CalibratedSVC,{'C': 1.0},P45,45.0,"[0.835079, 0.651832, 0.554974, 0.667539, 0.670157, 0.759162]",True,True,0.8345080568191703,0.8958968602647764,0.86604148836395,0.182509864613233,0.1848088065891001,0.8999999999999999,0.3893566626501247,0.0,0.11069309214823073,0.4958106158729314,0.7999999999999999,0.9291338582677166,1.8661417322834646,2.0084745762711864,"[63, 133, 170, 127, 126, 92]",0.19411238927365063,0.09329072693759344,0.85,0.3835839930957309,0,0.12407794254129442,0.5151277717008094,0.7,0.7727272727272727,1.1921212121212121,1.5427450980392157,"[133, 269, 590, 320, 316, 339]"
CalibratedSVC,{'C': 1.0},P50,50.0,"[0.882199, 0.740838, 0.612565, 0.709424, 0.706806, 0.816754]",True,True,0.9635569249427043,0.9214104373964058,0.6997228797175225,0.2284324387636596,0.1421993935976674,0.95,0.39107959925570684,0.0,0.14387257757741326,0.48595193387836766,0.8999999999999998,0.8451443569553806,1.5354330708661417,1.8167701863354035,"[45, 99, 148, 111, 112, 70]",0.2324420945036935,0.06657900312476925,0.8,0.38515782005827115,0,0.15389669782104712,0.5081884795972247,0.6,0.6642424242424242,0.9084848484848485,1.3677007299270074,"[94, 143, 500, 236, 278, 248]"
CalibratedSVC,{'C': 1.0},P55,55.0,"[0.897906, 0.798429, 0.659686, 0.746073, 0.751309, 0.827225]",True,True,1.0154050707373352,0.9302867391274032,0.3730281913071183,0.253836874951099,0.11603905608180198,0.95,0.39202417289346103,0.0,0.1626597192802321,0.47814341649227154,0.8999999999999998,0.800524934383202,1.3228346456692914,1.652459016393443,"[39, 77, 130, 97, 95, 66]",0.26080025606046014,0.04656184763193441,0.75,0.3868277689962581,0,0.17760838193372203,0.503403683837762,0.49999999999999994,0.5612121212121212,0.7133333333333334,1.2710583153347734,"[81, 81, 371, 215, 194, 235]"
CalibratedSVC,{'C': 1.0},P60,60.0,"[0.91623, 0.832461, 0.698953, 0.787958, 0.790576, 0.850785]",True,True,1.0768471860990347,0.9689989944037836,0.09247978370191134,0.28008359625900153,0.08113071014196639,0.95,0.3929809999399988,0.0,0.1833824162675963,0.4713583062644765,0.8999999999999998,0.7506561679790026,1.125984251968504,1.5,"[32, 64, 115, 81, 80, 57]",0.2866185249666785,0.03412313749151038,0.75,0.38834535642871804,0,0.20023141621853818,0.498366588300854,0.49999999999999994,0.49333333333333335,0.5909090909090909,1.1977886977886978,"[72, 56, 326, 180, 157, 184]"
CalibratedSVC,{'C': 2.0},P20,20.0,"[0.615183, 0.311518, 0.280105, 0.34555, 0.353403, 0.374346]",True,True,0.45253241572051695,0.616950806225185,-4.120587845565707,0.05130178977892036,0.4734537462593641,0.95,0.382281240669869,0.0,0.027897249469253736,0.5158888111669148,0.8999999999999998,1.0,3.729658792650919,3.729658792650919,"[147, 263, 275, 250, 247, 239]",0.075549912914766,0.33248436278117277,0.95,0.37961752030530593,0,0.04334396297284693,0.5303679812332804,0.8999999999999998,0.9957575757575757,3.0163636363636366,3.029214850882532,"[443, 861, 1035, 875, 736, 1027]"
CalibratedSVC,{'C': 2.0},P25,25.0,"[0.719895, 0.376963, 0.366492, 0.387435, 0.460733, 0.395288]",True,True,0.5915271485885759,0.713360281929462,-1.6847141938362038,0.07815773143061959,0.4014915310897559,1.0,0.38286982749237397,0.0,0.04350975211822396,0.5131808421976557,0.9999999999999999,0.9973753280839895,3.3018372703412076,3.3105263157894735,"[107, 238, 242, 234, 206, 231]",0.09963724821506605,0.26017261604072084,0.95,0.3796521658503894,0,0.05853273261739521,0.52892460917716,0.8999999999999998,0.9884848484848485,2.5975757575757576,2.6278356836296752,"[282, 752, 926, 756, 562, 1008]"
CalibratedSVC,{'C': 2.0},P30,30.0,"[0.732984, 0.455497, 0.397906, 0.468586, 0.507853, 0.539267]",True,True,0.6168351510976562,0.7081249829138958,-0.21882041686953657,0.09037857752040789,0.3484016695400577,0.95,0.3828608103910197,0.0,0.05072335708359573,0.5105077232967595,0.8999999999999998,0.984251968503937,2.905511811023622,2.952,"[102, 208, 230, 203, 188, 176]",0.1211819214430011,0.2070941649711721,0.85,0.3801240881402226,0,0.07250669738390488,0.5258216286452172,0.7,0.9606060606060606,2.167878787878788,2.2567823343848583,"[261, 599, 844, 629, 497, 747]"
CalibratedSVC,{'C': 2.0},P35,35.0,"[0.769634, 0.518325, 0.439791, 0.518325, 0.539267, 0.599476]",True,True,0.6697224697760603,0.7634238797647472,0.42770851426063716,0.10769202057464526,0.3131141115613165,0.95,0.38381520254243856,0.0,0.061350126485636196,0.508330138275407,0.8999999999999998,0.979002624671916,2.622047244094488,2.67828418230563,"[88, 184, 214, 184, 176, 153]",0.14112951886319827,0.17186274183722958,0.85,0.38052367579592816,0,0.08603109888489112,0.5235575856678072,0.7,0.9236363636363636,1.8654545454545455,2.0196850393700787,"[207, 483, 771, 536, 438, 643]"
CalibratedSVC,{'C': 2.0},P40,40.0,"[0.816754, 0.568063, 0.502618, 0.575916, 0.575916, 0.638743]",True,True,0.6945672655612384,0.8047147818879713,0.7104024388819603,0.12691701541497413,0.26760447422212125,0.8999999999999999,0.3841824145612854,0.0,0.0734340994631708,0.5051642256396693,0.7999999999999999,0.9606299212598425,2.3280839895013123,2.4234972677595628,"[70, 165, 190, 162, 162, 138]",0.15922972666124044,0.14883505867000474,0.85,0.3810670463224521,0,0.09883595151737712,0.5218759868879594,0.7,0.8848484848484849,1.6424242424242423,1.8561643835616437,"[158, 397, 682, 480, 407, 586]"
CalibratedSVC,{'C': 2.0},P45,45.0,"[0.842932, 0.63089, 0.520942, 0.659686, 0.641361, 0.67801]",True,True,0.7755969890212946,0.8566951741321427,0.8536826686673565,0.1490221255026383,0.2088711988387666,0.8999999999999999,0.3848202078580763,0.0,0.08778415431386088,0.5012827711218607,0.7999999999999999,0.9448818897637795,2.031496062992126,2.15,"[60, 141, 183, 130, 137, 123]",0.17753894556014033,0.1153671311683356,0.85,0.3817445324677931,0,0.11189522214925836,0.5183611098193742,0.7,0.8254545454545454,1.376969696969697,1.6681350954478709,"[137, 302, 665, 335, 320, 513]"
CalibratedSVC,{'C': 2.0},P50,50.0,"[0.863874, 0.709424, 0.599476, 0.698953, 0.701571, 0.740838]",True,True,0.8968493460693465,0.8677585642707829,0.7880190582819282,0.18808284072981854,0.16728907587169475,0.95,0.3868519373707425,0.0,0.11412966455199441,0.4926746352251498,0.8999999999999998,0.884514435695538,1.6902887139107612,1.9109792284866471,"[52, 111, 153, 115, 114, 99]",0.20073909154088393,0.08779877293461742,0.8,0.38272748554838754,0,0.12892415246239117,0.5133222118788665,0.6,0.7272727272727273,1.0660606060606062,1.4658333333333333,"[111, 192, 511, 283, 259, 403]"
CalibratedSVC,{'C': 2.0},P55,55.0,"[0.903141, 0.798429, 0.646597, 0.746073, 0.743455, 0.811518]",True,True,0.9740939590864729,0.9009590027053649,0.5141423202820352,0.23134149222258635,0.13387804627602895,0.95,0.3887683771330514,0.0,0.14599025820513375,0.48506829277532115,0.8999999999999998,0.8110236220472441,1.3543307086614174,1.6699029126213594,"[37, 77, 135, 97, 98, 72]",0.24208689025379962,0.056457908262116885,0.75,0.38443340237894014,0,0.16217374822797168,0.5077241796237247,0.49999999999999994,0.6127272727272727,0.7981818181818182,1.3026706231454008,"[84, 88, 433, 226, 206, 280]"
CalibratedSVC,{'C': 2.0},P60,60.0,"[0.918848, 0.848168, 0.691099, 0.78534, 0.772251, 0.853403]",True,True,1.0324351168040926,0.9551767046685388,0.19230155955697592,0.26168578461198727,0.10615146625542668,0.95,0.38966932815844024,0.0,0.16937092998853215,0.4778582213919323,0.8999999999999998,0.7454068241469817,1.1338582677165354,1.5211267605633803,"[31, 58, 118, 82, 87, 56]",0.2750494571542342,0.03584792254761902,0.75,0.38658390020641165,0,0.19058469257402197,0.5023249371937418,0.49999999999999994,0.5163636363636364,0.6303030303030303,1.220657276995305,"[66, 36, 372, 195, 160, 211]"
LogisticRegression,"{'C': 0.1, 'solver': 'liblinear', 'penalty': 'l2', 'class_weight': 'balanced', 'max_iter': 4000, 'random_state': 13}",P20,20.0,"[0.691099, 0.376963, 0.274869, 0.390052, 0.329843, 0.34555]",True,True,0.5087104698297699,0.6611613415793762,-3.092250820230574,0.08373370059244631,0.41310404138157797,0.8999999999999999,0.39360270206300507,0.0,0.047099512016960395,0.5153911930398358,0.7999999999999999,1.0,3.6010498687664043,3.6010498687664043,"[118, 238, 277, 233, 256, 250]",0.10380519007586421,0.27844428572156144,0.8999999999999999,0.3860014574169116,0,0.06123330930290336,0.5286524705214201,0.7999999999999999,0.9945454545454545,2.860606060606061,2.876294942108471,"[389, 680, 1012, 778, 900, 961]"
LogisticRegression,"{'C': 0.1, 'solver': 'liblinear', 'penalty': 'l2', 'class_weight': 'balanced', 'max_iter': 4000, 'random_state': 13}",P25,25.0,"[0.709424, 0.431937, 0.324607, 0.458115, 0.384817, 0.489529]",True,True,0.5895621970460682,0.6545594407559356,-1.1830530786389142,0.10021394647526212,0.3485575150057734,0.8999999999999999,0.3930192185885983,0.0,0.057030281311713824,0.512053993917835,0.7999999999999999,1.0,3.20997375328084,3.20997375328084,"[111, 217, 258, 207, 235, 195]",0.1180399930196474,0.2192676558451468,0.8,0.3859570119381163,0,0.07039515516523485,0.5259708333817552,0.6,0.9842424242424243,2.464848484848485,2.5043103448275863,"[377, 564, 909, 654, 815, 748]"
LogisticRegression,"{'C': 0.1, 'solver': 'liblinear', 'penalty': 'l2', 'class_weight': 'balanced', 'max_iter': 4000, 'random_state': 13}",P30,30.0,"[0.764398, 0.471204, 0.374346, 0.507853, 0.534031, 0.615183]",True,True,0.7018388049328855,0.7475025230432272,0.30103236250209126,0.13303100441907292,0.2692789516903658,0.8999999999999999,0.3936225073472614,0.0,0.0777232925958154,0.5065251681612594,0.7999999999999999,0.9973753280839895,2.7401574803149606,2.7473684210526317,"[90, 202, 239, 188, 178, 147]",0.15241015720649428,0.16082414010042784,0.8,0.3863883531238688,0,0.09360682274515439,0.5205692403906728,0.6,0.9375757575757576,1.943030303030303,2.072398190045249,"[310, 493, 806, 557, 552, 488]"
LogisticRegression,"{'C': 0.1, 'solver': 'liblinear', 'penalty': 'l2', 'class_weight': 'balanced', 'max_iter': 4000, 'random_state': 13}",P35,35.0,"[0.78534, 0.510471, 0.426702, 0.552356, 0.596859, 0.672775]",True,True,0.7635915472848396,0.795495582834261,0.6579966284898815,0.15289273937302617,0.2274609463364397,0.8999999999999999,0.3938658474941768,0.0,0.09069524313594882,0.5024989831898186,0.7999999999999999,0.984251968503937,2.461942257217848,2.5013333333333336,"[82, 187, 219, 171, 154, 125]",0.17095655901356144,0.13144901652897453,0.8,0.3866268011655801,0,0.10698430318251069,0.5188128750203154,0.6,0.9030303030303031,1.7072727272727273,1.8906040268456374,"[272, 453, 748, 503, 471, 370]"
LogisticRegression,"{'C': 0.1, 'solver': 'liblinear', 'penalty': 'l2', 'class_weight': 'balanced', 'max_iter': 4000, 'random_state': 13}",P40,40.0,"[0.808901, 0.649215, 0.507853, 0.602094, 0.617801, 0.698953]",True,True,0.7464520584089004,0.6991943428408152,0.6986331994159214,0.17147885543540067,0.18329193718994452,0.8,0.3942171338781473,0.0,0.10251605831859616,0.4953179228999244,0.6,0.9448818897637795,2.120734908136483,2.2444444444444445,"[73, 134, 188, 152, 146, 115]",0.18930662163202974,0.08634656812083151,0.6,0.3874476310987233,0,0.11998759649193967,0.5138381310547018,0.19999999999999998,0.8472727272727273,1.4254545454545455,1.6824034334763949,"[252, 274, 625, 404, 462, 335]"
LogisticRegression,"{'C': 0.1, 'solver': 'liblinear', 'penalty': 'l2', 'class_weight': 'balanced', 'max_iter': 4000, 'random_state': 13}",P45,45.0,"[0.829843, 0.722513, 0.578534, 0.662304, 0.683246, 0.764398]",True,True,0.591512876663874,0.753789471632977,0.6986350350860081,0.2071075930693149,0.1342931840099335,0.5,0.39566155868164193,0.0,0.12707961776144278,0.48651165028694154,0.0,0.8923884514435696,1.763779527559055,1.976470588235294,"[65, 106, 161, 129, 121, 90]",0.21558670894591764,0.05825683736223205,0.6,0.38819866683097154,0,0.13965033625201145,0.5081174289692448,0.19999999999999998,0.7460606060606061,1.1090909090909091,1.48659626320065,"[217, 175, 510, 319, 361, 248]"
LogisticRegression,"{'C': 0.1, 'solver': 'liblinear', 'penalty': 'l2', 'class_weight': 'balanced', 'max_iter': 4000, 'random_state': 13}",P50,50.0,"[0.842932, 0.790576, 0.623037, 0.683246, 0.706806, 0.811518]",True,True,0.7145215969648073,0.7068153802741366,0.5187991692167191,0.23181176576764465,0.11622294408703529,0.6,0.39644258428065987,0.0,0.14473238860920354,0.4796196856617346,0.19999999999999998,0.847769028871391,1.5459317585301837,1.8235294117647058,"[60, 80, 144, 121, 112, 72]",0.23372098854876738,0.04374403459582214,0.5,0.38946142107063786,0,0.15376378609877092,0.5041298559422759,0.0,0.6715151515151515,0.9406060606060606,1.4007220216606497,"[197, 93, 445, 287, 334, 196]"
LogisticRegression,"{'C': 0.1, 'solver': 'liblinear', 'penalty': 'l2', 'class_weight': 'balanced', 'max_iter': 4000, 'random_state': 13}",P55,55.0,"[0.86911, 0.824607, 0.672775, 0.732984, 0.751309, 0.853403]",True,True,0.7044750064065316,0.8277939220849896,0.31875776278534984,0.26819219405968037,0.08314464266738994,0.5,0.39809151671413706,0.0,0.17241891171822005,0.47047319082991734,0.0,0.7900262467191601,1.2992125984251968,1.644518272425249,"[50, 67, 125, 102, 95, 56]",0.26332567386569816,0.03265880235374928,0.6,0.3904235019101357,0,0.17805230506156147,0.498114356251904,0.19999999999999998,0.5690909090909091,0.7363636363636363,1.293929712460064,"[145, 75, 333, 237, 287, 138]"
LogisticRegression,"{'C': 0.1, 'solver': 'liblinear', 'penalty': 'l2', 'class_weight': 'balanced', 'max_iter': 4000, 'random_state': 13}",P60,60.0,"[0.910995, 0.861257, 0.71466, 0.78534, 0.780105, 0.863874]",True,True,1.1275623188241277,0.8734875530946914,-0.1043310608717557,0.3066853814491219,0.05884890162514208,0.95,0.3990861300004927,0.0,0.2037870011861047,0.46069427776435873,0.8999999999999998,0.7191601049868767,1.0866141732283465,1.510948905109489,"[34, 53, 109, 82, 84, 52]",0.2990094736082044,0.023139973478983774,0.6,0.3920601765515694,0,0.2089517565708748,0.4898604082744195,0.19999999999999998,0.45454545454545453,0.5581818181818182,1.2280000000000002,"[99, 46, 272, 154, 242, 108]"
LogisticRegression,"{'C': 0.5, 'solver': 'liblinear', 'penalty': 'l2', 'class_weight': 'balanced', 'max_iter': 4000, 'random_state': 13}",P20,20.0,"[0.688482, 0.387435, 0.277487, 0.403141, 0.301047, 0.366492]",True,True,0.48419916170078126,0.6313053704603846,-3.3196709627272663,0.07897498556031982,0.4317526980020956,0.8999999999999999,0.3899229138085236,0.0,0.04429671910293617,0.5165978453426319,0.7999999999999999,1.0,3.5853018372703414,3.5853018372703414,"[119, 234, 276, 228, 267, 242]",0.09802978849381859,0.30193745747144296,0.8999999999999999,0.38404346479336327,0,0.05759992479575637,0.5299748078540025,0.7999999999999999,0.9981818181818182,2.9024242424242424,2.9077109896782027,"[389, 620, 1043, 789, 936, 1012]"
LogisticRegression,"{'C': 0.5, 'solver': 'liblinear', 'penalty': 'l2', 'class_weight': 'balanced', 'max_iter': 4000, 'random_state': 13}",P25,25.0,"[0.719895, 0.41623, 0.329843, 0.458115, 0.390052, 0.460733]",True,True,0.582306763954321,0.7072796176898005,-1.2876049849916318,0.0957103053059385,0.3505508154877302,0.8999999999999999,0.39049091378704254,0.0,0.05425758744853212,0.5126353042290406,0.7999999999999999,1.0,3.2335958005249346,3.2335958005249346,"[107, 223, 256, 207, 233, 206]",0.11427225530472265,0.24224059009626636,0.8999999999999999,0.3841598416044808,0,0.06800377003494222,0.5270983007288301,0.7999999999999999,0.9848484848484849,2.5024242424242424,2.540923076923077,"[352, 585, 908, 668, 762, 854]"
LogisticRegression,"{'C': 0.5, 'solver': 'liblinear', 'penalty': 'l2', 'class_weight': 'balanced', 'max_iter': 4000, 'random_state': 13}",P30,30.0,"[0.73822, 0.484293, 0.408377, 0.507853, 0.531414, 0.591623]",True,True,0.6744854225437958,0.7987419831543914,0.2574607863268721,0.12256167722003232,0.2853305687658089,0.8999999999999999,0.3908477136319082,0.0,0.07097266251464124,0.508103452979018,0.7999999999999999,0.9973753280839895,2.745406824146982,2.7526315789473683,"[100, 197, 226, 188, 179, 156]",0.14365758507383108,0.18024873828122967,0.8999999999999999,0.3844437878726335,0,0.08769036110950862,0.5227209680720045,0.7999999999999999,0.9393939393939394,1.9878787878787878,2.116129032258064,"[298, 514, 790, 591, 526, 561]"
LogisticRegression,"{'C': 0.5, 'solver': 'liblinear', 'penalty': 'l2', 'class_weight': 'balanced', 'max_iter': 4000, 'random_state': 13}",P35,35.0,"[0.78534, 0.526178, 0.458115, 0.552356, 0.581152, 0.659686]",True,True,0.7445538178010617,0.7761227053083639,0.6453656994163756,0.1485094142692837,0.24137550122063645,0.8999999999999999,0.39139968250804785,0.0,0.0878949737401505,0.5039518506730245,0.7999999999999999,0.9816272965879265,2.4435695538057742,2.4893048128342246,"[82, 181, 207, 171, 160, 130]",0.16571981707250635,0.14509259339313246,0.8,0.3849849387632996,0,0.10332858780911296,0.5201841816026904,0.6,0.9006060606060606,1.6981818181818182,1.8855989232839838,"[240, 458, 705, 498, 453, 448]"
LogisticRegression,"{'C': 0.5, 'solver': 'liblinear', 'penalty': 'l2', 'class_weight': 'balanced', 'max_iter': 4000, 'random_state': 13}",P40,40.0,"[0.82199, 0.657068, 0.484293, 0.594241, 0.638743, 0.709424]",True,True,0.8162478368644429,0.8486578273037988,0.8480292689934223,0.17372264134880036,0.19506412398286388,0.8999999999999999,0.3919643983283549,0.0,0.10448793984610322,0.4969752045788731,0.7999999999999999,0.9553805774278216,2.099737532808399,2.1978021978021975,"[68, 131, 197, 155, 138, 111]",0.19215821738683886,0.09929163451254049,0.8,0.38597081476500106,0,0.122473548243842,0.5148833014976927,0.6,0.8387878787878787,1.376969696969697,1.6416184971098267,"[208, 262, 650, 427, 375, 350]"
LogisticRegression,"{'C': 0.5, 'solver': 'liblinear', 'penalty': 'l2', 'class_weight': 'balanced', 'max_iter': 4000, 'random_state': 13}",P45,45.0,"[0.829843, 0.722513, 0.575916, 0.643979, 0.691099, 0.748691]",True,True,0.8691633027347361,0.8944491282172035,0.8573469755897714,0.19668837266458292,0.16544421141846027,0.8999999999999999,0.39306380496204485,0.0,0.12006798873760106,0.4903788334239849,0.7999999999999999,0.9028871391076115,1.7926509186351707,1.98546511627907,"[65, 106, 162, 136, 118, 96]",0.20841084915978814,0.06991738184511608,0.8,0.3865188696751042,0,0.13445569678262442,0.5106906039681993,0.6,0.7642424242424243,1.1436363636363636,1.4964314036478983,"[198, 191, 520, 348, 321, 309]"
LogisticRegression,"{'C': 0.5, 'solver': 'liblinear', 'penalty': 'l2', 'class_weight': 'balanced', 'max_iter': 4000, 'random_state': 13}",P50,50.0,"[0.863874, 0.793194, 0.617801, 0.693717, 0.730366, 0.824607]",True,True,0.95792772935327,0.9438015165174687,0.7000517888678028,0.24294624436131543,0.12356140095912915,0.8999999999999999,0.3951429531702793,0.0,0.15448419607100303,0.4813929031238561,0.7999999999999999,0.8372703412073491,1.4803149606299213,1.7680250783699059,"[52, 79, 146, 117, 103, 67]",0.23972003368856232,0.05227280358584043,0.8,0.38784762138248896,0,0.159347165781039,0.5053737739299259,0.6,0.6527272727272727,0.8927272727272727,1.3676880222841226,"[156, 102, 434, 304, 286, 191]"
LogisticRegression,"{'C': 0.5, 'solver': 'liblinear', 'penalty': 'l2', 'class_weight': 'balanced', 'max_iter': 4000, 'random_state': 13}",P55,55.0,"[0.890052, 0.824607, 0.664921, 0.730366, 0.756545, 0.848168]",True,True,1.062101228575572,0.9816059560551537,0.4444900966997255,0.27440963906461124,0.09108340773723247,0.95,0.3959166574939774,0.0,0.1790396311574712,0.47341323951474423,0.8999999999999998,0.7926509186351706,1.288713910761155,1.6258278145695366,"[42, 67, 128, 103, 93, 58]",0.2658894465021649,0.040970528663334324,0.8,0.38895679405440986,0,0.1813293946865881,0.5006424969494538,0.6,0.5624242424242424,0.723030303030303,1.2855603448275863,"[117, 67, 360, 245, 241, 163]"
LogisticRegression,"{'C': 0.5, 'solver': 'liblinear', 'penalty': 'l2', 'class_weight': 'balanced', 'max_iter': 4000, 'random_state': 13}",P60,60.0,"[0.91623, 0.871728, 0.706806, 0.803665, 0.787958, 0.858639]",True,True,1.1343697912023047,1.0308092459633063,0.020027314463533674,0.31554194567196986,0.06033041899107211,0.95,0.3971942150713565,0.0,0.21386162912598827,0.463897117428639,0.8999999999999998,0.7296587926509186,1.057742782152231,1.4496402877697843,"[32, 49, 112, 75, 81, 54]",0.30377909233878797,0.03032940237952974,0.8,0.39119852001349315,0,0.2153078106043403,0.493455604177107,0.6,0.45151515151515154,0.5478787878787879,1.2134228187919462,"[74, 42, 300, 152, 192, 144]"
LogisticRegression,"{'C': 1.0, 'solver': 'liblinear', 'penalty': 'l2', 'class_weight': 'balanced', 'max_iter': 4000, 'random_state': 13}",P20,20.0,"[0.664921, 0.395288, 0.282723, 0.379581, 0.311518, 0.387435]",True,True,0.5112347509310591,0.6133883166477069,-3.4988480801868276,0.07285759431525501,0.4380820215072453,0.95,0.38819726041016456,0.0,0.04061452812975262,0.5168353252982846,0.8999999999999998,1.0,3.5879265091863517,3.5879265091863517,"[128, 231, 274, 237, 263, 234]",0.09134875708469238,0.31280665236989735,0.8999999999999999,0.38282070644303956,0,0.05332048200819437,0.5303808442178672,0.7999999999999999,0.996969696969697,2.924848484848485,2.933738601823708,"[424, 653, 1026, 830, 886, 1007]"
LogisticRegression,"{'C': 1.0, 'solver': 'liblinear', 'penalty': 'l2', 'class_weight': 'balanced', 'max_iter': 4000, 'random_state': 13}",P25,25.0,"[0.717277, 0.424084, 0.337696, 0.458115, 0.403141, 0.431937]",True,True,0.5574575162127643,0.7003652582645225,-1.29247627207871,0.08998559256135609,0.36899990706069136,0.8999999999999999,0.3882394357069986,0.0,0.05073761919400406,0.5131029664399288,0.7999999999999999,1.0,3.236220472440945,3.236220472440945,"[108, 220, 253, 207, 228, 217]",0.11268289490294585,0.24716026225770493,0.8999999999999999,0.3828087520642718,0,0.06699702934114735,0.5275645207144942,0.7999999999999999,0.9842424242424243,2.5006060606060605,2.54064039408867,"[321, 597, 918, 678, 686, 926]"
LogisticRegression,"{'C': 1.0, 'solver': 'liblinear', 'penalty': 'l2', 'class_weight': 'balanced', 'max_iter': 4000, 'random_state': 13}",P30,30.0,"[0.756545, 0.463351, 0.39267, 0.513089, 0.5, 0.552356]",True,True,0.6432769135434634,0.7773246078813428,0.045609224525132164,0.11276095908119052,0.3060071926689522,0.8999999999999999,0.3884104904374171,0.0,0.06467701289273173,0.5088982799992324,0.7999999999999999,0.9921259842519685,2.8293963254593177,2.851851851851852,"[93, 205, 232, 186, 191, 171]",0.13674440660570916,0.1943899695119488,0.8999999999999999,0.3832339026252751,0,0.08307177919548787,0.5244239459540698,0.7999999999999999,0.9521212121212121,2.084848484848485,2.18968809675366,"[269, 528, 835, 607, 537, 664]"
LogisticRegression,"{'C': 1.0, 'solver': 'liblinear', 'penalty': 'l2', 'class_weight': 'balanced', 'max_iter': 4000, 'random_state': 13}",P35,35.0,"[0.782723, 0.536649, 0.460733, 0.536649, 0.560209, 0.620419]",True,True,0.7106253824939911,0.7568839383149367,0.5910229440573755,0.13550089138693655,0.26167357416140674,0.8999999999999999,0.3893268842282046,0.0,0.07933462042731622,0.5061558816231622,0.7999999999999999,0.984251968503937,2.509186351706037,2.5493333333333332,"[83, 177, 206, 177, 168, 145]",0.15910565902812523,0.15740419426609714,0.8,0.3839415785096949,0,0.09876165414051166,0.5219673358785956,0.6,0.9157575757575758,1.7478787878787878,1.9086697551290535,"[230, 425, 699, 540, 464, 526]"
LogisticRegression,"{'C': 1.0, 'solver': 'liblinear', 'penalty': 'l2', 'class_weight': 'balanced', 'max_iter': 4000, 'random_state': 13}",P40,40.0,"[0.798429, 0.643979, 0.505236, 0.602094, 0.643979, 0.688482]",True,True,0.7809739055911886,0.8134934589187103,0.809965580660488,0.15815847556198992,0.21416493691258803,0.8999999999999999,0.3899345564726226,0.0,0.0937405287873546,0.49895847324708065,0.7999999999999999,0.94750656167979,2.1233595800524934,2.2409972299168976,"[77, 136, 189, 152, 136, 119]",0.17958080311852315,0.12143913598780909,0.8,0.384505972626654,0,0.1131613368768595,0.5169792757662978,0.6,0.8472727272727273,1.4448484848484848,1.7052932761087267,"[207, 302, 636, 429, 376, 434]"
LogisticRegression,"{'C': 1.0, 'solver': 'liblinear', 'penalty': 'l2', 'class_weight': 'balanced', 'max_iter': 4000, 'random_state': 13}",P45,45.0,"[0.848168, 0.730366, 0.560209, 0.651832, 0.680628, 0.759162]",True,True,0.872693532006476,0.8878491511660377,0.846864866514169,0.205707551013662,0.1706318866735387,0.8999999999999999,0.3920595588878424,0.0,0.127136022299121,0.49090554187820123,0.7999999999999999,0.905511811023622,1.7742782152230971,1.9594202898550726,"[58, 103, 168, 133, 122, 92]",0.21150999695614836,0.07940525651645103,0.8,0.38581470242113397,0,0.13711750708108233,0.5111605769071342,0.6,0.7606060606060606,1.1315151515151516,1.4876494023904383,"[174, 164, 550, 359, 309, 311]"
LogisticRegression,"{'C': 1.0, 'solver': 'liblinear', 'penalty': 'l2', 'class_weight': 'balanced', 'max_iter': 4000, 'random_state': 13}",P50,50.0,"[0.866492, 0.772251, 0.617801, 0.691099, 0.727749, 0.801047]",True,True,0.930144420971372,0.9361699657758387,0.7074747402965988,0.23274945688419577,0.14059070623138303,0.8999999999999999,0.3932855677285307,0.0,0.14689133588818767,0.484221213653942,0.7999999999999999,0.84251968503937,1.5275590551181102,1.8130841121495327,"[51, 87, 146, 118, 104, 76]",0.23608218230873115,0.05587246071897485,0.8,0.3865341472869412,0,0.15682396386618802,0.507452036340058,0.6,0.6678787878787878,0.9012121212121212,1.3493647912885665,"[146, 109, 429, 308, 257, 238]"
LogisticRegression,"{'C': 1.0, 'solver': 'liblinear', 'penalty': 'l2', 'class_weight': 'balanced', 'max_iter': 4000, 'random_state': 13}",P55,55.0,"[0.89267, 0.811518, 0.670157, 0.735602, 0.76178, 0.840314]",True,True,1.0418614961561672,0.9639237933786222,0.47023462354942036,0.2702583273708105,0.1065328175139832,0.95,0.3937866209977995,0.0,0.17645707814581454,0.47646196269979063,0.8999999999999998,0.7874015748031497,1.2913385826771653,1.64,"[41, 72, 126, 101, 91, 61]",0.25502604648976196,0.04736725336397409,0.8,0.38755000084278085,0,0.1725952095498902,0.504178621591991,0.6,0.5775757575757576,0.743030303030303,1.2864637985309548,"[113, 87, 366, 258, 215, 187]"
LogisticRegression,"{'C': 1.0, 'solver': 'liblinear', 'penalty': 'l2', 'class_weight': 'balanced', 'max_iter': 4000, 'random_state': 13}",P60,60.0,"[0.91623, 0.86911, 0.709424, 0.808901, 0.78534, 0.861257]",True,True,1.121240404799157,0.9955875416611542,-0.01948998074817765,0.3145185003159945,0.07211262840074795,0.95,0.3961151096130345,0.0,0.21310019059348484,0.4644430250230356,0.8999999999999998,0.7165354330708661,1.05249343832021,1.468864468864469,"[32, 50, 111, 73, 82, 53]",0.30784045632846874,0.029464150570945324,0.75,0.39070411967876867,0,0.22031422893025815,0.49536142890051355,0.49999999999999994,0.45636363636363636,0.5466666666666666,1.197875166002656,"[64, 41, 308, 145, 189, 155]"
RidgeClassifier,{'alpha': 1.0},P20,20.0,"[0.672775, 0.348168, 0.295812, 0.342932, 0.303665, 0.371728]",True,True,0.5119847890400425,0.6124571311667406,-5.237280748808432,0.060686086016077896,0.46356591402257113,1.0,0.3828820568217856,0.0,0.033376072092454266,0.516601914583532,0.9999999999999999,1.0,3.674540682414698,3.674540682414698,"[125, 249, 269, 251, 266, 240]",0.06683987760446933,0.36796619893900023,1.0,0.37861150833757146,0,0.0380706016588708,0.5315075631049672,0.9999999999999999,0.9987878787878788,3.179393939393939,3.183252427184466,"[438, 838, 1089, 948, 902, 1031]"
RidgeClassifier,{'alpha': 1.0},P25,25.0,"[0.735602, 0.374346, 0.358639, 0.418848, 0.395288, 0.460733]",True,True,0.5671778496206246,0.6708868558751938,-2.1670734377063576,0.08210520193322708,0.38992677551424276,0.95,0.38333141067213405,0.0,0.04596899072742581,0.5139091599847371,0.8999999999999998,1.0,3.2650918635170605,3.2650918635170605,"[101, 239, 245, 222, 231, 206]",0.085450718933145,0.2881258952059126,0.95,0.3785401071598715,0,0.04951711320653194,0.5299634151498669,0.8999999999999998,0.9939393939393939,2.6975757575757577,2.7140243902439027,"[344, 786, 949, 832, 674, 866]"
RidgeClassifier,{'alpha': 1.0},P30,30.0,"[0.78534, 0.484293, 0.408377, 0.492147, 0.450262, 0.573298]",True,True,0.6598130280386633,0.7581366889918144,-0.3187871476344988,0.10580593119383852,0.32112523566697654,0.95,0.3837744417060045,0.0,0.060431311481334224,0.5107200880058258,0.8999999999999998,0.9973753280839895,2.8136482939632548,2.8210526315789473,"[82, 197, 226, 194, 210, 163]",0.10830871399737937,0.2239580534746926,0.95,0.3792867615637589,0,0.0641562627192995,0.5281890070448472,0.8999999999999998,0.9684848484848485,2.2303030303030305,2.3028785982478097,"[259, 628, 876, 679, 599, 639]"
RidgeClassifier,{'alpha': 1.0},P35,35.0,"[0.806283, 0.541885, 0.468586, 0.557592, 0.54712, 0.625654]",True,True,0.7445979840155253,0.7066411865567074,0.40973558438703817,0.12821410889511647,0.2589510293546379,0.95,0.38444968158348947,0.0,0.07456477451162428,0.5069987284450731,0.8999999999999998,0.9816272965879265,2.459317585301837,2.5053475935828877,"[74, 175, 203, 169, 173, 143]",0.12638377240408327,0.17370836905993867,0.8,0.3798859440418756,0,0.0760496724246697,0.5256853810104043,0.6,0.9309090909090909,1.8557575757575757,1.9934895833333333,"[224, 504, 792, 550, 451, 541]"
RidgeClassifier,{'alpha': 1.0},P40,40.0,"[0.827225, 0.617801, 0.513089, 0.628272, 0.60733, 0.704188]",True,True,0.8195004460311872,0.7667959110671151,0.754079777434033,0.15355819321609876,0.20955968021732704,0.95,0.3850064434413852,0.0,0.09141643191614887,0.5039036642854762,0.8999999999999998,0.9553805774278216,2.1076115485564304,2.2060439560439558,"[66, 146, 186, 142, 150, 113]",0.1451858289985808,0.1325202409250324,0.8,0.38043440997855515,0,0.08871487309943653,0.5223277370886055,0.6,0.8684848484848485,1.5066666666666666,1.7348220516399162,"[210, 357, 717, 425, 375, 402]"
RidgeClassifier,{'alpha': 1.0},P45,45.0,"[0.840314, 0.732984, 0.544503, 0.675393, 0.638743, 0.725131]",True,True,0.878587509563635,0.7887327019689698,0.7826606174877945,0.1728344102430648,0.17022207854573845,0.95,0.3865839262210288,0.0,0.10456421148208024,0.5004312781349287,0.8999999999999998,0.9212598425196851,1.847769028871391,2.005698005698006,"[61, 102, 174, 124, 138, 105]",0.1701436386979084,0.0959003623003886,0.75,0.3816314185714998,0,0.10610794319278102,0.5175284963542633,0.49999999999999994,0.8151515151515152,1.2478787878787878,1.5308550185873604,"[177, 169, 663, 349, 342, 359]"
RidgeClassifier,{'alpha': 1.0},P50,50.0,"[0.861257, 0.748691, 0.575916, 0.701571, 0.698953, 0.767016]",True,True,0.9178200653457855,0.8206123602845923,0.74898848401366,0.1989550474939112,0.15729260806729764,0.95,0.3871920863972398,0.0,0.12307485231797936,0.49553048046051384,0.8999999999999998,0.8923884514435696,1.6509186351706038,1.85,"[53, 96, 162, 114, 115, 89]",0.18704781405206228,0.08111228540557967,0.75,0.38225610546036537,0,0.11850468755356981,0.5150472259308166,0.49999999999999994,0.7436363636363637,1.0636363636363637,1.430317848410758,"[142, 162, 606, 313, 254, 278]"
RidgeClassifier,{'alpha': 1.0},P55,55.0,"[0.897906, 0.801047, 0.65445, 0.73822, 0.727749, 0.824607]",True,True,1.0018559444146715,0.8679274492362858,0.5453805198154074,0.24163804238958803,0.11648218413534972,0.95,0.3890002872014439,0.0,0.15551930629294433,0.48808408958361127,0.8999999999999998,0.8320209973753281,1.3595800524934383,1.6340694006309147,"[39, 76, 132, 100, 104, 67]",0.21084615159452147,0.05790081115427359,0.75,0.38327369598679273,0,0.13679721440493073,0.5120028823682541,0.49999999999999994,0.6406060606060606,0.8357575757575758,1.304635761589404,"[99, 120, 468, 272, 228, 192]"
RidgeClassifier,{'alpha': 1.0},P60,60.0,"[0.905759, 0.884817, 0.706806, 0.774869, 0.767016, 0.863874]",True,True,1.0599169099187349,0.7627348438677916,0.03609198308209216,0.27754603670271283,0.09505968824055937,0.95,0.3914352048552711,0.0,0.18309299853156646,0.47659115030621857,0.8999999999999998,0.7296587926509186,1.099737532808399,1.5071942446043165,"[36, 44, 112, 86, 89, 52]",0.2442131590228494,0.03721867565374896,0.55,0.3858012016623037,0,0.16373994725306432,0.5067386776296565,0.09999999999999999,0.5345454545454545,0.6442424242424243,1.2052154195011338,"[94, 45, 383, 217, 184, 140]"
RidgeClassifier,{'alpha': 5.0},P20,20.0,"[0.685864, 0.356021, 0.282723, 0.363874, 0.311518, 0.361257]",True,True,0.4643819267249171,0.5929487014362133,-4.226494269630408,0.07218353011588464,0.444392583939647,0.8999999999999999,0.3886366018289317,0.0,0.04014249321851529,0.5159735760640463,0.7999999999999999,1.0,3.648293963254593,3.648293963254593,"[120, 246, 274, 243, 263, 244]",0.08182690505815163,0.3236689214943737,0.8999999999999999,0.38263572624145115,0,0.04722773189111848,0.5299375663766128,0.7999999999999999,0.9981818181818182,3.035151515151515,3.0406800242865817,"[452, 740, 1016, 877, 887, 1036]"
RidgeClassifier,{'alpha': 5.0},P25,25.0,"[0.743455, 0.397906, 0.348168, 0.458115, 0.382199, 0.484293]",True,True,0.5689556271286367,0.6875318137833536,-1.4881651945312764,0.09341907159929823,0.3610312813314824,0.8999999999999999,0.3885594562027361,0.0,0.05273884247968534,0.5118005835470011,0.7999999999999999,1.0,3.1942257217847767,3.1942257217847767,"[98, 230, 249, 207, 236, 197]",0.10347149998904295,0.25070191451697643,0.8999999999999999,0.3825407610376237,0,0.06077306446285268,0.5265670339969957,0.7999999999999999,0.9812121212121212,2.533939393939394,2.5824583075972827,"[372, 660, 910, 701, 742, 796]"
RidgeClassifier,{'alpha': 5.0},P30,30.0,"[0.764398, 0.460733, 0.39267, 0.497382, 0.52356, 0.581152]",True,True,0.6542505049595166,0.7713978602219032,0.03877024263788453,0.11590485674002447,0.298371050023712,0.8999999999999999,0.38905566081068066,0.0,0.0665755737318084,0.507821907956823,0.7999999999999999,0.9973753280839895,2.7874015748031495,2.794736842105263,"[90, 206, 232, 192, 182, 160]",0.12884983844797135,0.19241292303694713,0.8999999999999999,0.3832031493695964,0,0.07748135133354322,0.5238482538641469,0.7999999999999999,0.953939393939394,2.0884848484848484,2.189326556543837,"[309, 563, 829, 633, 508, 604]"
RidgeClassifier,{'alpha': 5.0},P35,35.0,"[0.78534, 0.507853, 0.455497, 0.539267, 0.562827, 0.628272]",True,True,0.7181471567534806,0.7404741695695877,0.47838048339220435,0.1359990696610201,0.2546822388961177,0.8999999999999999,0.3894344199619274,0.0,0.0795985825491317,0.5056881164589018,0.7999999999999999,0.9816272965879265,2.52755905511811,2.5748663101604277,"[82, 188, 208, 176, 167, 142]",0.14317108130238448,0.15777765858803927,0.8,0.3836024895174743,0,0.08710165895660536,0.5212720083593612,0.6,0.9193939393939394,1.8175757575757576,1.976928147659855,"[280, 485, 720, 537, 469, 508]"
RidgeClassifier,{'alpha': 5.0},P40,40.0,"[0.806283, 0.659686, 0.486911, 0.604712, 0.596859, 0.727749]",True,True,0.7949492199204887,0.8160763684783371,0.8148788593484873,0.16711214618236991,0.20941701388237383,0.8999999999999999,0.3908469587349756,0.0,0.09975462329775872,0.4971765900489375,0.7999999999999999,0.9501312335958005,2.1233595800524934,2.234806629834254,"[74, 130, 196, 151, 154, 104]",0.1718862908315858,0.11115042930639041,0.8,0.384468356510472,0,0.10721943138211357,0.5165607373392894,0.6,0.8569696969696969,1.4466666666666668,1.6881188118811883,"[257, 313, 666, 416, 417, 318]"
RidgeClassifier,{'alpha': 5.0},P45,45.0,"[0.819372, 0.722513, 0.557592, 0.65445, 0.664921, 0.777487]",True,True,0.8576017807665011,0.718753079422856,0.6869950445284575,0.19201832291719598,0.17195399647281748,0.8999999999999999,0.3917915144070753,0.0,0.11656397270389932,0.490481120257579,0.7999999999999999,0.910761154855643,1.8083989501312336,1.985590778097983,"[69, 106, 169, 132, 128, 85]",0.1956723688418707,0.07262036013811525,0.6,0.3856702357303355,0,0.12434519646698568,0.5111303258593379,0.19999999999999998,0.7703030303030303,1.1642424242424243,1.5114083398898506,"[242, 184, 549, 353, 349, 244]"
RidgeClassifier,{'alpha': 5.0},P50,50.0,"[0.853403, 0.774869, 0.609948, 0.680628, 0.701571, 0.816754]",True,True,0.9326498308183513,0.7552207974610322,0.5886750805122174,0.23298908032791515,0.13828801609393707,0.8999999999999999,0.393162555281244,0.0,0.14715933920914048,0.48445440858086075,0.7999999999999999,0.8740157480314961,1.5669291338582678,1.792792792792793,"[56, 86, 149, 122, 114, 70]",0.21705629716130537,0.05777830001467654,0.6,0.38647600104801133,0,0.14061551916144327,0.5072131959881929,0.19999999999999998,0.6866666666666666,0.9563636363636364,1.3927625772285968,"[203, 111, 446, 310, 317, 191]"
RidgeClassifier,{'alpha': 5.0},P55,55.0,"[0.887435, 0.840314, 0.670157, 0.725131, 0.751309, 0.837696]",True,True,1.0595764145867115,0.8100200478175713,0.30610686012395205,0.27487379938925954,0.09372500997745077,0.95,0.39475875058300913,0.0,0.17982378657984624,0.4743801139213861,0.8999999999999998,0.7979002624671916,1.2913385826771653,1.618421052631579,"[43, 61, 126, 105, 95, 62]",0.2502369017938428,0.03664824591115422,0.6,0.3881046397829428,0,0.16770880565571294,0.5024903305091741,0.19999999999999998,0.5812121212121212,0.7375757575757576,1.2690302398331597,"[146, 59, 363, 263, 217, 169]"
RidgeClassifier,{'alpha': 5.0},P60,60.0,"[0.895288, 0.874346, 0.712042, 0.790576, 0.774869, 0.861257]",True,True,1.104351881459192,0.8310551712803615,0.02770184568333256,0.2973964460660083,0.07169101791304419,0.95,0.39548817768742595,0.0,0.1971491647619435,0.4657668517991269,0.8999999999999998,0.7296587926509186,1.094488188976378,1.5000000000000002,"[40, 48, 110, 80, 86, 53]",0.2660192169167701,0.03168402228572892,0.6,0.3890665888310676,0,0.18015834954730386,0.4970787524040686,0.19999999999999998,0.5024242424242424,0.6157575757575757,1.2255729794933654,"[127, 43, 318, 176, 205, 147]"
RidgeClassifier,{'alpha': 10.0},P20,20.0,"[0.664921, 0.356021, 0.280105, 0.376963, 0.303665, 0.335079]",True,True,0.4652353337388343,0.588863270448315,-4.656992421061764,0.0693404594829722,0.44120734535237294,0.8999999999999999,0.3903407320274503,0.0,0.03844384273232498,0.5159766742142935,0.7999999999999999,1.0,3.6929133858267718,3.6929133858267718,"[128, 246, 275, 238, 266, 254]",0.08245541435898934,0.3287653848545277,0.8999999999999999,0.3839108031461781,0,0.047607114732458836,0.529759849549303,0.7999999999999999,0.9987878787878788,3.0975757575757576,3.1013349514563107,"[481, 742, 1026, 855, 967, 1040]"
RidgeClassifier,{'alpha': 10.0},P25,25.0,"[0.730366, 0.390052, 0.311518, 0.455497, 0.421466, 0.460733]",True,True,0.5818755705043541,0.6982269835393169,-1.5603856099479982,0.09452902947781334,0.3498589099726766,0.8999999999999999,0.39068483666405807,0.0,0.05336658757793933,0.5111847819189341,0.7999999999999999,1.0,3.2388451443569553,3.2388451443569553,"[103, 233, 263, 208, 221, 206]",0.10695858094069668,0.24394237174919647,0.8999999999999999,0.3840359144927223,0,0.06299756950306513,0.5259917569298763,0.7999999999999999,0.9848484848484849,2.56,2.5993846153846154,"[387, 697, 963, 671, 683, 823]"
RidgeClassifier,{'alpha': 10.0},P30,30.0,"[0.769634, 0.455497, 0.39267, 0.507853, 0.486911, 0.570681]",True,True,0.660403580654164,0.693587229314908,-0.1391850943600742,0.11921934734304888,0.2961431175065411,0.8999999999999999,0.3910911693921878,0.0,0.06865219975745956,0.5071946075612268,0.7999999999999999,0.9973753280839895,2.8241469816272966,2.831578947368421,"[88, 208, 232, 188, 196, 164]",0.12729258412647718,0.1889561439617371,0.8,0.38416929716722603,0,0.07620715278379832,0.522468928891905,0.6,0.96,2.1351515151515152,2.2241161616161618,"[339, 561, 825, 609, 583, 606]"
RidgeClassifier,{'alpha': 10.0},P35,35.0,"[0.782723, 0.505236, 0.431937, 0.554974, 0.54712, 0.649215]",True,True,0.7261346071999738,0.7498887377117124,0.47366645895073956,0.13596089590937777,0.24714533730158728,0.8999999999999999,0.3910634953072777,0.0,0.07939214172936257,0.5045405047676415,0.7999999999999999,0.989501312335958,2.5354330708661417,2.5623342175066313,"[83, 189, 217, 170, 173, 134]",0.14699239662280042,0.15251999417159973,0.8,0.3847211175350386,0,0.08972316963651707,0.5206691003416379,0.6,0.9218181818181819,1.8296969696969696,1.984878369493754,"[312, 470, 751, 520, 512, 454]"
RidgeClassifier,{'alpha': 10.0},P40,40.0,"[0.790576, 0.664921, 0.47644, 0.602094, 0.604712, 0.71466]",True,True,0.8020566600304162,0.6686905009326147,0.6648060512757314,0.16471236324485797,0.20025167812727157,0.8999999999999999,0.39198658304276623,0.0,0.09811665118343074,0.49756714897678894,0.7999999999999999,0.9606299212598425,2.152230971128609,2.2404371584699456,"[80, 128, 200, 152, 151, 109]",0.17681982581922082,0.10392230819487128,0.6,0.3859766110275505,0,0.11058834811424599,0.5148402246267125,0.19999999999999998,0.8606060606060606,1.4672727272727273,1.7049295774647888,"[305, 254, 680, 428, 425, 329]"
RidgeClassifier,{'alpha': 10.0},P45,45.0,"[0.827225, 0.706806, 0.536649, 0.636126, 0.628272, 0.751309]",True,True,0.8526549377696496,0.7116421207485438,0.7003248572040075,0.18873524857161145,0.17392026360970458,0.8999999999999999,0.39279984269247625,0.0,0.11458872481701787,0.4925503069695707,0.7999999999999999,0.9343832020997376,1.9186351706036746,2.053370786516854,"[66, 112, 177, 139, 142, 95]",0.1931044582734062,0.07730202864767735,0.6,0.38613230374271656,0,0.1222596691284191,0.5108664488137167,0.19999999999999998,0.8024242424242424,1.2503030303030302,1.5581570996978853,"[244, 213, 566, 360, 402, 278]"
RidgeClassifier,{'alpha': 10.0},P50,50.0,"[0.842932, 0.78534, 0.599476, 0.691099, 0.675393, 0.798429]",True,True,0.9251468821613916,0.6792632176521193,0.5496435997883808,0.2226407100111904,0.1357791540372943,0.8999999999999999,0.39428442062498503,0.0,0.13870006836479779,0.4842760518475228,0.7999999999999999,0.884514435695538,1.6115485564304461,1.8219584569732938,"[60, 82, 153, 118, 124, 77]",0.2164192499354918,0.05342423445262316,0.5,0.38756067389750193,0,0.13969029570576524,0.5057702135980642,0.0,0.7006060606060606,0.996969696969697,1.4230103806228374,"[210, 105, 459, 299, 348, 224]"
RidgeClassifier,{'alpha': 10.0},P55,55.0,"[0.866492, 0.835079, 0.638743, 0.722513, 0.712042, 0.832461]",True,True,0.9995589546036647,0.7257532153243614,0.38208166102631513,0.25508455925519796,0.09412664958555819,0.8999999999999999,0.39533681644675,0.0,0.16331746997088456,0.47692988707488426,0.7999999999999999,0.8346456692913385,1.3963254593175853,1.6729559748427674,"[51, 63, 138, 106, 110, 64]",0.24380961012016678,0.03472270277291845,0.5,0.38888769325704375,0,0.16171282248729799,0.5015611911907697,0.0,0.6242424242424243,0.8236363636363636,1.3194174757281552,"[173, 58, 389, 260, 303, 176]"
RidgeClassifier,{'alpha': 10.0},P60,60.0,"[0.895288, 0.871728, 0.717277, 0.772251, 0.774869, 0.86911]",True,True,1.1056399634641931,0.847504829521877,0.0005022780604686528,0.29853910984983323,0.07186927296910325,0.95,0.3965670886115441,0.0,0.1974864766856361,0.46402208829220826,0.8999999999999998,0.7191601049868767,1.1023622047244095,1.5328467153284673,"[40, 49, 108, 87, 86, 50]",0.2770977425623315,0.02664367174977585,0.6,0.3901691956977379,0,0.18963908068376994,0.49473604930621634,0.19999999999999998,0.4921212121212121,0.6006060606060606,1.2204433497536946,"[118, 45, 267, 197, 226, 138]"
SGDClassifier,"{'loss': 'hinge', 'alpha': 0.0001, 'class_weight': 'balanced', 'max_iter': 4000, 'tol': 0.0001, 'random_state': 13}",P20,20.0,"[0.557592, 0.243455, 0.264398, 0.335079, 0.253927, 0.314136]",True,True,0.3978568868444336,0.4907563402040387,-7.75425623847053,0.03187003352283277,0.5473159406210512,1.0,0.3776759798088397,0.0,0.017040945810598902,0.5176592743305783,0.9999999999999999,1.0,4.041994750656168,4.041994750656168,"[169, 289, 281, 254, 285, 262]",0.050272105216289394,0.432554715963104,0.95,0.376796503169511,0,0.028187710915424914,0.5325141041775743,0.8999999999999998,0.9993939393939394,3.4696969696969697,3.471801091570649,"[554, 940, 1357, 1084, 912, 878]"
SGDClassifier,"{'loss': 'hinge', 'alpha': 0.0001, 'class_weight': 'balanced', 'max_iter': 4000, 'tol': 0.0001, 'random_state': 13}",P25,25.0,"[0.628272, 0.356021, 0.342932, 0.410995, 0.319372, 0.458115]",True,True,0.5039915871689084,0.6243975328699816,-3.796597800997652,0.04750171133495639,0.4565068945238605,1.0,0.3766559011927081,0.0,0.025742009623511173,0.5161745108210142,0.9999999999999999,0.9973753280839895,3.493438320209974,3.5026315789473683,"[142, 246, 251, 225, 260, 207]",0.0668983320357819,0.35542505619959786,1.0,0.3764141901126584,0,0.03813510098213258,0.5319095163246677,0.9999999999999999,0.9963636363636363,2.9709090909090907,2.9817518248175183,"[447, 799, 1263, 932, 805, 656]"
SGDClassifier,"{'loss': 'hinge', 'alpha': 0.0001, 'class_weight': 'balanced', 'max_iter': 4000, 'tol': 0.0001, 'random_state': 13}",P30,30.0,"[0.717277, 0.408377, 0.397906, 0.502618, 0.445026, 0.497382]",True,True,0.5998967172766562,0.727478202613196,-1.155729949232239,0.06727405683978725,0.38036656154303217,1.0,0.37663073993300356,0.0,0.03706354605242349,0.5138691688666885,0.9999999999999999,0.9973753280839895,3.0393700787401574,3.0473684210526315,"[108, 226, 230, 190, 212, 192]",0.08726406275159482,0.2727856790897446,1.0,0.3766660631711525,0,0.05073490561480217,0.5306592760331545,0.9999999999999999,0.9854545454545455,2.478181818181818,2.514760147601476,"[316, 725, 1121, 802, 539, 586]"
SGDClassifier,"{'loss': 'hinge', 'alpha': 0.0001, 'class_weight': 'balanced', 'max_iter': 4000, 'tol': 0.0001, 'random_state': 13}",P35,35.0,"[0.753927, 0.502618, 0.458115, 0.552356, 0.5, 0.596859]",True,True,0.679485016085505,0.8106041470411565,0.2498970553635913,0.08227549288294421,0.31588169500945273,1.0,0.3769707273733783,0.0,0.04593224762083673,0.5123404984408965,0.9999999999999999,0.9868766404199475,2.643044619422572,2.6781914893617023,"[94, 190, 207, 171, 191, 154]",0.11120626049634133,0.21366294429495816,1.0,0.37686943613257756,0,0.06620768063025385,0.5291506124055197,0.9999999999999999,0.9587878787878787,2.0290909090909093,2.1163084702907713,"[224, 503, 1032, 715, 447, 427]"
SGDClassifier,"{'loss': 'hinge', 'alpha': 0.0001, 'class_weight': 'balanced', 'max_iter': 4000, 'tol': 0.0001, 'random_state': 13}",P40,40.0,"[0.767016, 0.554974, 0.5, 0.599476, 0.534031, 0.643979]",True,True,0.6919787130985454,0.8484029655017868,0.6268580258802454,0.09181600755209968,0.2731200923593972,0.95,0.37760932635280997,0.0,0.051775203482125144,0.5121255045369917,0.8999999999999998,0.9658792650918635,2.406824146981627,2.4918478260869565,"[89, 170, 191, 153, 178, 136]",0.12137339822485797,0.18604376378903548,1.0,0.3769111035532145,0,0.07290953263299538,0.5277938531659604,0.9999999999999999,0.9266666666666666,1.803030303030303,1.9457161543492478,"[201, 437, 977, 628, 369, 363]"
SGDClassifier,"{'loss': 'hinge', 'alpha': 0.0001, 'class_weight': 'balanced', 'max_iter': 4000, 'tol': 0.0001, 'random_state': 13}",P45,45.0,"[0.798429, 0.623037, 0.554974, 0.636126, 0.602094, 0.672775]",True,True,0.7441172596865693,0.8905041089222924,0.8577572045909054,0.10617557148205464,0.23536073554288403,0.95,0.3776747458246622,0.0,0.06065351835640919,0.5106022925067242,0.8999999999999998,0.94750656167979,2.1181102362204722,2.235457063711911,"[77, 144, 170, 139, 152, 125]",0.13551193055183988,0.1581867383103446,1.0,0.3772630556026567,0,0.08255218944700828,0.526634423118426,0.9999999999999999,0.8733333333333333,1.5527272727272727,1.7779319916724499,"[180, 330, 886, 570, 282, 314]"
SGDClassifier,"{'loss': 'hinge', 'alpha': 0.0001, 'class_weight': 'balanced', 'max_iter': 4000, 'tol': 0.0001, 'random_state': 13}",P50,50.0,"[0.840314, 0.717277, 0.591623, 0.657068, 0.643979, 0.743455]",True,True,0.8165945213005841,0.949839454459132,0.9449684719063313,0.13687186380217772,0.19387690505614613,0.95,0.37866520851517493,0.0,0.08024784061714317,0.506050186720763,0.8999999999999998,0.910761154855643,1.811023622047244,1.9884726224783862,"[61, 108, 156, 131, 136, 98]",0.16268977146837718,0.12641906371627534,1.0,0.3785624890234336,0,0.10193703685621784,0.5246350779510143,0.9999999999999999,0.8187878787878788,1.3024242424242425,1.5906735751295336,"[136, 200, 842, 533, 231, 207]"
SGDClassifier,"{'loss': 'hinge', 'alpha': 0.0001, 'class_weight': 'balanced', 'max_iter': 4000, 'tol': 0.0001, 'random_state': 13}",P55,55.0,"[0.863874, 0.740838, 0.63089, 0.719895, 0.701571, 0.767016]",True,True,0.8698466406927484,0.949288650416454,0.9060741064515171,0.15363831609107517,0.15762724082857743,0.95,0.37945188476750225,0.0,0.09128688723040783,0.5028795675618846,0.8999999999999998,0.8661417322834646,1.5800524934383202,1.8242424242424242,"[52, 99, 141, 107, 114, 89]",0.17765611758339803,0.10225789945814001,0.95,0.3796347743039867,0,0.11313474962166499,0.5236830166589589,0.8999999999999998,0.7612121212121212,1.1181818181818182,1.4689490445859872,"[108, 163, 781, 440, 183, 170]"
SGDClassifier,"{'loss': 'hinge', 'alpha': 0.0001, 'class_weight': 'balanced', 'max_iter': 4000, 'tol': 0.0001, 'random_state': 13}",P60,60.0,"[0.86911, 0.764398, 0.680628, 0.751309, 0.730366, 0.811518]",True,True,0.8942709729844168,0.8832474052451394,0.6991570125748465,0.1615535777224074,0.14120069485648495,0.95,0.3797269670616481,0.0,0.09643433186804126,0.5004832460277788,0.8999999999999998,0.821522309711286,1.3963254593175853,1.6996805111821087,"[50, 90, 122, 95, 103, 72]",0.20259689861608038,0.07357556445927065,0.8,0.3807535702944321,0,0.13268853450074297,0.5222490919398659,0.6,0.6915151515151515,0.936969696969697,1.354951796669588,"[107, 130, 692, 378, 122, 117]"
SGDClassifier,"{'loss': 'hinge', 'alpha': 1e-05, 'class_weight': 'balanced', 'max_iter': 4000, 'tol': 0.0001, 'random_state': 13}",P20,20.0,"[0.586387, 0.240838, 0.316754, 0.34555, 0.259162, 0.468586]",True,True,0.45301041133305747,0.5336996947273739,-7.39861450822507,0.041395028214499835,0.5017031979177009,1.0,0.3777286034541951,0.0,0.02234436074198127,0.5174383211581193,0.9999999999999999,1.0,3.7926509186351707,3.7926509186351707,"[158, 290, 261, 250, 283, 203]",0.0609460955073722,0.4403055489820975,1.0,0.3768638273403306,0,0.03456896277862655,0.532635573373316,0.9999999999999999,0.9987878787878788,3.4327272727272726,3.436893203883495,"[609, 1277, 1156, 1174, 1101, 347]"
SGDClassifier,"{'loss': 'hinge', 'alpha': 1e-05, 'class_weight': 'balanced', 'max_iter': 4000, 'tol': 0.0001, 'random_state': 13}",P25,25.0,"[0.664921, 0.293194, 0.353403, 0.395288, 0.329843, 0.526178]",True,True,0.53353157065659,0.6099262347029331,-4.513299900423629,0.05591566719361445,0.43544302505051596,1.0,0.3768630950449716,0.0,0.030591315162248243,0.5165050673356174,0.9999999999999999,1.0,3.4461942257217846,3.4461942257217846,"[128, 270, 247, 231, 256, 181]",0.07476090576915304,0.37784325987214823,1.0,0.3766952960197608,0,0.042949810471578136,0.5315447768906015,0.9999999999999999,0.996969696969697,3.075151515151515,3.084498480243161,"[454, 1125, 1082, 1100, 1013, 300]"
SGDClassifier,"{'loss': 'hinge', 'alpha': 1e-05, 'class_weight': 'balanced', 'max_iter': 4000, 'tol': 0.0001, 'random_state': 13}",P30,30.0,"[0.740838, 0.410995, 0.408377, 0.486911, 0.397906, 0.578534]",True,True,0.6337257587879982,0.7161935606089379,-1.519772923954931,0.07434402037175401,0.353666013117696,1.0,0.3768258384464675,0.0,0.041362601525208306,0.5150039626497775,0.9999999999999999,0.9973753280839895,2.984251968503937,2.9921052631578946,"[99, 225, 226, 196, 230, 161]",0.1005418545723926,0.2973056891771012,1.0,0.37652465071215496,0,0.05928836222387847,0.5303990066254288,0.9999999999999999,0.9866666666666667,2.5593939393939396,2.593980343980344,"[281, 869, 967, 902, 942, 262]"
SGDClassifier,"{'loss': 'hinge', 'alpha': 1e-05, 'class_weight': 'balanced', 'max_iter': 4000, 'tol': 0.0001, 'random_state': 13}",P35,35.0,"[0.769634, 0.463351, 0.447644, 0.520942, 0.460733, 0.615183]",True,True,0.6872261266254918,0.773837329617862,-0.5193981743292801,0.08624991543065613,0.31206367704278826,1.0,0.3767996274587462,0.0,0.04863301644951263,0.5152275967089718,0.9999999999999999,0.989501312335958,2.729658792650919,2.7586206896551726,"[88, 205, 211, 183, 206, 147]",0.11525283529595863,0.2544192871391251,1.0,0.37667927153676123,0,0.06894790968780738,0.5292828779359462,0.9999999999999999,0.98,2.3163636363636364,2.3636363636363638,"[217, 775, 901, 823, 859, 247]"
SGDClassifier,"{'loss': 'hinge', 'alpha': 1e-05, 'class_weight': 'balanced', 'max_iter': 4000, 'tol': 0.0001, 'random_state': 13}",P40,40.0,"[0.795812, 0.586387, 0.497382, 0.554974, 0.520942, 0.63089]",True,True,0.7465802392032005,0.8273664045559007,0.3317446220037291,0.10026022557341817,0.2667384332089744,1.0,0.3768614894625223,0.0,0.05716159051437016,0.5129696846470505,0.9999999999999999,0.9816272965879265,2.41994750656168,2.46524064171123,"[78, 158, 192, 170, 183, 141]",0.1292005853663315,0.21499083793525395,1.0,0.37718885708274397,0,0.07828253037076237,0.527615662336472,0.9999999999999999,0.9533333333333334,1.9915151515151515,2.089001907183725,"[183, 524, 820, 727, 803, 229]"
SGDClassifier,"{'loss': 'hinge', 'alpha': 1e-05, 'class_weight': 'balanced', 'max_iter': 4000, 'tol': 0.0001, 'random_state': 13}",P45,45.0,"[0.808901, 0.633508, 0.531414, 0.594241, 0.570681, 0.672775]",True,True,0.7868649225390574,0.8768224770083205,0.7306981005696551,0.1103696772775637,0.23658827799520948,1.0,0.3769450775223439,0.0,0.06333048598634698,0.5104718225716731,0.9999999999999999,0.9553805774278216,2.1942257217847767,2.2967032967032965,"[73, 140, 179, 155, 164, 125]",0.14008539002412937,0.17641232923350908,1.0,0.37716472072566715,0,0.08574823254708269,0.5263647968482222,0.9999999999999999,0.9206060606060606,1.7387878787878788,1.8887425938117182,"[154, 421, 769, 594, 741, 190]"
SGDClassifier,"{'loss': 'hinge', 'alpha': 1e-05, 'class_weight': 'balanced', 'max_iter': 4000, 'tol': 0.0001, 'random_state': 13}",P50,50.0,"[0.824607, 0.670157, 0.557592, 0.680628, 0.628272, 0.725131]",True,True,0.8074129542788312,0.9326687434551792,0.9282929073695594,0.12162408502303226,0.18741357044218618,0.95,0.37734146565995025,0.0,0.07025340161862656,0.5073729787256736,0.8999999999999998,0.9343832020997376,1.9186351706036746,2.053370786516854,"[67, 126, 169, 122, 142, 105]",0.15449280276365485,0.13511555001001957,1.0,0.3776383023384794,0,0.09586892541670715,0.5246698259616708,0.9999999999999999,0.8696969696969697,1.4787878787878788,1.700348432055749,"[143, 370, 693, 404, 670, 160]"
SGDClassifier,"{'loss': 'hinge', 'alpha': 1e-05, 'class_weight': 'balanced', 'max_iter': 4000, 'tol': 0.0001, 'random_state': 13}",P55,55.0,"[0.861257, 0.735602, 0.604712, 0.732984, 0.662304, 0.76178]",True,True,0.8964086420455549,0.9976565381472376,0.9834924300741437,0.1446009144834967,0.16159234257407423,1.0,0.3780002337871081,0.0,0.08502751217708229,0.5029865254925894,0.9999999999999999,0.89501312335958,1.6456692913385826,1.8387096774193548,"[53, 101, 151, 102, 129, 91]",0.1760081044909456,0.0919976507352273,1.0,0.37882028130506445,0,0.11137243153094137,0.521395337004207,0.9999999999999999,0.8042424242424242,1.1818181818181819,1.4694800301431803,"[124, 225, 595, 281, 589, 136]"
SGDClassifier,"{'loss': 'hinge', 'alpha': 1e-05, 'class_weight': 'balanced', 'max_iter': 4000, 'tol': 0.0001, 'random_state': 13}",P60,60.0,"[0.905759, 0.803665, 0.659686, 0.767016, 0.71466, 0.816754]",True,True,0.9420751323115668,1.034640690185864,0.8431190071718984,0.19521682509356703,0.1270272688928472,0.95,0.3796185870361569,0.0,0.12018457937770465,0.4954610449340084,0.8999999999999998,0.8110236220472441,1.3359580052493438,1.6472491909385114,"[36, 75, 130, 89, 109, 70]",0.22427783542516294,0.0638985671222801,0.95,0.3808714062766041,0,0.14968408592707044,0.5177196339522465,0.8999999999999998,0.7121212121212122,0.933939393939394,1.3114893617021277,"[61, 125, 545, 190, 512, 108]"
SGDClassifier,"{'loss': 'log_loss', 'alpha': 1e-05, 'class_weight': 'balanced', 'max_iter': 4000, 'tol': 0.0001, 'random_state': 13}",P20,20.0,"[0.643979, 0.222513, 0.316754, 0.424084, 0.269634, 0.376963]",True,True,0.47405088691236164,0.5363994381815246,-7.489787971364194,0.04279137844569935,0.48215498275193214,1.0,0.37804830406198126,0.0,0.02308718456552261,0.516440697282006,0.9999999999999999,1.0,3.7559055118110236,3.7559055118110236,"[136, 297, 261, 220, 279, 238]",0.04625892273896969,0.4227875936415265,1.0,0.3764270302802712,0,0.02582412996066346,0.532426736525379,0.9999999999999999,1.0,3.4472727272727273,3.4472727272727273,"[628, 1074, 1177, 895, 973, 941]"
SGDClassifier,"{'loss': 'log_loss', 'alpha': 1e-05, 'class_weight': 'balanced', 'max_iter': 4000, 'tol': 0.0001, 'random_state': 13}",P25,25.0,"[0.751309, 0.340314, 0.358639, 0.450262, 0.324607, 0.489529]",True,True,0.5788039286602162,0.6384624226698161,-3.619513561314551,0.06853416911185599,0.40291230721656934,1.0,0.37727355588309863,0.0,0.0379494131963505,0.5157794078278528,0.9999999999999999,0.9973753280839895,3.293963254593176,3.3026315789473686,"[95, 252, 245, 210, 258, 195]",0.06897656824250412,0.34333920534627266,1.0,0.37608353257861543,0,0.03939645809136335,0.531759662292698,0.9999999999999999,0.9981818181818182,2.9509090909090907,2.9562841530054644,"[358, 916, 1135, 823, 845, 792]"
SGDClassifier,"{'loss': 'log_loss', 'alpha': 1e-05, 'class_weight': 'balanced', 'max_iter': 4000, 'tol': 0.0001, 'random_state': 13}",P30,30.0,"[0.767016, 0.442408, 0.413613, 0.471204, 0.413613, 0.549738]",True,True,0.6351477719382846,0.6965057595735462,-1.7588941056719196,0.0801986083300707,0.3582237900548118,1.0,0.37724317887675235,0.0,0.044867465088641735,0.5145859446934112,0.9999999999999999,0.994750656167979,2.9501312335958003,2.965699208443272,"[89, 213, 224, 202, 224, 172]",0.08008715373860228,0.29641243102214754,1.0,0.37610345619030455,0,0.046213822952683614,0.5308293195264165,0.9999999999999999,0.9878787878787879,2.607878787878788,2.639877300613497,"[313, 767, 1036, 789, 711, 687]"
SGDClassifier,"{'loss': 'log_loss', 'alpha': 1e-05, 'class_weight': 'balanced', 'max_iter': 4000, 'tol': 0.0001, 'random_state': 13}",P35,35.0,"[0.777487, 0.481675, 0.463351, 0.507853, 0.502618, 0.586387]",True,True,0.6859787623752559,0.7559624124983036,-0.47534987989619737,0.08610395578025992,0.3131498435169132,1.0,0.37674883370636353,0.0,0.04832252892899252,0.5128879565492493,0.9999999999999999,0.9921259842519685,2.6876640419947506,2.708994708994709,"[85, 198, 205, 188, 190, 158]",0.09186192664075787,0.2487504503759535,1.0,0.3761697874449974,0,0.05362602149623982,0.5301406334752671,0.9999999999999999,0.9727272727272728,2.284242424242424,2.3482866043613706,"[274, 697, 938, 719, 543, 598]"
SGDClassifier,"{'loss': 'log_loss', 'alpha': 1e-05, 'class_weight': 'balanced', 'max_iter': 4000, 'tol': 0.0001, 'random_state': 13}",P40,40.0,"[0.82199, 0.534031, 0.5, 0.573298, 0.536649, 0.646597]",True,True,0.7097468432374686,0.8131951173010286,0.32985489133196755,0.10646530777089692,0.2698583490511147,0.95,0.37713294839228817,0.0,0.06097507673083087,0.5117464185823217,0.8999999999999998,0.979002624671916,2.393700787401575,2.445040214477212,"[68, 178, 191, 163, 177, 135]",0.11109586604533928,0.2108007606810852,1.0,0.37633337312258164,0,0.06619827168312835,0.5296669296399003,0.9999999999999999,0.9387878787878788,1.961818181818182,2.089735313105229,"[199, 586, 878, 594, 476, 504]"
SGDClassifier,"{'loss': 'log_loss', 'alpha': 1e-05, 'class_weight': 'balanced', 'max_iter': 4000, 'tol': 0.0001, 'random_state': 13}",P45,45.0,"[0.837696, 0.602094, 0.526178, 0.628272, 0.575916, 0.706806]",True,True,0.7600897021858892,0.8541171394159177,0.7135174937277813,0.12398527914771271,0.23723903414678635,0.95,0.3778115239498764,0.0,0.07216581624260796,0.509884671955693,0.8999999999999998,0.952755905511811,2.1286089238845145,2.234159779614325,"[62, 152, 181, 142, 162, 112]",0.12148395261504477,0.18036191703195942,1.0,0.3766503461094408,0,0.07306598303355931,0.5283785697390684,0.9999999999999999,0.9096969696969697,1.7193939393939395,1.8900732844770154,"[187, 453, 845, 504, 430, 418]"
SGDClassifier,"{'loss': 'log_loss', 'alpha': 1e-05, 'class_weight': 'balanced', 'max_iter': 4000, 'tol': 0.0001, 'random_state': 13}",P50,50.0,"[0.871728, 0.722513, 0.568063, 0.662304, 0.620419, 0.735602]",True,True,0.8442485874980556,0.9246796896011765,0.9238450987310161,0.14949999436312045,0.17899830385846907,0.95,0.3791563233113474,0.0,0.08907179260801787,0.5067251737228131,0.8999999999999998,0.9186351706036745,1.8241469816272966,1.9857142857142858,"[49, 106, 165, 129, 145, 101]",0.1485995850573176,0.1372108545023917,1.0,0.3776365301541689,0,0.09164198149077783,0.5250611732040675,0.9999999999999999,0.8375757575757575,1.4012121212121211,1.6729377713458755,"[137, 256, 760, 459, 362, 338]"
SGDClassifier,"{'loss': 'log_loss', 'alpha': 1e-05, 'class_weight': 'balanced', 'max_iter': 4000, 'tol': 0.0001, 'random_state': 13}",P55,55.0,"[0.890052, 0.753927, 0.623037, 0.701571, 0.667539, 0.772251]",True,True,0.8961921616993265,0.9307968540168652,0.8940250450177835,0.17152704081360082,0.1493561881007262,0.95,0.38007102995483966,0.0,0.10421674289817616,0.5033642593555031,0.8999999999999998,0.8792650918635171,1.5958005249343832,1.8149253731343282,"[42, 94, 144, 114, 127, 87]",0.16853643478757005,0.11129103010048684,0.95,0.3785048310992735,0,0.10598978012320691,0.5228927028862717,0.8999999999999998,0.7642424242424243,1.1618181818181819,1.5202220459952418,"[118, 222, 657, 357, 284, 279]"
SGDClassifier,"{'loss': 'log_loss', 'alpha': 1e-05, 'class_weight': 'balanced', 'max_iter': 4000, 'tol': 0.0001, 'random_state': 13}",P60,60.0,"[0.900524, 0.806283, 0.646597, 0.743455, 0.722513, 0.806283]",True,True,0.9401387967707044,0.9796004214752776,0.8219809679073256,0.1923657083244613,0.12662032303280493,0.95,0.38131137159682704,0.0,0.11956742306433993,0.501994661675622,0.8999999999999998,0.8398950131233596,1.3779527559055118,1.640625,"[38, 74, 135, 98, 106, 74]",0.18822473911751297,0.08255237114120666,0.95,0.37976017832990444,0,0.12063107478670529,0.5202564468405849,0.8999999999999998,0.6963636363636364,0.9624242424242424,1.38207136640557,"[104, 132, 614, 295, 222, 221]"
PassiveAggressive,"{'C': 0.5, 'class_weight': 'balanced', 'max_iter': 4000, 'tol': 0.0001, 'random_state': 13}",P20,20.0,"[0.591623, 0.212042, 0.301047, 0.39267, 0.256545, 0.403141]",True,True,0.4086513609224296,0.5734760961374954,-5.730619276292854,0.03932053810918167,0.5038964595320057,0.95,0.37742427448417853,0.0,0.021194430129505473,0.5178213572464637,0.8999999999999998,1.0,3.853018372703412,3.853018372703412,"[156, 301, 267, 232, 284, 228]",0.05408754639143772,0.39341267247506273,1.0,0.3760040740704012,0,0.030481092265558913,0.5330689337869778,0.9999999999999999,0.9993939393939394,3.24,3.2419648271679806,"[503, 1020, 1121, 913, 997, 792]"
PassiveAggressive,"{'C': 0.5, 'class_weight': 'balanced', 'max_iter': 4000, 'tol': 0.0001, 'random_state': 13}",P25,25.0,"[0.730366, 0.282723, 0.350785, 0.439791, 0.314136, 0.492147]",True,True,0.5590839698155505,0.6568663759679501,-2.9542211546349026,0.06463718791395558,0.4186816253134739,1.0,0.37709469071689605,0.0,0.03576149790003826,0.5175025659768686,0.9999999999999999,1.0,3.3989501312335957,3.3989501312335957,"[103, 274, 248, 214, 262, 194]",0.07689840300757762,0.33285955020655894,1.0,0.376091743889771,0,0.044350925520669084,0.5323951041451968,0.9999999999999999,0.9975757575757576,2.8448484848484847,2.8517618469015793,"[304, 897, 1071, 856, 896, 670]"
PassiveAggressive,"{'C': 0.5, 'class_weight': 'balanced', 'max_iter': 4000, 'tol': 0.0001, 'random_state': 13}",P30,30.0,"[0.759162, 0.431937, 0.408377, 0.479058, 0.408377, 0.552356]",True,True,0.6315912031141909,0.7276062773632449,-1.0051155954512168,0.07702672856955275,0.3585852113334868,1.0,0.3771656195937498,0.0,0.04306783558517819,0.5160596174204465,0.9999999999999999,0.9921259842519685,2.968503937007874,2.992063492063492,"[92, 217, 226, 199, 226, 171]",0.08979385431147174,0.2750346091005151,1.0,0.37615677384096063,0,0.05246401626891353,0.5318067768421092,0.9999999999999999,0.9818181818181818,2.4345454545454546,2.47962962962963,"[263, 709, 1000, 769, 709, 567]"
PassiveAggressive,"{'C': 0.5, 'class_weight': 'balanced', 'max_iter': 4000, 'tol': 0.0001, 'random_state': 13}",P35,35.0,"[0.78534, 0.471204, 0.447644, 0.520942, 0.492147, 0.568063]",True,True,0.6838863375801623,0.7736321923021698,-0.20669845278535515,0.08686624089916266,0.31603401881046467,1.0,0.37684705163821386,0.0,0.04899028216534029,0.5149824970408983,0.9999999999999999,0.989501312335958,2.7217847769028873,2.750663129973475,"[82, 202, 211, 183, 194, 165]",0.09861629753512346,0.23787164065240804,1.0,0.3762917847315146,0,0.05805342796294789,0.530625429362576,0.9999999999999999,0.963030303030303,2.1896969696969695,2.2737570799244806,"[233, 652, 899, 695, 582, 552]"
PassiveAggressive,"{'C': 0.5, 'class_weight': 'balanced', 'max_iter': 4000, 'tol': 0.0001, 'random_state': 13}",P40,40.0,"[0.814136, 0.552356, 0.5, 0.573298, 0.526178, 0.649215]",True,True,0.7365646291439151,0.8265759196886683,0.5050312851842154,0.10178407397725978,0.278223129884855,1.0,0.3766789501717008,0.0,0.05803088746245912,0.5121053176510262,0.9999999999999999,0.9763779527559056,2.391076115485564,2.4489247311827955,"[71, 171, 191, 163, 181, 134]",0.11393786828891175,0.2003545382705915,1.0,0.37664196556782653,0,0.06814895142903357,0.5299738545757319,0.9999999999999999,0.9290909090909091,1.8666666666666667,2.009132420091324,"[206, 479, 828, 636, 496, 435]"
PassiveAggressive,"{'C': 0.5, 'class_weight': 'balanced', 'max_iter': 4000, 'tol': 0.0001, 'random_state': 13}",P45,45.0,"[0.82199, 0.602094, 0.531414, 0.620419, 0.565445, 0.706806]",True,True,0.7536958559847928,0.8578109811301492,0.7418273226698872,0.11028160765555024,0.22969786767236844,0.95,0.37704038667203643,0.0,0.06330077770145251,0.5106903779004496,0.8999999999999998,0.9658792650918635,2.15748031496063,2.233695652173913,"[68, 152, 179, 145, 166, 112]",0.12399620157467625,0.17930230346127501,1.0,0.37705694338915985,0,0.07488188075900663,0.5290217534802067,0.9999999999999999,0.8951515151515151,1.6775757575757575,1.874069058903182,"[198, 415, 760, 574, 468, 353]"
PassiveAggressive,"{'C': 0.5, 'class_weight': 'balanced', 'max_iter': 4000, 'tol': 0.0001, 'random_state': 13}",P50,50.0,"[0.861257, 0.71466, 0.570681, 0.670157, 0.623037, 0.748691]",True,True,0.8287382782420999,0.9214469369772921,0.9200580480884032,0.1396792890098199,0.1846102040569105,0.95,0.37889731096396834,0.0,0.08236173226391402,0.5072861186700546,0.8999999999999998,0.916010498687664,1.8162729658792651,1.9828080229226361,"[53, 109, 164, 126, 144, 96]",0.14518183177844868,0.13702803071998737,1.0,0.37764378639610247,0,0.08939851394171576,0.5263697792721918,0.9999999999999999,0.8333333333333334,1.3866666666666667,1.664,"[159, 264, 708, 484, 394, 279]"
PassiveAggressive,"{'C': 0.5, 'class_weight': 'balanced', 'max_iter': 4000, 'tol': 0.0001, 'random_state': 13}",P55,55.0,"[0.871728, 0.751309, 0.63089, 0.709424, 0.657068, 0.774869]",True,True,0.8597442780027491,0.9158741808815846,0.8905183498439354,0.15085009244104194,0.16494768140535593,0.95,0.3794728898902105,0.0,0.08958041789868347,0.5042559238563106,0.8999999999999998,0.8792650918635171,1.6089238845144358,1.8298507462686568,"[49, 95, 141, 111, 131, 86]",0.15976301180566477,0.11742980807195758,0.95,0.3784699238262578,0,0.09976387005092219,0.5246842369318294,0.8999999999999998,0.7787878787878788,1.1872727272727273,1.5245136186770427,"[142, 190, 622, 429, 329, 247]"
PassiveAggressive,"{'C': 0.5, 'class_weight': 'balanced', 'max_iter': 4000, 'tol': 0.0001, 'random_state': 13}",P60,60.0,"[0.876963, 0.78534, 0.664921, 0.743455, 0.71466, 0.801047]",True,True,0.89075609879923,0.9479603632889326,0.841296668219452,0.15663294845223957,0.1396601054134678,0.95,0.37927751920152764,0.0,0.09336884133154702,0.5027297804540761,0.8999999999999998,0.8346456692913385,1.4173228346456692,1.6981132075471699,"[47, 82, 128, 98, 109, 76]",0.17353571639993562,0.09935123317265501,0.95,0.3792529335388399,0,0.10965253865938791,0.5222194897532725,0.8999999999999998,0.7169696969696969,1.02,1.4226542688081152,"[131, 156, 589, 358, 249, 200]"
PassiveAggressive,"{'C': 1.0, 'class_weight': 'balanced', 'max_iter': 4000, 'tol': 0.0001, 'random_state': 13}",P20,20.0,"[0.565445, 0.201571, 0.324607, 0.410995, 0.267016, 0.410995]",True,True,0.4121247751640403,0.5737031032054908,-5.744718660615298,0.0389090570199262,0.5001578678701037,0.95,0.37791195338072603,0.0,0.020967680692940756,0.5179207784425693,0.8999999999999998,1.0,3.8293963254593177,3.8293963254593177,"[166, 305, 258, 225, 280, 225]",0.05305783055120906,0.39221709705951036,1.0,0.3762078990459736,0,0.029862072454884682,0.5329581387528207,0.9999999999999999,0.9993939393939394,3.2418181818181817,3.2437841115827775,"[573, 991, 1092, 946, 911, 836]"
PassiveAggressive,"{'C': 1.0, 'class_weight': 'balanced', 'max_iter': 4000, 'tol': 0.0001, 'random_state': 13}",P25,25.0,"[0.740838, 0.287958, 0.371728, 0.445026, 0.306283, 0.484293]",True,True,0.5709058777768353,0.6652042298401408,-2.8964162738060533,0.06886114272442909,0.4113497745902926,1.0,0.37798169880899596,0.0,0.038207057398894205,0.5166339897595814,0.9999999999999999,1.0,3.372703412073491,3.372703412073491,"[99, 272, 240, 212, 265, 197]",0.08146286677644486,0.3291367055289106,1.0,0.3762602286420217,0,0.04719180806979463,0.5321117258511774,0.9999999999999999,0.9933333333333333,2.8254545454545457,2.8444173276388045,"[291, 876, 1042, 884, 835, 734]"
PassiveAggressive,"{'C': 1.0, 'class_weight': 'balanced', 'max_iter': 4000, 'tol': 0.0001, 'random_state': 13}",P30,30.0,"[0.782723, 0.437173, 0.424084, 0.486911, 0.397906, 0.560209]",True,True,0.650514597717083,0.7420620305273542,-0.8403663338043557,0.08586171415496549,0.3484925768503712,1.0,0.3771515347082955,0.0,0.048423827432034695,0.5155497904592188,0.9999999999999999,0.994750656167979,2.9186351706036744,2.9340369393139842,"[83, 215, 220, 196, 230, 168]",0.10135632638035054,0.2722852697660082,1.0,0.3766365797100395,0,0.05989289451575286,0.5310203251946016,0.9999999999999999,0.9787878787878788,2.390909090909091,2.4427244582043346,"[225, 670, 940, 817, 695, 598]"
PassiveAggressive,"{'C': 1.0, 'class_weight': 'balanced', 'max_iter': 4000, 'tol': 0.0001, 'random_state': 13}",P35,35.0,"[0.798429, 0.458115, 0.463351, 0.520942, 0.473822, 0.586387]",True,True,0.6886889105345751,0.781221516047685,-0.23875085582237876,0.09371099105594852,0.3180626961983789,1.0,0.37680205225668517,0.0,0.05317196114093023,0.5142307184251607,0.9999999999999999,0.994750656167979,2.706036745406824,2.7203166226912927,"[77, 207, 205, 183, 201, 158]",0.1100554149784419,0.24184535132612925,1.0,0.3767048413179074,0,0.06558834646158786,0.5303681216415088,0.9999999999999999,0.9678787878787879,2.2115151515151514,2.284909204758923,"[196, 639, 893, 764, 586, 571]"
PassiveAggressive,"{'C': 1.0, 'class_weight': 'balanced', 'max_iter': 4000, 'tol': 0.0001, 'random_state': 13}",P40,40.0,"[0.808901, 0.520942, 0.502618, 0.570681, 0.536649, 0.633508]",True,True,0.7513146368438566,0.8242435224462439,0.40277614135363604,0.10553983629992,0.26744045254561627,1.0,0.37738417696517607,0.0,0.06060036773651386,0.513592887826869,0.9999999999999999,0.9816272965879265,2.4330708661417324,2.4786096256684496,"[73, 183, 190, 164, 177, 140]",0.11845849779372189,0.20722286667582895,1.0,0.37669297109450295,0,0.07112483972752788,0.529294063041975,0.9999999999999999,0.9418181818181818,1.9381818181818182,2.057915057915058,"[187, 527, 809, 690, 485, 500]"
PassiveAggressive,"{'C': 1.0, 'class_weight': 'balanced', 'max_iter': 4000, 'tol': 0.0001, 'random_state': 13}",P45,45.0,"[0.829843, 0.612565, 0.531414, 0.628272, 0.575916, 0.667539]",True,True,0.7573473112014304,0.8670847351584929,0.7531545762171,0.11833698676562851,0.23424429271296732,0.95,0.3775153904958972,0.0,0.06871403671301955,0.5119490362121315,0.8999999999999998,0.963254593175853,2.1601049868766404,2.242506811989101,"[65, 148, 179, 142, 162, 127]",0.1305717986675005,0.1765694509016476,1.0,0.37694129130880005,0,0.0792649856675182,0.5277945471307282,0.9999999999999999,0.8963636363636364,1.6775757575757575,1.8715348208248817,"[168, 387, 758, 581, 431, 443]"
PassiveAggressive,"{'C': 1.0, 'class_weight': 'balanced', 'max_iter': 4000, 'tol': 0.0001, 'random_state': 13}",P50,50.0,"[0.856021, 0.693717, 0.570681, 0.670157, 0.636126, 0.735602]",True,True,0.8243004864848249,0.9092381106321096,0.9050653353466079,0.14102810989426795,0.19041030321336416,0.95,0.37894226601307057,0.0,0.08333997365316989,0.5076048577534327,0.8999999999999998,0.910761154855643,1.8425196850393701,2.0230547550432276,"[55, 117, 164, 126, 139, 101]",0.14840761734257105,0.15249163156298748,1.0,0.37774041617508647,0,0.09163196548295041,0.5258014164156234,0.9999999999999999,0.8406060606060606,1.4345454545454546,1.706560922855083,"[151, 294, 678, 533, 360, 351]"
PassiveAggressive,"{'C': 1.0, 'class_weight': 'balanced', 'max_iter': 4000, 'tol': 0.0001, 'random_state': 13}",P55,55.0,"[0.884817, 0.751309, 0.620419, 0.701571, 0.683246, 0.780105]",True,True,0.8834462144861891,0.9235084806698501,0.8972821262162229,0.16869370688818972,0.15936770193812447,0.95,0.38040069845374624,0.0,0.10238574565802218,0.5045460649766004,0.8999999999999998,0.8792650918635171,1.5826771653543308,1.8,"[44, 95, 145, 114, 121, 84]",0.1707275884093178,0.12082531111892089,0.95,0.37868734459817766,0,0.10792792982558229,0.5242356244280987,0.8999999999999998,0.7775757575757576,1.1939393939393939,1.5354637568199532,"[118, 199, 614, 473, 303, 263]"
PassiveAggressive,"{'C': 1.0, 'class_weight': 'balanced', 'max_iter': 4000, 'tol': 0.0001, 'random_state': 13}",P60,60.0,"[0.897906, 0.808901, 0.65445, 0.735602, 0.706806, 0.808901]",True,True,0.9207971456327649,0.9652710141749076,0.8679921427594118,0.17715775264765773,0.13047536682085237,0.95,0.38038253268653177,0.0,0.10815827970367309,0.5023603170242497,0.8999999999999998,0.8267716535433071,1.3910761154855642,1.6825396825396826,"[39, 73, 132, 101, 112, 73]",0.1871376550436725,0.09573100633304714,0.95,0.3795478848809408,0,0.12009247229253987,0.5216398670747499,0.8999999999999998,0.7242424242424242,1.0303030303030303,1.4225941422594142,"[116, 122, 584, 398, 269, 211]"
PassiveAggressive,"{'C': 2.0, 'class_weight': 'balanced', 'max_iter': 4000, 'tol': 0.0001, 'random_state': 13}",P20,20.0,"[0.594241, 0.308901, 0.306283, 0.382199, 0.277487, 0.413613]",True,True,0.46555484642176304,0.6033284607218307,-4.611657193904082,0.04515987191014274,0.49300741882582483,1.0,0.37800797779148365,0.0,0.024462584860103626,0.5172249502353516,0.9999999999999999,1.0,3.727034120734908,3.727034120734908,"[155, 264, 265, 236, 276, 224]",0.06110245699096818,0.3707790734085852,1.0,0.3766835904648256,0,0.034635161316783694,0.532201295348883,0.9999999999999999,0.9981818181818182,3.0915151515151513,3.0971463266545234,"[504, 853, 1147, 918, 858, 821]"
PassiveAggressive,"{'C': 2.0, 'class_weight': 'balanced', 'max_iter': 4000, 'tol': 0.0001, 'random_state': 13}",P25,25.0,"[0.691099, 0.32199, 0.374346, 0.437173, 0.340314, 0.460733]",True,True,0.5504483962308486,0.6723075037945504,-2.5499314818014405,0.05923059572942626,0.422020362009623,1.0,0.37746054170348453,0.0,0.03252656685873755,0.5166238718221008,0.9999999999999999,1.0,3.3832020997375327,3.3832020997375327,"[118, 259, 239, 215, 252, 206]",0.07570399076443482,0.3163540564630806,1.0,0.37652523164398705,0,0.04354413363227738,0.5316442743841636,0.9999999999999999,0.9933333333333333,2.7666666666666666,2.785234899328859,"[358, 841, 1032, 837, 760, 737]"
PassiveAggressive,"{'C': 2.0, 'class_weight': 'balanced', 'max_iter': 4000, 'tol': 0.0001, 'random_state': 13}",P30,30.0,"[0.751309, 0.455497, 0.421466, 0.47644, 0.405759, 0.534031]",True,True,0.6352627620545512,0.7445740826090319,-0.806084220793047,0.07993607310960915,0.3579664736000702,1.0,0.3776438751500409,0.0,0.04476923559400479,0.5152927478930218,0.9999999999999999,0.994750656167979,2.963254593175853,2.978891820580475,"[95, 208, 221, 200, 227, 178]",0.09726670474245679,0.26574354630382324,1.0,0.3768364139013278,0,0.05715248132816966,0.5304317718116202,0.9999999999999999,0.9806060606060606,2.3866666666666667,2.4338689740420274,"[254, 623, 990, 766, 666, 639]"
PassiveAggressive,"{'C': 2.0, 'class_weight': 'balanced', 'max_iter': 4000, 'tol': 0.0001, 'random_state': 13}",P35,35.0,"[0.803665, 0.5, 0.468586, 0.531414, 0.515707, 0.575916]",True,True,0.7097199101544606,0.8070992907726526,0.16288149866898716,0.09799289416866254,0.3015232996106795,1.0,0.3775010519882582,0.0,0.05565319798124778,0.5122767571496324,0.9999999999999999,0.989501312335958,2.611548556430446,2.6392572944297084,"[75, 191, 203, 179, 185, 162]",0.11353504949768148,0.21944623235786653,1.0,0.3767015787761257,0,0.06784290406792065,0.5297064063259289,0.9999999999999999,0.9557575757575758,2.058181818181818,2.1534559289790742,"[189, 558, 891, 703, 487, 568]"
PassiveAggressive,"{'C': 2.0, 'class_weight': 'balanced', 'max_iter': 4000, 'tol': 0.0001, 'random_state': 13}",P40,40.0,"[0.82199, 0.557592, 0.502618, 0.562827, 0.554974, 0.60733]",True,True,0.7526109433742332,0.843108241313363,0.5313291044066331,0.11153984567665258,0.27225773837975964,1.0,0.3777627869244669,0.0,0.06428255203805058,0.5120356247375916,0.9999999999999999,0.9763779527559056,2.3989501312335957,2.4569892473118276,"[68, 169, 190, 167, 170, 150]",0.12577346846648027,0.19579188568335928,1.0,0.3770888617674731,0,0.07605045678160754,0.5286107005785169,0.9999999999999999,0.9278787878787879,1.8593939393939394,2.0039190071848467,"[162, 443, 841, 643, 441, 538]"
PassiveAggressive,"{'C': 2.0, 'class_weight': 'balanced', 'max_iter': 4000, 'tol': 0.0001, 'random_state': 13}",P45,45.0,"[0.835079, 0.575916, 0.528796, 0.633508, 0.591623, 0.651832]",True,True,0.8050097751777767,0.8806411615128006,0.7828217431455131,0.12242881279868235,0.2308027028031862,1.0,0.3779455506076015,0.0,0.07137996516821477,0.5116514398391708,0.9999999999999999,0.9606299212598425,2.188976377952756,2.278688524590164,"[63, 162, 180, 140, 156, 133]",0.1338869234572712,0.1664482764449146,1.0,0.37734171500147967,0,0.08156814712365422,0.527662471748266,0.9999999999999999,0.9,1.667878787878788,1.8531986531986533,"[152, 424, 778, 509, 403, 486]"
PassiveAggressive,"{'C': 2.0, 'class_weight': 'balanced', 'max_iter': 4000, 'tol': 0.0001, 'random_state': 13}",P50,50.0,"[0.863874, 0.701571, 0.586387, 0.662304, 0.620419, 0.688482]",True,True,0.8630596549299874,0.8823198170569224,0.8823184901515047,0.14608286966205147,0.1968953030308868,1.0,0.3795736276627423,0.0,0.0871661773773553,0.5095227533380378,0.9999999999999999,0.9212598425196851,1.8818897637795275,2.0427350427350426,"[52, 114, 158, 129, 145, 119]",0.14948461938219063,0.14057284391568517,0.95,0.37802680530138977,0,0.09239458297502727,0.5256919724998274,0.8999999999999998,0.8515151515151516,1.4175757575757575,1.6647686832740212,"[135, 267, 683, 469, 364, 421]"
PassiveAggressive,"{'C': 2.0, 'class_weight': 'balanced', 'max_iter': 4000, 'tol': 0.0001, 'random_state': 13}",P55,55.0,"[0.879581, 0.751309, 0.628272, 0.712042, 0.672775, 0.767016]",True,True,0.8801758294701442,0.9277052227292006,0.9080316690101924,0.16204174910543193,0.15597851907991092,0.95,0.38037533148207714,0.0,0.09753384975509129,0.5043708337711412,0.8999999999999998,0.8792650918635171,1.5931758530183726,1.8119402985074626,"[46, 95, 142, 110, 125, 89]",0.1693628414502181,0.11528893492566812,0.95,0.3787710540155019,0,0.10666072799711249,0.5231147157835851,0.8999999999999998,0.7872727272727272,1.206060606060606,1.5319476520400308,"[116, 213, 659, 385, 314, 303]"
PassiveAggressive,"{'C': 2.0, 'class_weight': 'balanced', 'max_iter': 4000, 'tol': 0.0001, 'random_state': 13}",P60,60.0,"[0.895288, 0.801047, 0.675393, 0.769634, 0.712042, 0.803665]",True,True,0.9141357492120443,0.9759530344062809,0.8347856424471267,0.18359587489051601,0.1439091504818719,0.95,0.3814967493446676,0.0,0.1123508049933867,0.4995944332343786,0.8999999999999998,0.8083989501312336,1.3464566929133859,1.6655844155844155,"[40, 76, 124, 88, 110, 75]",0.1918087615799361,0.08980963655286749,0.95,0.37984636459737414,0,0.12333145951365504,0.5196593334460048,0.8999999999999998,0.7024242424242424,0.9793939393939394,1.3943054357204487,"[97, 136, 585, 303, 260, 235]"
LDA,"{'solver': 'lsqr', 'shrinkage': 'auto'}",P20,20.0,"[0.387435, 0.382199, 0.246073, 0.287958, 0.324607, 0.280105]",True,True,-0.14549414965517266,-0.19684023590401617,-14.918949751260893,0.04664516699741866,0.47235080988917516,0.2,0.40070497745527944,0.0,0.02527131651126918,0.5165054953822479,-0.6,1.0,4.102362204724409,4.102362204724409,"[234, 236, 288, 272, 258, 275]",0.0392540652708255,0.5159164519793047,0.2,0.39940716934821,0,0.021733974592836137,0.5319395160079964,-0.6,1.0,4.085454545454546,4.085454545454546,"[901, 924, 1385, 1056, 1332, 1143]"
LDA,"{'solver': 'lsqr', 'shrinkage': 'auto'}",P25,25.0,"[0.426702, 0.41623, 0.308901, 0.361257, 0.382199, 0.39267]",True,True,-0.040146770474844315,-0.06037437796993245,-9.72745648972746,0.05939962838006583,0.37966686259595417,0.2,0.4004015458034799,0.0,0.03239368534477975,0.512956964627005,-0.6,1.0,3.7217847769028873,3.7217847769028873,"[219, 223, 264, 244, 236, 232]",0.05454984915584188,0.3945117283575665,0.2,0.3986250041059738,0,0.0305132399365741,0.5288500921150455,-0.6,1.0,3.623030303030303,3.623030303030303,"[819, 853, 1271, 955, 1209, 871]"
LDA,"{'solver': 'lsqr', 'shrinkage': 'auto'}",P30,30.0,"[0.471204, 0.468586, 0.358639, 0.408377, 0.424084, 0.447644]",True,True,0.03576966783323539,0.043296801356038306,-6.506171925297772,0.07188208810628283,0.31617273723876976,0.2,0.4002010565524077,0.0,0.039555506616742134,0.5107267093946859,-0.6,1.0,3.4304461942257216,3.4304461942257216,"[202, 203, 245, 226, 220, 211]",0.06999029069464108,0.3061050312694924,0.2,0.39803847310296536,0,0.03961969126283374,0.526453415154148,-0.6,1.0,3.272727272727273,3.272727272727273,"[756, 749, 1176, 861, 1090, 768]"
LDA,"{'solver': 'lsqr', 'shrinkage': 'auto'}",P35,35.0,"[0.513089, 0.518325, 0.405759, 0.479058, 0.468586, 0.486911]",True,True,0.11856855320221911,0.26429791249619317,-3.619351526072758,0.08603658217842691,0.2474605232641774,0.2,0.39997498095989853,0.0,0.04779992500369232,0.5077758284354723,-0.6,1.0,3.136482939632546,3.136482939632546,"[186, 184, 227, 199, 203, 196]",0.089988049980526,0.2249402015197844,0.35,0.3975002134515052,0,0.051814147925523545,0.5239740589384597,-0.3,1.0,2.8963636363636365,2.8963636363636365,"[656, 624, 1119, 720, 983, 677]"
LDA,"{'solver': 'lsqr', 'shrinkage': 'auto'}",P40,40.0,"[0.589005, 0.539267, 0.450262, 0.520942, 0.518325, 0.552356]",True,True,0.17554143476453618,0.32836415783109335,-2.039467777390931,0.10496447965210097,0.20945528812560332,0.2,0.40010747746012837,0.0,0.05910296269108823,0.5039718786504948,-0.6,0.989501312335958,2.8372703412073492,2.8673740053050403,"[157, 176, 210, 183, 184, 171]",0.10995881258182084,0.1807811637863183,0.35,0.3972883634519696,0,0.06439021952934192,0.5211936737362967,-0.3,0.9769696969696969,2.5642424242424244,2.62468982630273,"[550, 553, 1020, 655, 913, 540]"
LDA,"{'solver': 'lsqr', 'shrinkage': 'auto'}",P45,45.0,"[0.643979, 0.594241, 0.486911, 0.568063, 0.596859, 0.623037]",True,True,0.23834126393521904,0.40644663955398375,-0.8009296858503937,0.12699931941553438,0.16882703901929486,0.2,0.40056327846326495,0.0,0.07250203488781289,0.4983821889187056,-0.6,0.958005249343832,2.493438320209974,2.6027397260273974,"[136, 155, 196, 165, 154, 144]",0.1409347632086545,0.13370998334683198,0.35,0.3974061989738709,0,0.08474229838130629,0.5165441090118927,-0.3,0.9090909090909091,2.1436363636363636,2.358,"[424, 424, 973, 556, 774, 386]"
LDA,"{'solver': 'lsqr', 'shrinkage': 'auto'}",P50,50.0,"[0.727749, 0.628272, 0.54712, 0.623037, 0.633508, 0.670157]",True,True,0.2856982381031013,0.46819699657420016,-0.3794976706505297,0.14705999423041136,0.1415912386752617,0.2,0.4007649418265054,0.0,0.08452244161753354,0.4902245859466799,-0.6,0.8740157480314961,2.1758530183727034,2.4894894894894897,"[104, 142, 173, 144, 140, 126]",0.17427268422631154,0.10536382795263466,0.35,0.39762713433507774,0,0.10786819671058746,0.5110929612975441,-0.3,0.8121212121212121,1.8254545454545454,2.2477611940298505,"[261, 397, 882, 444, 707, 321]"
LDA,"{'solver': 'lsqr', 'shrinkage': 'auto'}",P55,55.0,"[0.753927, 0.698953, 0.586387, 0.662304, 0.675393, 0.732984]",True,True,0.33670021822581936,0.5093189049527532,-2.2429526575384884e-05,0.175662462344734,0.11949187948768776,0.2,0.4017654512292436,0.0,0.10275078227649836,0.48218128142411204,-0.6,0.8057742782152231,1.89501312335958,2.3517915309446256,"[94, 115, 158, 129, 124, 102]",0.19715548424229296,0.08713696189010381,0.35,0.39766794200188044,0,0.1236298684880395,0.503436996061472,-0.3,0.7266666666666667,1.5145454545454546,2.084236864053378,"[222, 260, 813, 351, 641, 212]"
LDA,"{'solver': 'lsqr', 'shrinkage': 'auto'}",P60,60.0,"[0.780105, 0.712042, 0.623037, 0.709424, 0.696335, 0.767016]",True,True,0.49359679522717437,0.5431698820623245,0.010824439456821544,0.19512993842538218,0.10214403988774197,0.35,0.4020363222984473,0.0,0.11571827540117732,0.47731261060758123,-0.3,0.7611548556430446,1.7165354330708662,2.2551724137931033,"[84, 110, 144, 111, 116, 89]",0.22199342278379658,0.07824744053886139,0.35,0.3980796660579648,0,0.1415921727016407,0.4962283038361569,-0.3,0.6460606060606061,1.3103030303030303,2.0281425891181986,"[177, 221, 737, 237, 616, 174]"
QDA,{'reg_param': 0.05},P20,20.0,"[0.382199, 0.290576, 0.230366, 0.280105, 0.308901, 0.324607]",True,True,-0.07269262991373909,0.0997487379867591,-15.117314357552754,0.04600391279308476,0.5183366274765505,0.35,0.3988002825657557,0.0,0.02502862940431582,0.5190247321646437,-0.3,1.0,4.194225721784777,4.194225721784777,"[236, 271, 294, 275, 264, 258]",0.04633360283449631,0.5460857467055513,0.6,0.39833627285938056,0,0.025856469120274676,0.5321925753071793,0.19999999999999998,1.0,4.126060606060606,4.126060606060606,"[922, 1094, 1394, 1050, 1346, 1002]"
QDA,{'reg_param': 0.05},P25,25.0,"[0.450262, 0.342932, 0.277487, 0.316754, 0.374346, 0.371728]",True,True,0.13652768794106052,0.2269893825685655,-10.523758448659981,0.06295810305643328,0.4459736811593709,0.5,0.39847755347999375,0.0,0.034719089003401496,0.5167433020120585,0.0,1.0,3.8766404199475066,3.8766404199475066,"[210, 251, 276, 261, 239, 240]",0.06596212843286724,0.4384235990464755,0.6,0.39816951060724587,0,0.03738149204843455,0.5293289367145025,0.19999999999999998,1.0,3.730909090909091,3.730909090909091,"[785, 996, 1290, 995, 1177, 913]"
QDA,{'reg_param': 0.05},P30,30.0,"[0.458115, 0.439791, 0.337696, 0.371728, 0.418848, 0.410995]",True,True,-0.009671585209067829,0.21969450789203243,-7.838877708924676,0.06979995643968108,0.3589982807762815,0.2,0.39842246375844187,0.0,0.03859143053488839,0.5142937387886969,-0.6,1.0,3.5721784776902887,3.5721784776902887,"[207, 214, 253, 240, 222, 225]",0.07416112127245135,0.3737890121833966,0.5,0.39774132934325895,0,0.04221997635197865,0.5270796980117747,0.0,1.0,3.4509090909090907,3.4509090909090907,"[772, 857, 1220, 929, 1095, 821]"
QDA,{'reg_param': 0.05},P35,35.0,"[0.486911, 0.505236, 0.382199, 0.434555, 0.463351, 0.468586]",True,True,0.06901365169560489,0.2109528370459181,-4.719446303264858,0.08206143287168984,0.29260182894164954,0.2,0.39851349255188195,0.0,0.0456025708445882,0.5101090123842688,-0.6,1.0,3.267716535433071,3.267716535433071,"[196, 189, 236, 216, 205, 203]",0.08967343110287716,0.2778508647370952,0.35,0.39710090226712047,0,0.051655142285129026,0.5243800553916171,-0.3,1.0,3.056363636363636,3.056363636363636,"[697, 728, 1108, 840, 986, 684]"
QDA,{'reg_param': 0.05},P40,40.0,"[0.549738, 0.536649, 0.424084, 0.489529, 0.510471, 0.54712]",True,True,0.14787980056037214,0.30616295878305577,-2.509925304225257,0.0969494446740567,0.22854277494044659,0.2,0.3982437694225401,0.0,0.054484548089832524,0.5075037265574763,-0.6,1.0,2.9501312335958003,2.9501312335958003,"[172, 177, 220, 195, 187, 173]",0.10607213987401698,0.1989885546961394,0.35,0.3969312453505942,0,0.061994182341452334,0.5224578362842064,-0.3,0.9993939393939394,2.7066666666666666,2.7083080654942386,"[612, 663, 1033, 746, 897, 515]"
QDA,{'reg_param': 0.05},P45,45.0,"[0.617801, 0.578534, 0.473822, 0.557592, 0.562827, 0.58377]",True,True,0.19542376637650316,0.37424875119560785,-1.4231705153897196,0.11037786497302997,0.19450601551475036,0.2,0.3985063897274117,0.0,0.06235024383583221,0.5025287151221258,-0.6,0.979002624671916,2.6325459317585302,2.6890080428954426,"[146, 161, 201, 169, 167, 159]",0.1273128453303371,0.15206307364663613,0.35,0.3966632650396896,0,0.07562448965197094,0.5183796907031535,-0.3,0.9351515151515152,2.3448484848484847,2.507453013609851,"[493, 576, 950, 590, 820, 440]"
QDA,{'reg_param': 0.05},P50,50.0,"[0.672775, 0.602094, 0.518325, 0.60733, 0.591623, 0.672775]",True,True,0.2519479075899237,0.4286764513738612,-0.6331476195748615,0.13113114140031396,0.15886644803397995,0.2,0.39894404741196543,0.0,0.07504314204896577,0.49723137730974926,-0.6,0.931758530183727,2.341207349081365,2.5126760563380284,"[125, 152, 184, 150, 156, 125]",0.14720194096124586,0.11755438526315579,0.35,0.3967629855859038,0,0.08885638474798947,0.5147785739068143,-0.3,0.8793939393939394,2.0387878787878786,2.318401102687801,"[401, 511, 884, 503, 762, 303]"
QDA,{'reg_param': 0.05},P55,55.0,"[0.719895, 0.638743, 0.560209, 0.657068, 0.638743, 0.722513]",True,True,0.4197317058637189,0.48925417049045183,-0.09348339120825988,0.15325118689073577,0.1333846078813003,0.35,0.3995504228476113,0.0,0.08888620937671829,0.4911161901407805,-0.3,0.8713910761154856,2.068241469816273,2.373493975903614,"[107, 138, 168, 131, 138, 106]",0.17684109867145248,0.08661108694379184,0.35,0.3967471958759706,0,0.10934001303461001,0.5089542466988153,-0.3,0.8078787878787879,1.7345454545454546,2.1470367591897976,"[303, 431, 828, 395, 697, 208]"
QDA,{'reg_param': 0.05},P60,60.0,"[0.782723, 0.675393, 0.602094, 0.71466, 0.685864, 0.777487]",True,True,0.49989950730046334,0.5540583294110225,0.16606508709549345,0.1958821714889893,0.09610460334286486,0.35,0.40040646384779655,0.0,0.11785647311931899,0.4838127668184887,-0.3,0.8057742782152231,1.7664041994750657,2.192182410423453,"[83, 124, 152, 109, 120, 85]",0.2165693659764416,0.06169979724657473,0.35,0.3972958689371856,0,0.13822784281590594,0.5000324467837614,-0.3,0.703030303030303,1.407878787878788,2.002586206896552,"[200, 354, 697, 275, 654, 143]"
QDA,{'reg_param': 0.1},P20,20.0,"[0.384817, 0.293194, 0.230366, 0.272251, 0.311518, 0.32199]",True,True,-0.07178067271588148,0.0980918477331636,-15.13387270330623,0.046470544459806286,0.5179736822256507,0.35,0.39907488349987635,0.0,0.02528936304531324,0.5189116328488115,-0.3,1.0,4.196850393700787,4.196850393700787,"[235, 270, 294, 278, 263, 259]",0.04534124967853208,0.5467897611284378,0.6,0.3984678639435646,0,0.025280439759208597,0.5322779556797362,0.19999999999999998,1.0,4.127272727272727,4.127272727272727,"[914, 1091, 1394, 1060, 1346, 1005]"
QDA,{'reg_param': 0.1},P25,25.0,"[0.450262, 0.335079, 0.277487, 0.324607, 0.376963, 0.387435]",True,True,0.14316176101865052,0.22847642961723663,-10.52852378225381,0.0618604361082067,0.43827243424141293,0.5,0.3985791971728559,0.0,0.03405871512331098,0.5165137574551113,0.0,1.0,3.858267716535433,3.858267716535433,"[210, 254, 276, 258, 238, 234]",0.06539630053619437,0.4363994996744488,0.6,0.3982654291849702,0,0.03703550568613888,0.5292876652911036,0.19999999999999998,1.0,3.7315151515151515,3.7315151515151515,"[783, 1016, 1289, 996, 1174, 899]"
QDA,{'reg_param': 0.1},P30,30.0,"[0.458115, 0.445026, 0.337696, 0.374346, 0.421466, 0.418848]",True,True,-0.0025150441516218758,0.22786337131720363,-7.56816772202424,0.07030836080130526,0.35243236722882265,0.2,0.3986965409196516,0.0,0.038859742950367114,0.5138436937266104,-0.6,1.0,3.5538057742782154,3.5538057742782154,"[207, 212, 253, 239, 221, 222]",0.07410724400068298,0.36558675240714295,0.5,0.3978095990788787,0,0.04217914229277854,0.5269834106304662,0.0,1.0,3.4212121212121214,3.4212121212121214,"[767, 857, 1222, 918, 1083, 798]"
QDA,{'reg_param': 0.1},P35,35.0,"[0.486911, 0.505236, 0.382199, 0.442408, 0.468586, 0.468586]",True,True,0.07375468006722243,0.2131972245765145,-4.759367595437524,0.0824883229111324,0.28837116112126787,0.2,0.3987917275911929,0.0,0.04583463631135244,0.509814359879402,-0.6,1.0,3.254593175853018,3.254593175853018,"[196, 189, 236, 213, 203, 203]",0.0879261654226072,0.27394331934711846,0.35,0.397381261670086,0,0.05054480110472111,0.5243092589537178,-0.3,1.0,3.0624242424242425,3.0624242424242425,"[710, 723, 1106, 836, 984, 694]"
QDA,{'reg_param': 0.1},P40,40.0,"[0.557592, 0.565445, 0.426702, 0.497382, 0.510471, 0.54712]",True,True,0.1559680785949833,0.3174397937741602,-2.195666447673254,0.09821639668470739,0.22182717842010838,0.2,0.39859620110128086,0.0,0.05516953311543087,0.5065435490304981,-0.6,1.0,2.9028871391076114,2.9028871391076114,"[169, 166, 219, 192, 187, 173]",0.10861154417550974,0.19026369773412366,0.35,0.3969731577759139,0,0.06358076387165244,0.5218142394197632,-0.3,0.9957575757575757,2.638181818181818,2.6494217894096166,"[598, 586, 1031, 732, 895, 511]"
QDA,{'reg_param': 0.1},P45,45.0,"[0.615183, 0.578534, 0.47644, 0.554974, 0.562827, 0.594241]",True,True,0.19695752461449786,0.37769742092244685,-1.4242019842922653,0.1117148253113248,0.19449041308212625,0.2,0.3991103746176643,0.0,0.06308855849807048,0.501639055830927,-0.6,0.973753280839895,2.6246719160104988,2.6954177897574128,"[147, 161, 200, 170, 167, 155]",0.1283885631683814,0.14970937889626842,0.35,0.396727455501113,0,0.07635336990002545,0.5183510151885834,-0.3,0.933939393939394,2.3430303030303032,2.5087605451005843,"[489, 576, 942, 607, 816, 436]"
QDA,{'reg_param': 0.1},P50,50.0,"[0.680628, 0.602094, 0.520942, 0.60733, 0.596859, 0.670157]",True,True,0.2526534809714404,0.42965072032695095,-0.6332663538860289,0.1318846219315161,0.15896525354749466,0.2,0.3991137086247299,0.0,0.07549023273250019,0.49690478756848755,-0.6,0.9212598425196851,2.3280839895013123,2.527065527065527,"[122, 152, 183, 150, 154, 126]",0.14902656481098814,0.1184507281508195,0.35,0.3969162788892745,0,0.09013559686957959,0.5146924615194362,-0.3,0.8781818181818182,2.036363636363636,2.3188405797101446,"[391, 526, 879, 504, 758, 302]"
QDA,{'reg_param': 0.1},P55,55.0,"[0.717277, 0.646597, 0.557592, 0.659686, 0.636126, 0.722513]",True,True,0.41361245693255316,0.4887313075256759,-0.11635367103593736,0.15264468367871556,0.138936027488672,0.35,0.3996793358083656,0.0,0.0884495704185771,0.49099686454577796,-0.3,0.863517060367454,2.0656167979002626,2.39209726443769,"[108, 135, 169, 130, 139, 106]",0.1772017120238093,0.08752446740117861,0.35,0.39684687634348426,0,0.10951040638855422,0.5084871735226834,-0.3,0.7993939393939394,1.7224242424242424,2.1546626231993935,"[301, 414, 829, 391, 698, 209]"
QDA,{'reg_param': 0.1},P60,60.0,"[0.782723, 0.67801, 0.602094, 0.712042, 0.688482, 0.774869]",True,True,0.49732507674194526,0.5537606148130826,0.15742678073659522,0.19550210877752547,0.09834211609621694,0.35,0.4005502802021226,0.0,0.11747485531119382,0.4834120637284728,-0.3,0.800524934383202,1.7664041994750657,2.2065573770491804,"[83, 123, 152, 110, 119, 86]",0.21669935479094135,0.062126465017642685,0.35,0.3972924167992796,0,0.13827130945556595,0.499806699081224,-0.3,0.6993939393939393,1.4018181818181819,2.0043327556325825,"[200, 345, 699, 273, 651, 145]"
GaussianNB,{'var_smoothing': 1e-09},P20,20.0,"[0.67801, 0.358639, 0.298429, 0.340314, 0.290576, 0.306283]",True,True,0.44654539281571404,0.5539333164990585,-8.838614479009426,0.06966883241229957,0.46060003635776364,0.8999999999999999,0.39158865587059394,0.0,0.03832914016408488,0.5118318022272179,0.7999999999999999,0.9973753280839895,3.7375328083989503,3.7473684210526317,"[123, 245, 268, 252, 271, 265]",0.06845594533173979,0.4299168074198524,1.0,0.38464726195723664,0,0.03888625492126636,0.5291606294928961,0.9999999999999999,0.9981818181818182,3.5884848484848484,3.595021250758956,"[496, 862, 1115, 953, 1289, 1206]"
GaussianNB,{'var_smoothing': 1e-09},P25,25.0,"[0.691099, 0.39267, 0.324607, 0.418848, 0.421466, 0.363874]",True,True,0.4518811071368639,0.5840467644805134,-4.946622135215291,0.0804619275221054,0.38578210511134003,0.8,0.3906709490869948,0.0,0.044453880380332024,0.5080285331958485,0.6,0.9973753280839895,3.3963254593175853,3.4052631578947365,"[118, 232, 258, 222, 221, 243]",0.08027544834503923,0.3313471549563484,0.8999999999999999,0.38372823697274216,0,0.04597728277610675,0.5267657345290049,0.7999999999999999,0.9945454545454545,3.124242424242424,3.141377209018891,"[461, 781, 1071, 806, 930, 1106]"
GaussianNB,{'var_smoothing': 1e-09},P30,30.0,"[0.748691, 0.431937, 0.387435, 0.479058, 0.450262, 0.502618]",True,True,0.5535026505328465,0.7425352104763047,-1.512991986608803,0.10608134594263925,0.30982697270725656,0.8,0.39082759099154574,0.0,0.05984552083918178,0.5043009294725977,0.6,0.9921259842519685,3.0078740157480315,3.0317460317460316,"[96, 217, 234, 199, 210, 190]",0.10804840670042921,0.24056345598140938,0.95,0.38350086585761584,0,0.0632470330010507,0.5221102793746879,0.8999999999999998,0.9812121212121212,2.550909090909091,2.5997529339098207,"[319, 692, 968, 610, 832, 788]"
GaussianNB,{'var_smoothing': 1e-09},P35,35.0,"[0.793194, 0.497382, 0.434555, 0.526178, 0.54712, 0.633508]",True,True,0.7209311639013769,0.8011507431127028,0.2810414744209824,0.13398464430898602,0.2503865288712924,0.8999999999999999,0.391110161545611,0.0,0.0771942347598566,0.4989471669159403,0.7999999999999999,0.973753280839895,2.574803149606299,2.6442048517520216,"[79, 192, 216, 181, 173, 140]",0.1365030059186374,0.17042978724497324,0.8999999999999999,0.38359174813012925,0,0.08175870264806981,0.5171919621731581,0.7999999999999999,0.9375757575757576,1.9757575757575758,2.107304460245637,"[239, 566, 854, 500, 597, 504]"
GaussianNB,{'var_smoothing': 1e-09},P40,40.0,"[0.806283, 0.638743, 0.468586, 0.573298, 0.594241, 0.664921]",True,True,0.7122536931908232,0.7860566861005589,0.7213176460181447,0.15122138573876978,0.19654722898968818,0.8,0.3919317881391382,0.0,0.08771143754211724,0.49230762452526794,0.6,0.94750656167979,2.2598425196850394,2.3850415512465375,"[74, 138, 203, 163, 155, 128]",0.15469608394953996,0.12394127615242842,0.8,0.384339594344824,0,0.09364234443366286,0.5116877152989667,0.6,0.8684848484848485,1.5866666666666667,1.8269364968597348,"[228, 313, 734, 395, 523, 425]"
GaussianNB,{'var_smoothing': 1e-09},P45,45.0,"[0.840314, 0.709424, 0.557592, 0.63089, 0.667539, 0.740838]",True,True,0.7867900681677995,0.7133550735066472,0.6554923554166564,0.18687286877617557,0.1579088230119634,0.8,0.3927534080119575,0.0,0.11113736798781246,0.4835834271858128,0.6,0.9002624671916011,1.858267716535433,2.064139941690962,"[61, 111, 169, 141, 127, 99]",0.19053874312473765,0.07290485450426946,0.6,0.38573728295392995,0,0.11872381472586566,0.5043705871795735,0.19999999999999998,0.7424242424242424,1.1472727272727272,1.5453061224489795,"[187, 195, 592, 289, 392, 238]"
GaussianNB,{'var_smoothing': 1e-09},P50,50.0,"[0.863874, 0.795812, 0.617801, 0.709424, 0.701571, 0.793194]",True,True,0.7022018854589027,0.784052426346418,0.3596916702352477,0.21726068609708174,0.11331830687958781,0.6,0.39419835413802945,0.0,0.13128946868731523,0.4730041740565139,0.19999999999999998,0.8398950131233596,1.5223097112860893,1.8125,"[52, 78, 146, 111, 114, 79]",0.23107070983588485,0.04325152120838864,0.6,0.38744412572973924,0,0.14846972043442072,0.494058661761486,0.19999999999999998,0.58,0.7848484848484848,1.3531870428422152,"[147, 78, 381, 186, 353, 150]"
GaussianNB,{'var_smoothing': 1e-09},P55,55.0,"[0.874346, 0.866492, 0.67801, 0.76178, 0.730366, 0.842932]",True,True,0.7013669750100355,0.7701197154759489,-0.047073079884985436,0.25218794376875114,0.06957036591847418,0.5,0.39583132386586195,0.0,0.15566679044731366,0.46159720692328027,0.0,0.7637795275590551,1.2493438320209973,1.6357388316151202,"[48, 51, 123, 91, 103, 60]",0.26885652241030783,0.015971088883872518,0.5,0.3907809398317121,0,0.1797702470130319,0.4888762732382365,0.0,0.4890909090909091,0.6115151515151516,1.2503097893432467,"[128, 32, 319, 134, 299, 97]"
GaussianNB,{'var_smoothing': 1e-09},P60,60.0,"[0.910995, 0.890052, 0.732984, 0.790576, 0.774869, 0.858639]",True,True,0.8477233026392871,0.8967124783946218,-0.46554954758168765,0.3029715483247761,0.054765548549329135,0.6,0.3983910095461341,0.0,0.19696939569952976,0.45315466320000986,0.19999999999999998,0.6771653543307087,1.047244094488189,1.5465116279069766,"[34, 42, 102, 80, 86, 55]",0.31171994287045307,0.013073737776212447,0.6,0.39355424433460373,0,0.21792125958954625,0.48117083526615123,0.19999999999999998,0.3787878787878788,0.4509090909090909,1.1904000000000001,"[80, 24, 248, 90, 222, 80]"
GaussianNB,{'var_smoothing': 1e-08},P20,20.0,"[0.67801, 0.358639, 0.298429, 0.340314, 0.290576, 0.306283]",True,True,0.44654539281571404,0.5539333164990585,-8.838614479009426,0.06966883241229957,0.46060003635776364,0.8999999999999999,0.39158865587059394,0.0,0.03832914016408488,0.5118318022272179,0.7999999999999999,0.9973753280839895,3.7375328083989503,3.7473684210526317,"[123, 245, 268, 252, 271, 265]",0.06845594533173979,0.4299168074198524,1.0,0.38464726195723664,0,0.03888625492126636,0.5291606294928961,0.9999999999999999,0.9981818181818182,3.5884848484848484,3.595021250758956,"[496, 862, 1115, 953, 1289, 1206]"
GaussianNB,{'var_smoothing': 1e-08},P25,25.0,"[0.691099, 0.39267, 0.324607, 0.418848, 0.421466, 0.363874]",True,True,0.4518811071368639,0.5840467644805134,-4.946622135215291,0.0804619275221054,0.38578210511134003,0.8,0.3906709490869948,0.0,0.044453880380332024,0.5080285331958485,0.6,0.9973753280839895,3.3963254593175853,3.4052631578947365,"[118, 232, 258, 222, 221, 243]",0.08027544834503923,0.3313471549563484,0.8999999999999999,0.38372823697274216,0,0.04597728277610675,0.5267657345290049,0.7999999999999999,0.9945454545454545,3.124242424242424,3.141377209018891,"[461, 781, 1071, 806, 930, 1106]"
GaussianNB,{'var_smoothing': 1e-08},P30,30.0,"[0.748691, 0.431937, 0.387435, 0.479058, 0.450262, 0.502618]",True,True,0.5535026505328465,0.7425352104763047,-1.512991986608803,0.10608134594263925,0.30982697270725656,0.8,0.39082759099154574,0.0,0.05984552083918178,0.5043009294725977,0.6,0.9921259842519685,3.0078740157480315,3.0317460317460316,"[96, 217, 234, 199, 210, 190]",0.10804840670042921,0.24056345598140938,0.95,0.38350086585761584,0,0.0632470330010507,0.5221102793746879,0.8999999999999998,0.9812121212121212,2.550909090909091,2.5997529339098207,"[319, 692, 968, 610, 832, 788]"
GaussianNB,{'var_smoothing': 1e-08},P35,35.0,"[0.793194, 0.497382, 0.434555, 0.526178, 0.54712, 0.633508]",True,True,0.7209311639013769,0.8011507431127028,0.2810414744209824,0.13398464430898602,0.2503865288712924,0.8999999999999999,0.391110161545611,0.0,0.0771942347598566,0.4989471669159403,0.7999999999999999,0.973753280839895,2.574803149606299,2.6442048517520216,"[79, 192, 216, 181, 173, 140]",0.1365030059186374,0.17042978724497324,0.8999999999999999,0.38359174813012925,0,0.08175870264806981,0.5171919621731581,0.7999999999999999,0.9375757575757576,1.9757575757575758,2.107304460245637,"[239, 566, 854, 500, 597, 504]"
GaussianNB,{'var_smoothing': 1e-08},P40,40.0,"[0.806283, 0.638743, 0.468586, 0.573298, 0.594241, 0.664921]",True,True,0.7122536931908232,0.7860566861005589,0.7213176460181447,0.15122138573876978,0.19654722898968818,0.8,0.3919317881391382,0.0,0.08771143754211724,0.49230762452526794,0.6,0.94750656167979,2.2598425196850394,2.3850415512465375,"[74, 138, 203, 163, 155, 128]",0.15469608394953996,0.12394127615242842,0.8,0.384339594344824,0,0.09364234443366286,0.5116877152989667,0.6,0.8684848484848485,1.5866666666666667,1.8269364968597348,"[228, 313, 734, 395, 523, 425]"
GaussianNB,{'var_smoothing': 1e-08},P45,45.0,"[0.840314, 0.709424, 0.557592, 0.63089, 0.667539, 0.740838]",True,True,0.7867900681677995,0.7133550735066472,0.6554923554166564,0.18687286877617557,0.1579088230119634,0.8,0.3927534080119575,0.0,0.11113736798781246,0.4835834271858128,0.6,0.9002624671916011,1.858267716535433,2.064139941690962,"[61, 111, 169, 141, 127, 99]",0.19053874312473765,0.07290485450426946,0.6,0.38573728295392995,0,0.11872381472586566,0.5043705871795735,0.19999999999999998,0.7424242424242424,1.1472727272727272,1.5453061224489795,"[187, 195, 592, 289, 392, 238]"
GaussianNB,{'var_smoothing': 1e-08},P50,50.0,"[0.863874, 0.795812, 0.617801, 0.709424, 0.701571, 0.793194]",True,True,0.7022018854589027,0.784052426346418,0.3596916702352477,0.21726068609708174,0.11331830687958781,0.6,0.39419835413802945,0.0,0.13128946868731523,0.4730041740565139,0.19999999999999998,0.8398950131233596,1.5223097112860893,1.8125,"[52, 78, 146, 111, 114, 79]",0.23107070983588485,0.04325152120838864,0.6,0.38744412572973924,0,0.14846972043442072,0.494058661761486,0.19999999999999998,0.58,0.7848484848484848,1.3531870428422152,"[147, 78, 381, 186, 353, 150]"
GaussianNB,{'var_smoothing': 1e-08},P55,55.0,"[0.874346, 0.866492, 0.67801, 0.76178, 0.730366, 0.842932]",True,True,0.7013669750100355,0.7701197154759489,-0.047073079884985436,0.25218794376875114,0.06957036591847418,0.5,0.39583132386586195,0.0,0.15566679044731366,0.46159720692328027,0.0,0.7637795275590551,1.2493438320209973,1.6357388316151202,"[48, 51, 123, 91, 103, 60]",0.26885652241030783,0.015971088883872518,0.5,0.3907809398317121,0,0.1797702470130319,0.4888762732382365,0.0,0.4890909090909091,0.6115151515151516,1.2503097893432467,"[128, 32, 319, 134, 299, 97]"
GaussianNB,{'var_smoothing': 1e-08},P60,60.0,"[0.910995, 0.890052, 0.732984, 0.790576, 0.774869, 0.858639]",True,True,0.8477233026392871,0.8978349454587479,-0.4668005493914128,0.3029715483247761,0.054765548549329135,0.6,0.3983910095461341,0.0,0.19696939569952976,0.45315466320000986,0.19999999999999998,0.6771653543307087,1.047244094488189,1.5465116279069766,"[34, 42, 102, 80, 86, 55]",0.3128968687696198,0.013133143716806506,0.6,0.3935707346864486,0,0.21910670845252794,0.4811444523124689,0.19999999999999998,0.3781818181818182,0.4503030303030303,1.1907051282051282,"[79, 24, 248, 90, 222, 80]"
NearestCentroid,{'metric': 'euclidean'},P20,20.0,"[0.667539, 0.356021, 0.280105, 0.376963, 0.329843, 0.337696]",True,True,0.49032383347656694,0.5445547771841035,-7.078355305910331,0.07350639042357109,0.4209561510852141,0.8999999999999999,0.39257864712736656,0.0,0.040774058210397444,0.5139258048770456,0.7999999999999999,1.0,3.661417322834646,3.661417322834646,"[127, 246, 275, 238, 256, 253]",0.08014713021674978,0.37157145535240926,0.8999999999999999,0.38659700773254313,0,0.04623742104231586,0.5306683367825924,0.7999999999999999,0.9993939393939394,3.3993939393939394,3.4014554275318374,"[498, 866, 1130, 869, 1127, 1119]"
NearestCentroid,{'metric': 'euclidean'},P25,25.0,"[0.735602, 0.45288, 0.340314, 0.465969, 0.429319, 0.47644]",True,True,0.6258715805506125,0.7128940538796412,-1.731140375456508,0.1059579511233542,0.31826343718533867,0.8999999999999999,0.39392355537532325,0.0,0.060339092784368366,0.5091225303096056,0.7999999999999999,1.0,3.1076115485564304,3.1076115485564304,"[101, 209, 252, 204, 218, 200]",0.1112940605289658,0.23423701968101782,0.8999999999999999,0.3861233767723108,0,0.0658323300449625,0.5256836811240992,0.7999999999999999,0.9927272727272727,2.616969696969697,2.6361416361416365,"[382, 650, 1001, 617, 830, 838]"
NearestCentroid,{'metric': 'euclidean'},P30,30.0,"[0.746073, 0.507853, 0.397906, 0.502618, 0.479058, 0.628272]",True,True,0.7098194475912286,0.8063630722112332,0.03337169223021397,0.12890821872540043,0.2572769434136151,0.8999999999999999,0.39396057426481124,0.0,0.07484257481406924,0.5057445021455425,0.7999999999999999,0.994750656167979,2.745406824146982,2.7598944591029024,"[97, 188, 230, 190, 199, 142]",0.14061415446118553,0.17020690375461267,0.8999999999999999,0.38651940501553433,0,0.08524771105721643,0.5210039907698092,0.7999999999999999,0.9575757575757575,2.10969696969697,2.2031645569620255,"[372, 512, 854, 558, 714, 471]"
NearestCentroid,{'metric': 'euclidean'},P35,35.0,"[0.772251, 0.599476, 0.460733, 0.554974, 0.575916, 0.659686]",True,True,0.5374482044365486,0.5589251244268901,0.42243421459556635,0.14938576689920693,0.21007126707784143,0.6,0.3937790153839439,0.0,0.08776770780802953,0.49975518840925776,0.19999999999999998,0.973753280839895,2.3832020997375327,2.4474393530997305,"[87, 153, 206, 170, 162, 130]",0.15989458876441512,0.11703057313412293,0.5,0.3868703626553264,0,0.09824674769234981,0.5161992354829483,0.0,0.9090909090909091,1.715151515151515,1.8866666666666667,"[341, 354, 720, 463, 547, 405]"
NearestCentroid,{'metric': 'euclidean'},P40,40.0,"[0.806283, 0.641361, 0.52356, 0.615183, 0.620419, 0.727749]",True,True,0.6076060419776158,0.862997839522781,0.8599854428285661,0.17281803061780807,0.1636391193816245,0.6,0.39475710247144113,0.0,0.10319673300511428,0.4939432750031112,0.19999999999999998,0.9448818897637795,2.0708661417322833,2.1916666666666664,"[74, 137, 182, 147, 145, 104]",0.19136576572883374,0.08460466825238719,0.8,0.3874558068211143,0,0.12111717877185389,0.5117911522705518,0.6,0.8254545454545454,1.3751515151515152,1.6659324522760648,"[238, 298, 630, 365, 472, 266]"
NearestCentroid,{'metric': 'euclidean'},P45,45.0,"[0.827225, 0.727749, 0.573298, 0.659686, 0.657068, 0.769634]",True,True,0.5844087480362867,0.7670736702994492,0.680595634885568,0.2032211069308889,0.1376266302832708,0.5,0.3960475712955623,0.0,0.12372940299776308,0.48511089732957324,0.0,0.9002624671916011,1.79002624671916,1.988338192419825,"[66, 104, 163, 130, 131, 88]",0.21997125896156625,0.049530569739255605,0.6,0.3887766035904617,0,0.1424017742828078,0.5049625904246265,0.19999999999999998,0.72,1.0654545454545454,1.47979797979798,"[206, 141, 522, 279, 410, 200]"
NearestCentroid,{'metric': 'euclidean'},P50,50.0,"[0.840314, 0.769634, 0.623037, 0.698953, 0.693717, 0.816754]",True,True,0.6327250073741557,0.808530113322088,0.5167273147178317,0.22225096069030648,0.10848481506397072,0.5,0.39652953915939954,0.0,0.13658370632823852,0.4779624969954844,0.0,0.8451443569553806,1.5616797900262467,1.8478260869565217,"[61, 88, 144, 115, 117, 70]",0.24448600579397956,0.0329739883645766,0.6,0.3900603196422836,0,0.16187487895099714,0.5002269617629366,0.19999999999999998,0.6248484848484849,0.8648484848484849,1.3840931134820562,"[200, 97, 430, 214, 347, 139]"
NearestCentroid,{'metric': 'euclidean'},P55,55.0,"[0.874346, 0.835079, 0.670157, 0.727749, 0.740838, 0.829843]",True,True,0.6989343814176471,0.7713546075841032,0.08319511990730377,0.2631995092137947,0.08360976129582268,0.5,0.39781544499891697,0.0,0.16731544506629883,0.468381720048401,0.0,0.7769028871391076,1.3254593175853018,1.706081081081081,"[48, 63, 126, 104, 99, 65]",0.2776415318423576,0.02372015308986513,0.5,0.3914440961053694,0,0.18959696409744,0.4932860512705902,0.0,0.5145454545454545,0.6606060606060606,1.2838633686690224,"[121, 47, 328, 186, 276, 132]"
NearestCentroid,{'metric': 'euclidean'},P60,60.0,"[0.89267, 0.856021, 0.712042, 0.767016, 0.782723, 0.871728]",True,True,0.6388276050567652,0.8873153944811984,-0.3265946772787718,0.29876317825517734,0.059598838380359086,0.35,0.3988775506064896,0.0,0.19571967420036263,0.45937904506020844,-0.3,0.7112860892388452,1.120734908136483,1.5756457564575646,"[41, 55, 110, 89, 83, 49]",0.3093964010620452,0.020079589435630228,0.6,0.39332860951594484,0,0.21783362357223482,0.48622535522677934,0.19999999999999998,0.3987878787878788,0.4896969696969697,1.227963525835866,"[110, 35, 223, 122, 238, 80]"
KNeighborsClassifier,"{'n_neighbors': 11, 'metric': 'cosine', 'weights': 'distance', 'algorithm': 'brute'}",P20,20.0,"[0.544503, 0.405759, 0.280105, 0.308901, 0.332461, 0.408377]",True,True,0.39493608763435833,0.5532973676733806,-6.701049795226904,0.04493935233378278,0.4842376943882668,0.8999999999999999,0.3807814322961413,0.0,0.024521214410177492,0.5211290497212789,0.7999999999999999,1.0,3.729658792650919,3.729658792650919,"[174, 227, 275, 264, 255, 226]",0.04201261356217515,0.40093377076979886,1.0,0.37406174960334737,0,0.023451347440636032,0.5347454282328531,0.9999999999999999,0.9993939393939394,3.3563636363636364,3.358399029714979,"[577, 836, 1108, 970, 1026, 1021]"
KNeighborsClassifier,"{'n_neighbors': 11, 'metric': 'cosine', 'weights': 'distance', 'algorithm': 'brute'}",P25,25.0,"[0.60733, 0.445026, 0.340314, 0.39267, 0.408377, 0.481675]",True,True,0.49077674030302676,0.6223907546337466,-3.9381616474634535,0.05958420289715496,0.4033375561028659,0.8999999999999999,0.38176697836245915,0.0,0.032915465598651945,0.51950286701314,0.7999999999999999,1.0,3.3333333333333335,3.3333333333333335,"[150, 212, 252, 232, 226, 198]",0.051986522620624184,0.3417951550513622,1.0,0.3739979568816155,0,0.029278036251165394,0.5339060889556927,0.9999999999999999,0.9981818181818182,2.996969696969697,3.0024286581663633,"[531, 817, 1064, 745, 908, 880]"
KNeighborsClassifier,"{'n_neighbors': 11, 'metric': 'cosine', 'weights': 'distance', 'algorithm': 'brute'}",P30,30.0,"[0.685864, 0.502618, 0.376963, 0.437173, 0.473822, 0.534031]",True,True,0.5518736021978671,0.6917541517070827,-1.7531433087180603,0.07398170616236824,0.3565446885908662,0.8999999999999999,0.3814552820878836,0.0,0.04126271388395471,0.516478409464689,0.7999999999999999,0.9973753280839895,2.9973753280839897,3.005263157894737,"[120, 190, 238, 215, 201, 178]",0.0670165983458276,0.287499909160664,1.0,0.3741248750730634,0,0.038279509169638,0.5329139428689927,0.9999999999999999,0.9957575757575757,2.624242424242424,2.6354230066950697,"[416, 652, 992, 693, 835, 742]"
KNeighborsClassifier,"{'n_neighbors': 11, 'metric': 'cosine', 'weights': 'distance', 'algorithm': 'brute'}",P35,35.0,"[0.709424, 0.557592, 0.413613, 0.460733, 0.531414, 0.612565]",True,True,0.6157073700911272,0.755462877438599,-0.45119590061004655,0.0885482886242978,0.3075118744355566,0.8999999999999999,0.38223651967462025,0.0,0.04997314638636786,0.5143862400509047,0.7999999999999999,0.9921259842519685,2.7217847769028873,2.7433862433862437,"[111, 169, 224, 206, 179, 148]",0.08348367784882299,0.24052110075414507,1.0,0.3750010011464035,0,0.04842526070200969,0.5316303677290103,0.9999999999999999,0.9903030303030304,2.3115151515151515,2.3341493268053854,"[338, 538, 927, 683, 720, 608]"
KNeighborsClassifier,"{'n_neighbors': 11, 'metric': 'cosine', 'weights': 'distance', 'algorithm': 'brute'}",P40,40.0,"[0.73822, 0.615183, 0.471204, 0.526178, 0.568063, 0.680628]",True,True,0.6935963923995438,0.7839063004712191,0.4392848696839047,0.10821435385075795,0.24962154657179117,0.8999999999999999,0.38334528373525706,0.0,0.06214354694483339,0.5121188916239321,0.7999999999999999,0.9868766404199475,2.406824146981627,2.4388297872340425,"[100, 147, 202, 181, 165, 122]",0.09879067030807047,0.18771828487209258,0.95,0.3761130501174708,0,0.05807003796672278,0.5297378895933009,0.8999999999999998,0.9727272727272728,1.9424242424242424,1.996884735202492,"[281, 404, 824, 549, 647, 500]"
KNeighborsClassifier,"{'n_neighbors': 11, 'metric': 'cosine', 'weights': 'distance', 'algorithm': 'brute'}",P45,45.0,"[0.772251, 0.698953, 0.510471, 0.594241, 0.612565, 0.717277]",True,True,0.7494715005894972,0.8334114859004774,0.7682297147948496,0.1304846636929611,0.21631522706291695,0.8999999999999999,0.3843402131981769,0.0,0.07620909671237287,0.5078362927675267,0.7999999999999999,0.9711286089238845,2.099737532808399,2.1621621621621623,"[87, 115, 187, 155, 148, 108]",0.11313148302070537,0.15270288230451587,0.95,0.3766096172809598,0,0.0672414727698945,0.5271232243330768,0.8999999999999998,0.943030303030303,1.663030303030303,1.763496143958869,"[264, 290, 777, 446, 585, 382]"
KNeighborsClassifier,"{'n_neighbors': 11, 'metric': 'cosine', 'weights': 'distance', 'algorithm': 'brute'}",P50,50.0,"[0.819372, 0.743455, 0.560209, 0.649215, 0.664921, 0.751309]",True,True,0.8655210696067547,0.8359321372689801,0.8248015174342693,0.15321955941524115,0.16330671940871494,0.95,0.38536076533409463,0.0,0.09137350018956099,0.5049821303756605,0.8999999999999998,0.9501312335958005,1.8162729658792651,1.9116022099447514,"[69, 98, 168, 134, 128, 95]",0.12632179869216106,0.12353213415231627,0.8999999999999999,0.37714157576378454,0,0.07603488620024988,0.525878328032422,0.7999999999999999,0.8981818181818182,1.4363636363636363,1.5991902834008096,"[245, 193, 691, 382, 518, 341]"
KNeighborsClassifier,"{'n_neighbors': 11, 'metric': 'cosine', 'weights': 'distance', 'algorithm': 'brute'}",P55,55.0,"[0.866492, 0.803665, 0.589005, 0.693717, 0.71466, 0.814136]",True,True,0.9387456304850583,0.883602020501872,0.8728300675300713,0.20046510231138462,0.13776198811347123,0.95,0.3868083876238165,0.0,0.1251516218356112,0.49915365587856086,0.8999999999999998,0.9081364829396326,1.5223097112860893,1.676300578034682,"[51, 75, 157, 117, 109, 71]",0.14630748219448336,0.0962783624275941,0.8999999999999999,0.3785763357832756,0,0.08973352921837052,0.5235870034363278,0.7999999999999999,0.8278787878787879,1.2006060606060607,1.450219619326501,"[159, 147, 628, 322, 411, 314]"
KNeighborsClassifier,"{'n_neighbors': 11, 'metric': 'cosine', 'weights': 'distance', 'algorithm': 'brute'}",P60,60.0,"[0.908377, 0.837696, 0.659686, 0.743455, 0.748691, 0.856021]",True,True,1.01713362126291,0.95946461163615,0.6604992111338366,0.2500727577867718,0.10972096272305835,0.95,0.389272753997322,0.0,0.16309060224733407,0.4890810042002489,0.8999999999999998,0.8162729658792651,1.2493438320209973,1.530546623794212,"[35, 62, 130, 98, 96, 55]",0.19044971223416904,0.06511572034398187,0.8999999999999999,0.38043539915320956,0,0.12201755352541481,0.5186626640727883,0.7999999999999999,0.68,0.8563636363636363,1.2593582887700534,"[85, 116, 485, 210, 327, 190]"
KNeighborsClassifier,"{'n_neighbors': 21, 'metric': 'cosine', 'weights': 'distance', 'algorithm': 'brute'}",P20,20.0,"[0.596859, 0.45288, 0.272251, 0.332461, 0.324607, 0.342932]",True,True,0.42681079660775173,0.5768125327515671,-6.574527584978356,0.05930261744314554,0.46784677049596085,0.8999999999999999,0.384516498868557,0.0,0.032771653110778544,0.5198446599816376,0.7999999999999999,1.0,3.6876640419947506,3.6876640419947506,"[154, 209, 278, 255, 258, 251]",0.05628466639157261,0.39286837082829595,1.0,0.37798745729430144,0,0.031889397762337415,0.534683054774145,0.9999999999999999,1.0,3.346060606060606,3.346060606060606,"[593, 678, 1210, 879, 1039, 1122]"
KNeighborsClassifier,"{'n_neighbors': 21, 'metric': 'cosine', 'weights': 'distance', 'algorithm': 'brute'}",P25,25.0,"[0.643979, 0.492147, 0.303665, 0.384817, 0.390052, 0.497382]",True,True,0.5094451611115821,0.6758075053020532,-2.9863883028784026,0.07287836754157291,0.39880476967468753,0.8999999999999999,0.38457187748232274,0.0,0.04063974718476248,0.5169972537155711,0.7999999999999999,1.0,3.2965879265091864,3.2965879265091864,"[136, 194, 266, 235, 233, 192]",0.07483373164464474,0.3124108543475509,1.0,0.3779487600165314,0,0.04306590002503159,0.5324209057887184,0.9999999999999999,0.9993939393939394,2.8581818181818184,2.859915100060643,"[459, 648, 1068, 752, 963, 826]"
KNeighborsClassifier,"{'n_neighbors': 21, 'metric': 'cosine', 'weights': 'distance', 'algorithm': 'brute'}",P30,30.0,"[0.772251, 0.581152, 0.366492, 0.429319, 0.442408, 0.557592]",True,True,0.6184309385732465,0.7804185848968619,-0.5911409530538987,0.10831845259398028,0.325651769078783,0.8999999999999999,0.38588085019349794,0.0,0.0623821072537595,0.5135308368605634,0.7999999999999999,1.0,2.858267716535433,2.858267716535433,"[87, 160, 242, 218, 213, 169]",0.10732669758365598,0.2406247108375546,1.0,0.37905532716920126,0,0.06373141582057038,0.530075250448997,0.9999999999999999,0.9945454545454545,2.367272727272727,2.380255941499086,"[275, 439, 990, 688, 815, 699]"
KNeighborsClassifier,"{'n_neighbors': 21, 'metric': 'cosine', 'weights': 'distance', 'algorithm': 'brute'}",P35,35.0,"[0.782723, 0.620419, 0.429319, 0.465969, 0.52356, 0.638743]",True,True,0.6757980073894049,0.7893769034481796,0.14433723992695335,0.12130618725137234,0.2813435748518253,0.8999999999999999,0.3861179832995266,0.0,0.0704889213911349,0.5105927338988775,0.7999999999999999,0.9868766404199475,2.545931758530184,2.5797872340425534,"[83, 145, 218, 204, 182, 138]",0.11476694270358977,0.19915368746192513,0.95,0.37921216068838326,0,0.0685001912362166,0.5283622401887454,0.8999999999999998,0.9824242424242424,2.103030303030303,2.1406539173349786,"[262, 417, 882, 606, 694, 609]"
KNeighborsClassifier,"{'n_neighbors': 21, 'metric': 'cosine', 'weights': 'distance', 'algorithm': 'brute'}",P40,40.0,"[0.82199, 0.680628, 0.486911, 0.528796, 0.570681, 0.662304]",True,True,0.7531171102972162,0.8109461227954099,0.6356134057597456,0.13785475889538543,0.22081146413539585,0.8999999999999999,0.3869127184574221,0.0,0.08106678149431024,0.5069915799951964,0.7999999999999999,0.973753280839895,2.254593175853018,2.315363881401617,"[68, 122, 196, 180, 164, 129]",0.13674580918342139,0.15981850789965157,0.8999999999999999,0.3800627383721337,0,0.08334059993871001,0.5261147368688238,0.7999999999999999,0.9606060606060606,1.8084848484848486,1.8826498422712936,"[233, 307, 799, 530, 593, 522]"
KNeighborsClassifier,"{'n_neighbors': 21, 'metric': 'cosine', 'weights': 'distance', 'algorithm': 'brute'}",P45,45.0,"[0.835079, 0.772251, 0.520942, 0.589005, 0.625654, 0.706806]",True,True,0.8145775274090394,0.7691229903167174,0.7356746282776612,0.15836668508662655,0.18017159570246663,0.8999999999999999,0.38794146008293173,0.0,0.09460168071504826,0.5027557893653298,0.7999999999999999,0.9448818897637795,1.9553805774278215,2.069444444444444,"[63, 87, 183, 157, 143, 112]",0.1501218312268242,0.13522171299614877,0.8,0.3807429069534728,0,0.09244080675639824,0.5233301033046125,0.6,0.9284848484848485,1.583030303030303,1.7049608355091384,"[228, 208, 763, 453, 530, 430]"
KNeighborsClassifier,"{'n_neighbors': 21, 'metric': 'cosine', 'weights': 'distance', 'algorithm': 'brute'}",P50,50.0,"[0.853403, 0.827225, 0.581152, 0.63089, 0.651832, 0.772251]",True,True,0.8687841550049122,0.9090075940670614,0.9083599881185412,0.1899975958851189,0.15807640983856824,0.8999999999999999,0.38954322986120526,0.0,0.11706297978305405,0.4990647624660615,0.7999999999999999,0.916010498687664,1.6876640419947506,1.8424068767908308,"[56, 66, 160, 141, 133, 87]",0.1721330902899654,0.09754463272152722,0.8999999999999999,0.38139712166207784,0,0.10802669376648785,0.5195488726247409,0.7999999999999999,0.8606060606060606,1.2903030303030303,1.4992957746478872,"[174, 112, 617, 391, 516, 319]"
KNeighborsClassifier,"{'n_neighbors': 21, 'metric': 'cosine', 'weights': 'distance', 'algorithm': 'brute'}",P55,55.0,"[0.897906, 0.84555, 0.628272, 0.691099, 0.696335, 0.819372]",True,True,0.9983934942632932,0.8755959192441563,0.8113915050355536,0.24428694168143797,0.12339722650980219,0.95,0.39167926363885786,0.0,0.15915853608432773,0.49236336149190946,0.8999999999999998,0.8661417322834646,1.4251968503937007,1.6454545454545453,"[39, 59, 142, 118, 116, 69]",0.20307432476351842,0.08237848913836336,0.8,0.38300027873000336,0,0.1315471802380024,0.5162303136271875,0.6,0.7793939393939394,1.0775757575757576,1.3825816485225506,"[137, 92, 561, 319, 440, 229]"
KNeighborsClassifier,"{'n_neighbors': 21, 'metric': 'cosine', 'weights': 'distance', 'algorithm': 'brute'}",P60,60.0,"[0.905759, 0.861257, 0.675393, 0.727749, 0.746073, 0.856021]",True,True,0.9946694923588777,0.9283095308299099,0.6399471374582085,0.26621590438615816,0.10922434305997383,0.8999999999999999,0.3922597701089783,0.0,0.1762057120464586,0.48568353997569064,0.7999999999999999,0.8083989501312336,1.230971128608924,1.5227272727272727,"[36, 53, 124, 104, 97, 55]",0.22826944824133885,0.05523380823214221,0.8,0.38424630273571064,0,0.15168397610216827,0.5128103265797734,0.6,0.6824242424242424,0.863030303030303,1.2646536412078153,"[132, 81, 470, 241, 353, 147]"
Legacy kNN,"{'K': 5, 'thresh': 0.12, 'cutoff': 6}",K=5/th=0.12/c=6,,,False,,,-1000000000.0,,,,,,,,,,,,,,0.0,1.0,0.0,0.0,6,0.0,0.0,0.0,0.0,0.0,0.0,"[0, 0, 0, 0, 0, 0]"
Legacy kNN,"{'K': 5, 'thresh': 0.12, 'cutoff': 8}",K=5/th=0.12/c=8,,,False,,,-1000000000.0,,,,,,,,,,,,,,0.0,1.0,0.0,0.0,6,0.0,0.0,0.0,0.0,0.0,0.0,"[0, 0, 0, 0, 0, 0]"
Legacy kNN,"{'K': 5, 'thresh': 0.12, 'cutoff': 10}",K=5/th=0.12/c=10,,,False,,,-1000000000.0,,,,,,,,,,,,,,0.0,1.0,0.0,0.0,6,0.0,0.0,0.0,0.0,0.0,0.0,"[0, 0, 0, 0, 0, 0]"
Legacy kNN,"{'K': 5, 'thresh': 0.12, 'cutoff': 12}",K=5/th=0.12/c=12,,,False,,,-1000000000.0,,,,,,,,,,,,,,0.0,1.0,0.0,0.0,6,0.0,0.0,0.0,0.0,0.0,0.0,"[0, 0, 0, 0, 0, 0]"
Legacy kNN,"{'K': 5, 'thresh': 0.12, 'cutoff': 16}",K=5/th=0.12/c=16,,,False,,,-1000000000.0,,,,,,,,,,,,,,0.0,1.0,0.0,0.0,6,0.0,0.0,0.0,0.0,0.0,0.0,"[0, 0, 0, 0, 0, 0]"
Legacy kNN,"{'K': 5, 'thresh': 0.12, 'cutoff': 20}",K=5/th=0.12/c=20,,,False,,,-1000000000.0,,,,,,,,,,,,,,0.0,1.0,0.0,0.0,6,0.0,0.0,0.0,0.0,0.0,0.0,"[0, 0, 0, 0, 0, 0]"
Legacy kNN,"{'K': 5, 'thresh': 0.12, 'cutoff': 24}",K=5/th=0.12/c=24,,,False,,,-1000000000.0,,,,,,,,,,,,,,0.0,1.0,0.0,0.0,6,0.0,0.0,0.0,0.0,0.0,0.0,"[0, 0, 0, 0, 0, 0]"
Legacy kNN,"{'K': 5, 'thresh': 0.12, 'cutoff': 28}",K=5/th=0.12/c=28,,,False,,,-1000000000.0,,,,,,,,,,,,,,0.0,1.0,0.0,0.0,6,0.0,0.0,0.0,0.0,0.0,0.0,"[0, 0, 0, 0, 0, 0]"
Legacy kNN,"{'K': 5, 'thresh': 0.12, 'cutoff': 32}",K=5/th=0.12/c=32,,,False,,,-1000000000.0,,,,,,,,,,,,,,0.0,1.0,0.0,0.0,6,0.0,0.0,0.0,0.0,0.0,0.0,"[0, 0, 0, 0, 0, 0]"
Legacy kNN,"{'K': 5, 'thresh': 0.14, 'cutoff': 6}",K=5/th=0.14/c=6,,,False,,,-1000000000.0,,,,,,,,,,,,,,0.0,1.0,0.0,0.0,6,0.0,0.0,0.0,0.0,0.0,0.0,"[0, 0, 0, 0, 0, 0]"
Legacy kNN,"{'K': 5, 'thresh': 0.14, 'cutoff': 8}",K=5/th=0.14/c=8,,,False,,,-1000000000.0,,,,,,,,,,,,,,0.0,1.0,0.0,0.0,6,0.0,0.0,0.0,0.0,0.0,0.0,"[0, 0, 0, 0, 0, 0]"
Legacy kNN,"{'K': 5, 'thresh': 0.14, 'cutoff': 10}",K=5/th=0.14/c=10,,,False,,,-1000000000.0,,,,,,,,,,,,,,0.0,1.0,0.0,0.0,6,0.0,0.0,0.0,0.0,0.0,0.0,"[0, 0, 0, 0, 0, 0]"
Legacy kNN,"{'K': 5, 'thresh': 0.14, 'cutoff': 12}",K=5/th=0.14/c=12,,,False,,,-1000000000.0,,,,,,,,,,,,,,0.0,1.0,0.0,0.0,6,0.0,0.0,0.0,0.0,0.0,0.0,"[0, 0, 0, 0, 0, 0]"
Legacy kNN,"{'K': 5, 'thresh': 0.14, 'cutoff': 16}",K=5/th=0.14/c=16,,,False,,,-1000000000.0,,,,,,,,,,,,,,0.0,1.0,0.0,0.0,6,0.0,0.0,0.0,0.0,0.0,0.0,"[0, 0, 0, 0, 0, 0]"
Legacy kNN,"{'K': 5, 'thresh': 0.14, 'cutoff': 20}",K=5/th=0.14/c=20,,,False,,,-1000000000.0,,,,,,,,,,,,,,0.0,1.0,0.0,0.0,6,0.0,0.0,0.0,0.0,0.0,0.0,"[0, 0, 0, 0, 0, 0]"
Legacy kNN,"{'K': 5, 'thresh': 0.14, 'cutoff': 24}",K=5/th=0.14/c=24,,,False,,,-1000000000.0,,,,,,,,,,,,,,0.0,1.0,0.0,0.0,6,0.0,0.0,0.0,0.0,0.0,0.0,"[0, 0, 0, 0, 0, 0]"
Legacy kNN,"{'K': 5, 'thresh': 0.14, 'cutoff': 28}",K=5/th=0.14/c=28,,,False,,,-1000000000.0,,,,,,,,,,,,,,0.0,1.0,0.0,0.0,6,0.0,0.0,0.0,0.0,0.0,0.0,"[0, 0, 0, 0, 0, 0]"
Legacy kNN,"{'K': 5, 'thresh': 0.14, 'cutoff': 32}",K=5/th=0.14/c=32,,,False,,,-1000000000.0,,,,,,,,,,,,,,0.0,1.0,0.0,0.0,6,0.0,0.0,0.0,0.0,0.0,0.0,"[0, 0, 0, 0, 0, 0]"
Legacy kNN,"{'K': 5, 'thresh': 0.16, 'cutoff': 6}",K=5/th=0.16/c=6,,,False,,,-1000000000.0,,,,,,,,,,,,,,0.0,1.0,0.0,0.0,6,0.0,0.0,0.0,0.0,0.0,0.0,"[0, 0, 0, 0, 0, 0]"
Legacy kNN,"{'K': 5, 'thresh': 0.16, 'cutoff': 8}",K=5/th=0.16/c=8,,,False,,,-1000000000.0,,,,,,,,,,,,,,0.0,1.0,0.0,0.0,6,0.0,0.0,0.0,0.0,0.0,0.0,"[0, 0, 0, 0, 0, 0]"
Legacy kNN,"{'K': 5, 'thresh': 0.16, 'cutoff': 10}",K=5/th=0.16/c=10,,,False,,,-1000000000.0,,,,,,,,,,,,,,0.0,1.0,0.0,0.0,6,0.0,0.0,0.0,0.0,0.0,0.0,"[0, 0, 0, 0, 0, 0]"
Legacy kNN,"{'K': 5, 'thresh': 0.16, 'cutoff': 12}",K=5/th=0.16/c=12,,,False,,,-1000000000.0,,,,,,,,,,,,,,0.0,1.0,0.0,0.0,6,0.0,0.0,0.0,0.0,0.0,0.0,"[0, 0, 0, 0, 0, 0]"
Legacy kNN,"{'K': 5, 'thresh': 0.16, 'cutoff': 16}",K=5/th=0.16/c=16,,,False,,,-1000000000.0,,,,,,,,,,,,,,0.0,1.0,0.0,0.0,6,0.0,0.0,0.0,0.0,0.0,0.0,"[0, 0, 0, 0, 0, 0]"
Legacy kNN,"{'K': 5, 'thresh': 0.16, 'cutoff': 20}",K=5/th=0.16/c=20,,,False,,,-1000000000.0,,,,,,,,,,,,,,0.0,1.0,0.0,0.0,6,0.0,0.0,0.0,0.0,0.0,0.0,"[0, 0, 0, 0, 0, 0]"
Legacy kNN,"{'K': 5, 'thresh': 0.16, 'cutoff': 24}",K=5/th=0.16/c=24,,,False,,,-1000000000.0,,,,,,,,,,,,,,0.0,1.0,0.0,0.0,6,0.0,0.0,0.0,0.0,0.0,0.0,"[0, 0, 0, 0, 0, 0]"
Legacy kNN,"{'K': 5, 'thresh': 0.16, 'cutoff': 28}",K=5/th=0.16/c=28,,,False,,,-1000000000.0,,,,,,,,,,,,,,0.0,1.0,0.0,0.0,6,0.0,0.0,0.0,0.0,0.0,0.0,"[0, 0, 0, 0, 0, 0]"
Legacy kNN,"{'K': 5, 'thresh': 0.16, 'cutoff': 32}",K=5/th=0.16/c=32,,,False,,,-1000000000.0,,,,,,,,,,,,,,0.0,1.0,0.0,0.0,6,0.0,0.0,0.0,0.0,0.0,0.0,"[0, 0, 0, 0, 0, 0]"
Legacy kNN,"{'K': 5, 'thresh': 0.2, 'cutoff': 6}",K=5/th=0.2/c=6,,,False,,,-1000000000.0,,,,,,,,,,,,,,0.0,1.0,0.0,0.0,6,0.0,0.0,0.0,0.0,0.0,0.0,"[0, 0, 0, 0, 0, 0]"
Legacy kNN,"{'K': 5, 'thresh': 0.2, 'cutoff': 8}",K=5/th=0.2/c=8,,,False,,,-1000000000.0,,,,,,,,,,,,,,0.0,1.0,0.0,0.0,6,0.0,0.0,0.0,0.0,0.0,0.0,"[0, 0, 0, 0, 0, 0]"
Legacy kNN,"{'K': 5, 'thresh': 0.2, 'cutoff': 10}",K=5/th=0.2/c=10,,,False,,,-1000000000.0,,,,,,,,,,,,,,0.0,1.0,0.0,0.0,6,0.0,0.0,0.0,0.0,0.0,0.0,"[0, 0, 0, 0, 0, 0]"
Legacy kNN,"{'K': 5, 'thresh': 0.2, 'cutoff': 12}",K=5/th=0.2/c=12,,,False,,,-1000000000.0,,,,,,,,,,,,,,0.0,1.0,0.0,0.0,6,0.0,0.0,0.0,0.0,0.0,0.0,"[0, 0, 0, 0, 0, 0]"
Legacy kNN,"{'K': 5, 'thresh': 0.2, 'cutoff': 16}",K=5/th=0.2/c=16,,,False,,,-1000000000.0,,,,,,,,,,,,,,0.0,1.0,0.0,0.0,6,0.0,0.0,0.0,0.0,0.0,0.0,"[0, 0, 0, 0, 0, 0]"
Legacy kNN,"{'K': 5, 'thresh': 0.2, 'cutoff': 20}",K=5/th=0.2/c=20,,,False,,,-1000000000.0,,,,,,,,,,,,,,0.0,1.0,0.0,0.0,6,0.0,0.0,0.0,0.0,0.0,0.0,"[0, 0, 0, 0, 0, 0]"
Legacy kNN,"{'K': 5, 'thresh': 0.2, 'cutoff': 24}",K=5/th=0.2/c=24,,,False,,,-1000000000.0,,,,,,,,,,,,,,0.0,1.0,0.0,0.0,6,0.0,0.0,0.0,0.0,0.0,0.0,"[0, 0, 0, 0, 0, 0]"
Legacy kNN,"{'K': 5, 'thresh': 0.2, 'cutoff': 28}",K=5/th=0.2/c=28,,,False,,,-1000000000.0,,,,,,,,,,,,,,0.0,1.0,0.0,0.0,6,0.0,0.0,0.0,0.0,0.0,0.0,"[0, 0, 0, 0, 0, 0]"
Legacy kNN,"{'K': 5, 'thresh': 0.2, 'cutoff': 32}",K=5/th=0.2/c=32,,,False,,,-1000000000.0,,,,,,,,,,,,,,0.0,1.0,0.0,0.0,6,0.0,0.0,0.0,0.0,0.0,0.0,"[0, 0, 0, 0, 0, 0]"
Legacy kNN,"{'K': 5, 'thresh': 0.24, 'cutoff': 6}",K=5/th=0.24/c=6,,,False,,,-1000000000.0,,,,,,,,,,,,,,0.0,1.0,0.0,0.0,6,0.0,0.0,0.0,0.0,0.0,0.0,"[0, 0, 0, 0, 0, 0]"
Legacy kNN,"{'K': 5, 'thresh': 0.24, 'cutoff': 8}",K=5/th=0.24/c=8,,,False,,,-1000000000.0,,,,,,,,,,,,,,0.0,1.0,0.0,0.0,6,0.0,0.0,0.0,0.0,0.0,0.0,"[0, 0, 0, 0, 0, 0]"
Legacy kNN,"{'K': 5, 'thresh': 0.24, 'cutoff': 10}",K=5/th=0.24/c=10,,,False,,,-1000000000.0,,,,,,,,,,,,,,0.0,1.0,0.0,0.0,6,0.0,0.0,0.0,0.0,0.0,0.0,"[0, 0, 0, 0, 0, 0]"
Legacy kNN,"{'K': 5, 'thresh': 0.24, 'cutoff': 12}",K=5/th=0.24/c=12,,,False,,,-1000000000.0,,,,,,,,,,,,,,0.0,1.0,0.0,0.0,6,0.0,0.0,0.0,0.0,0.0,0.0,"[0, 0, 0, 0, 0, 0]"
Legacy kNN,"{'K': 5, 'thresh': 0.24, 'cutoff': 16}",K=5/th=0.24/c=16,,,False,,,-1000000000.0,,,,,,,,,,,,,,0.0,1.0,0.0,0.0,6,0.0,0.0,0.0,0.0,0.0,0.0,"[0, 0, 0, 0, 0, 0]"
Legacy kNN,"{'K': 5, 'thresh': 0.24, 'cutoff': 20}",K=5/th=0.24/c=20,,,False,,,-1000000000.0,,,,,,,,,,,,,,0.0,1.0,0.0,0.0,6,0.0,0.0,0.0,0.0,0.0,0.0,"[0, 0, 0, 0, 0, 0]"
Legacy kNN,"{'K': 5, 'thresh': 0.24, 'cutoff': 24}",K=5/th=0.24/c=24,,,False,,,-1000000000.0,,,,,,,,,,,,,,0.0,1.0,0.0,0.0,6,0.0,0.0,0.0,0.0,0.0,0.0,"[0, 0, 0, 0, 0, 0]"
Legacy kNN,"{'K': 5, 'thresh': 0.24, 'cutoff': 28}",K=5/th=0.24/c=28,,,False,,,-1000000000.0,,,,,,,,,,,,,,0.0,1.0,0.0,0.0,6,0.0,0.0,0.0,0.0,0.0,0.0,"[0, 0, 0, 0, 0, 0]"
Legacy kNN,"{'K': 5, 'thresh': 0.24, 'cutoff': 32}",K=5/th=0.24/c=32,,,False,,,-1000000000.0,,,,,,,,,,,,,,0.0,1.0,0.0,0.0,6,0.0,0.0,0.0,0.0,0.0,0.0,"[0, 0, 0, 0, 0, 0]"
Legacy kNN,"{'K': 5, 'thresh': 0.28, 'cutoff': 6}",K=5/th=0.28/c=6,,,False,,,-1000000000.0,,,,,,,,,,,,,,0.0,1.0,0.0,0.0,6,0.0,0.0,0.0,0.0,0.0,0.0,"[0, 0, 0, 0, 0, 0]"
Legacy kNN,"{'K': 5, 'thresh': 0.28, 'cutoff': 8}",K=5/th=0.28/c=8,,,False,,,-1000000000.0,,,,,,,,,,,,,,0.0,1.0,0.0,0.0,6,0.0,0.0,0.0,0.0,0.0,0.0,"[0, 0, 0, 0, 0, 0]"
Legacy kNN,"{'K': 5, 'thresh': 0.28, 'cutoff': 10}",K=5/th=0.28/c=10,,,False,,,-1000000000.0,,,,,,,,,,,,,,0.0,1.0,0.0,0.0,6,0.0,0.0,0.0,0.0,0.0,0.0,"[0, 0, 0, 0, 0, 0]"
Legacy kNN,"{'K': 5, 'thresh': 0.28, 'cutoff': 12}",K=5/th=0.28/c=12,,,False,,,-1000000000.0,,,,,,,,,,,,,,0.0,1.0,0.0,0.0,6,0.0,0.0,0.0,0.0,0.0,0.0,"[0, 0, 0, 0, 0, 0]"
Legacy kNN,"{'K': 5, 'thresh': 0.28, 'cutoff': 16}",K=5/th=0.28/c=16,,,False,,,-1000000000.0,,,,,,,,,,,,,,0.0,1.0,0.0,0.0,6,0.0,0.0,0.0,0.0,0.0,0.0,"[0, 0, 0, 0, 0, 0]"
Legacy kNN,"{'K': 5, 'thresh': 0.28, 'cutoff': 20}",K=5/th=0.28/c=20,,,False,,,-1000000000.0,,,,,,,,,,,,,,0.0,1.0,0.0,0.0,6,0.0,0.0,0.0,0.0,0.0,0.0,"[0, 0, 0, 0, 0, 0]"
Legacy kNN,"{'K': 5, 'thresh': 0.28, 'cutoff': 24}",K=5/th=0.28/c=24,,,False,,,-1000000000.0,,,,,,,,,,,,,,0.0,1.0,0.0,0.0,6,0.0,0.0,0.0,0.0,0.0,0.0,"[0, 0, 0, 0, 0, 0]"
Legacy kNN,"{'K': 5, 'thresh': 0.28, 'cutoff': 28}",K=5/th=0.28/c=28,,,False,,,-1000000000.0,,,,,,,,,,,,,,0.0,1.0,0.0,0.0,6,0.0,0.0,0.0,0.0,0.0,0.0,"[0, 0, 0, 0, 0, 0]"
Legacy kNN,"{'K': 5, 'thresh': 0.28, 'cutoff': 32}",K=5/th=0.28/c=32,,,False,,,-1000000000.0,,,,,,,,,,,,,,0.0,1.0,0.0,0.0,6,0.0,0.0,0.0,0.0,0.0,0.0,"[0, 0, 0, 0, 0, 0]"
Legacy kNN,"{'K': 5, 'thresh': 0.32, 'cutoff': 6}",K=5/th=0.32/c=6,,,False,,,-1000000000.0,,,,,,,,,,,,,,0.0,1.0,0.0,0.0,6,0.0,0.0,0.0,0.0,0.0,0.0,"[0, 0, 0, 0, 0, 0]"
Legacy kNN,"{'K': 5, 'thresh': 0.32, 'cutoff': 8}",K=5/th=0.32/c=8,,,False,,,-1000000000.0,,,,,,,,,,,,,,0.0,1.0,0.0,0.0,6,0.0,0.0,0.0,0.0,0.0,0.0,"[0, 0, 0, 0, 0, 0]"
Legacy kNN,"{'K': 5, 'thresh': 0.32, 'cutoff': 10}",K=5/th=0.32/c=10,,,False,,,-1000000000.0,,,,,,,,,,,,,,0.0,1.0,0.0,0.0,6,0.0,0.0,0.0,0.0,0.0,0.0,"[0, 0, 0, 0, 0, 0]"
Legacy kNN,"{'K': 5, 'thresh': 0.32, 'cutoff': 12}",K=5/th=0.32/c=12,,,False,,,-1000000000.0,,,,,,,,,,,,,,0.0,1.0,0.0,0.0,6,0.0,0.0,0.0,0.0,0.0,0.0,"[0, 0, 0, 0, 0, 0]"
Legacy kNN,"{'K': 5, 'thresh': 0.32, 'cutoff': 16}",K=5/th=0.32/c=16,,,False,,,-1000000000.0,,,,,,,,,,,,,,0.0,1.0,0.0,0.0,6,0.0,0.0,0.0,0.0,0.0,0.0,"[0, 0, 0, 0, 0, 0]"
Legacy kNN,"{'K': 5, 'thresh': 0.32, 'cutoff': 20}",K=5/th=0.32/c=20,,,False,,,-1000000000.0,,,,,,,,,,,,,,0.0,1.0,0.0,0.0,6,0.0,0.0,0.0,0.0,0.0,0.0,"[0, 0, 0, 0, 0, 0]"
Legacy kNN,"{'K': 5, 'thresh': 0.32, 'cutoff': 24}",K=5/th=0.32/c=24,,,False,,,-1000000000.0,,,,,,,,,,,,,,0.0,1.0,0.0,0.0,6,0.0,0.0,0.0,0.0,0.0,0.0,"[0, 0, 0, 0, 0, 0]"
Legacy kNN,"{'K': 5, 'thresh': 0.32, 'cutoff': 28}",K=5/th=0.32/c=28,,,False,,,-1000000000.0,,,,,,,,,,,,,,0.0,1.0,0.0,0.0,6,0.0,0.0,0.0,0.0,0.0,0.0,"[0, 0, 0, 0, 0, 0]"
Legacy kNN,"{'K': 5, 'thresh': 0.32, 'cutoff': 32}",K=5/th=0.32/c=32,,,False,,,-1000000000.0,,,,,,,,,,,,,,0.0,1.0,0.0,0.0,6,0.0,0.0,0.0,0.0,0.0,0.0,"[0, 0, 0, 0, 0, 0]"
Legacy kNN,"{'K': 7, 'thresh': 0.12, 'cutoff': 6}",K=7/th=0.12/c=6,,,True,,1.342089504799434,1.2955715841153341,-2.3890385854934344,0.6093002993976753,0.0,0.95,0.4092973513391958,3.0,0.6025387700227488,0.3863630265430652,0.8999999999999998,0.1732283464566929,0.1732283464566929,1.0,"[1, 5, 17, 15, 22, 6]",0.5599682823791357,0.0,0.95,0.4186776724539948,3,0.5778103163490393,0.4540512632493949,0.8999999999999998,0.0703030303030303,0.0703030303030303,1.0,"[2, 3, 50, 19, 34, 8]"
Legacy kNN,"{'K': 7, 'thresh': 0.12, 'cutoff': 8}",K=7/th=0.12/c=8,,,False,,,-1000000000.0,,,,,,,,,,,,,,0.0,1.0,0.0,0.0,6,0.0,0.0,0.0,0.0,0.0,0.0,"[0, 0, 0, 0, 0, 0]"
Legacy kNN,"{'K': 7, 'thresh': 0.12, 'cutoff': 10}",K=7/th=0.12/c=10,,,False,,,-1000000000.0,,,,,,,,,,,,,,0.0,1.0,0.0,0.0,6,0.0,0.0,0.0,0.0,0.0,0.0,"[0, 0, 0, 0, 0, 0]"
Legacy kNN,"{'K': 7, 'thresh': 0.12, 'cutoff': 12}",K=7/th=0.12/c=12,,,False,,,-1000000000.0,,,,,,,,,,,,,,0.0,1.0,0.0,0.0,6,0.0,0.0,0.0,0.0,0.0,0.0,"[0, 0, 0, 0, 0, 0]"
Legacy kNN,"{'K': 7, 'thresh': 0.12, 'cutoff': 16}",K=7/th=0.12/c=16,,,False,,,-1000000000.0,,,,,,,,,,,,,,0.0,1.0,0.0,0.0,6,0.0,0.0,0.0,0.0,0.0,0.0,"[0, 0, 0, 0, 0, 0]"
Legacy kNN,"{'K': 7, 'thresh': 0.12, 'cutoff': 20}",K=7/th=0.12/c=20,,,False,,,-1000000000.0,,,,,,,,,,,,,,0.0,1.0,0.0,0.0,6,0.0,0.0,0.0,0.0,0.0,0.0,"[0, 0, 0, 0, 0, 0]"
Legacy kNN,"{'K': 7, 'thresh': 0.12, 'cutoff': 24}",K=7/th=0.12/c=24,,,False,,,-1000000000.0,,,,,,,,,,,,,,0.0,1.0,0.0,0.0,6,0.0,0.0,0.0,0.0,0.0,0.0,"[0, 0, 0, 0, 0, 0]"
Legacy kNN,"{'K': 7, 'thresh': 0.12, 'cutoff': 28}",K=7/th=0.12/c=28,,,False,,,-1000000000.0,,,,,,,,,,,,,,0.0,1.0,0.0,0.0,6,0.0,0.0,0.0,0.0,0.0,0.0,"[0, 0, 0, 0, 0, 0]"
Legacy kNN,"{'K': 7, 'thresh': 0.12, 'cutoff': 32}",K=7/th=0.12/c=32,,,False,,,-1000000000.0,,,,,,,,,,,,,,0.0,1.0,0.0,0.0,6,0.0,0.0,0.0,0.0,0.0,0.0,"[0, 0, 0, 0, 0, 0]"
Legacy kNN,"{'K': 7, 'thresh': 0.14, 'cutoff': 6}",K=7/th=0.14/c=6,,,True,,1.342089504799434,1.2955715841153341,-2.3890385854934344,0.6093002993976753,0.0,0.95,0.4092973513391958,3.0,0.6025387700227488,0.3863630265430652,0.8999999999999998,0.1732283464566929,0.1732283464566929,1.0,"[1, 5, 17, 15, 22, 6]",0.5599682823791357,0.0,0.95,0.4186776724539948,3,0.5778103163490393,0.4540512632493949,0.8999999999999998,0.0703030303030303,0.0703030303030303,1.0,"[2, 3, 50, 19, 34, 8]"
Legacy kNN,"{'K': 7, 'thresh': 0.14, 'cutoff': 8}",K=7/th=0.14/c=8,,,False,,,-1000000000.0,,,,,,,,,,,,,,0.0,1.0,0.0,0.0,6,0.0,0.0,0.0,0.0,0.0,0.0,"[0, 0, 0, 0, 0, 0]"
Legacy kNN,"{'K': 7, 'thresh': 0.14, 'cutoff': 10}",K=7/th=0.14/c=10,,,False,,,-1000000000.0,,,,,,,,,,,,,,0.0,1.0,0.0,0.0,6,0.0,0.0,0.0,0.0,0.0,0.0,"[0, 0, 0, 0, 0, 0]"
Legacy kNN,"{'K': 7, 'thresh': 0.14, 'cutoff': 12}",K=7/th=0.14/c=12,,,False,,,-1000000000.0,,,,,,,,,,,,,,0.0,1.0,0.0,0.0,6,0.0,0.0,0.0,0.0,0.0,0.0,"[0, 0, 0, 0, 0, 0]"
Legacy kNN,"{'K': 7, 'thresh': 0.14, 'cutoff': 16}",K=7/th=0.14/c=16,,,False,,,-1000000000.0,,,,,,,,,,,,,,0.0,1.0,0.0,0.0,6,0.0,0.0,0.0,0.0,0.0,0.0,"[0, 0, 0, 0, 0, 0]"
Legacy kNN,"{'K': 7, 'thresh': 0.14, 'cutoff': 20}",K=7/th=0.14/c=20,,,False,,,-1000000000.0,,,,,,,,,,,,,,0.0,1.0,0.0,0.0,6,0.0,0.0,0.0,0.0,0.0,0.0,"[0, 0, 0, 0, 0, 0]"
Legacy kNN,"{'K': 7, 'thresh': 0.14, 'cutoff': 24}",K=7/th=0.14/c=24,,,False,,,-1000000000.0,,,,,,,,,,,,,,0.0,1.0,0.0,0.0,6,0.0,0.0,0.0,0.0,0.0,0.0,"[0, 0, 0, 0, 0, 0]"
Legacy kNN,"{'K': 7, 'thresh': 0.14, 'cutoff': 28}",K=7/th=0.14/c=28,,,False,,,-1000000000.0,,,,,,,,,,,,,,0.0,1.0,0.0,0.0,6,0.0,0.0,0.0,0.0,0.0,0.0,"[0, 0, 0, 0, 0, 0]"
Legacy kNN,"{'K': 7, 'thresh': 0.14, 'cutoff': 32}",K=7/th=0.14/c=32,,,False,,,-1000000000.0,,,,,,,,,,,,,,0.0,1.0,0.0,0.0,6,0.0,0.0,0.0,0.0,0.0,0.0,"[0, 0, 0, 0, 0, 0]"
Legacy kNN,"{'K': 7, 'thresh': 0.16, 'cutoff': 6}",K=7/th=0.16/c=6,,,True,,1.342089504799434,1.2955715841153341,-2.3890385854934344,0.6093002993976753,0.0,0.95,0.4092973513391958,3.0,0.6025387700227488,0.3863630265430652,0.8999999999999998,0.1732283464566929,0.1732283464566929,1.0,"[1, 5, 17, 15, 22, 6]",0.5599682823791357,0.0,0.95,0.4186776724539948,3,0.5778103163490393,0.4540512632493949,0.8999999999999998,0.0703030303030303,0.0703030303030303,1.0,"[2, 3, 50, 19, 34, 8]"
Legacy kNN,"{'K': 7, 'thresh': 0.16, 'cutoff': 8}",K=7/th=0.16/c=8,,,False,,,-1000000000.0,,,,,,,,,,,,,,0.0,1.0,0.0,0.0,6,0.0,0.0,0.0,0.0,0.0,0.0,"[0, 0, 0, 0, 0, 0]"
Legacy kNN,"{'K': 7, 'thresh': 0.16, 'cutoff': 10}",K=7/th=0.16/c=10,,,False,,,-1000000000.0,,,,,,,,,,,,,,0.0,1.0,0.0,0.0,6,0.0,0.0,0.0,0.0,0.0,0.0,"[0, 0, 0, 0, 0, 0]"
Legacy kNN,"{'K': 7, 'thresh': 0.16, 'cutoff': 12}",K=7/th=0.16/c=12,,,False,,,-1000000000.0,,,,,,,,,,,,,,0.0,1.0,0.0,0.0,6,0.0,0.0,0.0,0.0,0.0,0.0,"[0, 0, 0, 0, 0, 0]"
Legacy kNN,"{'K': 7, 'thresh': 0.16, 'cutoff': 16}",K=7/th=0.16/c=16,,,False,,,-1000000000.0,,,,,,,,,,,,,,0.0,1.0,0.0,0.0,6,0.0,0.0,0.0,0.0,0.0,0.0,"[0, 0, 0, 0, 0, 0]"
Legacy kNN,"{'K': 7, 'thresh': 0.16, 'cutoff': 20}",K=7/th=0.16/c=20,,,False,,,-1000000000.0,,,,,,,,,,,,,,0.0,1.0,0.0,0.0,6,0.0,0.0,0.0,0.0,0.0,0.0,"[0, 0, 0, 0, 0, 0]"
Legacy kNN,"{'K': 7, 'thresh': 0.16, 'cutoff': 24}",K=7/th=0.16/c=24,,,False,,,-1000000000.0,,,,,,,,,,,,,,0.0,1.0,0.0,0.0,6,0.0,0.0,0.0,0.0,0.0,0.0,"[0, 0, 0, 0, 0, 0]"
Legacy kNN,"{'K': 7, 'thresh': 0.16, 'cutoff': 28}",K=7/th=0.16/c=28,,,False,,,-1000000000.0,,,,,,,,,,,,,,0.0,1.0,0.0,0.0,6,0.0,0.0,0.0,0.0,0.0,0.0,"[0, 0, 0, 0, 0, 0]"
Legacy kNN,"{'K': 7, 'thresh': 0.16, 'cutoff': 32}",K=7/th=0.16/c=32,,,False,,,-1000000000.0,,,,,,,,,,,,,,0.0,1.0,0.0,0.0,6,0.0,0.0,0.0,0.0,0.0,0.0,"[0, 0, 0, 0, 0, 0]"
Legacy kNN,"{'K': 7, 'thresh': 0.2, 'cutoff': 6}",K=7/th=0.2/c=6,,,True,,1.342089504799434,1.2955715841153341,-2.3890385854934344,0.6093002993976753,0.0,0.95,0.4092973513391958,3.0,0.6025387700227488,0.3863630265430652,0.8999999999999998,0.1732283464566929,0.1732283464566929,1.0,"[1, 5, 17, 15, 22, 6]",0.5599682823791357,0.0,0.95,0.4186776724539948,3,0.5778103163490393,0.4540512632493949,0.8999999999999998,0.0703030303030303,0.0703030303030303,1.0,"[2, 3, 50, 19, 34, 8]"
Legacy kNN,"{'K': 7, 'thresh': 0.2, 'cutoff': 8}",K=7/th=0.2/c=8,,,False,,,-1000000000.0,,,,,,,,,,,,,,0.0,1.0,0.0,0.0,6,0.0,0.0,0.0,0.0,0.0,0.0,"[0, 0, 0, 0, 0, 0]"
Legacy kNN,"{'K': 7, 'thresh': 0.2, 'cutoff': 10}",K=7/th=0.2/c=10,,,False,,,-1000000000.0,,,,,,,,,,,,,,0.0,1.0,0.0,0.0,6,0.0,0.0,0.0,0.0,0.0,0.0,"[0, 0, 0, 0, 0, 0]"
Legacy kNN,"{'K': 7, 'thresh': 0.2, 'cutoff': 12}",K=7/th=0.2/c=12,,,False,,,-1000000000.0,,,,,,,,,,,,,,0.0,1.0,0.0,0.0,6,0.0,0.0,0.0,0.0,0.0,0.0,"[0, 0, 0, 0, 0, 0]"
Legacy kNN,"{'K': 7, 'thresh': 0.2, 'cutoff': 16}",K=7/th=0.2/c=16,,,False,,,-1000000000.0,,,,,,,,,,,,,,0.0,1.0,0.0,0.0,6,0.0,0.0,0.0,0.0,0.0,0.0,"[0, 0, 0, 0, 0, 0]"
Legacy kNN,"{'K': 7, 'thresh': 0.2, 'cutoff': 20}",K=7/th=0.2/c=20,,,False,,,-1000000000.0,,,,,,,,,,,,,,0.0,1.0,0.0,0.0,6,0.0,0.0,0.0,0.0,0.0,0.0,"[0, 0, 0, 0, 0, 0]"
Legacy kNN,"{'K': 7, 'thresh': 0.2, 'cutoff': 24}",K=7/th=0.2/c=24,,,False,,,-1000000000.0,,,,,,,,,,,,,,0.0,1.0,0.0,0.0,6,0.0,0.0,0.0,0.0,0.0,0.0,"[0, 0, 0, 0, 0, 0]"
Legacy kNN,"{'K': 7, 'thresh': 0.2, 'cutoff': 28}",K=7/th=0.2/c=28,,,False,,,-1000000000.0,,,,,,,,,,,,,,0.0,1.0,0.0,0.0,6,0.0,0.0,0.0,0.0,0.0,0.0,"[0, 0, 0, 0, 0, 0]"
Legacy kNN,"{'K': 7, 'thresh': 0.2, 'cutoff': 32}",K=7/th=0.2/c=32,,,False,,,-1000000000.0,,,,,,,,,,,,,,0.0,1.0,0.0,0.0,6,0.0,0.0,0.0,0.0,0.0,0.0,"[0, 0, 0, 0, 0, 0]"
Legacy kNN,"{'K': 7, 'thresh': 0.24, 'cutoff': 6}",K=7/th=0.24/c=6,,,True,,1.342089504799434,1.2955715841153341,-2.3890385854934344,0.6093002993976753,0.0,0.95,0.4092973513391958,3.0,0.6025387700227488,0.3863630265430652,0.8999999999999998,0.1732283464566929,0.1732283464566929,1.0,"[1, 5, 17, 15, 22, 6]",0.5599682823791357,0.0,0.95,0.4186776724539948,3,0.5778103163490393,0.4540512632493949,0.8999999999999998,0.0703030303030303,0.0703030303030303,1.0,"[2, 3, 50, 19, 34, 8]"
Legacy kNN,"{'K': 7, 'thresh': 0.24, 'cutoff': 8}",K=7/th=0.24/c=8,,,False,,,-1000000000.0,,,,,,,,,,,,,,0.0,1.0,0.0,0.0,6,0.0,0.0,0.0,0.0,0.0,0.0,"[0, 0, 0, 0, 0, 0]"
Legacy kNN,"{'K': 7, 'thresh': 0.24, 'cutoff': 10}",K=7/th=0.24/c=10,,,False,,,-1000000000.0,,,,,,,,,,,,,,0.0,1.0,0.0,0.0,6,0.0,0.0,0.0,0.0,0.0,0.0,"[0, 0, 0, 0, 0, 0]"
Legacy kNN,"{'K': 7, 'thresh': 0.24, 'cutoff': 12}",K=7/th=0.24/c=12,,,False,,,-1000000000.0,,,,,,,,,,,,,,0.0,1.0,0.0,0.0,6,0.0,0.0,0.0,0.0,0.0,0.0,"[0, 0, 0, 0, 0, 0]"
Legacy kNN,"{'K': 7, 'thresh': 0.24, 'cutoff': 16}",K=7/th=0.24/c=16,,,False,,,-1000000000.0,,,,,,,,,,,,,,0.0,1.0,0.0,0.0,6,0.0,0.0,0.0,0.0,0.0,0.0,"[0, 0, 0, 0, 0, 0]"
Legacy kNN,"{'K': 7, 'thresh': 0.24, 'cutoff': 20}",K=7/th=0.24/c=20,,,False,,,-1000000000.0,,,,,,,,,,,,,,0.0,1.0,0.0,0.0,6,0.0,0.0,0.0,0.0,0.0,0.0,"[0, 0, 0, 0, 0, 0]"
Legacy kNN,"{'K': 7, 'thresh': 0.24, 'cutoff': 24}",K=7/th=0.24/c=24,,,False,,,-1000000000.0,,,,,,,,,,,,,,0.0,1.0,0.0,0.0,6,0.0,0.0,0.0,0.0,0.0,0.0,"[0, 0, 0, 0, 0, 0]"
Legacy kNN,"{'K': 7, 'thresh': 0.24, 'cutoff': 28}",K=7/th=0.24/c=28,,,False,,,-1000000000.0,,,,,,,,,,,,,,0.0,1.0,0.0,0.0,6,0.0,0.0,0.0,0.0,0.0,0.0,"[0, 0, 0, 0, 0, 0]"
Legacy kNN,"{'K': 7, 'thresh': 0.24, 'cutoff': 32}",K=7/th=0.24/c=32,,,False,,,-1000000000.0,,,,,,,,,,,,,,0.0,1.0,0.0,0.0,6,0.0,0.0,0.0,0.0,0.0,0.0,"[0, 0, 0, 0, 0, 0]"
Legacy kNN,"{'K': 7, 'thresh': 0.28, 'cutoff': 6}",K=7/th=0.28/c=6,,,True,,1.342089504799434,1.2990982994064701,-2.4044429996788828,0.6093002993976753,0.0,0.95,0.4092973513391958,3.0,0.6025387700227488,0.3863630265430652,0.8999999999999998,0.1732283464566929,0.1732283464566929,1.0,"[1, 5, 17, 15, 22, 6]",0.5634235519387577,0.0,0.95,0.4189158248923745,3,0.5789177486432321,0.4485813383715163,0.8999999999999998,0.06787878787878789,0.06787878787878789,1.0,"[2, 3, 50, 16, 33, 8]"
Legacy kNN,"{'K': 7, 'thresh': 0.28, 'cutoff': 8}",K=7/th=0.28/c=8,,,False,,,-1000000000.0,,,,,,,,,,,,,,0.0,1.0,0.0,0.0,6,0.0,0.0,0.0,0.0,0.0,0.0,"[0, 0, 0, 0, 0, 0]"
Legacy kNN,"{'K': 7, 'thresh': 0.28, 'cutoff': 10}",K=7/th=0.28/c=10,,,False,,,-1000000000.0,,,,,,,,,,,,,,0.0,1.0,0.0,0.0,6,0.0,0.0,0.0,0.0,0.0,0.0,"[0, 0, 0, 0, 0, 0]"
Legacy kNN,"{'K': 7, 'thresh': 0.28, 'cutoff': 12}",K=7/th=0.28/c=12,,,False,,,-1000000000.0,,,,,,,,,,,,,,0.0,1.0,0.0,0.0,6,0.0,0.0,0.0,0.0,0.0,0.0,"[0, 0, 0, 0, 0, 0]"
Legacy kNN,"{'K': 7, 'thresh': 0.28, 'cutoff': 16}",K=7/th=0.28/c=16,,,False,,,-1000000000.0,,,,,,,,,,,,,,0.0,1.0,0.0,0.0,6,0.0,0.0,0.0,0.0,0.0,0.0,"[0, 0, 0, 0, 0, 0]"
Legacy kNN,"{'K': 7, 'thresh': 0.28, 'cutoff': 20}",K=7/th=0.28/c=20,,,False,,,-1000000000.0,,,,,,,,,,,,,,0.0,1.0,0.0,0.0,6,0.0,0.0,0.0,0.0,0.0,0.0,"[0, 0, 0, 0, 0, 0]"
Legacy kNN,"{'K': 7, 'thresh': 0.28, 'cutoff': 24}",K=7/th=0.28/c=24,,,False,,,-1000000000.0,,,,,,,,,,,,,,0.0,1.0,0.0,0.0,6,0.0,0.0,0.0,0.0,0.0,0.0,"[0, 0, 0, 0, 0, 0]"
Legacy kNN,"{'K': 7, 'thresh': 0.28, 'cutoff': 28}",K=7/th=0.28/c=28,,,False,,,-1000000000.0,,,,,,,,,,,,,,0.0,1.0,0.0,0.0,6,0.0,0.0,0.0,0.0,0.0,0.0,"[0, 0, 0, 0, 0, 0]"
Legacy kNN,"{'K': 7, 'thresh': 0.28, 'cutoff': 32}",K=7/th=0.28/c=32,,,False,,,-1000000000.0,,,,,,,,,,,,,,0.0,1.0,0.0,0.0,6,0.0,0.0,0.0,0.0,0.0,0.0,"[0, 0, 0, 0, 0, 0]"
Legacy kNN,"{'K': 7, 'thresh': 0.32, 'cutoff': 6}",K=7/th=0.32/c=6,,,True,,1.342420275764078,1.3089960324106373,-2.4373551840300873,0.6098550569611686,0.0,0.95,0.40855072934303227,3.0,0.6012022112581157,0.3846084244669877,0.8999999999999998,0.17060367454068243,0.17060367454068243,1.0,"[1, 5, 17, 14, 22, 6]",0.5728865146091284,0.0,0.95,0.4203650593383629,3,0.5894764129086003,0.43948102454177496,0.8999999999999998,0.062424242424242424,0.062424242424242424,1.0,"[2, 3, 48, 11, 32, 7]"
Legacy kNN,"{'K': 7, 'thresh': 0.32, 'cutoff': 8}",K=7/th=0.32/c=8,,,False,,,-1000000000.0,,,,,,,,,,,,,,0.0,1.0,0.0,0.0,6,0.0,0.0,0.0,0.0,0.0,0.0,"[0, 0, 0, 0, 0, 0]"
Legacy kNN,"{'K': 7, 'thresh': 0.32, 'cutoff': 10}",K=7/th=0.32/c=10,,,False,,,-1000000000.0,,,,,,,,,,,,,,0.0,1.0,0.0,0.0,6,0.0,0.0,0.0,0.0,0.0,0.0,"[0, 0, 0, 0, 0, 0]"
Legacy kNN,"{'K': 7, 'thresh': 0.32, 'cutoff': 12}",K=7/th=0.32/c=12,,,False,,,-1000000000.0,,,,,,,,,,,,,,0.0,1.0,0.0,0.0,6,0.0,0.0,0.0,0.0,0.0,0.0,"[0, 0, 0, 0, 0, 0]"
Legacy kNN,"{'K': 7, 'thresh': 0.32, 'cutoff': 16}",K=7/th=0.32/c=16,,,False,,,-1000000000.0,,,,,,,,,,,,,,0.0,1.0,0.0,0.0,6,0.0,0.0,0.0,0.0,0.0,0.0,"[0, 0, 0, 0, 0, 0]"
Legacy kNN,"{'K': 7, 'thresh': 0.32, 'cutoff': 20}",K=7/th=0.32/c=20,,,False,,,-1000000000.0,,,,,,,,,,,,,,0.0,1.0,0.0,0.0,6,0.0,0.0,0.0,0.0,0.0,0.0,"[0, 0, 0, 0, 0, 0]"
Legacy kNN,"{'K': 7, 'thresh': 0.32, 'cutoff': 24}",K=7/th=0.32/c=24,,,False,,,-1000000000.0,,,,,,,,,,,,,,0.0,1.0,0.0,0.0,6,0.0,0.0,0.0,0.0,0.0,0.0,"[0, 0, 0, 0, 0, 0]"
Legacy kNN,"{'K': 7, 'thresh': 0.32, 'cutoff': 28}",K=7/th=0.32/c=28,,,False,,,-1000000000.0,,,,,,,,,,,,,,0.0,1.0,0.0,0.0,6,0.0,0.0,0.0,0.0,0.0,0.0,"[0, 0, 0, 0, 0, 0]"
Legacy kNN,"{'K': 7, 'thresh': 0.32, 'cutoff': 32}",K=7/th=0.32/c=32,,,False,,,-1000000000.0,,,,,,,,,,,,,,0.0,1.0,0.0,0.0,6,0.0,0.0,0.0,0.0,0.0,0.0,"[0, 0, 0, 0, 0, 0]"
Legacy kNN,"{'K': 9, 'thresh': 0.12, 'cutoff': 6}",K=9/th=0.12/c=6,,,True,,1.2682028777291887,1.2625749398057784,-0.9515568022727061,0.45618675764667443,0.018891314782985707,0.95,0.4030247828849998,1.0,0.38113271894652134,0.45434147308374817,0.8999999999999998,0.45931758530183725,0.5091863517060368,1.1085714285714288,"[5, 13, 63, 46, 51, 16]",0.4371999675845191,0.003908858161449119,0.95,0.39761276794236156,1,0.3878479268257435,0.49926899536569636,0.8999999999999998,0.27454545454545454,0.28424242424242424,1.0353200883002207,"[4, 10, 206, 82, 148, 19]"
Legacy kNN,"{'K': 9, 'thresh': 0.12, 'cutoff': 8}",K=9/th=0.12/c=8,,,True,,1.336729050419973,1.3984689230371807,-2.6709125964338463,0.7216739783183985,0.0,0.9873397172404482,0.4172776610307192,6.0,0.9193341111585732,0.3545560623887266,0.9746794344808964,0.06824146981627296,0.06824146981627296,1.0,"[0, 0, 8, 7, 9, 2]",0.6847464320651674,0.0,0.9873397172404482,0.4128357239321822,4,0.9088419107521559,0.41842491890432837,0.9746794344808964,0.022424242424242423,0.022424242424242423,1.0,"[0, 0, 15, 7, 13, 2]"
Legacy kNN,"{'K': 9, 'thresh': 0.12, 'cutoff': 10}",K=9/th=0.12/c=10,,,False,,,-1000000000.0,,,,,,,,,,,,,,0.0,1.0,0.0,0.0,6,0.0,0.0,0.0,0.0,0.0,0.0,"[0, 0, 0, 0, 0, 0]"
Legacy kNN,"{'K': 9, 'thresh': 0.12, 'cutoff': 12}",K=9/th=0.12/c=12,,,False,,,-1000000000.0,,,,,,,,,,,,,,0.0,1.0,0.0,0.0,6,0.0,0.0,0.0,0.0,0.0,0.0,"[0, 0, 0, 0, 0, 0]"
Legacy kNN,"{'K': 9, 'thresh': 0.12, 'cutoff': 16}",K=9/th=0.12/c=16,,,False,,,-1000000000.0,,,,,,,,,,,,,,0.0,1.0,0.0,0.0,6,0.0,0.0,0.0,0.0,0.0,0.0,"[0, 0, 0, 0, 0, 0]"
Legacy kNN,"{'K': 9, 'thresh': 0.12, 'cutoff': 20}",K=9/th=0.12/c=20,,,False,,,-1000000000.0,,,,,,,,,,,,,,0.0,1.0,0.0,0.0,6,0.0,0.0,0.0,0.0,0.0,0.0,"[0, 0, 0, 0, 0, 0]"
Legacy kNN,"{'K': 9, 'thresh': 0.12, 'cutoff': 24}",K=9/th=0.12/c=24,,,False,,,-1000000000.0,,,,,,,,,,,,,,0.0,1.0,0.0,0.0,6,0.0,0.0,0.0,0.0,0.0,0.0,"[0, 0, 0, 0, 0, 0]"
Legacy kNN,"{'K': 9, 'thresh': 0.12, 'cutoff': 28}",K=9/th=0.12/c=28,,,False,,,-1000000000.0,,,,,,,,,,,,,,0.0,1.0,0.0,0.0,6,0.0,0.0,0.0,0.0,0.0,0.0,"[0, 0, 0, 0, 0, 0]"
Legacy kNN,"{'K': 9, 'thresh': 0.12, 'cutoff': 32}",K=9/th=0.12/c=32,,,False,,,-1000000000.0,,,,,,,,,,,,,,0.0,1.0,0.0,0.0,6,0.0,0.0,0.0,0.0,0.0,0.0,"[0, 0, 0, 0, 0, 0]"
Legacy kNN,"{'K': 9, 'thresh': 0.14, 'cutoff': 6}",K=9/th=0.14/c=6,,,True,,1.2682028777291887,1.2625749398057784,-0.9515568022727061,0.45618675764667443,0.018891314782985707,0.95,0.4030247828849998,1.0,0.38113271894652134,0.45434147308374817,0.8999999999999998,0.45931758530183725,0.5091863517060368,1.1085714285714288,"[5, 13, 63, 46, 51, 16]",0.4371999675845191,0.003908858161449119,0.95,0.39761276794236156,1,0.3878479268257435,0.49926899536569636,0.8999999999999998,0.27454545454545454,0.28424242424242424,1.0353200883002207,"[4, 10, 206, 82, 148, 19]"
Legacy kNN,"{'K': 9, 'thresh': 0.14, 'cutoff': 8}",K=9/th=0.14/c=8,,,True,,1.336729050419973,1.3984689230371807,-2.6709125964338463,0.7216739783183985,0.0,0.9873397172404482,0.4172776610307192,6.0,0.9193341111585732,0.3545560623887266,0.9746794344808964,0.06824146981627296,0.06824146981627296,1.0,"[0, 0, 8, 7, 9, 2]",0.6847464320651674,0.0,0.9873397172404482,0.4128357239321822,4,0.9088419107521559,0.41842491890432837,0.9746794344808964,0.022424242424242423,0.022424242424242423,1.0,"[0, 0, 15, 7, 13, 2]"
Legacy kNN,"{'K': 9, 'thresh': 0.14, 'cutoff': 10}",K=9/th=0.14/c=10,,,False,,,-1000000000.0,,,,,,,,,,,,,,0.0,1.0,0.0,0.0,6,0.0,0.0,0.0,0.0,0.0,0.0,"[0, 0, 0, 0, 0, 0]"
Legacy kNN,"{'K': 9, 'thresh': 0.14, 'cutoff': 12}",K=9/th=0.14/c=12,,,False,,,-1000000000.0,,,,,,,,,,,,,,0.0,1.0,0.0,0.0,6,0.0,0.0,0.0,0.0,0.0,0.0,"[0, 0, 0, 0, 0, 0]"
Legacy kNN,"{'K': 9, 'thresh': 0.14, 'cutoff': 16}",K=9/th=0.14/c=16,,,False,,,-1000000000.0,,,,,,,,,,,,,,0.0,1.0,0.0,0.0,6,0.0,0.0,0.0,0.0,0.0,0.0,"[0, 0, 0, 0, 0, 0]"
Legacy kNN,"{'K': 9, 'thresh': 0.14, 'cutoff': 20}",K=9/th=0.14/c=20,,,False,,,-1000000000.0,,,,,,,,,,,,,,0.0,1.0,0.0,0.0,6,0.0,0.0,0.0,0.0,0.0,0.0,"[0, 0, 0, 0, 0, 0]"
Legacy kNN,"{'K': 9, 'thresh': 0.14, 'cutoff': 24}",K=9/th=0.14/c=24,,,False,,,-1000000000.0,,,,,,,,,,,,,,0.0,1.0,0.0,0.0,6,0.0,0.0,0.0,0.0,0.0,0.0,"[0, 0, 0, 0, 0, 0]"
Legacy kNN,"{'K': 9, 'thresh': 0.14, 'cutoff': 28}",K=9/th=0.14/c=28,,,False,,,-1000000000.0,,,,,,,,,,,,,,0.0,1.0,0.0,0.0,6,0.0,0.0,0.0,0.0,0.0,0.0,"[0, 0, 0, 0, 0, 0]"
Legacy kNN,"{'K': 9, 'thresh': 0.14, 'cutoff': 32}",K=9/th=0.14/c=32,,,False,,,-1000000000.0,,,,,,,,,,,,,,0.0,1.0,0.0,0.0,6,0.0,0.0,0.0,0.0,0.0,0.0,"[0, 0, 0, 0, 0, 0]"
Legacy kNN,"{'K': 9, 'thresh': 0.16, 'cutoff': 6}",K=9/th=0.16/c=6,,,True,,1.2682028777291887,1.2625749398057784,-0.9515568022727061,0.45618675764667443,0.018891314782985707,0.95,0.4030247828849998,1.0,0.38113271894652134,0.45434147308374817,0.8999999999999998,0.45931758530183725,0.5091863517060368,1.1085714285714288,"[5, 13, 63, 46, 51, 16]",0.4371999675845191,0.003908858161449119,0.95,0.39761276794236156,1,0.3878479268257435,0.49926899536569636,0.8999999999999998,0.27454545454545454,0.28424242424242424,1.0353200883002207,"[4, 10, 206, 82, 148, 19]"
Legacy kNN,"{'K': 9, 'thresh': 0.16, 'cutoff': 8}",K=9/th=0.16/c=8,,,True,,1.336729050419973,1.3984689230371807,-2.6709125964338463,0.7216739783183985,0.0,0.9873397172404482,0.4172776610307192,6.0,0.9193341111585732,0.3545560623887266,0.9746794344808964,0.06824146981627296,0.06824146981627296,1.0,"[0, 0, 8, 7, 9, 2]",0.6847464320651674,0.0,0.9873397172404482,0.4128357239321822,4,0.9088419107521559,0.41842491890432837,0.9746794344808964,0.022424242424242423,0.022424242424242423,1.0,"[0, 0, 15, 7, 13, 2]"
Legacy kNN,"{'K': 9, 'thresh': 0.16, 'cutoff': 10}",K=9/th=0.16/c=10,,,False,,,-1000000000.0,,,,,,,,,,,,,,0.0,1.0,0.0,0.0,6,0.0,0.0,0.0,0.0,0.0,0.0,"[0, 0, 0, 0, 0, 0]"
Legacy kNN,"{'K': 9, 'thresh': 0.16, 'cutoff': 12}",K=9/th=0.16/c=12,,,False,,,-1000000000.0,,,,,,,,,,,,,,0.0,1.0,0.0,0.0,6,0.0,0.0,0.0,0.0,0.0,0.0,"[0, 0, 0, 0, 0, 0]"
Legacy kNN,"{'K': 9, 'thresh': 0.16, 'cutoff': 16}",K=9/th=0.16/c=16,,,False,,,-1000000000.0,,,,,,,,,,,,,,0.0,1.0,0.0,0.0,6,0.0,0.0,0.0,0.0,0.0,0.0,"[0, 0, 0, 0, 0, 0]"
Legacy kNN,"{'K': 9, 'thresh': 0.16, 'cutoff': 20}",K=9/th=0.16/c=20,,,False,,,-1000000000.0,,,,,,,,,,,,,,0.0,1.0,0.0,0.0,6,0.0,0.0,0.0,0.0,0.0,0.0,"[0, 0, 0, 0, 0, 0]"
Legacy kNN,"{'K': 9, 'thresh': 0.16, 'cutoff': 24}",K=9/th=0.16/c=24,,,False,,,-1000000000.0,,,,,,,,,,,,,,0.0,1.0,0.0,0.0,6,0.0,0.0,0.0,0.0,0.0,0.0,"[0, 0, 0, 0, 0, 0]"
Legacy kNN,"{'K': 9, 'thresh': 0.16, 'cutoff': 28}",K=9/th=0.16/c=28,,,False,,,-1000000000.0,,,,,,,,,,,,,,0.0,1.0,0.0,0.0,6,0.0,0.0,0.0,0.0,0.0,0.0,"[0, 0, 0, 0, 0, 0]"
Legacy kNN,"{'K': 9, 'thresh': 0.16, 'cutoff': 32}",K=9/th=0.16/c=32,,,False,,,-1000000000.0,,,,,,,,,,,,,,0.0,1.0,0.0,0.0,6,0.0,0.0,0.0,0.0,0.0,0.0,"[0, 0, 0, 0, 0, 0]"
Legacy kNN,"{'K': 9, 'thresh': 0.2, 'cutoff': 6}",K=9/th=0.2/c=6,,,True,,1.2682028777291887,1.2625749398057784,-0.9515568022727061,0.45618675764667443,0.018891314782985707,0.95,0.4030247828849998,1.0,0.38113271894652134,0.45434147308374817,0.8999999999999998,0.45931758530183725,0.5091863517060368,1.1085714285714288,"[5, 13, 63, 46, 51, 16]",0.4371999675845191,0.003908858161449119,0.95,0.39761276794236156,1,0.3878479268257435,0.49926899536569636,0.8999999999999998,0.27454545454545454,0.28424242424242424,1.0353200883002207,"[4, 10, 206, 82, 148, 19]"
Legacy kNN,"{'K': 9, 'thresh': 0.2, 'cutoff': 8}",K=9/th=0.2/c=8,,,True,,1.336729050419973,1.3984689230371807,-2.6709125964338463,0.7216739783183985,0.0,0.9873397172404482,0.4172776610307192,6.0,0.9193341111585732,0.3545560623887266,0.9746794344808964,0.06824146981627296,0.06824146981627296,1.0,"[0, 0, 8, 7, 9, 2]",0.6847464320651674,0.0,0.9873397172404482,0.4128357239321822,4,0.9088419107521559,0.41842491890432837,0.9746794344808964,0.022424242424242423,0.022424242424242423,1.0,"[0, 0, 15, 7, 13, 2]"
Legacy kNN,"{'K': 9, 'thresh': 0.2, 'cutoff': 10}",K=9/th=0.2/c=10,,,False,,,-1000000000.0,,,,,,,,,,,,,,0.0,1.0,0.0,0.0,6,0.0,0.0,0.0,0.0,0.0,0.0,"[0, 0, 0, 0, 0, 0]"
Legacy kNN,"{'K': 9, 'thresh': 0.2, 'cutoff': 12}",K=9/th=0.2/c=12,,,False,,,-1000000000.0,,,,,,,,,,,,,,0.0,1.0,0.0,0.0,6,0.0,0.0,0.0,0.0,0.0,0.0,"[0, 0, 0, 0, 0, 0]"
Legacy kNN,"{'K': 9, 'thresh': 0.2, 'cutoff': 16}",K=9/th=0.2/c=16,,,False,,,-1000000000.0,,,,,,,,,,,,,,0.0,1.0,0.0,0.0,6,0.0,0.0,0.0,0.0,0.0,0.0,"[0, 0, 0, 0, 0, 0]"
Legacy kNN,"{'K': 9, 'thresh': 0.2, 'cutoff': 20}",K=9/th=0.2/c=20,,,False,,,-1000000000.0,,,,,,,,,,,,,,0.0,1.0,0.0,0.0,6,0.0,0.0,0.0,0.0,0.0,0.0,"[0, 0, 0, 0, 0, 0]"
Legacy kNN,"{'K': 9, 'thresh': 0.2, 'cutoff': 24}",K=9/th=0.2/c=24,,,False,,,-1000000000.0,,,,,,,,,,,,,,0.0,1.0,0.0,0.0,6,0.0,0.0,0.0,0.0,0.0,0.0,"[0, 0, 0, 0, 0, 0]"
Legacy kNN,"{'K': 9, 'thresh': 0.2, 'cutoff': 28}",K=9/th=0.2/c=28,,,False,,,-1000000000.0,,,,,,,,,,,,,,0.0,1.0,0.0,0.0,6,0.0,0.0,0.0,0.0,0.0,0.0,"[0, 0, 0, 0, 0, 0]"
Legacy kNN,"{'K': 9, 'thresh': 0.2, 'cutoff': 32}",K=9/th=0.2/c=32,,,False,,,-1000000000.0,,,,,,,,,,,,,,0.0,1.0,0.0,0.0,6,0.0,0.0,0.0,0.0,0.0,0.0,"[0, 0, 0, 0, 0, 0]"
Legacy kNN,"{'K': 9, 'thresh': 0.24, 'cutoff': 6}",K=9/th=0.24/c=6,,,True,,1.2682028777291887,1.2628190814081452,-0.9612357214414866,0.45618675764667443,0.018891314782985707,0.95,0.4030247828849998,1.0,0.38113271894652134,0.45434147308374817,0.8999999999999998,0.45931758530183725,0.5091863517060368,1.1085714285714288,"[5, 13, 63, 46, 51, 16]",0.43749518274324906,0.003935329653108108,0.95,0.39753076106001395,1,0.3876067480212606,0.49836028845134606,0.8999999999999998,0.2727272727272727,0.2824242424242424,1.0355555555555556,"[4, 10, 206, 80, 147, 19]"
Legacy kNN,"{'K': 9, 'thresh': 0.24, 'cutoff': 8}",K=9/th=0.24/c=8,,,True,,1.336729050419973,1.4025074381629323,-2.67189152850736,0.7216739783183985,0.0,0.9873397172404482,0.4172776610307192,6.0,0.9193341111585732,0.3545560623887266,0.9746794344808964,0.06824146981627296,0.06824146981627296,1.0,"[0, 0, 8, 7, 9, 2]",0.6884379850473209,0.0,0.9873397172404482,0.41399226441084286,4,0.9098092590289688,0.4117456091679781,0.9746794344808964,0.02181818181818182,0.02181818181818182,1.0,"[0, 0, 15, 6, 13, 2]"
Legacy kNN,"{'K': 9, 'thresh': 0.24, 'cutoff': 10}",K=9/th=0.24/c=10,,,False,,,-1000000000.0,,,,,,,,,,,,,,0.0,1.0,0.0,0.0,6,0.0,0.0,0.0,0.0,0.0,0.0,"[0, 0, 0, 0, 0, 0]"
Legacy kNN,"{'K': 9, 'thresh': 0.24, 'cutoff': 12}",K=9/th=0.24/c=12,,,False,,,-1000000000.0,,,,,,,,,,,,,,0.0,1.0,0.0,0.0,6,0.0,0.0,0.0,0.0,0.0,0.0,"[0, 0, 0, 0, 0, 0]"
Legacy kNN,"{'K': 9, 'thresh': 0.24, 'cutoff': 16}",K=9/th=0.24/c=16,,,False,,,-1000000000.0,,,,,,,,,,,,,,0.0,1.0,0.0,0.0,6,0.0,0.0,0.0,0.0,0.0,0.0,"[0, 0, 0, 0, 0, 0]"
Legacy kNN,"{'K': 9, 'thresh': 0.24, 'cutoff': 20}",K=9/th=0.24/c=20,,,False,,,-1000000000.0,,,,,,,,,,,,,,0.0,1.0,0.0,0.0,6,0.0,0.0,0.0,0.0,0.0,0.0,"[0, 0, 0, 0, 0, 0]"
Legacy kNN,"{'K': 9, 'thresh': 0.24, 'cutoff': 24}",K=9/th=0.24/c=24,,,False,,,-1000000000.0,,,,,,,,,,,,,,0.0,1.0,0.0,0.0,6,0.0,0.0,0.0,0.0,0.0,0.0,"[0, 0, 0, 0, 0, 0]"
Legacy kNN,"{'K': 9, 'thresh': 0.24, 'cutoff': 28}",K=9/th=0.24/c=28,,,False,,,-1000000000.0,,,,,,,,,,,,,,0.0,1.0,0.0,0.0,6,0.0,0.0,0.0,0.0,0.0,0.0,"[0, 0, 0, 0, 0, 0]"
Legacy kNN,"{'K': 9, 'thresh': 0.24, 'cutoff': 32}",K=9/th=0.24/c=32,,,False,,,-1000000000.0,,,,,,,,,,,,,,0.0,1.0,0.0,0.0,6,0.0,0.0,0.0,0.0,0.0,0.0,"[0, 0, 0, 0, 0, 0]"
Legacy kNN,"{'K': 9, 'thresh': 0.28, 'cutoff': 6}",K=9/th=0.28/c=6,,,True,,1.2682028777291887,1.2660725253711276,-1.014697474558455,0.45618675764667443,0.018891314782985707,0.95,0.4030247828849998,1.0,0.38113271894652134,0.45434147308374817,0.8999999999999998,0.45931758530183725,0.5091863517060368,1.1085714285714288,"[5, 13, 63, 46, 51, 16]",0.44097103218942285,0.004112846633940794,0.95,0.3973811327188186,1,0.3899446375580101,0.49434065132117894,0.8999999999999998,0.26242424242424245,0.2721212121212121,1.0369515011547341,"[4, 10, 204, 68, 145, 18]"
Legacy kNN,"{'K': 9, 'thresh': 0.28, 'cutoff': 8}",K=9/th=0.28/c=8,,,True,,1.336729050419973,1.408651561658408,-2.6757933186941627,0.7216739783183985,0.0,0.9873397172404482,0.4172776610307192,6.0,0.9193341111585732,0.3545560623887266,0.9746794344808964,0.06824146981627296,0.06824146981627296,1.0,"[0, 0, 8, 7, 9, 2]",0.6943362978235349,0.0,0.9873397172404482,0.41481163347504874,4,0.9104704905791866,0.4008102232432733,0.9746794344808964,0.020606060606060607,0.020606060606060607,1.0,"[0, 0, 15, 5, 12, 2]"
Legacy kNN,"{'K': 9, 'thresh': 0.28, 'cutoff': 10}",K=9/th=0.28/c=10,,,False,,,-1000000000.0,,,,,,,,,,,,,,0.0,1.0,0.0,0.0,6,0.0,0.0,0.0,0.0,0.0,0.0,"[0, 0, 0, 0, 0, 0]"
Legacy kNN,"{'K': 9, 'thresh': 0.28, 'cutoff': 12}",K=9/th=0.28/c=12,,,False,,,-1000000000.0,,,,,,,,,,,,,,0.0,1.0,0.0,0.0,6,0.0,0.0,0.0,0.0,0.0,0.0,"[0, 0, 0, 0, 0, 0]"
Legacy kNN,"{'K': 9, 'thresh': 0.28, 'cutoff': 16}",K=9/th=0.28/c=16,,,False,,,-1000000000.0,,,,,,,,,,,,,,0.0,1.0,0.0,0.0,6,0.0,0.0,0.0,0.0,0.0,0.0,"[0, 0, 0, 0, 0, 0]"
Legacy kNN,"{'K': 9, 'thresh': 0.28, 'cutoff': 20}",K=9/th=0.28/c=20,,,False,,,-1000000000.0,,,,,,,,,,,,,,0.0,1.0,0.0,0.0,6,0.0,0.0,0.0,0.0,0.0,0.0,"[0, 0, 0, 0, 0, 0]"
Legacy kNN,"{'K': 9, 'thresh': 0.28, 'cutoff': 24}",K=9/th=0.28/c=24,,,False,,,-1000000000.0,,,,,,,,,,,,,,0.0,1.0,0.0,0.0,6,0.0,0.0,0.0,0.0,0.0,0.0,"[0, 0, 0, 0, 0, 0]"
Legacy kNN,"{'K': 9, 'thresh': 0.28, 'cutoff': 28}",K=9/th=0.28/c=28,,,False,,,-1000000000.0,,,,,,,,,,,,,,0.0,1.0,0.0,0.0,6,0.0,0.0,0.0,0.0,0.0,0.0,"[0, 0, 0, 0, 0, 0]"
Legacy kNN,"{'K': 9, 'thresh': 0.28, 'cutoff': 32}",K=9/th=0.28/c=32,,,False,,,-1000000000.0,,,,,,,,,,,,,,0.0,1.0,0.0,0.0,6,0.0,0.0,0.0,0.0,0.0,0.0,"[0, 0, 0, 0, 0, 0]"
Legacy kNN,"{'K': 9, 'thresh': 0.32, 'cutoff': 6}",K=9/th=0.32/c=6,,,True,,1.2709230032896792,1.2863199812475168,-1.15185037266196,0.4574599711956304,0.017250836120401337,0.95,0.40237956071483366,1.0,0.3793778838482909,0.4499349528503344,0.8999999999999998,0.45144356955380577,0.49606299212598426,1.0988372093023255,"[5, 12, 63, 43, 50, 16]",0.4610755496471896,0.0046707842766069456,0.95,0.39971738625644715,1,0.41478916844376756,0.48482198570572066,0.8999999999999998,0.23454545454545456,0.24424242424242423,1.041343669250646,"[3, 10, 187, 49, 138, 16]"
Legacy kNN,"{'K': 9, 'thresh': 0.32, 'cutoff': 8}",K=9/th=0.32/c=8,,,True,,1.3454862765952855,1.4272000584805715,-2.6874707171888037,0.7307829644393355,0.0,0.9873397172404482,0.41610512787863774,6.0,0.9183429381228357,0.3383122550430766,0.9746794344808964,0.06299212598425197,0.06299212598425197,1.0,"[0, 0, 7, 6, 9, 2]",0.7110290686369484,0.0,0.9873397172404482,0.4209973868375487,4,0.9162026923401176,0.37235500765296387,0.9746794344808964,0.01696969696969697,0.01696969696969697,1.0,"[0, 0, 12, 3, 11, 2]"
Legacy kNN,"{'K': 9, 'thresh': 0.32, 'cutoff': 10}",K=9/th=0.32/c=10,,,False,,,-1000000000.0,,,,,,,,,,,,,,0.0,1.0,0.0,0.0,6,0.0,0.0,0.0,0.0,0.0,0.0,"[0, 0, 0, 0, 0, 0]"
Legacy kNN,"{'K': 9, 'thresh': 0.32, 'cutoff': 12}",K=9/th=0.32/c=12,,,False,,,-1000000000.0,,,,,,,,,,,,,,0.0,1.0,0.0,0.0,6,0.0,0.0,0.0,0.0,0.0,0.0,"[0, 0, 0, 0, 0, 0]"
Legacy kNN,"{'K': 9, 'thresh': 0.32, 'cutoff': 16}",K=9/th=0.32/c=16,,,False,,,-1000000000.0,,,,,,,,,,,,,,0.0,1.0,0.0,0.0,6,0.0,0.0,0.0,0.0,0.0,0.0,"[0, 0, 0, 0, 0, 0]"
Legacy kNN,"{'K': 9, 'thresh': 0.32, 'cutoff': 20}",K=9/th=0.32/c=20,,,False,,,-1000000000.0,,,,,,,,,,,,,,0.0,1.0,0.0,0.0,6,0.0,0.0,0.0,0.0,0.0,0.0,"[0, 0, 0, 0, 0, 0]"
Legacy kNN,"{'K': 9, 'thresh': 0.32, 'cutoff': 24}",K=9/th=0.32/c=24,,,False,,,-1000000000.0,,,,,,,,,,,,,,0.0,1.0,0.0,0.0,6,0.0,0.0,0.0,0.0,0.0,0.0,"[0, 0, 0, 0, 0, 0]"
Legacy kNN,"{'K': 9, 'thresh': 0.32, 'cutoff': 28}",K=9/th=0.32/c=28,,,False,,,-1000000000.0,,,,,,,,,,,,,,0.0,1.0,0.0,0.0,6,0.0,0.0,0.0,0.0,0.0,0.0,"[0, 0, 0, 0, 0, 0]"
Legacy kNN,"{'K': 9, 'thresh': 0.32, 'cutoff': 32}",K=9/th=0.32/c=32,,,False,,,-1000000000.0,,,,,,,,,,,,,,0.0,1.0,0.0,0.0,6,0.0,0.0,0.0,0.0,0.0,0.0,"[0, 0, 0, 0, 0, 0]"
Legacy kNN,"{'K': 11, 'thresh': 0.12, 'cutoff': 6}",K=11/th=0.12/c=6,,,True,,1.1870630032367246,1.1779722379553845,0.41327445343444114,0.40226067896640655,0.04491035005556947,0.95,0.39904224775295866,1.0,0.3205458237793183,0.476314118739221,0.8999999999999998,0.7191601049868767,0.910761154855643,1.2664233576642334,"[8, 28, 119, 78, 86, 28]",0.32420824337961307,0.022929055071912213,0.95,0.3889768321589459,0,0.24625801763631383,0.5133083982605489,0.8999999999999998,0.5612121212121212,0.636969696969697,1.134989200863931,"[16, 20, 476, 171, 308, 60]"
Legacy kNN,"{'K': 11, 'thresh': 0.12, 'cutoff': 8}",K=11/th=0.12/c=8,,,True,,1.3141266719656879,1.306283868758901,-2.128508119031686,0.5847954723768234,0.0037735849056603774,0.95,0.41034928164841655,3.0,0.5756703135555747,0.40872466888224973,0.8999999999999998,0.24671916010498687,0.25196850393700787,1.0212765957446808,"[1, 7, 28, 26, 27, 7]",0.5730835707793076,0.0,0.95,0.4106676599319783,3,0.6194531798169862,0.46145829334050276,0.8999999999999998,0.10303030303030303,0.10303030303030303,1.0,"[1, 2, 78, 26, 57, 6]"
Legacy kNN,"{'K': 11, 'thresh': 0.12, 'cutoff': 10}",K=11/th=0.12/c=10,,,False,,,1.3653293234466528,,,,,,,,,,,,,,0.7781399515441758,0.0,0.9472135954999579,0.43139498500836915,6,0.9768015716578365,0.27850062890322924,0.8944271909999157,0.006666666666666667,0.006666666666666667,1.0,"[0, 0, 5, 2, 4, 0]"
Legacy kNN,"{'K': 11, 'thresh': 0.12, 'cutoff': 12}",K=11/th=0.12/c=12,,,False,,,-1000000000.0,,,,,,,,,,,,,,0.0,1.0,0.0,0.0,6,0.0,0.0,0.0,0.0,0.0,0.0,"[0, 0, 0, 0, 0, 0]"
Legacy kNN,"{'K': 11, 'thresh': 0.12, 'cutoff': 16}",K=11/th=0.12/c=16,,,False,,,-1000000000.0,,,,,,,,,,,,,,0.0,1.0,0.0,0.0,6,0.0,0.0,0.0,0.0,0.0,0.0,"[0, 0, 0, 0, 0, 0]"
Legacy kNN,"{'K': 11, 'thresh': 0.12, 'cutoff': 20}",K=11/th=0.12/c=20,,,False,,,-1000000000.0,,,,,,,,,,,,,,0.0,1.0,0.0,0.0,6,0.0,0.0,0.0,0.0,0.0,0.0,"[0, 0, 0, 0, 0, 0]"
Legacy kNN,"{'K': 11, 'thresh': 0.12, 'cutoff': 24}",K=11/th=0.12/c=24,,,False,,,-1000000000.0,,,,,,,,,,,,,,0.0,1.0,0.0,0.0,6,0.0,0.0,0.0,0.0,0.0,0.0,"[0, 0, 0, 0, 0, 0]"
Legacy kNN,"{'K': 11, 'thresh': 0.12, 'cutoff': 28}",K=11/th=0.12/c=28,,,False,,,-1000000000.0,,,,,,,,,,,,,,0.0,1.0,0.0,0.0,6,0.0,0.0,0.0,0.0,0.0,0.0,"[0, 0, 0, 0, 0, 0]"
Legacy kNN,"{'K': 11, 'thresh': 0.12, 'cutoff': 32}",K=11/th=0.12/c=32,,,False,,,-1000000000.0,,,,,,,,,,,,,,0.0,1.0,0.0,0.0,6,0.0,0.0,0.0,0.0,0.0,0.0,"[0, 0, 0, 0, 0, 0]"
Legacy kNN,"{'K': 11, 'thresh': 0.14, 'cutoff': 6}",K=11/th=0.14/c=6,,,True,,1.1870630032367246,1.1779722379553845,0.41327445343444114,0.40226067896640655,0.04491035005556947,0.95,0.39904224775295866,1.0,0.3205458237793183,0.476314118739221,0.8999999999999998,0.7191601049868767,0.910761154855643,1.2664233576642334,"[8, 28, 119, 78, 86, 28]",0.32420824337961307,0.022929055071912213,0.95,0.3889768321589459,0,0.24625801763631383,0.5133083982605489,0.8999999999999998,0.5612121212121212,0.636969696969697,1.134989200863931,"[16, 20, 476, 171, 308, 60]"
Legacy kNN,"{'K': 11, 'thresh': 0.14, 'cutoff': 8}",K=11/th=0.14/c=8,,,True,,1.3141266719656879,1.306283868758901,-2.128508119031686,0.5847954723768234,0.0037735849056603774,0.95,0.41034928164841655,3.0,0.5756703135555747,0.40872466888224973,0.8999999999999998,0.24671916010498687,0.25196850393700787,1.0212765957446808,"[1, 7, 28, 26, 27, 7]",0.5730835707793076,0.0,0.95,0.4106676599319783,3,0.6194531798169862,0.46145829334050276,0.8999999999999998,0.10303030303030303,0.10303030303030303,1.0,"[1, 2, 78, 26, 57, 6]"
Legacy kNN,"{'K': 11, 'thresh': 0.14, 'cutoff': 10}",K=11/th=0.14/c=10,,,False,,,1.3653293234466528,,,,,,,,,,,,,,0.7781399515441758,0.0,0.9472135954999579,0.43139498500836915,6,0.9768015716578365,0.27850062890322924,0.8944271909999157,0.006666666666666667,0.006666666666666667,1.0,"[0, 0, 5, 2, 4, 0]"
Legacy kNN,"{'K': 11, 'thresh': 0.14, 'cutoff': 12}",K=11/th=0.14/c=12,,,False,,,-1000000000.0,,,,,,,,,,,,,,0.0,1.0,0.0,0.0,6,0.0,0.0,0.0,0.0,0.0,0.0,"[0, 0, 0, 0, 0, 0]"
Legacy kNN,"{'K': 11, 'thresh': 0.14, 'cutoff': 16}",K=11/th=0.14/c=16,,,False,,,-1000000000.0,,,,,,,,,,,,,,0.0,1.0,0.0,0.0,6,0.0,0.0,0.0,0.0,0.0,0.0,"[0, 0, 0, 0, 0, 0]"
Legacy kNN,"{'K': 11, 'thresh': 0.14, 'cutoff': 20}",K=11/th=0.14/c=20,,,False,,,-1000000000.0,,,,,,,,,,,,,,0.0,1.0,0.0,0.0,6,0.0,0.0,0.0,0.0,0.0,0.0,"[0, 0, 0, 0, 0, 0]"
Legacy kNN,"{'K': 11, 'thresh': 0.14, 'cutoff': 24}",K=11/th=0.14/c=24,,,False,,,-1000000000.0,,,,,,,,,,,,,,0.0,1.0,0.0,0.0,6,0.0,0.0,0.0,0.0,0.0,0.0,"[0, 0, 0, 0, 0, 0]"
Legacy kNN,"{'K': 11, 'thresh': 0.14, 'cutoff': 28}",K=11/th=0.14/c=28,,,False,,,-1000000000.0,,,,,,,,,,,,,,0.0,1.0,0.0,0.0,6,0.0,0.0,0.0,0.0,0.0,0.0,"[0, 0, 0, 0, 0, 0]"
Legacy kNN,"{'K': 11, 'thresh': 0.14, 'cutoff': 32}",K=11/th=0.14/c=32,,,False,,,-1000000000.0,,,,,,,,,,,,,,0.0,1.0,0.0,0.0,6,0.0,0.0,0.0,0.0,0.0,0.0,"[0, 0, 0, 0, 0, 0]"
Legacy kNN,"{'K': 11, 'thresh': 0.16, 'cutoff': 6}",K=11/th=0.16/c=6,,,True,,1.1870630032367246,1.1779722379553845,0.41327445343444114,0.40226067896640655,0.04491035005556947,0.95,0.39904224775295866,1.0,0.3205458237793183,0.476314118739221,0.8999999999999998,0.7191601049868767,0.910761154855643,1.2664233576642334,"[8, 28, 119, 78, 86, 28]",0.32420824337961307,0.022929055071912213,0.95,0.3889768321589459,0,0.24625801763631383,0.5133083982605489,0.8999999999999998,0.5612121212121212,0.636969696969697,1.134989200863931,"[16, 20, 476, 171, 308, 60]"
Legacy kNN,"{'K': 11, 'thresh': 0.16, 'cutoff': 8}",K=11/th=0.16/c=8,,,True,,1.3141266719656879,1.306283868758901,-2.128508119031686,0.5847954723768234,0.0037735849056603774,0.95,0.41034928164841655,3.0,0.5756703135555747,0.40872466888224973,0.8999999999999998,0.24671916010498687,0.25196850393700787,1.0212765957446808,"[1, 7, 28, 26, 27, 7]",0.5730835707793076,0.0,0.95,0.4106676599319783,3,0.6194531798169862,0.46145829334050276,0.8999999999999998,0.10303030303030303,0.10303030303030303,1.0,"[1, 2, 78, 26, 57, 6]"
Legacy kNN,"{'K': 11, 'thresh': 0.16, 'cutoff': 10}",K=11/th=0.16/c=10,,,False,,,1.3653293234466528,,,,,,,,,,,,,,0.7781399515441758,0.0,0.9472135954999579,0.43139498500836915,6,0.9768015716578365,0.27850062890322924,0.8944271909999157,0.006666666666666667,0.006666666666666667,1.0,"[0, 0, 5, 2, 4, 0]"
Legacy kNN,"{'K': 11, 'thresh': 0.16, 'cutoff': 12}",K=11/th=0.16/c=12,,,False,,,-1000000000.0,,,,,,,,,,,,,,0.0,1.0,0.0,0.0,6,0.0,0.0,0.0,0.0,0.0,0.0,"[0, 0, 0, 0, 0, 0]"
Legacy kNN,"{'K': 11, 'thresh': 0.16, 'cutoff': 16}",K=11/th=0.16/c=16,,,False,,,-1000000000.0,,,,,,,,,,,,,,0.0,1.0,0.0,0.0,6,0.0,0.0,0.0,0.0,0.0,0.0,"[0, 0, 0, 0, 0, 0]"
Legacy kNN,"{'K': 11, 'thresh': 0.16, 'cutoff': 20}",K=11/th=0.16/c=20,,,False,,,-1000000000.0,,,,,,,,,,,,,,0.0,1.0,0.0,0.0,6,0.0,0.0,0.0,0.0,0.0,0.0,"[0, 0, 0, 0, 0, 0]"
Legacy kNN,"{'K': 11, 'thresh': 0.16, 'cutoff': 24}",K=11/th=0.16/c=24,,,False,,,-1000000000.0,,,,,,,,,,,,,,0.0,1.0,0.0,0.0,6,0.0,0.0,0.0,0.0,0.0,0.0,"[0, 0, 0, 0, 0, 0]"
Legacy kNN,"{'K': 11, 'thresh': 0.16, 'cutoff': 28}",K=11/th=0.16/c=28,,,False,,,-1000000000.0,,,,,,,,,,,,,,0.0,1.0,0.0,0.0,6,0.0,0.0,0.0,0.0,0.0,0.0,"[0, 0, 0, 0, 0, 0]"
Legacy kNN,"{'K': 11, 'thresh': 0.16, 'cutoff': 32}",K=11/th=0.16/c=32,,,False,,,-1000000000.0,,,,,,,,,,,,,,0.0,1.0,0.0,0.0,6,0.0,0.0,0.0,0.0,0.0,0.0,"[0, 0, 0, 0, 0, 0]"
Legacy kNN,"{'K': 11, 'thresh': 0.2, 'cutoff': 6}",K=11/th=0.2/c=6,,,True,,1.1870630032367246,1.1779722379553845,0.41327445343444114,0.40226067896640655,0.04491035005556947,0.95,0.39904224775295866,1.0,0.3205458237793183,0.476314118739221,0.8999999999999998,0.7191601049868767,0.910761154855643,1.2664233576642334,"[8, 28, 119, 78, 86, 28]",0.32420824337961307,0.022929055071912213,0.95,0.3889768321589459,0,0.24625801763631383,0.5133083982605489,0.8999999999999998,0.5612121212121212,0.636969696969697,1.134989200863931,"[16, 20, 476, 171, 308, 60]"
Legacy kNN,"{'K': 11, 'thresh': 0.2, 'cutoff': 8}",K=11/th=0.2/c=8,,,True,,1.3141266719656879,1.306283868758901,-2.128508119031686,0.5847954723768234,0.0037735849056603774,0.95,0.41034928164841655,3.0,0.5756703135555747,0.40872466888224973,0.8999999999999998,0.24671916010498687,0.25196850393700787,1.0212765957446808,"[1, 7, 28, 26, 27, 7]",0.5730835707793076,0.0,0.95,0.4106676599319783,3,0.6194531798169862,0.46145829334050276,0.8999999999999998,0.10303030303030303,0.10303030303030303,1.0,"[1, 2, 78, 26, 57, 6]"
Legacy kNN,"{'K': 11, 'thresh': 0.2, 'cutoff': 10}",K=11/th=0.2/c=10,,,False,,,1.3653293234466528,,,,,,,,,,,,,,0.7781399515441758,0.0,0.9472135954999579,0.43139498500836915,6,0.9768015716578365,0.27850062890322924,0.8944271909999157,0.006666666666666667,0.006666666666666667,1.0,"[0, 0, 5, 2, 4, 0]"
Legacy kNN,"{'K': 11, 'thresh': 0.2, 'cutoff': 12}",K=11/th=0.2/c=12,,,False,,,-1000000000.0,,,,,,,,,,,,,,0.0,1.0,0.0,0.0,6,0.0,0.0,0.0,0.0,0.0,0.0,"[0, 0, 0, 0, 0, 0]"
Legacy kNN,"{'K': 11, 'thresh': 0.2, 'cutoff': 16}",K=11/th=0.2/c=16,,,False,,,-1000000000.0,,,,,,,,,,,,,,0.0,1.0,0.0,0.0,6,0.0,0.0,0.0,0.0,0.0,0.0,"[0, 0, 0, 0, 0, 0]"
Legacy kNN,"{'K': 11, 'thresh': 0.2, 'cutoff': 20}",K=11/th=0.2/c=20,,,False,,,-1000000000.0,,,,,,,,,,,,,,0.0,1.0,0.0,0.0,6,0.0,0.0,0.0,0.0,0.0,0.0,"[0, 0, 0, 0, 0, 0]"
Legacy kNN,"{'K': 11, 'thresh': 0.2, 'cutoff': 24}",K=11/th=0.2/c=24,,,False,,,-1000000000.0,,,,,,,,,,,,,,0.0,1.0,0.0,0.0,6,0.0,0.0,0.0,0.0,0.0,0.0,"[0, 0, 0, 0, 0, 0]"
Legacy kNN,"{'K': 11, 'thresh': 0.2, 'cutoff': 28}",K=11/th=0.2/c=28,,,False,,,-1000000000.0,,,,,,,,,,,,,,0.0,1.0,0.0,0.0,6,0.0,0.0,0.0,0.0,0.0,0.0,"[0, 0, 0, 0, 0, 0]"
Legacy kNN,"{'K': 11, 'thresh': 0.2, 'cutoff': 32}",K=11/th=0.2/c=32,,,False,,,-1000000000.0,,,,,,,,,,,,,,0.0,1.0,0.0,0.0,6,0.0,0.0,0.0,0.0,0.0,0.0,"[0, 0, 0, 0, 0, 0]"
Legacy kNN,"{'K': 11, 'thresh': 0.24, 'cutoff': 6}",K=11/th=0.24/c=6,,,True,,1.1870630032367246,1.1783571402786457,0.4056980221225942,0.40226067896640655,0.04491035005556947,0.95,0.39904224775295866,1.0,0.3205458237793183,0.476314118739221,0.8999999999999998,0.7191601049868767,0.910761154855643,1.2664233576642334,"[8, 28, 119, 78, 86, 28]",0.3243699538307007,0.022692413125286966,0.95,0.38893199857743993,0,0.24613380118880876,0.5126709953470628,0.8999999999999998,0.5587878787878788,0.6339393939393939,1.1344902386117135,"[16, 20, 474, 169, 307, 60]"
Legacy kNN,"{'K': 11, 'thresh': 0.24, 'cutoff': 8}",K=11/th=0.24/c=8,,,True,,1.3141266719656879,1.3068484756994434,-2.132472437710978,0.5847954723768234,0.0037735849056603774,0.95,0.41034928164841655,3.0,0.5756703135555747,0.40872466888224973,0.8999999999999998,0.24671916010498687,0.25196850393700787,1.0212765957446808,"[1, 7, 28, 26, 27, 7]",0.5736318263155076,0.0,0.95,0.41072216461311956,3,0.6194267472361699,0.46040555144045253,0.8999999999999998,0.10242424242424242,0.10242424242424242,1.0,"[1, 2, 78, 25, 57, 6]"
Legacy kNN,"{'K': 11, 'thresh': 0.24, 'cutoff': 10}",K=11/th=0.24/c=10,,,False,,,1.3653293234466528,,,,,,,,,,,,,,0.7781399515441758,0.0,0.9472135954999579,0.43139498500836915,6,0.9768015716578365,0.27850062890322924,0.8944271909999157,0.006666666666666667,0.006666666666666667,1.0,"[0, 0, 5, 2, 4, 0]"
Legacy kNN,"{'K': 11, 'thresh': 0.24, 'cutoff': 12}",K=11/th=0.24/c=12,,,False,,,-1000000000.0,,,,,,,,,,,,,,0.0,1.0,0.0,0.0,6,0.0,0.0,0.0,0.0,0.0,0.0,"[0, 0, 0, 0, 0, 0]"
Legacy kNN,"{'K': 11, 'thresh': 0.24, 'cutoff': 16}",K=11/th=0.24/c=16,,,False,,,-1000000000.0,,,,,,,,,,,,,,0.0,1.0,0.0,0.0,6,0.0,0.0,0.0,0.0,0.0,0.0,"[0, 0, 0, 0, 0, 0]"
Legacy kNN,"{'K': 11, 'thresh': 0.24, 'cutoff': 20}",K=11/th=0.24/c=20,,,False,,,-1000000000.0,,,,,,,,,,,,,,0.0,1.0,0.0,0.0,6,0.0,0.0,0.0,0.0,0.0,0.0,"[0, 0, 0, 0, 0, 0]"
Legacy kNN,"{'K': 11, 'thresh': 0.24, 'cutoff': 24}",K=11/th=0.24/c=24,,,False,,,-1000000000.0,,,,,,,,,,,,,,0.0,1.0,0.0,0.0,6,0.0,0.0,0.0,0.0,0.0,0.0,"[0, 0, 0, 0, 0, 0]"
Legacy kNN,"{'K': 11, 'thresh': 0.24, 'cutoff': 28}",K=11/th=0.24/c=28,,,False,,,-1000000000.0,,,,,,,,,,,,,,0.0,1.0,0.0,0.0,6,0.0,0.0,0.0,0.0,0.0,0.0,"[0, 0, 0, 0, 0, 0]"
Legacy kNN,"{'K': 11, 'thresh': 0.24, 'cutoff': 32}",K=11/th=0.24/c=32,,,False,,,-1000000000.0,,,,,,,,,,,,,,0.0,1.0,0.0,0.0,6,0.0,0.0,0.0,0.0,0.0,0.0,"[0, 0, 0, 0, 0, 0]"
Legacy kNN,"{'K': 11, 'thresh': 0.28, 'cutoff': 6}",K=11/th=0.28/c=6,,,True,,1.183537749347125,1.1840062087193972,0.3217171676217818,0.3978885870518308,0.04387166723419723,0.95,0.3984027650983051,1.0,0.3136182280871211,0.4745869137650144,0.8999999999999998,0.7112860892388452,0.9002624671916011,1.2656826568265682,"[6, 28, 119, 77, 85, 28]",0.32964679392914115,0.02222378919704381,0.95,0.38861067995766635,0,0.24957109316003726,0.5075142724779781,0.8999999999999998,0.5290909090909091,0.6006060606060606,1.1351660939289805,"[15, 20, 456, 144, 299, 57]"
Legacy kNN,"{'K': 11, 'thresh': 0.28, 'cutoff': 8}",K=11/th=0.28/c=8,,,True,,1.3124818933901614,1.3101469494541171,-2.1609792899434486,0.5834121507024921,0.0037735849056603774,0.95,0.4094777586444331,3.0,0.5718007535067687,0.4082956833022829,0.8999999999999998,0.2440944881889764,0.24934383202099739,1.021505376344086,"[1, 6, 28, 26, 27, 7]",0.5769130471310885,0.0,0.95,0.410779674410096,3,0.6192748787819651,0.4541525726311835,0.8999999999999998,0.09818181818181818,0.09818181818181818,1.0,"[1, 2, 78, 21, 54, 6]"
Legacy kNN,"{'K': 11, 'thresh': 0.28, 'cutoff': 10}",K=11/th=0.28/c=10,,,False,,,1.1342639567830626,,,,,,,,,,,,,,0.7678532460903755,0.0,0.6767766952966369,0.416631181517926,6,0.9847036772967106,0.2977066197974376,0.35355339059327373,0.005454545454545455,0.005454545454545455,1.0,"[0, 0, 5, 0, 4, 0]"
Legacy kNN,"{'K': 11, 'thresh': 0.28, 'cutoff': 12}",K=11/th=0.28/c=12,,,False,,,-1000000000.0,,,,,,,,,,,,,,0.0,1.0,0.0,0.0,6,0.0,0.0,0.0,0.0,0.0,0.0,"[0, 0, 0, 0, 0, 0]"
Legacy kNN,"{'K': 11, 'thresh': 0.28, 'cutoff': 16}",K=11/th=0.28/c=16,,,False,,,-1000000000.0,,,,,,,,,,,,,,0.0,1.0,0.0,0.0,6,0.0,0.0,0.0,0.0,0.0,0.0,"[0, 0, 0, 0, 0, 0]"
Legacy kNN,"{'K': 11, 'thresh': 0.28, 'cutoff': 20}",K=11/th=0.28/c=20,,,False,,,-1000000000.0,,,,,,,,,,,,,,0.0,1.0,0.0,0.0,6,0.0,0.0,0.0,0.0,0.0,0.0,"[0, 0, 0, 0, 0, 0]"
Legacy kNN,"{'K': 11, 'thresh': 0.28, 'cutoff': 24}",K=11/th=0.28/c=24,,,False,,,-1000000000.0,,,,,,,,,,,,,,0.0,1.0,0.0,0.0,6,0.0,0.0,0.0,0.0,0.0,0.0,"[0, 0, 0, 0, 0, 0]"
Legacy kNN,"{'K': 11, 'thresh': 0.28, 'cutoff': 28}",K=11/th=0.28/c=28,,,False,,,-1000000000.0,,,,,,,,,,,,,,0.0,1.0,0.0,0.0,6,0.0,0.0,0.0,0.0,0.0,0.0,"[0, 0, 0, 0, 0, 0]"
Legacy kNN,"{'K': 11, 'thresh': 0.28, 'cutoff': 32}",K=11/th=0.28/c=32,,,False,,,-1000000000.0,,,,,,,,,,,,,,0.0,1.0,0.0,0.0,6,0.0,0.0,0.0,0.0,0.0,0.0,"[0, 0, 0, 0, 0, 0]"
Legacy kNN,"{'K': 11, 'thresh': 0.32, 'cutoff': 6}",K=11/th=0.32/c=6,,,True,,1.1857080441594436,1.1570683639667947,-0.006662570228911813,0.4007418282741927,0.04446501295454715,0.95,0.39810409613265996,1.0,0.31330133505187824,0.4685010928586055,0.8999999999999998,0.6876640419947506,0.868766404199475,1.2633587786259541,"[6, 27, 114, 73, 83, 28]",0.35397726465179347,0.02381872952945272,0.95,0.3896994294815131,1,0.27029184546867063,0.49329248178266016,0.8999999999999998,0.4412121212121212,0.5054545454545455,1.1456043956043958,"[9, 19, 388, 101, 267, 50]"
Legacy kNN,"{'K': 11, 'thresh': 0.32, 'cutoff': 8}",K=11/th=0.32/c=8,,,True,,1.3159238319369249,1.3203989056617478,-2.2333389039837517,0.5871190914048965,0.00392156862745098,0.95,0.4090876971982638,3.0,0.571779646282159,0.4020927205572122,0.8999999999999998,0.23622047244094488,0.24146981627296588,1.0222222222222221,"[1, 6, 27, 25, 26, 7]",0.5866733876820998,0.0,0.95,0.4124183932654934,3,0.6292311474005836,0.44330865743569214,0.8999999999999998,0.08727272727272728,0.08727272727272728,1.0,"[1, 2, 69, 16, 52, 4]"
Legacy kNN,"{'K': 11, 'thresh': 0.32, 'cutoff': 10}",K=11/th=0.32/c=10,,,False,,,1.1342639567830626,,,,,,,,,,,,,,0.7678532460903755,0.0,0.6767766952966369,0.416631181517926,6,0.9847036772967106,0.2977066197974376,0.35355339059327373,0.005454545454545455,0.005454545454545455,1.0,"[0, 0, 5, 0, 4, 0]"
Legacy kNN,"{'K': 11, 'thresh': 0.32, 'cutoff': 12}",K=11/th=0.32/c=12,,,False,,,-1000000000.0,,,,,,,,,,,,,,0.0,1.0,0.0,0.0,6,0.0,0.0,0.0,0.0,0.0,0.0,"[0, 0, 0, 0, 0, 0]"
Legacy kNN,"{'K': 11, 'thresh': 0.32, 'cutoff': 16}",K=11/th=0.32/c=16,,,False,,,-1000000000.0,,,,,,,,,,,,,,0.0,1.0,0.0,0.0,6,0.0,0.0,0.0,0.0,0.0,0.0,"[0, 0, 0, 0, 0, 0]"
Legacy kNN,"{'K': 11, 'thresh': 0.32, 'cutoff': 20}",K=11/th=0.32/c=20,,,False,,,-1000000000.0,,,,,,,,,,,,,,0.0,1.0,0.0,0.0,6,0.0,0.0,0.0,0.0,0.0,0.0,"[0, 0, 0, 0, 0, 0]"
Legacy kNN,"{'K': 11, 'thresh': 0.32, 'cutoff': 24}",K=11/th=0.32/c=24,,,False,,,-1000000000.0,,,,,,,,,,,,,,0.0,1.0,0.0,0.0,6,0.0,0.0,0.0,0.0,0.0,0.0,"[0, 0, 0, 0, 0, 0]"
Legacy kNN,"{'K': 11, 'thresh': 0.32, 'cutoff': 28}",K=11/th=0.32/c=28,,,False,,,-1000000000.0,,,,,,,,,,,,,,0.0,1.0,0.0,0.0,6,0.0,0.0,0.0,0.0,0.0,0.0,"[0, 0, 0, 0, 0, 0]"
Legacy kNN,"{'K': 11, 'thresh': 0.32, 'cutoff': 32}",K=11/th=0.32/c=32,,,False,,,-1000000000.0,,,,,,,,,,,,,,0.0,1.0,0.0,0.0,6,0.0,0.0,0.0,0.0,0.0,0.0,"[0, 0, 0, 0, 0, 0]"
Legacy kNN,"{'K': 13, 'thresh': 0.12, 'cutoff': 6}",K=13/th=0.12/c=6,,,True,,1.1083574251985966,1.083578865766458,0.9832987378231801,0.3242830689534533,0.09412077695961099,0.95,0.39398377734918105,0.0,0.2372970264603153,0.49446088783063163,0.8999999999999998,0.8976377952755905,1.3963254593175853,1.5555555555555556,"[15, 42, 180, 116, 144, 35]",0.26217378098204397,0.05397516633026339,0.95,0.3846008370489245,0,0.18494226154025897,0.5204753384719425,0.8999999999999998,0.786060606060606,1.044848484848485,1.3292212798766385,"[31, 38, 713, 318, 526, 98]"
Legacy kNN,"{'K': 13, 'thresh': 0.12, 'cutoff': 8}",K=13/th=0.12/c=8,,,True,,1.3284286689220204,1.2779061021277662,-1.0808476152104995,0.5087572597863723,0.013075593273613077,0.95,0.4091566746975373,1.0,0.4599365138371871,0.4441017013089808,0.8999999999999998,0.44881889763779526,0.49081364829396323,1.0935672514619883,"[2, 15, 63, 43, 50, 14]",0.5002937414926217,0.004985074626865671,0.95,0.40865811754003445,2,0.4914115116766817,0.4908334588816547,0.8999999999999998,0.2545454545454545,0.2606060606060606,1.023809523809524,"[4, 3, 206, 66, 136, 15]"
Legacy kNN,"{'K': 13, 'thresh': 0.12, 'cutoff': 10}",K=13/th=0.12/c=10,,,True,,1.4315660431742603,1.4065620639647292,-2.5189112828708526,0.6956770277333432,0.0,0.95,0.41963005146972276,3.0,0.8078583967574977,0.3533955599997554,0.8999999999999998,0.10498687664041995,0.10498687664041995,1.0,"[0, 2, 12, 12, 12, 2]",0.6794018149466167,0.0,0.9472135954999579,0.397964575393821,3,0.9593836884121902,0.45271587903709287,0.8944271909999157,0.04,0.04,1.0,"[0, 0, 35, 12, 19, 0]"
Legacy kNN,"{'K': 13, 'thresh': 0.12, 'cutoff': 12}",K=13/th=0.12/c=12,,,False,,,1.099999000001,,,,,,,,,,,,,,0.9999990000010001,0.0,0.5,0.0,6,1.0,1.1102230246251565e-16,0.0,0.0006060606060606061,0.0006060606060606061,1.0,"[0, 0, 0, 1, 0, 0]"
Legacy kNN,"{'K': 13, 'thresh': 0.12, 'cutoff': 16}",K=13/th=0.12/c=16,,,False,,,-1000000000.0,,,,,,,,,,,,,,0.0,1.0,0.0,0.0,6,0.0,0.0,0.0,0.0,0.0,0.0,"[0, 0, 0, 0, 0, 0]"
Legacy kNN,"{'K': 13, 'thresh': 0.12, 'cutoff': 20}",K=13/th=0.12/c=20,,,False,,,-1000000000.0,,,,,,,,,,,,,,0.0,1.0,0.0,0.0,6,0.0,0.0,0.0,0.0,0.0,0.0,"[0, 0, 0, 0, 0, 0]"
Legacy kNN,"{'K': 13, 'thresh': 0.12, 'cutoff': 24}",K=13/th=0.12/c=24,,,False,,,-1000000000.0,,,,,,,,,,,,,,0.0,1.0,0.0,0.0,6,0.0,0.0,0.0,0.0,0.0,0.0,"[0, 0, 0, 0, 0, 0]"
Legacy kNN,"{'K': 13, 'thresh': 0.12, 'cutoff': 28}",K=13/th=0.12/c=28,,,False,,,-1000000000.0,,,,,,,,,,,,,,0.0,1.0,0.0,0.0,6,0.0,0.0,0.0,0.0,0.0,0.0,"[0, 0, 0, 0, 0, 0]"
Legacy kNN,"{'K': 13, 'thresh': 0.12, 'cutoff': 32}",K=13/th=0.12/c=32,,,False,,,-1000000000.0,,,,,,,,,,,,,,0.0,1.0,0.0,0.0,6,0.0,0.0,0.0,0.0,0.0,0.0,"[0, 0, 0, 0, 0, 0]"
Legacy kNN,"{'K': 13, 'thresh': 0.14, 'cutoff': 6}",K=13/th=0.14/c=6,,,True,,1.1083574251985966,1.083578865766458,0.9832987378231801,0.3242830689534533,0.09412077695961099,0.95,0.39398377734918105,0.0,0.2372970264603153,0.49446088783063163,0.8999999999999998,0.8976377952755905,1.3963254593175853,1.5555555555555556,"[15, 42, 180, 116, 144, 35]",0.26217378098204397,0.05397516633026339,0.95,0.3846008370489245,0,0.18494226154025897,0.5204753384719425,0.8999999999999998,0.786060606060606,1.044848484848485,1.3292212798766385,"[31, 38, 713, 318, 526, 98]"
Legacy kNN,"{'K': 13, 'thresh': 0.14, 'cutoff': 8}",K=13/th=0.14/c=8,,,True,,1.3284286689220204,1.2779061021277662,-1.0808476152104995,0.5087572597863723,0.013075593273613077,0.95,0.4091566746975373,1.0,0.4599365138371871,0.4441017013089808,0.8999999999999998,0.44881889763779526,0.49081364829396323,1.0935672514619883,"[2, 15, 63, 43, 50, 14]",0.5002937414926217,0.004985074626865671,0.95,0.40865811754003445,2,0.4914115116766817,0.4908334588816547,0.8999999999999998,0.2545454545454545,0.2606060606060606,1.023809523809524,"[4, 3, 206, 66, 136, 15]"
Legacy kNN,"{'K': 13, 'thresh': 0.14, 'cutoff': 10}",K=13/th=0.14/c=10,,,True,,1.4315660431742603,1.4065620639647292,-2.5189112828708526,0.6956770277333432,0.0,0.95,0.41963005146972276,3.0,0.8078583967574977,0.3533955599997554,0.8999999999999998,0.10498687664041995,0.10498687664041995,1.0,"[0, 2, 12, 12, 12, 2]",0.6794018149466167,0.0,0.9472135954999579,0.397964575393821,3,0.9593836884121902,0.45271587903709287,0.8944271909999157,0.04,0.04,1.0,"[0, 0, 35, 12, 19, 0]"
Legacy kNN,"{'K': 13, 'thresh': 0.14, 'cutoff': 12}",K=13/th=0.14/c=12,,,False,,,1.099999000001,,,,,,,,,,,,,,0.9999990000010001,0.0,0.5,0.0,6,1.0,1.1102230246251565e-16,0.0,0.0006060606060606061,0.0006060606060606061,1.0,"[0, 0, 0, 1, 0, 0]"
Legacy kNN,"{'K': 13, 'thresh': 0.14, 'cutoff': 16}",K=13/th=0.14/c=16,,,False,,,-1000000000.0,,,,,,,,,,,,,,0.0,1.0,0.0,0.0,6,0.0,0.0,0.0,0.0,0.0,0.0,"[0, 0, 0, 0, 0, 0]"
Legacy kNN,"{'K': 13, 'thresh': 0.14, 'cutoff': 20}",K=13/th=0.14/c=20,,,False,,,-1000000000.0,,,,,,,,,,,,,,0.0,1.0,0.0,0.0,6,0.0,0.0,0.0,0.0,0.0,0.0,"[0, 0, 0, 0, 0, 0]"
Legacy kNN,"{'K': 13, 'thresh': 0.14, 'cutoff': 24}",K=13/th=0.14/c=24,,,False,,,-1000000000.0,,,,,,,,,,,,,,0.0,1.0,0.0,0.0,6,0.0,0.0,0.0,0.0,0.0,0.0,"[0, 0, 0, 0, 0, 0]"
Legacy kNN,"{'K': 13, 'thresh': 0.14, 'cutoff': 28}",K=13/th=0.14/c=28,,,False,,,-1000000000.0,,,,,,,,,,,,,,0.0,1.0,0.0,0.0,6,0.0,0.0,0.0,0.0,0.0,0.0,"[0, 0, 0, 0, 0, 0]"
Legacy kNN,"{'K': 13, 'thresh': 0.14, 'cutoff': 32}",K=13/th=0.14/c=32,,,False,,,-1000000000.0,,,,,,,,,,,,,,0.0,1.0,0.0,0.0,6,0.0,0.0,0.0,0.0,0.0,0.0,"[0, 0, 0, 0, 0, 0]"
Legacy kNN,"{'K': 13, 'thresh': 0.16, 'cutoff': 6}",K=13/th=0.16/c=6,,,True,,1.1083574251985966,1.083578865766458,0.9832987378231801,0.3242830689534533,0.09412077695961099,0.95,0.39398377734918105,0.0,0.2372970264603153,0.49446088783063163,0.8999999999999998,0.8976377952755905,1.3963254593175853,1.5555555555555556,"[15, 42, 180, 116, 144, 35]",0.26217378098204397,0.05397516633026339,0.95,0.3846008370489245,0,0.18494226154025897,0.5204753384719425,0.8999999999999998,0.786060606060606,1.044848484848485,1.3292212798766385,"[31, 38, 713, 318, 526, 98]"
Legacy kNN,"{'K': 13, 'thresh': 0.16, 'cutoff': 8}",K=13/th=0.16/c=8,,,True,,1.3284286689220204,1.2779061021277662,-1.0808476152104995,0.5087572597863723,0.013075593273613077,0.95,0.4091566746975373,1.0,0.4599365138371871,0.4441017013089808,0.8999999999999998,0.44881889763779526,0.49081364829396323,1.0935672514619883,"[2, 15, 63, 43, 50, 14]",0.5002937414926217,0.004985074626865671,0.95,0.40865811754003445,2,0.4914115116766817,0.4908334588816547,0.8999999999999998,0.2545454545454545,0.2606060606060606,1.023809523809524,"[4, 3, 206, 66, 136, 15]"
Legacy kNN,"{'K': 13, 'thresh': 0.16, 'cutoff': 10}",K=13/th=0.16/c=10,,,True,,1.4315660431742603,1.4065620639647292,-2.5189112828708526,0.6956770277333432,0.0,0.95,0.41963005146972276,3.0,0.8078583967574977,0.3533955599997554,0.8999999999999998,0.10498687664041995,0.10498687664041995,1.0,"[0, 2, 12, 12, 12, 2]",0.6794018149466167,0.0,0.9472135954999579,0.397964575393821,3,0.9593836884121902,0.45271587903709287,0.8944271909999157,0.04,0.04,1.0,"[0, 0, 35, 12, 19, 0]"
Legacy kNN,"{'K': 13, 'thresh': 0.16, 'cutoff': 12}",K=13/th=0.16/c=12,,,False,,,1.099999000001,,,,,,,,,,,,,,0.9999990000010001,0.0,0.5,0.0,6,1.0,1.1102230246251565e-16,0.0,0.0006060606060606061,0.0006060606060606061,1.0,"[0, 0, 0, 1, 0, 0]"
Legacy kNN,"{'K': 13, 'thresh': 0.16, 'cutoff': 16}",K=13/th=0.16/c=16,,,False,,,-1000000000.0,,,,,,,,,,,,,,0.0,1.0,0.0,0.0,6,0.0,0.0,0.0,0.0,0.0,0.0,"[0, 0, 0, 0, 0, 0]"
Legacy kNN,"{'K': 13, 'thresh': 0.16, 'cutoff': 20}",K=13/th=0.16/c=20,,,False,,,-1000000000.0,,,,,,,,,,,,,,0.0,1.0,0.0,0.0,6,0.0,0.0,0.0,0.0,0.0,0.0,"[0, 0, 0, 0, 0, 0]"
Legacy kNN,"{'K': 13, 'thresh': 0.16, 'cutoff': 24}",K=13/th=0.16/c=24,,,False,,,-1000000000.0,,,,,,,,,,,,,,0.0,1.0,0.0,0.0,6,0.0,0.0,0.0,0.0,0.0,0.0,"[0, 0, 0, 0, 0, 0]"
Legacy kNN,"{'K': 13, 'thresh': 0.16, 'cutoff': 28}",K=13/th=0.16/c=28,,,False,,,-1000000000.0,,,,,,,,,,,,,,0.0,1.0,0.0,0.0,6,0.0,0.0,0.0,0.0,0.0,0.0,"[0, 0, 0, 0, 0, 0]"
Legacy kNN,"{'K': 13, 'thresh': 0.16, 'cutoff': 32}",K=13/th=0.16/c=32,,,False,,,-1000000000.0,,,,,,,,,,,,,,0.0,1.0,0.0,0.0,6,0.0,0.0,0.0,0.0,0.0,0.0,"[0, 0, 0, 0, 0, 0]"
Legacy kNN,"{'K': 13, 'thresh': 0.2, 'cutoff': 6}",K=13/th=0.2/c=6,,,True,,1.1083574251985966,1.083578865766458,0.9832987378231801,0.3242830689534533,0.09412077695961099,0.95,0.39398377734918105,0.0,0.2372970264603153,0.49446088783063163,0.8999999999999998,0.8976377952755905,1.3963254593175853,1.5555555555555556,"[15, 42, 180, 116, 144, 35]",0.26217378098204397,0.05397516633026339,0.95,0.3846008370489245,0,0.18494226154025897,0.5204753384719425,0.8999999999999998,0.786060606060606,1.044848484848485,1.3292212798766385,"[31, 38, 713, 318, 526, 98]"
Legacy kNN,"{'K': 13, 'thresh': 0.2, 'cutoff': 8}",K=13/th=0.2/c=8,,,True,,1.3284286689220204,1.2779061021277662,-1.0808476152104995,0.5087572597863723,0.013075593273613077,0.95,0.4091566746975373,1.0,0.4599365138371871,0.4441017013089808,0.8999999999999998,0.44881889763779526,0.49081364829396323,1.0935672514619883,"[2, 15, 63, 43, 50, 14]",0.5002937414926217,0.004985074626865671,0.95,0.40865811754003445,2,0.4914115116766817,0.4908334588816547,0.8999999999999998,0.2545454545454545,0.2606060606060606,1.023809523809524,"[4, 3, 206, 66, 136, 15]"
Legacy kNN,"{'K': 13, 'thresh': 0.2, 'cutoff': 10}",K=13/th=0.2/c=10,,,True,,1.4315660431742603,1.4065620639647292,-2.5189112828708526,0.6956770277333432,0.0,0.95,0.41963005146972276,3.0,0.8078583967574977,0.3533955599997554,0.8999999999999998,0.10498687664041995,0.10498687664041995,1.0,"[0, 2, 12, 12, 12, 2]",0.6794018149466167,0.0,0.9472135954999579,0.397964575393821,3,0.9593836884121902,0.45271587903709287,0.8944271909999157,0.04,0.04,1.0,"[0, 0, 35, 12, 19, 0]"
Legacy kNN,"{'K': 13, 'thresh': 0.2, 'cutoff': 12}",K=13/th=0.2/c=12,,,False,,,1.099999000001,,,,,,,,,,,,,,0.9999990000010001,0.0,0.5,0.0,6,1.0,1.1102230246251565e-16,0.0,0.0006060606060606061,0.0006060606060606061,1.0,"[0, 0, 0, 1, 0, 0]"
Legacy kNN,"{'K': 13, 'thresh': 0.2, 'cutoff': 16}",K=13/th=0.2/c=16,,,False,,,-1000000000.0,,,,,,,,,,,,,,0.0,1.0,0.0,0.0,6,0.0,0.0,0.0,0.0,0.0,0.0,"[0, 0, 0, 0, 0, 0]"
Legacy kNN,"{'K': 13, 'thresh': 0.2, 'cutoff': 20}",K=13/th=0.2/c=20,,,False,,,-1000000000.0,,,,,,,,,,,,,,0.0,1.0,0.0,0.0,6,0.0,0.0,0.0,0.0,0.0,0.0,"[0, 0, 0, 0, 0, 0]"
Legacy kNN,"{'K': 13, 'thresh': 0.2, 'cutoff': 24}",K=13/th=0.2/c=24,,,False,,,-1000000000.0,,,,,,,,,,,,,,0.0,1.0,0.0,0.0,6,0.0,0.0,0.0,0.0,0.0,0.0,"[0, 0, 0, 0, 0, 0]"
Legacy kNN,"{'K': 13, 'thresh': 0.2, 'cutoff': 28}",K=13/th=0.2/c=28,,,False,,,-1000000000.0,,,,,,,,,,,,,,0.0,1.0,0.0,0.0,6,0.0,0.0,0.0,0.0,0.0,0.0,"[0, 0, 0, 0, 0, 0]"
Legacy kNN,"{'K': 13, 'thresh': 0.2, 'cutoff': 32}",K=13/th=0.2/c=32,,,False,,,-1000000000.0,,,,,,,,,,,,,,0.0,1.0,0.0,0.0,6,0.0,0.0,0.0,0.0,0.0,0.0,"[0, 0, 0, 0, 0, 0]"
Legacy kNN,"{'K': 13, 'thresh': 0.24, 'cutoff': 6}",K=13/th=0.24/c=6,,,True,,1.1083574251985966,1.0854651576313799,0.9806341082776961,0.3242830689534533,0.09412077695961099,0.95,0.39398377734918105,0.0,0.2372970264603153,0.49446088783063163,0.8999999999999998,0.8976377952755905,1.3963254593175853,1.5555555555555556,"[15, 42, 180, 116, 144, 35]",0.2635905050940408,0.05346551359611573,0.95,0.3844672204448495,0,0.18585432519146725,0.5192320038273085,0.8999999999999998,0.78,1.0363636363636364,1.3286713286713285,"[30, 38, 709, 313, 523, 97]"
Legacy kNN,"{'K': 13, 'thresh': 0.24, 'cutoff': 8}",K=13/th=0.24/c=8,,,True,,1.3284286689220204,1.2784434743075725,-1.0942208573106877,0.5087572597863723,0.013075593273613077,0.95,0.4091566746975373,1.0,0.4599365138371871,0.4441017013089808,0.8999999999999998,0.44881889763779526,0.49081364829396323,1.0935672514619883,"[2, 15, 63, 43, 50, 14]",0.5009279416793515,0.005059684251058914,0.95,0.40858405626426686,2,0.491196228990477,0.48937540056528483,0.8999999999999998,0.25212121212121213,0.2581818181818182,1.0240384615384615,"[4, 3, 206, 63, 135, 15]"
Legacy kNN,"{'K': 13, 'thresh': 0.24, 'cutoff': 10}",K=13/th=0.24/c=10,,,True,,1.4315660431742603,1.4065620639647292,-2.5189112828708526,0.6956770277333432,0.0,0.95,0.41963005146972276,3.0,0.8078583967574977,0.3533955599997554,0.8999999999999998,0.10498687664041995,0.10498687664041995,1.0,"[0, 2, 12, 12, 12, 2]",0.6794018149466167,0.0,0.9472135954999579,0.397964575393821,3,0.9593836884121902,0.45271587903709287,0.8944271909999157,0.04,0.04,1.0,"[0, 0, 35, 12, 19, 0]"
Legacy kNN,"{'K': 13, 'thresh': 0.24, 'cutoff': 12}",K=13/th=0.24/c=12,,,False,,,1.099999000001,,,,,,,,,,,,,,0.9999990000010001,0.0,0.5,0.0,6,1.0,1.1102230246251565e-16,0.0,0.0006060606060606061,0.0006060606060606061,1.0,"[0, 0, 0, 1, 0, 0]"
Legacy kNN,"{'K': 13, 'thresh': 0.24, 'cutoff': 16}",K=13/th=0.24/c=16,,,False,,,-1000000000.0,,,,,,,,,,,,,,0.0,1.0,0.0,0.0,6,0.0,0.0,0.0,0.0,0.0,0.0,"[0, 0, 0, 0, 0, 0]"
Legacy kNN,"{'K': 13, 'thresh': 0.24, 'cutoff': 20}",K=13/th=0.24/c=20,,,False,,,-1000000000.0,,,,,,,,,,,,,,0.0,1.0,0.0,0.0,6,0.0,0.0,0.0,0.0,0.0,0.0,"[0, 0, 0, 0, 0, 0]"
Legacy kNN,"{'K': 13, 'thresh': 0.24, 'cutoff': 24}",K=13/th=0.24/c=24,,,False,,,-1000000000.0,,,,,,,,,,,,,,0.0,1.0,0.0,0.0,6,0.0,0.0,0.0,0.0,0.0,0.0,"[0, 0, 0, 0, 0, 0]"
Legacy kNN,"{'K': 13, 'thresh': 0.24, 'cutoff': 28}",K=13/th=0.24/c=28,,,False,,,-1000000000.0,,,,,,,,,,,,,,0.0,1.0,0.0,0.0,6,0.0,0.0,0.0,0.0,0.0,0.0,"[0, 0, 0, 0, 0, 0]"
Legacy kNN,"{'K': 13, 'thresh': 0.24, 'cutoff': 32}",K=13/th=0.24/c=32,,,False,,,-1000000000.0,,,,,,,,,,,,,,0.0,1.0,0.0,0.0,6,0.0,0.0,0.0,0.0,0.0,0.0,"[0, 0, 0, 0, 0, 0]"
Legacy kNN,"{'K': 13, 'thresh': 0.28, 'cutoff': 6}",K=13/th=0.28/c=6,,,True,,1.105826879150985,1.098360273609973,0.9435427568346814,0.32225771402618486,0.09447129909967472,0.95,0.39346821408158317,0.0,0.2341570656260078,0.4924562416019691,0.8999999999999998,0.8871391076115486,1.3805774278215224,1.5562130177514792,"[13, 42, 180, 113, 143, 35]",0.27541745300853887,0.052418602156900154,0.95,0.38453807586111366,0,0.1949730007773748,0.5129441018975852,0.8999999999999998,0.7315151515151516,0.9684848484848485,1.323943661971831,"[28, 36, 670, 273, 499, 92]"
Legacy kNN,"{'K': 13, 'thresh': 0.28, 'cutoff': 8}",K=13/th=0.28/c=8,,,True,,1.3275853171648495,1.2962821613104802,-1.157295587552329,0.5080484833684242,0.013075593273613077,0.95,0.40870809023346155,1.0,0.45809034011628375,0.4435752431182299,0.8999999999999998,0.4461942257217848,0.4881889763779528,1.0941176470588234,"[2, 14, 63, 43, 50, 14]",0.5182105711906722,0.0054480286738351254,0.95,0.4117320626454782,2,0.5195424287549159,0.483026680073979,0.8999999999999998,0.2381818181818182,0.24424242424242423,1.025445292620865,"[3, 3, 200, 52, 130, 15]"
Legacy kNN,"{'K': 13, 'thresh': 0.28, 'cutoff': 10}",K=13/th=0.28/c=10,,,True,,1.4315660431742603,1.3637461248246134,-2.591247883167993,0.6956770277333432,0.0,0.95,0.41963005146972276,3.0,0.8078583967574977,0.3533955599997554,0.8999999999999998,0.10498687664041995,0.10498687664041995,1.0,"[0, 2, 12, 12, 12, 2]",0.6858124606511701,0.0,0.9472135954999579,0.4005426259115904,4,0.9603491910159604,0.4399585611815739,0.8944271909999157,0.03636363636363636,0.03636363636363636,1.0,"[0, 0, 35, 8, 17, 0]"
Legacy kNN,"{'K': 13, 'thresh': 0.28, 'cutoff': 12}",K=13/th=0.28/c=12,,,False,,,-1000000000.0,,,,,,,,,,,,,,0.0,1.0,0.0,0.0,6,0.0,0.0,0.0,0.0,0.0,0.0,"[0, 0, 0, 0, 0, 0]"
Legacy kNN,"{'K': 13, 'thresh': 0.28, 'cutoff': 16}",K=13/th=0.28/c=16,,,False,,,-1000000000.0,,,,,,,,,,,,,,0.0,1.0,0.0,0.0,6,0.0,0.0,0.0,0.0,0.0,0.0,"[0, 0, 0, 0, 0, 0]"
Legacy kNN,"{'K': 13, 'thresh': 0.28, 'cutoff': 20}",K=13/th=0.28/c=20,,,False,,,-1000000000.0,,,,,,,,,,,,,,0.0,1.0,0.0,0.0,6,0.0,0.0,0.0,0.0,0.0,0.0,"[0, 0, 0, 0, 0, 0]"
Legacy kNN,"{'K': 13, 'thresh': 0.28, 'cutoff': 24}",K=13/th=0.28/c=24,,,False,,,-1000000000.0,,,,,,,,,,,,,,0.0,1.0,0.0,0.0,6,0.0,0.0,0.0,0.0,0.0,0.0,"[0, 0, 0, 0, 0, 0]"
Legacy kNN,"{'K': 13, 'thresh': 0.28, 'cutoff': 28}",K=13/th=0.28/c=28,,,False,,,-1000000000.0,,,,,,,,,,,,,,0.0,1.0,0.0,0.0,6,0.0,0.0,0.0,0.0,0.0,0.0,"[0, 0, 0, 0, 0, 0]"
Legacy kNN,"{'K': 13, 'thresh': 0.28, 'cutoff': 32}",K=13/th=0.28/c=32,,,False,,,-1000000000.0,,,,,,,,,,,,,,0.0,1.0,0.0,0.0,6,0.0,0.0,0.0,0.0,0.0,0.0,"[0, 0, 0, 0, 0, 0]"
Legacy kNN,"{'K': 13, 'thresh': 0.32, 'cutoff': 6}",K=13/th=0.32/c=6,,,True,,1.1079777412874519,1.1410665818352947,0.7221539584393485,0.3248571178305984,0.09482469562957369,0.95,0.39315106362142394,0.0,0.23345192145095936,0.48517661946830826,0.8999999999999998,0.8503937007874016,1.3175853018372703,1.5493827160493825,"[13, 40, 170, 107, 137, 35]",0.30481712651836906,0.03964235773528076,0.95,0.3863060435073546,0,0.21802353414658568,0.4972355847215942,0.8999999999999998,0.5933333333333334,0.7824242424242425,1.3186925434116445,"[15, 28, 552, 188, 430, 78]"
Legacy kNN,"{'K': 13, 'thresh': 0.32, 'cutoff': 8}",K=13/th=0.32/c=8,,,True,,1.3417070305860483,1.3087781201744721,-1.3885976148956385,0.5252547799185651,0.013482770157243227,0.95,0.3997834027490883,1.0,0.48505685573245666,0.43841180942253605,0.8999999999999998,0.42782152230971127,0.46981627296587924,1.098159509202454,"[1, 13, 61, 42, 48, 14]",0.5304865655288131,0.005654860788092232,0.95,0.4131547181125046,2,0.5284414679529401,0.4677023965756566,0.8999999999999998,0.2,0.20484848484848484,1.0242424242424242,"[2, 3, 169, 36, 115, 13]"
Legacy kNN,"{'K': 13, 'thresh': 0.32, 'cutoff': 10}",K=13/th=0.32/c=10,,,True,,1.4376871157870688,1.374447451847857,-2.6300415056397,0.7019533127627694,0.0,0.95,0.41911267674766556,3.0,0.8069345549223017,0.3426203204483037,0.8999999999999998,0.09973753280839895,0.09973753280839895,1.0,"[0, 2, 11, 11, 12, 2]",0.6954535324680446,0.0,0.9472135954999579,0.4040768099328197,4,0.9614099097681698,0.4210105819399703,0.8944271909999157,0.030303030303030304,0.030303030303030304,1.0,"[0, 0, 29, 6, 15, 0]"
Legacy kNN,"{'K': 13, 'thresh': 0.32, 'cutoff': 12}",K=13/th=0.32/c=12,,,False,,,-1000000000.0,,,,,,,,,,,,,,0.0,1.0,0.0,0.0,6,0.0,0.0,0.0,0.0,0.0,0.0,"[0, 0, 0, 0, 0, 0]"
Legacy kNN,"{'K': 13, 'thresh': 0.32, 'cutoff': 16}",K=13/th=0.32/c=16,,,False,,,-1000000000.0,,,,,,,,,,,,,,0.0,1.0,0.0,0.0,6,0.0,0.0,0.0,0.0,0.0,0.0,"[0, 0, 0, 0, 0, 0]"
Legacy kNN,"{'K': 13, 'thresh': 0.32, 'cutoff': 20}",K=13/th=0.32/c=20,,,False,,,-1000000000.0,,,,,,,,,,,,,,0.0,1.0,0.0,0.0,6,0.0,0.0,0.0,0.0,0.0,0.0,"[0, 0, 0, 0, 0, 0]"
Legacy kNN,"{'K': 13, 'thresh': 0.32, 'cutoff': 24}",K=13/th=0.32/c=24,,,False,,,-1000000000.0,,,,,,,,,,,,,,0.0,1.0,0.0,0.0,6,0.0,0.0,0.0,0.0,0.0,0.0,"[0, 0, 0, 0, 0, 0]"
Legacy kNN,"{'K': 13, 'thresh': 0.32, 'cutoff': 28}",K=13/th=0.32/c=28,,,False,,,-1000000000.0,,,,,,,,,,,,,,0.0,1.0,0.0,0.0,6,0.0,0.0,0.0,0.0,0.0,0.0,"[0, 0, 0, 0, 0, 0]"
Legacy kNN,"{'K': 13, 'thresh': 0.32, 'cutoff': 32}",K=13/th=0.32/c=32,,,False,,,-1000000000.0,,,,,,,,,,,,,,0.0,1.0,0.0,0.0,6,0.0,0.0,0.0,0.0,0.0,0.0,"[0, 0, 0, 0, 0, 0]"
Legacy kNN,"{'K': 15, 'thresh': 0.12, 'cutoff': 6}",K=15/th=0.12/c=6,,,True,,1.0210419553777972,0.991510626968461,0.9672856086029881,0.28974457344988463,0.14658625267980488,0.95,0.39294544869239145,0.0,0.2055698522535399,0.5039156095838414,0.8999999999999998,0.973753280839895,1.832020997375328,1.881401617250674,"[18, 56, 227, 161, 188, 48]",0.2186355572143109,0.10179267262649908,0.95,0.3822258079354974,0,0.14719284415386888,0.5260399428352599,0.8999999999999998,0.9206060606060606,1.490909090909091,1.6194865042791309,"[45, 70, 951, 487, 746, 161]"
Legacy kNN,"{'K': 15, 'thresh': 0.12, 'cutoff': 8}",K=15/th=0.12/c=8,,,True,,1.2458071546904423,1.1915435285127187,0.09051877939845565,0.4428659714044699,0.027654360479702943,0.95,0.40198514588558487,1.0,0.3732113311526749,0.4695061327859794,0.8999999999999998,0.6666666666666666,0.8031496062992126,1.204724409448819,"[4, 24, 109, 72, 78, 19]",0.4259098378205174,0.013873975038308126,0.95,0.3983588857683647,2,0.37666755296141935,0.5077147589829991,0.8999999999999998,0.47454545454545455,0.5266666666666666,1.1098339719029373,"[5, 8, 407, 143, 278, 28]"
Legacy kNN,"{'K': 15, 'thresh': 0.12, 'cutoff': 10}",K=15/th=0.12/c=10,,,True,,1.3833290366178606,1.3952303772141383,-1.9672167070286029,0.6528475054112189,0.0034482758620689655,0.95,0.4130993568957021,3.0,0.7811651476782672,0.41538456470627805,0.8999999999999998,0.2545931758530184,0.2572178477690289,1.0103092783505154,"[0, 5, 29, 30, 29, 5]",0.6226536504386962,0.0,1.0,0.4085890892514743,3,0.7792494114104722,0.4722469673673524,0.9999999999999999,0.11090909090909092,0.11151515151515151,1.005464480874317,"[0, 2, 90, 32, 54, 6]"
Legacy kNN,"{'K': 15, 'thresh': 0.12, 'cutoff': 12}",K=15/th=0.12/c=12,,,True,,1.3609353183488615,1.3503989002836025,-2.7895611315841196,0.7735066700765824,0.0,0.95,0.4247621609075977,6.0,0.8497844269010432,0.24882750014315266,0.8999999999999998,0.04461942257217848,0.04461942257217848,1.0,"[0, 1, 4, 5, 5, 2]",0.7182683869407493,0.0,0.9472135954999579,0.41453212314295673,5,0.9710438613426181,0.3808785686700694,0.8944271909999157,0.013939393939393939,0.013939393939393939,1.0,"[0, 0, 13, 5, 5, 0]"
Legacy kNN,"{'K': 15, 'thresh': 0.12, 'cutoff': 16}",K=15/th=0.12/c=16,,,False,,,-1000000000.0,,,,,,,,,,,,,,0.0,1.0,0.0,0.0,6,0.0,0.0,0.0,0.0,0.0,0.0,"[0, 0, 0, 0, 0, 0]"
Legacy kNN,"{'K': 15, 'thresh': 0.12, 'cutoff': 20}",K=15/th=0.12/c=20,,,False,,,-1000000000.0,,,,,,,,,,,,,,0.0,1.0,0.0,0.0,6,0.0,0.0,0.0,0.0,0.0,0.0,"[0, 0, 0, 0, 0, 0]"
Legacy kNN,"{'K': 15, 'thresh': 0.12, 'cutoff': 24}",K=15/th=0.12/c=24,,,False,,,-1000000000.0,,,,,,,,,,,,,,0.0,1.0,0.0,0.0,6,0.0,0.0,0.0,0.0,0.0,0.0,"[0, 0, 0, 0, 0, 0]"
Legacy kNN,"{'K': 15, 'thresh': 0.12, 'cutoff': 28}",K=15/th=0.12/c=28,,,False,,,-1000000000.0,,,,,,,,,,,,,,0.0,1.0,0.0,0.0,6,0.0,0.0,0.0,0.0,0.0,0.0,"[0, 0, 0, 0, 0, 0]"
Legacy kNN,"{'K': 15, 'thresh': 0.12, 'cutoff': 32}",K=15/th=0.12/c=32,,,False,,,-1000000000.0,,,,,,,,,,,,,,0.0,1.0,0.0,0.0,6,0.0,0.0,0.0,0.0,0.0,0.0,"[0, 0, 0, 0, 0, 0]"
Legacy kNN,"{'K': 15, 'thresh': 0.14, 'cutoff': 6}",K=15/th=0.14/c=6,,,True,,1.0210419553777972,0.991510626968461,0.9672856086029881,0.28974457344988463,0.14658625267980488,0.95,0.39294544869239145,0.0,0.2055698522535399,0.5039156095838414,0.8999999999999998,0.973753280839895,1.832020997375328,1.881401617250674,"[18, 56, 227, 161, 188, 48]",0.2186355572143109,0.10179267262649908,0.95,0.3822258079354974,0,0.14719284415386888,0.5260399428352599,0.8999999999999998,0.9206060606060606,1.490909090909091,1.6194865042791309,"[45, 70, 951, 487, 746, 161]"
Legacy kNN,"{'K': 15, 'thresh': 0.14, 'cutoff': 8}",K=15/th=0.14/c=8,,,True,,1.2458071546904423,1.1915435285127187,0.09051877939845565,0.4428659714044699,0.027654360479702943,0.95,0.40198514588558487,1.0,0.3732113311526749,0.4695061327859794,0.8999999999999998,0.6666666666666666,0.8031496062992126,1.204724409448819,"[4, 24, 109, 72, 78, 19]",0.4259098378205174,0.013873975038308126,0.95,0.3983588857683647,2,0.37666755296141935,0.5077147589829991,0.8999999999999998,0.47454545454545455,0.5266666666666666,1.1098339719029373,"[5, 8, 407, 143, 278, 28]"
Legacy kNN,"{'K': 15, 'thresh': 0.14, 'cutoff': 10}",K=15/th=0.14/c=10,,,True,,1.3833290366178606,1.3952303772141383,-1.9672167070286029,0.6528475054112189,0.0034482758620689655,0.95,0.4130993568957021,3.0,0.7811651476782672,0.41538456470627805,0.8999999999999998,0.2545931758530184,0.2572178477690289,1.0103092783505154,"[0, 5, 29, 30, 29, 5]",0.6226536504386962,0.0,1.0,0.4085890892514743,3,0.7792494114104722,0.4722469673673524,0.9999999999999999,0.11090909090909092,0.11151515151515151,1.005464480874317,"[0, 2, 90, 32, 54, 6]"
Legacy kNN,"{'K': 15, 'thresh': 0.14, 'cutoff': 12}",K=15/th=0.14/c=12,,,True,,1.3609353183488615,1.3503989002836025,-2.7895611315841196,0.7735066700765824,0.0,0.95,0.4247621609075977,6.0,0.8497844269010432,0.24882750014315266,0.8999999999999998,0.04461942257217848,0.04461942257217848,1.0,"[0, 1, 4, 5, 5, 2]",0.7182683869407493,0.0,0.9472135954999579,0.41453212314295673,5,0.9710438613426181,0.3808785686700694,0.8944271909999157,0.013939393939393939,0.013939393939393939,1.0,"[0, 0, 13, 5, 5, 0]"
Legacy kNN,"{'K': 15, 'thresh': 0.14, 'cutoff': 16}",K=15/th=0.14/c=16,,,False,,,-1000000000.0,,,,,,,,,,,,,,0.0,1.0,0.0,0.0,6,0.0,0.0,0.0,0.0,0.0,0.0,"[0, 0, 0, 0, 0, 0]"
Legacy kNN,"{'K': 15, 'thresh': 0.14, 'cutoff': 20}",K=15/th=0.14/c=20,,,False,,,-1000000000.0,,,,,,,,,,,,,,0.0,1.0,0.0,0.0,6,0.0,0.0,0.0,0.0,0.0,0.0,"[0, 0, 0, 0, 0, 0]"
Legacy kNN,"{'K': 15, 'thresh': 0.14, 'cutoff': 24}",K=15/th=0.14/c=24,,,False,,,-1000000000.0,,,,,,,,,,,,,,0.0,1.0,0.0,0.0,6,0.0,0.0,0.0,0.0,0.0,0.0,"[0, 0, 0, 0, 0, 0]"
Legacy kNN,"{'K': 15, 'thresh': 0.14, 'cutoff': 28}",K=15/th=0.14/c=28,,,False,,,-1000000000.0,,,,,,,,,,,,,,0.0,1.0,0.0,0.0,6,0.0,0.0,0.0,0.0,0.0,0.0,"[0, 0, 0, 0, 0, 0]"
Legacy kNN,"{'K': 15, 'thresh': 0.14, 'cutoff': 32}",K=15/th=0.14/c=32,,,False,,,-1000000000.0,,,,,,,,,,,,,,0.0,1.0,0.0,0.0,6,0.0,0.0,0.0,0.0,0.0,0.0,"[0, 0, 0, 0, 0, 0]"
Legacy kNN,"{'K': 15, 'thresh': 0.16, 'cutoff': 6}",K=15/th=0.16/c=6,,,True,,1.0210419553777972,0.991510626968461,0.9672856086029881,0.28974457344988463,0.14658625267980488,0.95,0.39294544869239145,0.0,0.2055698522535399,0.5039156095838414,0.8999999999999998,0.973753280839895,1.832020997375328,1.881401617250674,"[18, 56, 227, 161, 188, 48]",0.2186355572143109,0.10179267262649908,0.95,0.3822258079354974,0,0.14719284415386888,0.5260399428352599,0.8999999999999998,0.9206060606060606,1.490909090909091,1.6194865042791309,"[45, 70, 951, 487, 746, 161]"
Legacy kNN,"{'K': 15, 'thresh': 0.16, 'cutoff': 8}",K=15/th=0.16/c=8,,,True,,1.2458071546904423,1.1915435285127187,0.09051877939845565,0.4428659714044699,0.027654360479702943,0.95,0.40198514588558487,1.0,0.3732113311526749,0.4695061327859794,0.8999999999999998,0.6666666666666666,0.8031496062992126,1.204724409448819,"[4, 24, 109, 72, 78, 19]",0.4259098378205174,0.013873975038308126,0.95,0.3983588857683647,2,0.37666755296141935,0.5077147589829991,0.8999999999999998,0.47454545454545455,0.5266666666666666,1.1098339719029373,"[5, 8, 407, 143, 278, 28]"
Legacy kNN,"{'K': 15, 'thresh': 0.16, 'cutoff': 10}",K=15/th=0.16/c=10,,,True,,1.3833290366178606,1.3952303772141383,-1.9672167070286029,0.6528475054112189,0.0034482758620689655,0.95,0.4130993568957021,3.0,0.7811651476782672,0.41538456470627805,0.8999999999999998,0.2545931758530184,0.2572178477690289,1.0103092783505154,"[0, 5, 29, 30, 29, 5]",0.6226536504386962,0.0,1.0,0.4085890892514743,3,0.7792494114104722,0.4722469673673524,0.9999999999999999,0.11090909090909092,0.11151515151515151,1.005464480874317,"[0, 2, 90, 32, 54, 6]"
Legacy kNN,"{'K': 15, 'thresh': 0.16, 'cutoff': 12}",K=15/th=0.16/c=12,,,True,,1.3609353183488615,1.3503989002836025,-2.7895611315841196,0.7735066700765824,0.0,0.95,0.4247621609075977,6.0,0.8497844269010432,0.24882750014315266,0.8999999999999998,0.04461942257217848,0.04461942257217848,1.0,"[0, 1, 4, 5, 5, 2]",0.7182683869407493,0.0,0.9472135954999579,0.41453212314295673,5,0.9710438613426181,0.3808785686700694,0.8944271909999157,0.013939393939393939,0.013939393939393939,1.0,"[0, 0, 13, 5, 5, 0]"
Legacy kNN,"{'K': 15, 'thresh': 0.16, 'cutoff': 16}",K=15/th=0.16/c=16,,,False,,,-1000000000.0,,,,,,,,,,,,,,0.0,1.0,0.0,0.0,6,0.0,0.0,0.0,0.0,0.0,0.0,"[0, 0, 0, 0, 0, 0]"
Legacy kNN,"{'K': 15, 'thresh': 0.16, 'cutoff': 20}",K=15/th=0.16/c=20,,,False,,,-1000000000.0,,,,,,,,,,,,,,0.0,1.0,0.0,0.0,6,0.0,0.0,0.0,0.0,0.0,0.0,"[0, 0, 0, 0, 0, 0]"
Legacy kNN,"{'K': 15, 'thresh': 0.16, 'cutoff': 24}",K=15/th=0.16/c=24,,,False,,,-1000000000.0,,,,,,,,,,,,,,0.0,1.0,0.0,0.0,6,0.0,0.0,0.0,0.0,0.0,0.0,"[0, 0, 0, 0, 0, 0]"
Legacy kNN,"{'K': 15, 'thresh': 0.16, 'cutoff': 28}",K=15/th=0.16/c=28,,,False,,,-1000000000.0,,,,,,,,,,,,,,0.0,1.0,0.0,0.0,6,0.0,0.0,0.0,0.0,0.0,0.0,"[0, 0, 0, 0, 0, 0]"
Legacy kNN,"{'K': 15, 'thresh': 0.16, 'cutoff': 32}",K=15/th=0.16/c=32,,,False,,,-1000000000.0,,,,,,,,,,,,,,0.0,1.0,0.0,0.0,6,0.0,0.0,0.0,0.0,0.0,0.0,"[0, 0, 0, 0, 0, 0]"
Legacy kNN,"{'K': 15, 'thresh': 0.2, 'cutoff': 6}",K=15/th=0.2/c=6,,,True,,1.0210419553777972,0.991510626968461,0.9672856086029881,0.28974457344988463,0.14658625267980488,0.95,0.39294544869239145,0.0,0.2055698522535399,0.5039156095838414,0.8999999999999998,0.973753280839895,1.832020997375328,1.881401617250674,"[18, 56, 227, 161, 188, 48]",0.2186355572143109,0.10179267262649908,0.95,0.3822258079354974,0,0.14719284415386888,0.5260399428352599,0.8999999999999998,0.9206060606060606,1.490909090909091,1.6194865042791309,"[45, 70, 951, 487, 746, 161]"
Legacy kNN,"{'K': 15, 'thresh': 0.2, 'cutoff': 8}",K=15/th=0.2/c=8,,,True,,1.2458071546904423,1.1915435285127187,0.09051877939845565,0.4428659714044699,0.027654360479702943,0.95,0.40198514588558487,1.0,0.3732113311526749,0.4695061327859794,0.8999999999999998,0.6666666666666666,0.8031496062992126,1.204724409448819,"[4, 24, 109, 72, 78, 19]",0.4259098378205174,0.013873975038308126,0.95,0.3983588857683647,2,0.37666755296141935,0.5077147589829991,0.8999999999999998,0.47454545454545455,0.5266666666666666,1.1098339719029373,"[5, 8, 407, 143, 278, 28]"
Legacy kNN,"{'K': 15, 'thresh': 0.2, 'cutoff': 10}",K=15/th=0.2/c=10,,,True,,1.3833290366178606,1.3952303772141383,-1.9672167070286029,0.6528475054112189,0.0034482758620689655,0.95,0.4130993568957021,3.0,0.7811651476782672,0.41538456470627805,0.8999999999999998,0.2545931758530184,0.2572178477690289,1.0103092783505154,"[0, 5, 29, 30, 29, 5]",0.6226536504386962,0.0,1.0,0.4085890892514743,3,0.7792494114104722,0.4722469673673524,0.9999999999999999,0.11090909090909092,0.11151515151515151,1.005464480874317,"[0, 2, 90, 32, 54, 6]"
Legacy kNN,"{'K': 15, 'thresh': 0.2, 'cutoff': 12}",K=15/th=0.2/c=12,,,True,,1.3609353183488615,1.3503989002836025,-2.7895611315841196,0.7735066700765824,0.0,0.95,0.4247621609075977,6.0,0.8497844269010432,0.24882750014315266,0.8999999999999998,0.04461942257217848,0.04461942257217848,1.0,"[0, 1, 4, 5, 5, 2]",0.7182683869407493,0.0,0.9472135954999579,0.41453212314295673,5,0.9710438613426181,0.3808785686700694,0.8944271909999157,0.013939393939393939,0.013939393939393939,1.0,"[0, 0, 13, 5, 5, 0]"
Legacy kNN,"{'K': 15, 'thresh': 0.2, 'cutoff': 16}",K=15/th=0.2/c=16,,,False,,,-1000000000.0,,,,,,,,,,,,,,0.0,1.0,0.0,0.0,6,0.0,0.0,0.0,0.0,0.0,0.0,"[0, 0, 0, 0, 0, 0]"
Legacy kNN,"{'K': 15, 'thresh': 0.2, 'cutoff': 20}",K=15/th=0.2/c=20,,,False,,,-1000000000.0,,,,,,,,,,,,,,0.0,1.0,0.0,0.0,6,0.0,0.0,0.0,0.0,0.0,0.0,"[0, 0, 0, 0, 0, 0]"
Legacy kNN,"{'K': 15, 'thresh': 0.2, 'cutoff': 24}",K=15/th=0.2/c=24,,,False,,,-1000000000.0,,,,,,,,,,,,,,0.0,1.0,0.0,0.0,6,0.0,0.0,0.0,0.0,0.0,0.0,"[0, 0, 0, 0, 0, 0]"
Legacy kNN,"{'K': 15, 'thresh': 0.2, 'cutoff': 28}",K=15/th=0.2/c=28,,,False,,,-1000000000.0,,,,,,,,,,,,,,0.0,1.0,0.0,0.0,6,0.0,0.0,0.0,0.0,0.0,0.0,"[0, 0, 0, 0, 0, 0]"
Legacy kNN,"{'K': 15, 'thresh': 0.2, 'cutoff': 32}",K=15/th=0.2/c=32,,,False,,,-1000000000.0,,,,,,,,,,,,,,0.0,1.0,0.0,0.0,6,0.0,0.0,0.0,0.0,0.0,0.0,"[0, 0, 0, 0, 0, 0]"
Legacy kNN,"{'K': 15, 'thresh': 0.24, 'cutoff': 6}",K=15/th=0.24/c=6,,,True,,1.0241425018685744,0.9934757804754863,0.9758915334598757,0.2907589973615649,0.14444495260335172,0.95,0.3927615237012039,0.0,0.20616102815765394,0.5028823351412344,0.8999999999999998,0.968503937007874,1.821522309711286,1.880758807588076,"[17, 55, 227, 160, 187, 48]",0.22005540330488804,0.10121202760873269,0.95,0.3821080159311035,0,0.14795996837453138,0.524415015820376,0.8999999999999998,0.9103030303030303,1.4739393939393939,1.6191744340878829,"[44, 69, 943, 477, 739, 160]"
Legacy kNN,"{'K': 15, 'thresh': 0.24, 'cutoff': 8}",K=15/th=0.24/c=8,,,True,,1.2458071546904423,1.192004788726122,0.07638701040034546,0.4428659714044699,0.027654360479702943,0.95,0.40198514588558487,1.0,0.3732113311526749,0.4695061327859794,0.8999999999999998,0.6666666666666666,0.8031496062992126,1.204724409448819,"[4, 24, 109, 72, 78, 19]",0.42614863906203265,0.01361529815884388,0.95,0.398238159409778,2,0.3762752133739408,0.5066908523009258,0.8999999999999998,0.4709090909090909,0.5224242424242425,1.1093951093951095,"[5, 8, 406, 139, 276, 28]"
Legacy kNN,"{'K': 15, 'thresh': 0.24, 'cutoff': 10}",K=15/th=0.24/c=10,,,True,,1.3833290366178606,1.3955852942913838,-1.9712675364375225,0.6528475054112189,0.0034482758620689655,0.95,0.4130993568957021,3.0,0.7811651476782672,0.41538456470627805,0.8999999999999998,0.2545931758530184,0.2572178477690289,1.0103092783505154,"[0, 5, 29, 30, 29, 5]",0.6230101254193751,0.0,1.0,0.4085838962400292,3,0.7792044196076031,0.4715036584881774,0.9999999999999999,0.1103030303030303,0.11090909090909092,1.0054945054945055,"[0, 2, 90, 31, 54, 6]"
Legacy kNN,"{'K': 15, 'thresh': 0.24, 'cutoff': 12}",K=15/th=0.24/c=12,,,True,,1.3609353183488615,1.3548204412212475,-2.7902084611698914,0.7735066700765824,0.0,0.95,0.4247621609075977,6.0,0.8497844269010432,0.24882750014315266,0.8999999999999998,0.04461942257217848,0.04461942257217848,1.0,"[0, 1, 4, 5, 5, 2]",0.722294679372638,0.0,0.9472135954999579,0.4158496181621434,5,0.9713828986623722,0.37347288403756984,0.8944271909999157,0.013333333333333334,0.013333333333333334,1.0,"[0, 0, 13, 4, 5, 0]"
Legacy kNN,"{'K': 15, 'thresh': 0.24, 'cutoff': 16}",K=15/th=0.24/c=16,,,False,,,-1000000000.0,,,,,,,,,,,,,,0.0,1.0,0.0,0.0,6,0.0,0.0,0.0,0.0,0.0,0.0,"[0, 0, 0, 0, 0, 0]"
Legacy kNN,"{'K': 15, 'thresh': 0.24, 'cutoff': 20}",K=15/th=0.24/c=20,,,False,,,-1000000000.0,,,,,,,,,,,,,,0.0,1.0,0.0,0.0,6,0.0,0.0,0.0,0.0,0.0,0.0,"[0, 0, 0, 0, 0, 0]"
Legacy kNN,"{'K': 15, 'thresh': 0.24, 'cutoff': 24}",K=15/th=0.24/c=24,,,False,,,-1000000000.0,,,,,,,,,,,,,,0.0,1.0,0.0,0.0,6,0.0,0.0,0.0,0.0,0.0,0.0,"[0, 0, 0, 0, 0, 0]"
Legacy kNN,"{'K': 15, 'thresh': 0.24, 'cutoff': 28}",K=15/th=0.24/c=28,,,False,,,-1000000000.0,,,,,,,,,,,,,,0.0,1.0,0.0,0.0,6,0.0,0.0,0.0,0.0,0.0,0.0,"[0, 0, 0, 0, 0, 0]"
Legacy kNN,"{'K': 15, 'thresh': 0.24, 'cutoff': 32}",K=15/th=0.24/c=32,,,False,,,-1000000000.0,,,,,,,,,,,,,,0.0,1.0,0.0,0.0,6,0.0,0.0,0.0,0.0,0.0,0.0,"[0, 0, 0, 0, 0, 0]"
Legacy kNN,"{'K': 15, 'thresh': 0.28, 'cutoff': 6}",K=15/th=0.28/c=6,,,True,,1.028760156522821,1.0036696524629247,1.0036655202315197,0.29269323710199785,0.14164681320852582,0.95,0.3923791087644969,0.0,0.20643454094414468,0.4988576287514922,0.8999999999999998,0.952755905511811,1.779527559055118,1.8677685950413223,"[15, 54, 223, 155, 184, 47]",0.22853376097006006,0.0994664495982996,0.95,0.3820078036372145,0,0.15342191033173622,0.5179085799500687,0.8999999999999998,0.8490909090909091,1.3648484848484848,1.6074232690935044,"[41, 64, 884, 413, 697, 153]"
Legacy kNN,"{'K': 15, 'thresh': 0.28, 'cutoff': 8}",K=15/th=0.28/c=8,,,True,,1.2458548854068743,1.2123658901212429,-0.04949994571040062,0.4434346725625955,0.02808255991903833,0.95,0.40167590921105745,1.0,0.37218059979619283,0.46713165833351644,0.8999999999999998,0.6587926509186351,0.7926509186351706,1.203187250996016,"[4, 23, 107, 71, 78, 19]",0.4449239139012685,0.012448419628792548,0.95,0.39963465282922345,2,0.3996779672632967,0.49862736057321466,0.8999999999999998,0.4351515151515152,0.4818181818181818,1.107242339832869,"[4, 8, 378, 111, 268, 26]"
Legacy kNN,"{'K': 15, 'thresh': 0.28, 'cutoff': 10}",K=15/th=0.28/c=10,,,True,,1.3820780638021986,1.359174821529697,-2.0607646564751323,0.6519101736572867,0.0034482758620689655,0.95,0.412053886689936,3.0,0.7771576814253117,0.41496519212213284,0.8999999999999998,0.25196850393700787,0.2545931758530184,1.0104166666666667,"[0, 4, 29, 30, 29, 5]",0.6264719375624948,0.0,0.95,0.4090096132240081,3,0.7790239640865049,0.4644847885092243,0.8999999999999998,0.10303030303030303,0.10363636363636364,1.0058823529411764,"[0, 2, 87, 24, 52, 6]"
Legacy kNN,"{'K': 15, 'thresh': 0.28, 'cutoff': 12}",K=15/th=0.28/c=12,,,True,,1.3609353183488615,1.3657014386230497,-2.7894762240986672,0.7735066700765824,0.0,0.95,0.4247621609075977,6.0,0.8497844269010432,0.24882750014315266,0.8999999999999998,0.04461942257217848,0.04461942257217848,1.0,"[0, 1, 4, 5, 5, 2]",0.7319976492262915,0.0,0.9472135954999579,0.41977637665597317,5,0.9724737516029537,0.3560455689620662,0.8944271909999157,0.012121212121212121,0.012121212121212121,1.0,"[0, 0, 13, 3, 4, 0]"
Legacy kNN,"{'K': 15, 'thresh': 0.28, 'cutoff': 16}",K=15/th=0.28/c=16,,,False,,,-1000000000.0,,,,,,,,,,,,,,0.0,1.0,0.0,0.0,6,0.0,0.0,0.0,0.0,0.0,0.0,"[0, 0, 0, 0, 0, 0]"
Legacy kNN,"{'K': 15, 'thresh': 0.28, 'cutoff': 20}",K=15/th=0.28/c=20,,,False,,,-1000000000.0,,,,,,,,,,,,,,0.0,1.0,0.0,0.0,6,0.0,0.0,0.0,0.0,0.0,0.0,"[0, 0, 0, 0, 0, 0]"
Legacy kNN,"{'K': 15, 'thresh': 0.28, 'cutoff': 24}",K=15/th=0.28/c=24,,,False,,,-1000000000.0,,,,,,,,,,,,,,0.0,1.0,0.0,0.0,6,0.0,0.0,0.0,0.0,0.0,0.0,"[0, 0, 0, 0, 0, 0]"
Legacy kNN,"{'K': 15, 'thresh': 0.28, 'cutoff': 28}",K=15/th=0.28/c=28,,,False,,,-1000000000.0,,,,,,,,,,,,,,0.0,1.0,0.0,0.0,6,0.0,0.0,0.0,0.0,0.0,0.0,"[0, 0, 0, 0, 0, 0]"
Legacy kNN,"{'K': 15, 'thresh': 0.28, 'cutoff': 32}",K=15/th=0.28/c=32,,,False,,,-1000000000.0,,,,,,,,,,,,,,0.0,1.0,0.0,0.0,6,0.0,0.0,0.0,0.0,0.0,0.0,"[0, 0, 0, 0, 0, 0]"
Legacy kNN,"{'K': 15, 'thresh': 0.32, 'cutoff': 6}",K=15/th=0.32/c=6,,,True,,1.0354966914124095,1.033494470798854,0.8698539749310854,0.2957002534285315,0.13776494717568805,0.95,0.3918712838652202,0.0,0.20559284040294964,0.489680641168098,0.8999999999999998,0.9002624671916011,1.6640419947506562,1.848396501457726,"[15, 52, 209, 139, 172, 47]",0.2476888654514682,0.08920141063630976,0.95,0.3833567199456519,0,0.1651441599451913,0.5015951864332349,0.8999999999999998,0.6690909090909091,1.0684848484848486,1.5969202898550727,"[23, 49, 711, 282, 569, 129]"
Legacy kNN,"{'K': 15, 'thresh': 0.32, 'cutoff': 8}",K=15/th=0.32/c=8,,,True,,1.2671810246342539,1.2225109190802548,-0.45075013473942893,0.4596960485420649,0.023119182144653017,0.95,0.4020138607894732,1.0,0.391122036690329,0.4597044566735584,0.8999999999999998,0.6272965879265092,0.7506561679790026,1.1966527196652719,"[3, 20, 101, 69, 74, 19]",0.4547829188656964,0.012483992813521336,0.95,0.4007066434269327,2,0.40138174211759164,0.48119601242029625,0.8999999999999998,0.3418181818181818,0.38181818181818183,1.1170212765957448,"[3, 7, 306, 71, 221, 22]"
Legacy kNN,"{'K': 15, 'thresh': 0.32, 'cutoff': 10}",K=15/th=0.32/c=10,,,True,,1.3892609226369084,1.3668853280077977,-2.1693367077847805,0.6594022765744447,0.0037735849056603774,0.95,0.4121074365604133,3.0,0.7775589932833058,0.40162761480727927,0.8999999999999998,0.23622047244094488,0.2388451443569554,1.011111111111111,"[0, 4, 27, 27, 28, 5]",0.6339167642758092,0.0,0.95,0.4098952124399612,3,0.778697300768903,0.4496921514988991,0.8999999999999998,0.08727272727272728,0.08787878787878788,1.0069444444444444,"[0, 2, 75, 17, 45, 6]"
Legacy kNN,"{'K': 15, 'thresh': 0.32, 'cutoff': 12}",K=15/th=0.32/c=12,,,False,,,1.3772150292973462,,,,,,,,,,,,,,0.74271640987565,0.0,0.9472135954999579,0.422425810072433,5,0.9724472356522232,0.3368633975928753,0.8944271909999157,0.009696969696969697,0.009696969696969697,1.0,"[0, 0, 10, 2, 4, 0]"
Legacy kNN,"{'K': 15, 'thresh': 0.32, 'cutoff': 16}",K=15/th=0.32/c=16,,,False,,,-1000000000.0,,,,,,,,,,,,,,0.0,1.0,0.0,0.0,6,0.0,0.0,0.0,0.0,0.0,0.0,"[0, 0, 0, 0, 0, 0]"
Legacy kNN,"{'K': 15, 'thresh': 0.32, 'cutoff': 20}",K=15/th=0.32/c=20,,,False,,,-1000000000.0,,,,,,,,,,,,,,0.0,1.0,0.0,0.0,6,0.0,0.0,0.0,0.0,0.0,0.0,"[0, 0, 0, 0, 0, 0]"
Legacy kNN,"{'K': 15, 'thresh': 0.32, 'cutoff': 24}",K=15/th=0.32/c=24,,,False,,,-1000000000.0,,,,,,,,,,,,,,0.0,1.0,0.0,0.0,6,0.0,0.0,0.0,0.0,0.0,0.0,"[0, 0, 0, 0, 0, 0]"
Legacy kNN,"{'K': 15, 'thresh': 0.32, 'cutoff': 28}",K=15/th=0.32/c=28,,,False,,,-1000000000.0,,,,,,,,,,,,,,0.0,1.0,0.0,0.0,6,0.0,0.0,0.0,0.0,0.0,0.0,"[0, 0, 0, 0, 0, 0]"
Legacy kNN,"{'K': 15, 'thresh': 0.32, 'cutoff': 32}",K=15/th=0.32/c=32,,,False,,,-1000000000.0,,,,,,,,,,,,,,0.0,1.0,0.0,0.0,6,0.0,0.0,0.0,0.0,0.0,0.0,"[0, 0, 0, 0, 0, 0]"
Legacy kNN (freq),"{'K': 5, 'thresh': 0.12, 'cutoff': 6}",K=5/th=0.12/c=6,,,True,,0.4212107873856448,0.5037391698679294,-4.286974957235294,0.041291405761247374,0.5332586973081379,1.0,0.3772602631084511,0.0,0.022366738921653122,0.519312509287398,0.9999999999999999,0.9658792650918635,3.4698162729658795,3.592391304347826,"[129, 204, 260, 281, 243, 205]",0.0320056672576466,0.43885039145488614,1.0,0.36861298021722994,0,0.017759500345997183,0.537125614135937,0.9999999999999999,0.9321212121212121,2.840606060606061,3.0474642392717817,"[469, 700, 938, 911, 931, 738]"
Legacy kNN (freq),"{'K': 5, 'thresh': 0.12, 'cutoff': 8}",K=5/th=0.12/c=8,,,True,,0.4266818489389926,0.5191453894965128,-3.5806315030125746,0.04338529135966562,0.5298169515107432,1.0,0.37704503030023356,0.0,0.023511182522222833,0.5184037937314407,0.9999999999999999,0.9291338582677166,3.3070866141732282,3.559322033898305,"[120, 197, 247, 271, 233, 192]",0.036272007732123766,0.42778646653082825,1.0,0.36886616098405745,0,0.020213436296450043,0.5370592731086213,0.9999999999999999,0.8751515151515151,2.58,2.948060941828255,"[415, 671, 803, 842, 851, 675]"
Legacy kNN (freq),"{'K': 5, 'thresh': 0.12, 'cutoff': 10}",K=5/th=0.12/c=10,,,True,,0.4336102404184662,0.5274778700425339,-3.441443684192817,0.044154476496477385,0.5236590342605709,1.0,0.37704932727519874,0.0,0.02395476069207316,0.5185659175795344,0.9999999999999999,0.9028871391076115,3.1784776902887137,3.520348837209302,"[116, 193, 237, 263, 219, 183]",0.038271605218339666,0.4214249422478442,1.0,0.3687706902401278,0,0.021397636219083683,0.537700886704245,0.9999999999999999,0.8278787878787879,2.423636363636364,2.9275256222547585,"[393, 649, 739, 768, 793, 657]"
Legacy kNN (freq),"{'K': 5, 'thresh': 0.12, 'cutoff': 12}",K=5/th=0.12/c=12,,,True,,0.47112737929417503,0.5724919867627165,-2.200752951526586,0.05242857005031405,0.49435195664307097,1.0,0.37683588628977305,0.0,0.028592698207430288,0.5167711320748142,0.9999999999999999,0.8792650918635171,2.9238845144356955,3.325373134328358,"[96, 175, 219, 249, 203, 172]",0.047375944073392066,0.38575844551852534,1.0,0.36958162735949923,0,0.026715760648175366,0.5371930710332546,0.9999999999999999,0.7933333333333333,2.1563636363636363,2.718105423987777,"[329, 539, 662, 701, 714, 613]"
Legacy kNN (freq),"{'K': 5, 'thresh': 0.12, 'cutoff': 16}",K=5/th=0.12/c=16,,,True,,0.5359873354495461,0.6389939348644122,-0.7833708544028517,0.06575815017144473,0.4431114378035911,1.0,0.3778020769389747,0.0,0.03605103929721665,0.5121847831076766,0.9999999999999999,0.8083989501312336,2.393700787401575,2.961038961038961,"[75, 139, 181, 205, 173, 139]",0.06503855315859206,0.337477852967622,1.0,0.37144411557814055,0,0.03743035901727295,0.5380789683112207,0.9999999999999999,0.6436363636363637,1.5212121212121212,2.3634651600753296,"[222, 329, 491, 505, 520, 443]"
Legacy kNN (freq),"{'K': 5, 'thresh': 0.12, 'cutoff': 20}",K=5/th=0.12/c=20,,,True,,0.6315543389261166,0.7572831839248685,-0.035089782742428244,0.09683717487503879,0.3791533814715934,1.0,0.3795684850755702,0.0,0.054669118741909745,0.5098766972144231,0.9999999999999999,0.7165354330708661,1.8871391076115485,2.6336996336996337,"[55, 111, 146, 169, 127, 111]",0.08624453657124201,0.24109264905253203,1.0,0.3737709880205282,0,0.05035870023798114,0.533546275027855,0.9999999999999999,0.5327272727272727,1.0696969696969696,2.0079635949943118,"[173, 236, 348, 357, 373, 278]"
Legacy kNN (freq),"{'K': 5, 'thresh': 0.12, 'cutoff': 24}",K=5/th=0.12/c=24,,,True,,0.810102818727619,0.7586647819051339,-0.24268008781140005,0.19233491576553619,0.29765811638304956,1.0,0.3847533978171077,0.0,0.11943214496680273,0.5015261046392084,0.9999999999999999,0.6220472440944882,1.3674540682414698,2.19831223628692,"[24, 66, 105, 133, 101, 92]",0.11275092558003978,0.18675335390681436,0.8999999999999999,0.3755573674396952,0,0.06744555187812959,0.5307352504544042,0.7999999999999999,0.40606060606060607,0.7096969696969697,1.7477611940298508,"[89, 143, 241, 238, 254, 206]"
Legacy kNN (freq),"{'K': 5, 'thresh': 0.12, 'cutoff': 28}",K=5/th=0.12/c=28,,,True,,0.8812701483115036,0.9011447879562366,-0.6753515389491811,0.2285908777407,0.2633402311867535,1.0,0.3867316725251903,0.0,0.1468986373200261,0.4957272197615554,0.9999999999999999,0.5564304461942258,1.0813648293963254,1.9433962264150941,"[20, 56, 81, 111, 81, 63]",0.17271471352763287,0.14559468641689294,0.95,0.3800825361516558,0,0.11068901124360311,0.5301877054420331,0.8999999999999998,0.2884848484848485,0.4581818181818182,1.588235294117647,"[37, 83, 154, 152, 206, 124]"
Legacy kNN (freq),"{'K': 5, 'thresh': 0.12, 'cutoff': 32}",K=5/th=0.12/c=32,,,True,,0.9141679429654561,0.9448540557846723,-1.0626232839183753,0.2491087113734469,0.2511776387285773,1.0,0.38745623440195487,0.0,0.16171782905128604,0.48746693470488234,0.9999999999999999,0.45144356955380577,0.8818897637795275,1.9534883720930232,"[16, 50, 72, 92, 62, 44]",0.19963957847774103,0.12954237232821625,0.95,0.38252283211715854,0,0.13081211091409378,0.5244282591165426,0.8999999999999998,0.21636363636363637,0.32606060606060605,1.5070028011204482,"[31, 51, 108, 111, 152, 85]"
Legacy kNN (freq),"{'K': 5, 'thresh': 0.14, 'cutoff': 6}",K=5/th=0.14/c=6,,,True,,0.4212107873856448,0.5037391698679294,-4.286974957235294,0.041291405761247374,0.5332586973081379,1.0,0.3772602631084511,0.0,0.022366738921653122,0.519312509287398,0.9999999999999999,0.9658792650918635,3.4698162729658795,3.592391304347826,"[129, 204, 260, 281, 243, 205]",0.0320056672576466,0.43885039145488614,1.0,0.36861298021722994,0,0.017759500345997183,0.537125614135937,0.9999999999999999,0.9321212121212121,2.840606060606061,3.0474642392717817,"[469, 700, 938, 911, 931, 738]"
Legacy kNN (freq),"{'K': 5, 'thresh': 0.14, 'cutoff': 8}",K=5/th=0.14/c=8,,,True,,0.4266818489389926,0.5191453894965128,-3.5806315030125746,0.04338529135966562,0.5298169515107432,1.0,0.37704503030023356,0.0,0.023511182522222833,0.5184037937314407,0.9999999999999999,0.9291338582677166,3.3070866141732282,3.559322033898305,"[120, 197, 247, 271, 233, 192]",0.036272007732123766,0.42778646653082825,1.0,0.36886616098405745,0,0.020213436296450043,0.5370592731086213,0.9999999999999999,0.8751515151515151,2.58,2.948060941828255,"[415, 671, 803, 842, 851, 675]"
Legacy kNN (freq),"{'K': 5, 'thresh': 0.14, 'cutoff': 10}",K=5/th=0.14/c=10,,,True,,0.4336102404184662,0.5274778700425339,-3.441443684192817,0.044154476496477385,0.5236590342605709,1.0,0.37704932727519874,0.0,0.02395476069207316,0.5185659175795344,0.9999999999999999,0.9028871391076115,3.1784776902887137,3.520348837209302,"[116, 193, 237, 263, 219, 183]",0.038271605218339666,0.4214249422478442,1.0,0.3687706902401278,0,0.021397636219083683,0.537700886704245,0.9999999999999999,0.8278787878787879,2.423636363636364,2.9275256222547585,"[393, 649, 739, 768, 793, 657]"
Legacy kNN (freq),"{'K': 5, 'thresh': 0.14, 'cutoff': 12}",K=5/th=0.14/c=12,,,True,,0.47112737929417503,0.5724919867627165,-2.200752951526586,0.05242857005031405,0.49435195664307097,1.0,0.37683588628977305,0.0,0.028592698207430288,0.5167711320748142,0.9999999999999999,0.8792650918635171,2.9238845144356955,3.325373134328358,"[96, 175, 219, 249, 203, 172]",0.047375944073392066,0.38575844551852534,1.0,0.36958162735949923,0,0.026715760648175366,0.5371930710332546,0.9999999999999999,0.7933333333333333,2.1563636363636363,2.718105423987777,"[329, 539, 662, 701, 714, 613]"
Legacy kNN (freq),"{'K': 5, 'thresh': 0.14, 'cutoff': 16}",K=5/th=0.14/c=16,,,True,,0.5359873354495461,0.6389939348644122,-0.7833708544028517,0.06575815017144473,0.4431114378035911,1.0,0.3778020769389747,0.0,0.03605103929721665,0.5121847831076766,0.9999999999999999,0.8083989501312336,2.393700787401575,2.961038961038961,"[75, 139, 181, 205, 173, 139]",0.06503855315859206,0.337477852967622,1.0,0.37144411557814055,0,0.03743035901727295,0.5380789683112207,0.9999999999999999,0.6436363636363637,1.5212121212121212,2.3634651600753296,"[222, 329, 491, 505, 520, 443]"
Legacy kNN (freq),"{'K': 5, 'thresh': 0.14, 'cutoff': 20}",K=5/th=0.14/c=20,,,True,,0.6315543389261166,0.7572831839248685,-0.035089782742428244,0.09683717487503879,0.3791533814715934,1.0,0.3795684850755702,0.0,0.054669118741909745,0.5098766972144231,0.9999999999999999,0.7165354330708661,1.8871391076115485,2.6336996336996337,"[55, 111, 146, 169, 127, 111]",0.08624453657124201,0.24109264905253203,1.0,0.3737709880205282,0,0.05035870023798114,0.533546275027855,0.9999999999999999,0.5327272727272727,1.0696969696969696,2.0079635949943118,"[173, 236, 348, 357, 373, 278]"
Legacy kNN (freq),"{'K': 5, 'thresh': 0.14, 'cutoff': 24}",K=5/th=0.14/c=24,,,True,,0.810102818727619,0.7586647819051339,-0.24268008781140005,0.19233491576553619,0.29765811638304956,1.0,0.3847533978171077,0.0,0.11943214496680273,0.5015261046392084,0.9999999999999999,0.6220472440944882,1.3674540682414698,2.19831223628692,"[24, 66, 105, 133, 101, 92]",0.11275092558003978,0.18675335390681436,0.8999999999999999,0.3755573674396952,0,0.06744555187812959,0.5307352504544042,0.7999999999999999,0.40606060606060607,0.7096969696969697,1.7477611940298508,"[89, 143, 241, 238, 254, 206]"
Legacy kNN (freq),"{'K': 5, 'thresh': 0.14, 'cutoff': 28}",K=5/th=0.14/c=28,,,True,,0.8812701483115036,0.9011447879562366,-0.6753515389491811,0.2285908777407,0.2633402311867535,1.0,0.3867316725251903,0.0,0.1468986373200261,0.4957272197615554,0.9999999999999999,0.5564304461942258,1.0813648293963254,1.9433962264150941,"[20, 56, 81, 111, 81, 63]",0.17271471352763287,0.14559468641689294,0.95,0.3800825361516558,0,0.11068901124360311,0.5301877054420331,0.8999999999999998,0.2884848484848485,0.4581818181818182,1.588235294117647,"[37, 83, 154, 152, 206, 124]"
Legacy kNN (freq),"{'K': 5, 'thresh': 0.14, 'cutoff': 32}",K=5/th=0.14/c=32,,,True,,0.9141679429654561,0.9448540557846723,-1.0626232839183753,0.2491087113734469,0.2511776387285773,1.0,0.38745623440195487,0.0,0.16171782905128604,0.48746693470488234,0.9999999999999999,0.45144356955380577,0.8818897637795275,1.9534883720930232,"[16, 50, 72, 92, 62, 44]",0.19963957847774103,0.12954237232821625,0.95,0.38252283211715854,0,0.13081211091409378,0.5244282591165426,0.8999999999999998,0.21636363636363637,0.32606060606060605,1.5070028011204482,"[31, 51, 108, 111, 152, 85]"
Legacy kNN (freq),"{'K': 5, 'thresh': 0.16, 'cutoff': 6}",K=5/th=0.16/c=6,,,True,,0.4212107873856448,0.5037391698679294,-4.286974957235294,0.041291405761247374,0.5332586973081379,1.0,0.3772602631084511,0.0,0.022366738921653122,0.519312509287398,0.9999999999999999,0.9658792650918635,3.4698162729658795,3.592391304347826,"[129, 204, 260, 281, 243, 205]",0.0320056672576466,0.43885039145488614,1.0,0.36861298021722994,0,0.017759500345997183,0.537125614135937,0.9999999999999999,0.9321212121212121,2.840606060606061,3.0474642392717817,"[469, 700, 938, 911, 931, 738]"
Legacy kNN (freq),"{'K': 5, 'thresh': 0.16, 'cutoff': 8}",K=5/th=0.16/c=8,,,True,,0.4266818489389926,0.5191453894965128,-3.5806315030125746,0.04338529135966562,0.5298169515107432,1.0,0.37704503030023356,0.0,0.023511182522222833,0.5184037937314407,0.9999999999999999,0.9291338582677166,3.3070866141732282,3.559322033898305,"[120, 197, 247, 271, 233, 192]",0.036272007732123766,0.42778646653082825,1.0,0.36886616098405745,0,0.020213436296450043,0.5370592731086213,0.9999999999999999,0.8751515151515151,2.58,2.948060941828255,"[415, 671, 803, 842, 851, 675]"
Legacy kNN (freq),"{'K': 5, 'thresh': 0.16, 'cutoff': 10}",K=5/th=0.16/c=10,,,True,,0.4336102404184662,0.5274778700425339,-3.441443684192817,0.044154476496477385,0.5236590342605709,1.0,0.37704932727519874,0.0,0.02395476069207316,0.5185659175795344,0.9999999999999999,0.9028871391076115,3.1784776902887137,3.520348837209302,"[116, 193, 237, 263, 219, 183]",0.038271605218339666,0.4214249422478442,1.0,0.3687706902401278,0,0.021397636219083683,0.537700886704245,0.9999999999999999,0.8278787878787879,2.423636363636364,2.9275256222547585,"[393, 649, 739, 768, 793, 657]"
Legacy kNN (freq),"{'K': 5, 'thresh': 0.16, 'cutoff': 12}",K=5/th=0.16/c=12,,,True,,0.47112737929417503,0.5724919867627165,-2.200752951526586,0.05242857005031405,0.49435195664307097,1.0,0.37683588628977305,0.0,0.028592698207430288,0.5167711320748142,0.9999999999999999,0.8792650918635171,2.9238845144356955,3.325373134328358,"[96, 175, 219, 249, 203, 172]",0.047375944073392066,0.38575844551852534,1.0,0.36958162735949923,0,0.026715760648175366,0.5371930710332546,0.9999999999999999,0.7933333333333333,2.1563636363636363,2.718105423987777,"[329, 539, 662, 701, 714, 613]"
Legacy kNN (freq),"{'K': 5, 'thresh': 0.16, 'cutoff': 16}",K=5/th=0.16/c=16,,,True,,0.5359873354495461,0.6389939348644122,-0.7833708544028517,0.06575815017144473,0.4431114378035911,1.0,0.3778020769389747,0.0,0.03605103929721665,0.5121847831076766,0.9999999999999999,0.8083989501312336,2.393700787401575,2.961038961038961,"[75, 139, 181, 205, 173, 139]",0.06503855315859206,0.337477852967622,1.0,0.37144411557814055,0,0.03743035901727295,0.5380789683112207,0.9999999999999999,0.6436363636363637,1.5212121212121212,2.3634651600753296,"[222, 329, 491, 505, 520, 443]"
Legacy kNN (freq),"{'K': 5, 'thresh': 0.16, 'cutoff': 20}",K=5/th=0.16/c=20,,,True,,0.6315543389261166,0.7572831839248685,-0.035089782742428244,0.09683717487503879,0.3791533814715934,1.0,0.3795684850755702,0.0,0.054669118741909745,0.5098766972144231,0.9999999999999999,0.7165354330708661,1.8871391076115485,2.6336996336996337,"[55, 111, 146, 169, 127, 111]",0.08624453657124201,0.24109264905253203,1.0,0.3737709880205282,0,0.05035870023798114,0.533546275027855,0.9999999999999999,0.5327272727272727,1.0696969696969696,2.0079635949943118,"[173, 236, 348, 357, 373, 278]"
Legacy kNN (freq),"{'K': 5, 'thresh': 0.16, 'cutoff': 24}",K=5/th=0.16/c=24,,,True,,0.810102818727619,0.7586647819051339,-0.24268008781140005,0.19233491576553619,0.29765811638304956,1.0,0.3847533978171077,0.0,0.11943214496680273,0.5015261046392084,0.9999999999999999,0.6220472440944882,1.3674540682414698,2.19831223628692,"[24, 66, 105, 133, 101, 92]",0.11275092558003978,0.18675335390681436,0.8999999999999999,0.3755573674396952,0,0.06744555187812959,0.5307352504544042,0.7999999999999999,0.40606060606060607,0.7096969696969697,1.7477611940298508,"[89, 143, 241, 238, 254, 206]"
Legacy kNN (freq),"{'K': 5, 'thresh': 0.16, 'cutoff': 28}",K=5/th=0.16/c=28,,,True,,0.8812701483115036,0.9011447879562366,-0.6753515389491811,0.2285908777407,0.2633402311867535,1.0,0.3867316725251903,0.0,0.1468986373200261,0.4957272197615554,0.9999999999999999,0.5564304461942258,1.0813648293963254,1.9433962264150941,"[20, 56, 81, 111, 81, 63]",0.17271471352763287,0.14559468641689294,0.95,0.3800825361516558,0,0.11068901124360311,0.5301877054420331,0.8999999999999998,0.2884848484848485,0.4581818181818182,1.588235294117647,"[37, 83, 154, 152, 206, 124]"
Legacy kNN (freq),"{'K': 5, 'thresh': 0.16, 'cutoff': 32}",K=5/th=0.16/c=32,,,True,,0.9141679429654561,0.9448540557846723,-1.0626232839183753,0.2491087113734469,0.2511776387285773,1.0,0.38745623440195487,0.0,0.16171782905128604,0.48746693470488234,0.9999999999999999,0.45144356955380577,0.8818897637795275,1.9534883720930232,"[16, 50, 72, 92, 62, 44]",0.19963957847774103,0.12954237232821625,0.95,0.38252283211715854,0,0.13081211091409378,0.5244282591165426,0.8999999999999998,0.21636363636363637,0.32606060606060605,1.5070028011204482,"[31, 51, 108, 111, 152, 85]"
Legacy kNN (freq),"{'K': 5, 'thresh': 0.2, 'cutoff': 6}",K=5/th=0.2/c=6,,,True,,0.4212107873856448,0.5037391698679294,-4.286974957235294,0.041291405761247374,0.5332586973081379,1.0,0.3772602631084511,0.0,0.022366738921653122,0.519312509287398,0.9999999999999999,0.9658792650918635,3.4698162729658795,3.592391304347826,"[129, 204, 260, 281, 243, 205]",0.0320056672576466,0.43885039145488614,1.0,0.36861298021722994,0,0.017759500345997183,0.537125614135937,0.9999999999999999,0.9321212121212121,2.840606060606061,3.0474642392717817,"[469, 700, 938, 911, 931, 738]"
Legacy kNN (freq),"{'K': 5, 'thresh': 0.2, 'cutoff': 8}",K=5/th=0.2/c=8,,,True,,0.4266818489389926,0.5191453894965128,-3.5806315030125746,0.04338529135966562,0.5298169515107432,1.0,0.37704503030023356,0.0,0.023511182522222833,0.5184037937314407,0.9999999999999999,0.9291338582677166,3.3070866141732282,3.559322033898305,"[120, 197, 247, 271, 233, 192]",0.036272007732123766,0.42778646653082825,1.0,0.36886616098405745,0,0.020213436296450043,0.5370592731086213,0.9999999999999999,0.8751515151515151,2.58,2.948060941828255,"[415, 671, 803, 842, 851, 675]"
Legacy kNN (freq),"{'K': 5, 'thresh': 0.2, 'cutoff': 10}",K=5/th=0.2/c=10,,,True,,0.4336102404184662,0.5274778700425339,-3.441443684192817,0.044154476496477385,0.5236590342605709,1.0,0.37704932727519874,0.0,0.02395476069207316,0.5185659175795344,0.9999999999999999,0.9028871391076115,3.1784776902887137,3.520348837209302,"[116, 193, 237, 263, 219, 183]",0.038271605218339666,0.4214249422478442,1.0,0.3687706902401278,0,0.021397636219083683,0.537700886704245,0.9999999999999999,0.8278787878787879,2.423636363636364,2.9275256222547585,"[393, 649, 739, 768, 793, 657]"
Legacy kNN (freq),"{'K': 5, 'thresh': 0.2, 'cutoff': 12}",K=5/th=0.2/c=12,,,True,,0.47112737929417503,0.5724919867627165,-2.200752951526586,0.05242857005031405,0.49435195664307097,1.0,0.37683588628977305,0.0,0.028592698207430288,0.5167711320748142,0.9999999999999999,0.8792650918635171,2.9238845144356955,3.325373134328358,"[96, 175, 219, 249, 203, 172]",0.047375944073392066,0.38575844551852534,1.0,0.36958162735949923,0,0.026715760648175366,0.5371930710332546,0.9999999999999999,0.7933333333333333,2.1563636363636363,2.718105423987777,"[329, 539, 662, 701, 714, 613]"
Legacy kNN (freq),"{'K': 5, 'thresh': 0.2, 'cutoff': 16}",K=5/th=0.2/c=16,,,True,,0.5359873354495461,0.6389939348644122,-0.7833708544028517,0.06575815017144473,0.4431114378035911,1.0,0.3778020769389747,0.0,0.03605103929721665,0.5121847831076766,0.9999999999999999,0.8083989501312336,2.393700787401575,2.961038961038961,"[75, 139, 181, 205, 173, 139]",0.06503855315859206,0.337477852967622,1.0,0.37144411557814055,0,0.03743035901727295,0.5380789683112207,0.9999999999999999,0.6436363636363637,1.5212121212121212,2.3634651600753296,"[222, 329, 491, 505, 520, 443]"
Legacy kNN (freq),"{'K': 5, 'thresh': 0.2, 'cutoff': 20}",K=5/th=0.2/c=20,,,True,,0.6315543389261166,0.7572831839248685,-0.035089782742428244,0.09683717487503879,0.3791533814715934,1.0,0.3795684850755702,0.0,0.054669118741909745,0.5098766972144231,0.9999999999999999,0.7165354330708661,1.8871391076115485,2.6336996336996337,"[55, 111, 146, 169, 127, 111]",0.08624453657124201,0.24109264905253203,1.0,0.3737709880205282,0,0.05035870023798114,0.533546275027855,0.9999999999999999,0.5327272727272727,1.0696969696969696,2.0079635949943118,"[173, 236, 348, 357, 373, 278]"
Legacy kNN (freq),"{'K': 5, 'thresh': 0.2, 'cutoff': 24}",K=5/th=0.2/c=24,,,True,,0.810102818727619,0.7586647819051339,-0.24268008781140005,0.19233491576553619,0.29765811638304956,1.0,0.3847533978171077,0.0,0.11943214496680273,0.5015261046392084,0.9999999999999999,0.6220472440944882,1.3674540682414698,2.19831223628692,"[24, 66, 105, 133, 101, 92]",0.11275092558003978,0.18675335390681436,0.8999999999999999,0.3755573674396952,0,0.06744555187812959,0.5307352504544042,0.7999999999999999,0.40606060606060607,0.7096969696969697,1.7477611940298508,"[89, 143, 241, 238, 254, 206]"
Legacy kNN (freq),"{'K': 5, 'thresh': 0.2, 'cutoff': 28}",K=5/th=0.2/c=28,,,True,,0.8812701483115036,0.9011447879562366,-0.6753515389491811,0.2285908777407,0.2633402311867535,1.0,0.3867316725251903,0.0,0.1468986373200261,0.4957272197615554,0.9999999999999999,0.5564304461942258,1.0813648293963254,1.9433962264150941,"[20, 56, 81, 111, 81, 63]",0.17271471352763287,0.14559468641689294,0.95,0.3800825361516558,0,0.11068901124360311,0.5301877054420331,0.8999999999999998,0.2884848484848485,0.4581818181818182,1.588235294117647,"[37, 83, 154, 152, 206, 124]"
Legacy kNN (freq),"{'K': 5, 'thresh': 0.2, 'cutoff': 32}",K=5/th=0.2/c=32,,,True,,0.9141679429654561,0.9448540557846723,-1.0626232839183753,0.2491087113734469,0.2511776387285773,1.0,0.38745623440195487,0.0,0.16171782905128604,0.48746693470488234,0.9999999999999999,0.45144356955380577,0.8818897637795275,1.9534883720930232,"[16, 50, 72, 92, 62, 44]",0.19963957847774103,0.12954237232821625,0.95,0.38252283211715854,0,0.13081211091409378,0.5244282591165426,0.8999999999999998,0.21636363636363637,0.32606060606060605,1.5070028011204482,"[31, 51, 108, 111, 152, 85]"
Legacy kNN (freq),"{'K': 5, 'thresh': 0.24, 'cutoff': 6}",K=5/th=0.24/c=6,,,True,,0.4212107873856448,0.5044208954323139,-4.272848214400127,0.041291405761247374,0.5332586973081379,1.0,0.3772602631084511,0.0,0.022366738921653122,0.519312509287398,0.9999999999999999,0.9658792650918635,3.4698162729658795,3.592391304347826,"[129, 204, 260, 281, 243, 205]",0.03211127772771996,0.4382727179653803,1.0,0.36860778556658064,0,0.017816592887215384,0.5370215212173992,0.9999999999999999,0.9321212121212121,2.838787878787879,3.045513654096229,"[468, 700, 938, 911, 931, 736]"
Legacy kNN (freq),"{'K': 5, 'thresh': 0.24, 'cutoff': 8}",K=5/th=0.24/c=8,,,True,,0.4266818489389926,0.5197408584107883,-3.575226771629282,0.04338529135966562,0.5298169515107432,1.0,0.37704503030023356,0.0,0.023511182522222833,0.5184037937314407,0.9999999999999999,0.9291338582677166,3.3070866141732282,3.559322033898305,"[120, 197, 247, 271, 233, 192]",0.036404047657382095,0.42732137840097606,1.0,0.3688606305146073,0,0.020283072720632688,0.5368812433872765,0.9999999999999999,0.8745454545454545,2.5775757575757576,2.9473319473319477,"[414, 671, 803, 842, 850, 673]"
Legacy kNN (freq),"{'K': 5, 'thresh': 0.24, 'cutoff': 10}",K=5/th=0.24/c=10,,,True,,0.4336102404184662,0.5277753766673392,-3.4409476984121596,0.044154476496477385,0.5236590342605709,1.0,0.37704932727519874,0.0,0.02395476069207316,0.5185659175795344,0.9999999999999999,0.9028871391076115,3.1784776902887137,3.520348837209302,"[116, 193, 237, 263, 219, 183]",0.03829197971115252,0.42114342685446415,1.0,0.36875607936883587,0,0.021403374911820088,0.5375475276346644,0.9999999999999999,0.8272727272727273,2.421818181818182,2.9274725274725277,"[392, 649, 739, 768, 792, 656]"
Legacy kNN (freq),"{'K': 5, 'thresh': 0.24, 'cutoff': 12}",K=5/th=0.24/c=12,,,True,,0.47112737929417503,0.5728436369043832,-2.1996150380112454,0.05242857005031405,0.49435195664307097,1.0,0.37683588628977305,0.0,0.028592698207430288,0.5167711320748142,0.9999999999999999,0.8792650918635171,2.9238845144356955,3.325373134328358,"[96, 175, 219, 249, 203, 172]",0.04739846314778884,0.3854236119466755,1.0,0.36956261901089965,0,0.026720548629114674,0.53702138425459,0.9999999999999999,0.7927272727272727,2.1545454545454548,2.717889908256881,"[328, 539, 662, 701, 713, 612]"
Legacy kNN (freq),"{'K': 5, 'thresh': 0.24, 'cutoff': 16}",K=5/th=0.24/c=16,,,True,,0.5359873354495461,0.6395162283521285,-0.7787428811645141,0.06575815017144473,0.4431114378035911,1.0,0.3778020769389747,0.0,0.03605103929721665,0.5121847831076766,0.9999999999999999,0.8083989501312336,2.393700787401575,2.961038961038961,"[75, 139, 181, 205, 173, 139]",0.06504665084091478,0.3369522823556593,1.0,0.3714061995562433,0,0.03741285038624338,0.537755661073222,0.9999999999999999,0.6430303030303031,1.5187878787878788,2.361922714420358,"[222, 329, 491, 505, 518, 441]"
Legacy kNN (freq),"{'K': 5, 'thresh': 0.24, 'cutoff': 20}",K=5/th=0.24/c=20,,,True,,0.6315543389261166,0.7578778965943208,-0.03450195428706071,0.09683717487503879,0.3791533814715934,1.0,0.3795684850755702,0.0,0.054669118741909745,0.5098766972144231,0.9999999999999999,0.7165354330708661,1.8871391076115485,2.6336996336996337,"[55, 111, 146, 169, 127, 111]",0.08625309747690807,0.2404911412299639,1.0,0.3737198011579221,0,0.05032717758941908,0.5331543762155943,0.9999999999999999,0.5321212121212121,1.0678787878787879,2.0068337129840548,"[173, 236, 348, 357, 372, 276]"
Legacy kNN (freq),"{'K': 5, 'thresh': 0.24, 'cutoff': 24}",K=5/th=0.24/c=24,,,True,,0.810102818727619,0.759751393139194,-0.24354743849491467,0.19233491576553619,0.29765811638304956,1.0,0.3847533978171077,0.0,0.11943214496680273,0.5015261046392084,0.9999999999999999,0.6220472440944882,1.3674540682414698,2.19831223628692,"[24, 66, 105, 133, 101, 92]",0.11307859026408132,0.18598703647090797,0.8999999999999999,0.37553279782006915,0,0.0676054587672304,0.5302561305111295,0.7999999999999999,0.40545454545454546,0.7078787878787879,1.7458893871449925,"[89, 142, 241, 238, 253, 205]"
Legacy kNN (freq),"{'K': 5, 'thresh': 0.24, 'cutoff': 28}",K=5/th=0.24/c=28,,,True,,0.8812701483115036,0.9038476945868898,-0.6760535909962133,0.2285908777407,0.2633402311867535,1.0,0.3867316725251903,0.0,0.1468986373200261,0.4957272197615554,0.9999999999999999,0.5564304461942258,1.0813648293963254,1.9433962264150941,"[20, 56, 81, 111, 81, 63]",0.17370537368747854,0.14386925399778488,0.95,0.3800385829906537,0,0.11125056194161426,0.5292039379657769,0.8999999999999998,0.2878787878787879,0.45575757575757575,1.5831578947368419,"[37, 82, 154, 151, 205, 123]"
Legacy kNN (freq),"{'K': 5, 'thresh': 0.24, 'cutoff': 32}",K=5/th=0.24/c=32,,,True,,0.9141679429654561,0.9463495266866484,-1.064981060153931,0.2491087113734469,0.2511776387285773,1.0,0.38745623440195487,0.0,0.16171782905128604,0.48746693470488234,0.9999999999999999,0.45144356955380577,0.8818897637795275,1.9534883720930232,"[16, 50, 72, 92, 62, 44]",0.2002494374856975,0.12865497882944815,0.95,0.3825168934346634,0,0.1311787719424124,0.5238970841500379,0.8999999999999998,0.21575757575757576,0.32484848484848483,1.5056179775280898,"[31, 50, 108, 110, 152, 85]"
Legacy kNN (freq),"{'K': 5, 'thresh': 0.28, 'cutoff': 6}",K=5/th=0.28/c=6,,,True,,0.42114069821034605,0.5065504384605584,-4.194188998259143,0.04159708784340457,0.5336357406203918,1.0,0.3772645032911108,0.0,0.022534082677923555,0.5191875197012342,0.9999999999999999,0.9658792650918635,3.4671916010498687,3.589673913043478,"[129, 204, 260, 281, 243, 204]",0.0322957168708971,0.4362763627834753,1.0,0.3684369479104552,0,0.017867575024158738,0.5353804856975709,0.9999999999999999,0.9218181818181819,2.7981818181818183,3.035502958579882,"[458, 688, 929, 898, 917, 727]"
Legacy kNN (freq),"{'K': 5, 'thresh': 0.28, 'cutoff': 8}",K=5/th=0.28/c=8,,,True,,0.4266404659821423,0.5217059170163102,-3.509992271803839,0.04375119749487231,0.5302263460377847,1.0,0.3770520484168488,0.0,0.023712446137915233,0.5182704879177037,0.9999999999999999,0.9291338582677166,3.304461942257218,3.556497175141243,"[120, 197, 247, 271, 233, 191]",0.036461395944274465,0.42536191278093394,1.0,0.3686881128432322,0,0.020258824311817428,0.5353641112824167,0.9999999999999999,0.8654545454545455,2.5424242424242425,2.937675070028011,"[405, 659, 797, 830, 839, 665]"
Legacy kNN (freq),"{'K': 5, 'thresh': 0.28, 'cutoff': 10}",K=5/th=0.28/c=10,,,True,,0.43354193752950665,0.5305217068025962,-3.3571633570914585,0.04451989435082164,0.5240933840931652,1.0,0.37705142423950055,0.0,0.024155817228543874,0.5184279660639184,0.9999999999999999,0.9028871391076115,3.1758530183727034,3.5174418604651163,"[116, 193, 237, 263, 219, 182]",0.038303227009385626,0.41834135617725066,1.0,0.3685327865682043,0,0.02134849240966261,0.5360054376183343,0.9999999999999999,0.8193939393939393,2.3878787878787877,2.9142011834319526,"[383, 636, 733, 758, 781, 649]"
Legacy kNN (freq),"{'K': 5, 'thresh': 0.28, 'cutoff': 12}",K=5/th=0.28/c=12,,,True,,0.4710154547971319,0.5747764893168902,-2.1674799395939877,0.05279034536523368,0.49482266794014207,1.0,0.3768259245734674,0.0,0.028792786874443258,0.5166238775723103,0.9999999999999999,0.8792650918635171,2.921259842519685,3.3223880597014928,"[96, 175, 219, 249, 203, 171]",0.047415484408258886,0.38345745174279916,1.0,0.3693948555047681,0,0.026662860241457847,0.5356600424710847,0.9999999999999999,0.7848484848484848,2.127878787878788,2.7111969111969114,"[323, 529, 656, 693, 703, 607]"
Legacy kNN (freq),"{'K': 5, 'thresh': 0.28, 'cutoff': 16}",K=5/th=0.28/c=16,,,True,,0.5368650442487155,0.6408244582078366,-0.7757724621978876,0.06579127933403608,0.44226241188392956,1.0,0.3777872559953633,0.0,0.03605748082121702,0.5120001857103402,0.9999999999999999,0.8083989501312336,2.391076115485564,2.9577922077922074,"[75, 138, 181, 205, 173, 139]",0.06528122315389617,0.3358101318169664,1.0,0.3711778895696893,0,0.03744961917862654,0.5362153963974226,0.9999999999999999,0.6345454545454545,1.4951515151515151,2.3562559694364853,"[217, 322, 484, 496, 512, 436]"
Legacy kNN (freq),"{'K': 5, 'thresh': 0.28, 'cutoff': 20}",K=5/th=0.28/c=20,,,True,,0.6327779532313748,0.7594459024997374,-0.052659060555427906,0.09689304048982489,0.3779774042565494,1.0,0.37954105666033083,0.0,0.05467928500290602,0.5096459527380606,0.9999999999999999,0.7165354330708661,1.8845144356955381,2.6300366300366305,"[55, 110, 146, 169, 127, 111]",0.08749219638772535,0.2401352648875498,1.0,0.3736299033318727,0,0.050918030073536416,0.5310532163184849,0.9999999999999999,0.5236363636363637,1.0484848484848486,2.002314814814815,"[171, 230, 342, 349, 367, 271]"
Legacy kNN (freq),"{'K': 5, 'thresh': 0.28, 'cutoff': 24}",K=5/th=0.28/c=24,,,True,,0.8096956979698754,0.7619550890186213,-0.2649898076025765,0.19256949751793054,0.2982909238798257,1.0,0.38472374777256857,0.0,0.11953180113689135,0.5011875241356067,0.9999999999999999,0.6194225721784777,1.3648293963254594,2.2033898305084745,"[24, 65, 105, 133, 101, 92]",0.11426314202252331,0.18494443733530125,0.8999999999999999,0.37545461443799727,0,0.06816494054427122,0.5283951143830883,0.7999999999999999,0.4,0.6975757575757576,1.743939393939394,"[88, 139, 238, 233, 250, 203]"
Legacy kNN (freq),"{'K': 5, 'thresh': 0.28, 'cutoff': 28}",K=5/th=0.28/c=28,,,True,,0.880722699442347,0.9041860243280476,-0.7030871620815021,0.2288636224543054,0.2641494747198776,1.0,0.3866951723597308,0.0,0.14699605849028094,0.49528963134672,0.9999999999999999,0.5538057742782152,1.078740157480315,1.9478672985781993,"[20, 55, 81, 111, 81, 63]",0.17612805299373177,0.14594969512427092,0.95,0.3800255548619559,0,0.1127488702133296,0.5274029521047723,0.8999999999999998,0.283030303030303,0.4490909090909091,1.5867237687366167,"[36, 79, 152, 148, 203, 123]"
Legacy kNN (freq),"{'K': 5, 'thresh': 0.28, 'cutoff': 32}",K=5/th=0.28/c=32,,,True,,0.9141679429654561,0.9460096680507342,-1.0961762823624885,0.2491087113734469,0.2511776387285773,1.0,0.38745623440195487,0.0,0.16171782905128604,0.48746693470488234,0.9999999999999999,0.45144356955380577,0.8818897637795275,1.9534883720930232,"[16, 50, 72, 92, 62, 44]",0.20069531885926387,0.1294190069305703,0.95,0.3824445204068021,0,0.13106870852098454,0.5220033639650534,0.8999999999999998,0.2109090909090909,0.3187878787878788,1.5114942528735633,"[30, 49, 107, 105, 150, 85]"
Legacy kNN (freq),"{'K': 5, 'thresh': 0.32, 'cutoff': 6}",K=5/th=0.32/c=6,,,True,,0.42171413711797867,0.5188064525716153,-3.823452452651801,0.04220443480947362,0.5337010015945928,1.0,0.37736901301032594,0.0,0.022818894699505744,0.5178553874721108,0.9999999999999999,0.9658792650918635,3.438320209973753,3.559782608695652,"[128, 202, 257, 278, 242, 203]",0.032789019310814856,0.4245470101580892,1.0,0.36854814472963193,0,0.018012460049400617,0.5313308151988542,0.9999999999999999,0.8854545454545455,2.643030303030303,2.984941820670773,"[425, 647, 877, 844, 880, 688]"
Legacy kNN (freq),"{'K': 5, 'thresh': 0.32, 'cutoff': 8}",K=5/th=0.32/c=8,,,True,,0.42677571102102585,0.5326722039412769,-3.2472531124554496,0.04404570674847589,0.5303877536510544,1.0,0.3770591930786809,0.0,0.02381404152352884,0.5168515360278206,0.9999999999999999,0.9238845144356955,3.2755905511811023,3.5454545454545454,"[117, 195, 245, 269, 232, 190]",0.03682165194603137,0.4147747668540608,1.0,0.36875106283102105,0,0.02029652324081937,0.5309141190442012,0.9999999999999999,0.8236363636363636,2.386060606060606,2.896983075791023,"[369, 617, 742, 776, 804, 629]"
Legacy kNN (freq),"{'K': 5, 'thresh': 0.32, 'cutoff': 10}",K=5/th=0.32/c=10,,,True,,0.4344901126457288,0.5391754480909726,-3.201932622418109,0.04476302786513764,0.5233658799777089,1.0,0.3769765491943333,0.0,0.0242300513943618,0.5170650259702495,0.9999999999999999,0.89501312335958,3.1496062992125986,3.5190615835777126,"[113, 191, 236, 261, 218, 181]",0.03860901056398822,0.40998411591704353,1.0,0.3685018448134263,0,0.02134176899180115,0.5314237660746854,0.9999999999999999,0.7751515151515151,2.2375757575757578,2.886630179827991,"[346, 597, 685, 703, 747, 614]"
Legacy kNN (freq),"{'K': 5, 'thresh': 0.32, 'cutoff': 12}",K=5/th=0.32/c=12,,,True,,0.4709223348615916,0.583074984726639,-2.0863290844015374,0.05281696829550733,0.4949044709565376,1.0,0.37669945840873925,0.0,0.02872637826342862,0.5151580280837607,0.9999999999999999,0.8713910761154856,2.89501312335958,3.3222891566265056,"[93, 173, 218, 247, 202, 170]",0.047562325055211234,0.3752892552842978,1.0,0.36933971651908504,0,0.02651289932950999,0.5309209884463362,0.9999999999999999,0.7393939393939394,1.9884848484848485,2.6893442622950823,"[287, 495, 610, 644, 670, 575]"
Legacy kNN (freq),"{'K': 5, 'thresh': 0.32, 'cutoff': 16}",K=5/th=0.32/c=16,,,True,,0.536870600307538,0.6498280766456648,-0.7799837770620104,0.0653485719797779,0.4417595282044885,1.0,0.3776051884408285,0.0,0.03570812613074461,0.5107163740591367,0.9999999999999999,0.800524934383202,2.372703412073491,2.9639344262295086,"[72, 137, 181, 205, 172, 137]",0.0663798642326083,0.32779271140736704,1.0,0.37080307940141155,0,0.037761916080870324,0.531113150741819,0.9999999999999999,0.5945454545454546,1.3866666666666667,2.332313965341488,"[190, 300, 452, 456, 483, 407]"
Legacy kNN (freq),"{'K': 5, 'thresh': 0.32, 'cutoff': 20}",K=5/th=0.32/c=20,,,True,,0.63166086861126,0.7611138952338771,-0.20953332329201924,0.09644547194036679,0.37853075634984146,1.0,0.37915384340244884,0.0,0.054175741729510694,0.5075473147716395,0.9999999999999999,0.7060367454068242,1.8608923884514437,2.6356877323420074,"[52, 108, 146, 168, 126, 109]",0.08939768429894829,0.24034500923624394,1.0,0.3735374005705757,0,0.05155186594227602,0.5251048668227605,0.9999999999999999,0.4806060606060606,0.9648484848484848,2.007566204287516,"[145, 216, 317, 319, 343, 252]"
Legacy kNN (freq),"{'K': 5, 'thresh': 0.32, 'cutoff': 24}",K=5/th=0.32/c=24,,,True,,0.80916738042008,0.8092402424037642,-0.34439167427600303,0.1930557919950316,0.2991464359135092,1.0,0.3841934144618585,0.0,0.11936914444846976,0.49894409111480087,0.9999999999999999,0.6089238845144357,1.3464566929133859,2.211206896551724,"[22, 64, 105, 132, 100, 90]",0.11729834268587674,0.18067278257990152,0.95,0.3753822743259636,0,0.06939150665878603,0.5221887984975492,0.8999999999999998,0.3715151515151515,0.6418181818181818,1.7275693311582383,"[75, 129, 221, 212, 232, 190]"
Legacy kNN (freq),"{'K': 5, 'thresh': 0.32, 'cutoff': 28}",K=5/th=0.32/c=28,,,True,,0.8781599735273018,0.9244262185352481,-0.8339984830258171,0.22983879023414788,0.2675425100058357,1.0,0.3862123109966319,0.0,0.14695193384284455,0.4924166594844502,0.9999999999999999,0.5406824146981627,1.0603674540682415,1.9611650485436896,"[18, 54, 81, 109, 80, 62]",0.1902761394779244,0.1399567659193701,0.95,0.3803561499223126,0,0.12200948152508943,0.5192127525591023,0.8999999999999998,0.25696969696969696,0.4036363636363636,1.570754716981132,"[26, 73, 140, 132, 184, 111]"
Legacy kNN (freq),"{'K': 5, 'thresh': 0.32, 'cutoff': 32}",K=5/th=0.32/c=32,,,True,,0.9154413686431152,0.9674580540629303,-1.1967902489994127,0.2479784403508033,0.24861584156518574,1.0,0.3869292328583251,0.0,0.1598641111792358,0.4848042840838509,0.9999999999999999,0.4435695538057743,0.868766404199475,1.9585798816568047,"[15, 50, 72, 90, 60, 44]",0.2200410037040419,0.1275719175484507,0.95,0.38329655969112997,0,0.14494165219927757,0.5137602702534214,0.8999999999999998,0.1921212121212121,0.2878787878787879,1.4984227129337542,"[24, 47, 99, 94, 136, 75]"
Legacy kNN (freq),"{'K': 7, 'thresh': 0.12, 'cutoff': 6}",K=7/th=0.12/c=6,,,True,,0.3114996372629,0.41053867993797505,-9.422722976995194,0.028591724553898745,0.6309508242000745,1.0,0.3795291230302526,0.0,0.01534687703495325,0.5214115271074093,0.9999999999999999,0.994750656167979,4.115485564304462,4.1372031662269135,"[163, 248, 303, 312, 296, 246]",0.02675216048512615,0.5270895871448051,1.0,0.36958702199217985,0,0.014762257562198138,0.5370522703988335,0.9999999999999999,0.9890909090909091,3.601818181818182,3.641544117647059,"[600, 922, 1200, 1125, 1158, 938]"
Legacy kNN (freq),"{'K': 7, 'thresh': 0.12, 'cutoff': 8}",K=7/th=0.12/c=8,,,True,,0.32698797636149113,0.4346342752739508,-7.732477261273092,0.031896827975748096,0.6186174792457708,1.0,0.37902875877171277,0.0,0.01716717156972847,0.5210411946650919,0.9999999999999999,0.9816272965879265,3.931758530183727,4.005347593582888,"[154, 241, 287, 309, 277, 230]",0.029775050590798876,0.5059882071678629,1.0,0.36949143950338253,0,0.016472642637883353,0.5367627855471874,0.9999999999999999,0.9642424242424242,3.3442424242424242,3.4682589566310495,"[550, 889, 1070, 1069, 1073, 867]"
Legacy kNN (freq),"{'K': 7, 'thresh': 0.12, 'cutoff': 10}",K=7/th=0.12/c=10,,,True,,0.3302220573139107,0.4464050778571054,-7.2136845782959425,0.03215537657583713,0.615590826621481,1.0,0.37885835786518185,0.0,0.017283444461765732,0.5202133646838818,0.9999999999999999,0.963254593175853,3.816272965879265,3.9618528610354224,"[147, 238, 278, 302, 263, 226]",0.031943731939486714,0.496325638503418,1.0,0.3692899480701223,0,0.017722941275610637,0.5370935518458715,0.9999999999999999,0.9309090909090909,3.1787878787878787,3.4147135416666665,"[527, 871, 983, 1009, 1011, 844]"
Legacy kNN (freq),"{'K': 7, 'thresh': 0.12, 'cutoff': 12}",K=7/th=0.12/c=12,,,True,,0.3652201938136619,0.4891525680170741,-5.54804914980568,0.037084452349998784,0.5853554077629197,1.0,0.37830383075527585,0.0,0.01999987348597459,0.5193052836393374,0.9999999999999999,0.9448818897637795,3.5984251968503935,3.808333333333333,"[132, 221, 262, 289, 251, 216]",0.04043941737334873,0.4622841241139941,1.0,0.3699909158590647,0,0.022634814790146954,0.5370857702459482,0.9999999999999999,0.9066666666666666,2.9193939393939394,3.219919786096257,"[459, 762, 915, 951, 934, 796]"
Legacy kNN (freq),"{'K': 7, 'thresh': 0.12, 'cutoff': 16}",K=7/th=0.12/c=16,,,True,,0.43248924223790264,0.5639015594990507,-2.4619155573566096,0.04946368441946195,0.5306042383419691,1.0,0.37876598720136584,0.0,0.026889182136988456,0.5167244404407153,0.9999999999999999,0.9186351706036745,3.120734908136483,3.3971428571428572,"[106, 186, 232, 262, 220, 183]",0.054904641995480424,0.4021919527000636,1.0,0.3706295673454462,0,0.03119485051336408,0.5369683224892017,0.9999999999999999,0.8103030303030303,2.2418181818181817,2.7666417352281227,"[327, 508, 744, 734, 752, 634]"
Legacy kNN (freq),"{'K': 7, 'thresh': 0.12, 'cutoff': 20}",K=7/th=0.12/c=20,,,True,,0.5264195278354399,0.6538055076794016,-0.8040644639218395,0.06381219981540182,0.4510565574970501,1.0,0.3788796183902937,0.0,0.03498307668763135,0.5132351790163191,0.9999999999999999,0.847769028871391,2.58005249343832,3.043343653250774,"[85, 158, 194, 222, 177, 147]",0.06614339504721803,0.32397646164180427,1.0,0.3721285809132927,0,0.0378763772466251,0.53476297814466,0.9999999999999999,0.7218181818181818,1.7393939393939395,2.409739714525609,"[270, 386, 588, 583, 598, 445]"
Legacy kNN (freq),"{'K': 7, 'thresh': 0.12, 'cutoff': 24}",K=7/th=0.12/c=24,,,True,,0.6471913946634829,0.74658000268711,0.03098367815544434,0.11543624128805038,0.3827355476274143,1.0,0.38163567000948917,0.0,0.06667697438544874,0.5109307006845264,0.9999999999999999,0.7795275590551181,2.047244094488189,2.6262626262626263,"[46, 114, 158, 190, 147, 125]",0.08773599502334777,0.25311437715742613,1.0,0.373194616070628,0,0.051209012536066544,0.5324616324078257,0.9999999999999999,0.616969696969697,1.289090909090909,2.0893909626719056,"[169, 268, 447, 435, 456, 352]"
Legacy kNN (freq),"{'K': 7, 'thresh': 0.12, 'cutoff': 28}",K=7/th=0.12/c=28,,,True,,0.7313566273563521,0.8211563650141032,0.12938914528332401,0.1488476594533407,0.33266207094468225,1.0,0.38390346282564547,0.0,0.08870643856310044,0.5072471024010271,0.9999999999999999,0.7060367454068242,1.7086614173228347,2.420074349442379,"[39, 95, 135, 168, 120, 94]",0.11540437501660447,0.20695817315376966,1.0,0.37570054383756113,0,0.06960582857994166,0.5335403967304221,0.9999999999999999,0.5024242424242424,0.9321212121212121,1.8552472858866103,"[101, 182, 327, 332, 364, 232]"
Legacy kNN (freq),"{'K': 7, 'thresh': 0.12, 'cutoff': 32}",K=7/th=0.12/c=32,,,True,,0.7797269587301421,0.8659806638419953,-0.09163451751031693,0.1766573625432249,0.31247745705644736,1.0,0.38515684414454804,0.0,0.10756294035622978,0.501314958364513,0.9999999999999999,0.6115485564304461,1.4173228346456692,2.3175965665236054,"[30, 80, 115, 143, 106, 66]",0.13291982353325915,0.18009973796141038,1.0,0.3772019275671554,0,0.08137418938703893,0.530829876975222,0.9999999999999999,0.41393939393939394,0.7121212121212122,1.7203513909224013,"[83, 130, 253, 247, 293, 169]"
Legacy kNN (freq),"{'K': 7, 'thresh': 0.14, 'cutoff': 6}",K=7/th=0.14/c=6,,,True,,0.3114996372629,0.41053867993797505,-9.422722976995194,0.028591724553898745,0.6309508242000745,1.0,0.3795291230302526,0.0,0.01534687703495325,0.5214115271074093,0.9999999999999999,0.994750656167979,4.115485564304462,4.1372031662269135,"[163, 248, 303, 312, 296, 246]",0.02675216048512615,0.5270895871448051,1.0,0.36958702199217985,0,0.014762257562198138,0.5370522703988335,0.9999999999999999,0.9890909090909091,3.601818181818182,3.641544117647059,"[600, 922, 1200, 1125, 1158, 938]"
Legacy kNN (freq),"{'K': 7, 'thresh': 0.14, 'cutoff': 8}",K=7/th=0.14/c=8,,,True,,0.32698797636149113,0.4346342752739508,-7.732477261273092,0.031896827975748096,0.6186174792457708,1.0,0.37902875877171277,0.0,0.01716717156972847,0.5210411946650919,0.9999999999999999,0.9816272965879265,3.931758530183727,4.005347593582888,"[154, 241, 287, 309, 277, 230]",0.029775050590798876,0.5059882071678629,1.0,0.36949143950338253,0,0.016472642637883353,0.5367627855471874,0.9999999999999999,0.9642424242424242,3.3442424242424242,3.4682589566310495,"[550, 889, 1070, 1069, 1073, 867]"
Legacy kNN (freq),"{'K': 7, 'thresh': 0.14, 'cutoff': 10}",K=7/th=0.14/c=10,,,True,,0.3302220573139107,0.4464050778571054,-7.2136845782959425,0.03215537657583713,0.615590826621481,1.0,0.37885835786518185,0.0,0.017283444461765732,0.5202133646838818,0.9999999999999999,0.963254593175853,3.816272965879265,3.9618528610354224,"[147, 238, 278, 302, 263, 226]",0.031943731939486714,0.496325638503418,1.0,0.3692899480701223,0,0.017722941275610637,0.5370935518458715,0.9999999999999999,0.9309090909090909,3.1787878787878787,3.4147135416666665,"[527, 871, 983, 1009, 1011, 844]"
Legacy kNN (freq),"{'K': 7, 'thresh': 0.14, 'cutoff': 12}",K=7/th=0.14/c=12,,,True,,0.3652201938136619,0.4891525680170741,-5.54804914980568,0.037084452349998784,0.5853554077629197,1.0,0.37830383075527585,0.0,0.01999987348597459,0.5193052836393374,0.9999999999999999,0.9448818897637795,3.5984251968503935,3.808333333333333,"[132, 221, 262, 289, 251, 216]",0.04043941737334873,0.4622841241139941,1.0,0.3699909158590647,0,0.022634814790146954,0.5370857702459482,0.9999999999999999,0.9066666666666666,2.9193939393939394,3.219919786096257,"[459, 762, 915, 951, 934, 796]"
Legacy kNN (freq),"{'K': 7, 'thresh': 0.14, 'cutoff': 16}",K=7/th=0.14/c=16,,,True,,0.43248924223790264,0.5639015594990507,-2.4619155573566096,0.04946368441946195,0.5306042383419691,1.0,0.37876598720136584,0.0,0.026889182136988456,0.5167244404407153,0.9999999999999999,0.9186351706036745,3.120734908136483,3.3971428571428572,"[106, 186, 232, 262, 220, 183]",0.054904641995480424,0.4021919527000636,1.0,0.3706295673454462,0,0.03119485051336408,0.5369683224892017,0.9999999999999999,0.8103030303030303,2.2418181818181817,2.7666417352281227,"[327, 508, 744, 734, 752, 634]"
Legacy kNN (freq),"{'K': 7, 'thresh': 0.14, 'cutoff': 20}",K=7/th=0.14/c=20,,,True,,0.5264195278354399,0.6538055076794016,-0.8040644639218395,0.06381219981540182,0.4510565574970501,1.0,0.3788796183902937,0.0,0.03498307668763135,0.5132351790163191,0.9999999999999999,0.847769028871391,2.58005249343832,3.043343653250774,"[85, 158, 194, 222, 177, 147]",0.06614339504721803,0.32397646164180427,1.0,0.3721285809132927,0,0.0378763772466251,0.53476297814466,0.9999999999999999,0.7218181818181818,1.7393939393939395,2.409739714525609,"[270, 386, 588, 583, 598, 445]"
Legacy kNN (freq),"{'K': 7, 'thresh': 0.14, 'cutoff': 24}",K=7/th=0.14/c=24,,,True,,0.6471913946634829,0.74658000268711,0.03098367815544434,0.11543624128805038,0.3827355476274143,1.0,0.38163567000948917,0.0,0.06667697438544874,0.5109307006845264,0.9999999999999999,0.7795275590551181,2.047244094488189,2.6262626262626263,"[46, 114, 158, 190, 147, 125]",0.08773599502334777,0.25311437715742613,1.0,0.373194616070628,0,0.051209012536066544,0.5324616324078257,0.9999999999999999,0.616969696969697,1.289090909090909,2.0893909626719056,"[169, 268, 447, 435, 456, 352]"
Legacy kNN (freq),"{'K': 7, 'thresh': 0.14, 'cutoff': 28}",K=7/th=0.14/c=28,,,True,,0.7313566273563521,0.8211563650141032,0.12938914528332401,0.1488476594533407,0.33266207094468225,1.0,0.38390346282564547,0.0,0.08870643856310044,0.5072471024010271,0.9999999999999999,0.7060367454068242,1.7086614173228347,2.420074349442379,"[39, 95, 135, 168, 120, 94]",0.11540437501660447,0.20695817315376966,1.0,0.37570054383756113,0,0.06960582857994166,0.5335403967304221,0.9999999999999999,0.5024242424242424,0.9321212121212121,1.8552472858866103,"[101, 182, 327, 332, 364, 232]"
Legacy kNN (freq),"{'K': 7, 'thresh': 0.14, 'cutoff': 32}",K=7/th=0.14/c=32,,,True,,0.7797269587301421,0.8659806638419953,-0.09163451751031693,0.1766573625432249,0.31247745705644736,1.0,0.38515684414454804,0.0,0.10756294035622978,0.501314958364513,0.9999999999999999,0.6115485564304461,1.4173228346456692,2.3175965665236054,"[30, 80, 115, 143, 106, 66]",0.13291982353325915,0.18009973796141038,1.0,0.3772019275671554,0,0.08137418938703893,0.530829876975222,0.9999999999999999,0.41393939393939394,0.7121212121212122,1.7203513909224013,"[83, 130, 253, 247, 293, 169]"
Legacy kNN (freq),"{'K': 7, 'thresh': 0.16, 'cutoff': 6}",K=7/th=0.16/c=6,,,True,,0.3114996372629,0.41053867993797505,-9.422722976995194,0.028591724553898745,0.6309508242000745,1.0,0.3795291230302526,0.0,0.01534687703495325,0.5214115271074093,0.9999999999999999,0.994750656167979,4.115485564304462,4.1372031662269135,"[163, 248, 303, 312, 296, 246]",0.02675216048512615,0.5270895871448051,1.0,0.36958702199217985,0,0.014762257562198138,0.5370522703988335,0.9999999999999999,0.9890909090909091,3.601818181818182,3.641544117647059,"[600, 922, 1200, 1125, 1158, 938]"
Legacy kNN (freq),"{'K': 7, 'thresh': 0.16, 'cutoff': 8}",K=7/th=0.16/c=8,,,True,,0.32698797636149113,0.4346342752739508,-7.732477261273092,0.031896827975748096,0.6186174792457708,1.0,0.37902875877171277,0.0,0.01716717156972847,0.5210411946650919,0.9999999999999999,0.9816272965879265,3.931758530183727,4.005347593582888,"[154, 241, 287, 309, 277, 230]",0.029775050590798876,0.5059882071678629,1.0,0.36949143950338253,0,0.016472642637883353,0.5367627855471874,0.9999999999999999,0.9642424242424242,3.3442424242424242,3.4682589566310495,"[550, 889, 1070, 1069, 1073, 867]"
Legacy kNN (freq),"{'K': 7, 'thresh': 0.16, 'cutoff': 10}",K=7/th=0.16/c=10,,,True,,0.3302220573139107,0.4464050778571054,-7.2136845782959425,0.03215537657583713,0.615590826621481,1.0,0.37885835786518185,0.0,0.017283444461765732,0.5202133646838818,0.9999999999999999,0.963254593175853,3.816272965879265,3.9618528610354224,"[147, 238, 278, 302, 263, 226]",0.031943731939486714,0.496325638503418,1.0,0.3692899480701223,0,0.017722941275610637,0.5370935518458715,0.9999999999999999,0.9309090909090909,3.1787878787878787,3.4147135416666665,"[527, 871, 983, 1009, 1011, 844]"
Legacy kNN (freq),"{'K': 7, 'thresh': 0.16, 'cutoff': 12}",K=7/th=0.16/c=12,,,True,,0.3652201938136619,0.4891525680170741,-5.54804914980568,0.037084452349998784,0.5853554077629197,1.0,0.37830383075527585,0.0,0.01999987348597459,0.5193052836393374,0.9999999999999999,0.9448818897637795,3.5984251968503935,3.808333333333333,"[132, 221, 262, 289, 251, 216]",0.04043941737334873,0.4622841241139941,1.0,0.3699909158590647,0,0.022634814790146954,0.5370857702459482,0.9999999999999999,0.9066666666666666,2.9193939393939394,3.219919786096257,"[459, 762, 915, 951, 934, 796]"
Legacy kNN (freq),"{'K': 7, 'thresh': 0.16, 'cutoff': 16}",K=7/th=0.16/c=16,,,True,,0.43248924223790264,0.5639015594990507,-2.4619155573566096,0.04946368441946195,0.5306042383419691,1.0,0.37876598720136584,0.0,0.026889182136988456,0.5167244404407153,0.9999999999999999,0.9186351706036745,3.120734908136483,3.3971428571428572,"[106, 186, 232, 262, 220, 183]",0.054904641995480424,0.4021919527000636,1.0,0.3706295673454462,0,0.03119485051336408,0.5369683224892017,0.9999999999999999,0.8103030303030303,2.2418181818181817,2.7666417352281227,"[327, 508, 744, 734, 752, 634]"
Legacy kNN (freq),"{'K': 7, 'thresh': 0.16, 'cutoff': 20}",K=7/th=0.16/c=20,,,True,,0.5264195278354399,0.6538055076794016,-0.8040644639218395,0.06381219981540182,0.4510565574970501,1.0,0.3788796183902937,0.0,0.03498307668763135,0.5132351790163191,0.9999999999999999,0.847769028871391,2.58005249343832,3.043343653250774,"[85, 158, 194, 222, 177, 147]",0.06614339504721803,0.32397646164180427,1.0,0.3721285809132927,0,0.0378763772466251,0.53476297814466,0.9999999999999999,0.7218181818181818,1.7393939393939395,2.409739714525609,"[270, 386, 588, 583, 598, 445]"
Legacy kNN (freq),"{'K': 7, 'thresh': 0.16, 'cutoff': 24}",K=7/th=0.16/c=24,,,True,,0.6471913946634829,0.74658000268711,0.03098367815544434,0.11543624128805038,0.3827355476274143,1.0,0.38163567000948917,0.0,0.06667697438544874,0.5109307006845264,0.9999999999999999,0.7795275590551181,2.047244094488189,2.6262626262626263,"[46, 114, 158, 190, 147, 125]",0.08773599502334777,0.25311437715742613,1.0,0.373194616070628,0,0.051209012536066544,0.5324616324078257,0.9999999999999999,0.616969696969697,1.289090909090909,2.0893909626719056,"[169, 268, 447, 435, 456, 352]"
Legacy kNN (freq),"{'K': 7, 'thresh': 0.16, 'cutoff': 28}",K=7/th=0.16/c=28,,,True,,0.7313566273563521,0.8211563650141032,0.12938914528332401,0.1488476594533407,0.33266207094468225,1.0,0.38390346282564547,0.0,0.08870643856310044,0.5072471024010271,0.9999999999999999,0.7060367454068242,1.7086614173228347,2.420074349442379,"[39, 95, 135, 168, 120, 94]",0.11540437501660447,0.20695817315376966,1.0,0.37570054383756113,0,0.06960582857994166,0.5335403967304221,0.9999999999999999,0.5024242424242424,0.9321212121212121,1.8552472858866103,"[101, 182, 327, 332, 364, 232]"
Legacy kNN (freq),"{'K': 7, 'thresh': 0.16, 'cutoff': 32}",K=7/th=0.16/c=32,,,True,,0.7797269587301421,0.8659806638419953,-0.09163451751031693,0.1766573625432249,0.31247745705644736,1.0,0.38515684414454804,0.0,0.10756294035622978,0.501314958364513,0.9999999999999999,0.6115485564304461,1.4173228346456692,2.3175965665236054,"[30, 80, 115, 143, 106, 66]",0.13291982353325915,0.18009973796141038,1.0,0.3772019275671554,0,0.08137418938703893,0.530829876975222,0.9999999999999999,0.41393939393939394,0.7121212121212122,1.7203513909224013,"[83, 130, 253, 247, 293, 169]"
Legacy kNN (freq),"{'K': 7, 'thresh': 0.2, 'cutoff': 6}",K=7/th=0.2/c=6,,,True,,0.3114996372629,0.41053867993797505,-9.422722976995194,0.028591724553898745,0.6309508242000745,1.0,0.3795291230302526,0.0,0.01534687703495325,0.5214115271074093,0.9999999999999999,0.994750656167979,4.115485564304462,4.1372031662269135,"[163, 248, 303, 312, 296, 246]",0.02675216048512615,0.5270895871448051,1.0,0.36958702199217985,0,0.014762257562198138,0.5370522703988335,0.9999999999999999,0.9890909090909091,3.601818181818182,3.641544117647059,"[600, 922, 1200, 1125, 1158, 938]"
Legacy kNN (freq),"{'K': 7, 'thresh': 0.2, 'cutoff': 8}",K=7/th=0.2/c=8,,,True,,0.32698797636149113,0.4346342752739508,-7.732477261273092,0.031896827975748096,0.6186174792457708,1.0,0.37902875877171277,0.0,0.01716717156972847,0.5210411946650919,0.9999999999999999,0.9816272965879265,3.931758530183727,4.005347593582888,"[154, 241, 287, 309, 277, 230]",0.029775050590798876,0.5059882071678629,1.0,0.36949143950338253,0,0.016472642637883353,0.5367627855471874,0.9999999999999999,0.9642424242424242,3.3442424242424242,3.4682589566310495,"[550, 889, 1070, 1069, 1073, 867]"
Legacy kNN (freq),"{'K': 7, 'thresh': 0.2, 'cutoff': 10}",K=7/th=0.2/c=10,,,True,,0.3302220573139107,0.4464050778571054,-7.2136845782959425,0.03215537657583713,0.615590826621481,1.0,0.37885835786518185,0.0,0.017283444461765732,0.5202133646838818,0.9999999999999999,0.963254593175853,3.816272965879265,3.9618528610354224,"[147, 238, 278, 302, 263, 226]",0.031943731939486714,0.496325638503418,1.0,0.3692899480701223,0,0.017722941275610637,0.5370935518458715,0.9999999999999999,0.9309090909090909,3.1787878787878787,3.4147135416666665,"[527, 871, 983, 1009, 1011, 844]"
Legacy kNN (freq),"{'K': 7, 'thresh': 0.2, 'cutoff': 12}",K=7/th=0.2/c=12,,,True,,0.3652201938136619,0.4891525680170741,-5.54804914980568,0.037084452349998784,0.5853554077629197,1.0,0.37830383075527585,0.0,0.01999987348597459,0.5193052836393374,0.9999999999999999,0.9448818897637795,3.5984251968503935,3.808333333333333,"[132, 221, 262, 289, 251, 216]",0.04043941737334873,0.4622841241139941,1.0,0.3699909158590647,0,0.022634814790146954,0.5370857702459482,0.9999999999999999,0.9066666666666666,2.9193939393939394,3.219919786096257,"[459, 762, 915, 951, 934, 796]"
Legacy kNN (freq),"{'K': 7, 'thresh': 0.2, 'cutoff': 16}",K=7/th=0.2/c=16,,,True,,0.43248924223790264,0.5639015594990507,-2.4619155573566096,0.04946368441946195,0.5306042383419691,1.0,0.37876598720136584,0.0,0.026889182136988456,0.5167244404407153,0.9999999999999999,0.9186351706036745,3.120734908136483,3.3971428571428572,"[106, 186, 232, 262, 220, 183]",0.054904641995480424,0.4021919527000636,1.0,0.3706295673454462,0,0.03119485051336408,0.5369683224892017,0.9999999999999999,0.8103030303030303,2.2418181818181817,2.7666417352281227,"[327, 508, 744, 734, 752, 634]"
Legacy kNN (freq),"{'K': 7, 'thresh': 0.2, 'cutoff': 20}",K=7/th=0.2/c=20,,,True,,0.5264195278354399,0.6538055076794016,-0.8040644639218395,0.06381219981540182,0.4510565574970501,1.0,0.3788796183902937,0.0,0.03498307668763135,0.5132351790163191,0.9999999999999999,0.847769028871391,2.58005249343832,3.043343653250774,"[85, 158, 194, 222, 177, 147]",0.06614339504721803,0.32397646164180427,1.0,0.3721285809132927,0,0.0378763772466251,0.53476297814466,0.9999999999999999,0.7218181818181818,1.7393939393939395,2.409739714525609,"[270, 386, 588, 583, 598, 445]"
Legacy kNN (freq),"{'K': 7, 'thresh': 0.2, 'cutoff': 24}",K=7/th=0.2/c=24,,,True,,0.6471913946634829,0.74658000268711,0.03098367815544434,0.11543624128805038,0.3827355476274143,1.0,0.38163567000948917,0.0,0.06667697438544874,0.5109307006845264,0.9999999999999999,0.7795275590551181,2.047244094488189,2.6262626262626263,"[46, 114, 158, 190, 147, 125]",0.08773599502334777,0.25311437715742613,1.0,0.373194616070628,0,0.051209012536066544,0.5324616324078257,0.9999999999999999,0.616969696969697,1.289090909090909,2.0893909626719056,"[169, 268, 447, 435, 456, 352]"
Legacy kNN (freq),"{'K': 7, 'thresh': 0.2, 'cutoff': 28}",K=7/th=0.2/c=28,,,True,,0.7313566273563521,0.8211563650141032,0.12938914528332401,0.1488476594533407,0.33266207094468225,1.0,0.38390346282564547,0.0,0.08870643856310044,0.5072471024010271,0.9999999999999999,0.7060367454068242,1.7086614173228347,2.420074349442379,"[39, 95, 135, 168, 120, 94]",0.11540437501660447,0.20695817315376966,1.0,0.37570054383756113,0,0.06960582857994166,0.5335403967304221,0.9999999999999999,0.5024242424242424,0.9321212121212121,1.8552472858866103,"[101, 182, 327, 332, 364, 232]"
Legacy kNN (freq),"{'K': 7, 'thresh': 0.2, 'cutoff': 32}",K=7/th=0.2/c=32,,,True,,0.7797269587301421,0.8659806638419953,-0.09163451751031693,0.1766573625432249,0.31247745705644736,1.0,0.38515684414454804,0.0,0.10756294035622978,0.501314958364513,0.9999999999999999,0.6115485564304461,1.4173228346456692,2.3175965665236054,"[30, 80, 115, 143, 106, 66]",0.13291982353325915,0.18009973796141038,1.0,0.3772019275671554,0,0.08137418938703893,0.530829876975222,0.9999999999999999,0.41393939393939394,0.7121212121212122,1.7203513909224013,"[83, 130, 253, 247, 293, 169]"
Legacy kNN (freq),"{'K': 7, 'thresh': 0.24, 'cutoff': 6}",K=7/th=0.24/c=6,,,True,,0.3114996372629,0.4112453919912654,-9.373703357391205,0.028591724553898745,0.6309508242000745,1.0,0.3795291230302526,0.0,0.01534687703495325,0.5214115271074093,0.9999999999999999,0.994750656167979,4.115485564304462,4.1372031662269135,"[163, 248, 303, 312, 296, 246]",0.026930686512438507,0.526573251297293,1.0,0.36962652258706624,0,0.014856918885810753,0.5368145711173227,0.9999999999999999,0.9890909090909091,3.596969696969697,3.636642156862745,"[598, 922, 1198, 1125, 1157, 935]"
Legacy kNN (freq),"{'K': 7, 'thresh': 0.24, 'cutoff': 8}",K=7/th=0.24/c=8,,,True,,0.32698797636149113,0.43542291616127027,-7.705368345596225,0.031896827975748096,0.6186174792457708,1.0,0.37902875877171277,0.0,0.01716717156972847,0.5210411946650919,0.9999999999999999,0.9816272965879265,3.931758530183727,4.005347593582888,"[154, 241, 287, 309, 277, 230]",0.029969705521042393,0.5053994440344409,1.0,0.36950884891556246,0,0.016575753007878145,0.5365068599171785,0.9999999999999999,0.9636363636363636,3.3393939393939394,3.4654088050314464,"[548, 889, 1069, 1069, 1071, 864]"
Legacy kNN (freq),"{'K': 7, 'thresh': 0.24, 'cutoff': 10}",K=7/th=0.24/c=10,,,True,,0.3302220573139107,0.44700286551877416,-7.19221819014434,0.03215537657583713,0.615590826621481,1.0,0.37885835786518185,0.0,0.017283444461765732,0.5202133646838818,0.9999999999999999,0.963254593175853,3.816272965879265,3.9618528610354224,"[147, 238, 278, 302, 263, 226]",0.032078264929597075,0.495863414279283,1.0,0.3692933828948668,0,0.017792034639392922,0.5368515098346153,0.9999999999999999,0.9303030303030303,3.1745454545454543,3.412377850162866,"[525, 871, 982, 1009, 1009, 842]"
Legacy kNN (freq),"{'K': 7, 'thresh': 0.24, 'cutoff': 12}",K=7/th=0.24/c=12,,,True,,0.3652201938136619,0.4898348387666429,-5.527426391544139,0.037084452349998784,0.5853554077629197,1.0,0.37830383075527585,0.0,0.01999987348597459,0.5193052836393374,0.9999999999999999,0.9448818897637795,3.5984251968503935,3.808333333333333,"[132, 221, 262, 289, 251, 216]",0.04061265899512799,0.4617740991663332,1.0,0.3699875964594936,0,0.022724739775474165,0.5368224488373494,0.9999999999999999,0.906060606060606,2.915151515151515,3.217391304347826,"[457, 762, 914, 951, 932, 794]"
Legacy kNN (freq),"{'K': 7, 'thresh': 0.24, 'cutoff': 16}",K=7/th=0.24/c=16,,,True,,0.43248924223790264,0.5651248130842825,-2.431264744960741,0.04946368441946195,0.5306042383419691,1.0,0.37876598720136584,0.0,0.026889182136988456,0.5167244404407153,0.9999999999999999,0.9186351706036745,3.120734908136483,3.3971428571428572,"[106, 186, 232, 262, 220, 183]",0.05506604205209657,0.40111931475889867,1.0,0.37059361930361534,0,0.031265633337353806,0.5365176520807663,0.9999999999999999,0.8096969696969697,2.235757575757576,2.76122754491018,"[325, 507, 743, 734, 748, 632]"
Legacy kNN (freq),"{'K': 7, 'thresh': 0.24, 'cutoff': 20}",K=7/th=0.24/c=20,,,True,,0.5264195278354399,0.6552420738889054,-0.7829423350910426,0.06381219981540182,0.4510565574970501,1.0,0.3788796183902937,0.0,0.03498307668763135,0.5132351790163191,0.9999999999999999,0.847769028871391,2.58005249343832,3.043343653250774,"[85, 158, 194, 222, 177, 147]",0.06626084566467916,0.3226438152223481,1.0,0.37208347815524767,0,0.03790961591353374,0.5342163398059848,0.9999999999999999,0.7212121212121212,1.733939393939394,2.404201680672269,"[268, 385, 587, 583, 595, 443]"
Legacy kNN (freq),"{'K': 7, 'thresh': 0.24, 'cutoff': 24}",K=7/th=0.24/c=24,,,True,,0.6471913946634829,0.7470370389737284,0.029168906461907618,0.11543624128805038,0.3827355476274143,1.0,0.38163567000948917,0.0,0.06667697438544874,0.5109307006845264,0.9999999999999999,0.7795275590551181,2.047244094488189,2.6262626262626263,"[46, 114, 158, 190, 147, 125]",0.08772319562789808,0.2526150919658713,1.0,0.3730964510390053,0,0.051132576560194966,0.5317518985322511,0.9999999999999999,0.6145454545454545,1.283030303030303,2.0877712031558184,"[166, 266, 447, 434, 454, 350]"
Legacy kNN (freq),"{'K': 7, 'thresh': 0.24, 'cutoff': 28}",K=7/th=0.24/c=28,,,True,,0.7313566273563521,0.8225183437935966,0.12826593542035558,0.1488476594533407,0.33266207094468225,1.0,0.38390346282564547,0.0,0.08870643856310044,0.5072471024010271,0.9999999999999999,0.7060367454068242,1.7086614173228347,2.420074349442379,"[39, 95, 135, 168, 120, 94]",0.11531848188496786,0.20547124909951112,1.0,0.37557037002713234,0,0.06943455527961179,0.5326756947529193,0.9999999999999999,0.5006060606060606,0.9266666666666666,1.8510895883777239,"[100, 180, 327, 329, 363, 230]"
Legacy kNN (freq),"{'K': 7, 'thresh': 0.24, 'cutoff': 32}",K=7/th=0.24/c=32,,,True,,0.7797269587301421,0.8680631574042885,-0.09609678135134159,0.1766573625432249,0.31247745705644736,1.0,0.38515684414454804,0.0,0.10756294035622978,0.501314958364513,0.9999999999999999,0.6115485564304461,1.4173228346456692,2.3175965665236054,"[30, 80, 115, 143, 106, 66]",0.13295844595399223,0.17802007308526951,1.0,0.3770826151185523,0,0.08123153481022172,0.5297217692009004,0.9999999999999999,0.4121212121212121,0.7066666666666667,1.7147058823529413,"[82, 128, 253, 244, 292, 167]"
Legacy kNN (freq),"{'K': 7, 'thresh': 0.28, 'cutoff': 6}",K=7/th=0.28/c=6,,,True,,0.311742060133647,0.4145780012492575,-9.085937689631841,0.028831948521030215,0.6309564638414855,1.0,0.37955525151367436,0.0,0.015463975527220186,0.5208836349713265,0.9999999999999999,0.9921259842519685,4.102362204724409,4.134920634920634,"[162, 247, 302, 311, 296, 245]",0.02754299101694723,0.52385584383783,1.0,0.3696361802338007,0,0.015144954330270693,0.5347200468223269,0.9999999999999999,0.9769696969696969,3.526060606060606,3.609181141439206,"[579, 905, 1175, 1106, 1134, 919]"
Legacy kNN (freq),"{'K': 7, 'thresh': 0.28, 'cutoff': 8}",K=7/th=0.28/c=8,,,True,,0.3273370483990167,0.4387261038250607,-7.469175232591082,0.03220898437361458,0.6185954746885841,1.0,0.3790784623799541,0.0,0.01732210553615669,0.5204804257775119,0.9999999999999999,0.979002624671916,3.9186351706036744,4.002680965147453,"[153, 240, 286, 308, 277, 229]",0.030623125036379355,0.5027387800504337,1.0,0.3694725294637166,0,0.016882095170240217,0.5344027435606141,0.9999999999999999,0.9515151515151515,3.273939393939394,3.440764331210191,"[531, 872, 1050, 1050, 1051, 848]"
Legacy kNN (freq),"{'K': 7, 'thresh': 0.28, 'cutoff': 10}",K=7/th=0.28/c=10,,,True,,0.33056650237205687,0.451085784467261,-6.946443712839042,0.032462575185923805,0.6155709862711889,1.0,0.3789163781910732,0.0,0.017434584837538954,0.5196316298761853,0.9999999999999999,0.9606299212598425,3.8031496062992125,3.959016393442623,"[146, 237, 277, 301, 263, 225]",0.03271566984366553,0.4923873459667714,1.0,0.3691915353012228,0,0.018083275938411636,0.5346562311282029,0.9999999999999999,0.9181818181818182,3.1084848484848484,3.385478547854785,"[508, 852, 964, 989, 989, 827]"
Legacy kNN (freq),"{'K': 7, 'thresh': 0.28, 'cutoff': 12}",K=7/th=0.28/c=12,,,True,,0.36565220638270546,0.49524621490642873,-5.292726474305989,0.03737799616573546,0.5852214202241797,1.0,0.37831876813716553,0.0,0.02014057307981164,0.5186934407210237,0.9999999999999999,0.9422572178477691,3.5853018372703414,3.8050139275766015,"[131, 220, 261, 288, 251, 215]",0.04183860220712565,0.4575638573722912,1.0,0.3699049002386475,0,0.02334452977768324,0.5346207632192508,0.9999999999999999,0.8951515151515151,2.853939393939394,3.188219363574814,"[446, 746, 895, 930, 912, 780]"
Legacy kNN (freq),"{'K': 7, 'thresh': 0.28, 'cutoff': 16}",K=7/th=0.28/c=16,,,True,,0.4326449767922758,0.5697046875383874,-2.348568523456109,0.049489835507483135,0.530479656084694,1.0,0.37878265789828897,0.0,0.026881775108991323,0.5162949266016286,0.9999999999999999,0.916010498687664,3.1128608923884515,3.398280802292264,"[106, 185, 231, 261, 220, 183]",0.05707841468895311,0.3984969496553993,1.0,0.37041074168277854,0,0.03233472597083741,0.5341608410246618,0.9999999999999999,0.7957575757575758,2.184848484848485,2.7456207159177457,"[316, 495, 727, 710, 736, 621]"
Legacy kNN (freq),"{'K': 7, 'thresh': 0.28, 'cutoff': 20}",K=7/th=0.28/c=20,,,True,,0.5264637936804876,0.6572580610340152,-0.7673783083852234,0.06386014642695173,0.4510604825916043,1.0,0.37888043281713374,0.0,0.034987233415957754,0.5128845068380739,0.9999999999999999,0.8451443569553806,2.574803149606299,3.0465838509316767,"[85, 157, 193, 222, 177, 147]",0.067979589542266,0.322313280226748,1.0,0.3719725057283237,0,0.03877577047310873,0.5316263569097076,0.9999999999999999,0.706060606060606,1.690909090909091,2.3948497854077253,"[263, 375, 573, 563, 583, 433]"
Legacy kNN (freq),"{'K': 7, 'thresh': 0.28, 'cutoff': 24}",K=7/th=0.28/c=24,,,True,,0.6458613794988098,0.7490247862600781,0.011213968752816883,0.11402204390526555,0.3826018268230878,1.0,0.38147054138877345,0.0,0.06568010086122653,0.5103487492596536,0.9999999999999999,0.7742782152230971,2.0393700787401574,2.6338983050847458,"[45, 113, 157, 190, 147, 125]",0.08907021732293349,0.2519309851248012,1.0,0.3729518468731528,0,0.051768047474334215,0.5294358606336553,0.9999999999999999,0.6018181818181818,1.2533333333333334,2.08257804632427,"[161, 259, 439, 421, 442, 346]"
Legacy kNN (freq),"{'K': 7, 'thresh': 0.28, 'cutoff': 28}",K=7/th=0.28/c=28,,,True,,0.7312899898577936,0.8220824246062837,0.08127597400013653,0.14773288108476826,0.33156089658079607,1.0,0.38372668451273767,0.0,0.08785262674864128,0.5068185011050892,0.9999999999999999,0.7034120734908137,1.7034120734908136,2.421641791044776,"[38, 94, 135, 168, 120, 94]",0.1173908406598922,0.20794172848020492,1.0,0.3754443747553214,0,0.07057084230051826,0.5305895592519072,0.9999999999999999,0.48848484848484847,0.906060606060606,1.8548387096774193,"[95, 175, 322, 321, 353, 229]"
Legacy kNN (freq),"{'K': 7, 'thresh': 0.28, 'cutoff': 32}",K=7/th=0.28/c=32,,,True,,0.7773379032779213,0.8285470810050022,-0.19065337044870123,0.1747200226213148,0.31287483901063157,1.0,0.38497573222412634,0.0,0.10609194096842617,0.5011181810125274,0.9999999999999999,0.6089238845144357,1.4146981627296589,2.3232758620689657,"[29, 80, 115, 143, 106, 66]",0.13495391583791777,0.17946614448653406,0.95,0.3768643655120613,0,0.08224817539172033,0.5272046139336813,0.8999999999999998,0.4,0.6878787878787879,1.7196969696969695,"[75, 127, 248, 236, 284, 165]"
Legacy kNN (freq),"{'K': 7, 'thresh': 0.32, 'cutoff': 6}",K=7/th=0.32/c=6,,,True,,0.31564886963905403,0.43173696440543086,-7.942104477467975,0.029357185995874363,0.6276911580123483,1.0,0.3799428055184265,0.0,0.015696973491783252,0.5189913354218567,0.9999999999999999,0.9921259842519685,4.0498687664042,4.082010582010582,"[161, 243, 299, 306, 291, 243]",0.028647718853689233,0.5080563438243244,1.0,0.37048529792022,0,0.015626676186241407,0.5298494791171385,0.9999999999999999,0.9357575757575758,3.2696969696969695,3.494170984455958,"[524, 828, 1088, 1027, 1064, 864]"
Legacy kNN (freq),"{'K': 7, 'thresh': 0.32, 'cutoff': 8}",K=7/th=0.32/c=8,,,True,,0.32983822483056635,0.45312739593787993,-6.743176562791183,0.032411292627893704,0.6163788247267296,1.0,0.37935252309800727,0.0,0.017352168897285695,0.5180210013495413,0.9999999999999999,0.9711286089238845,3.8556430446194225,3.9702702702702704,"[150, 235, 282, 302, 273, 227]",0.031620443852916666,0.4895436484060619,1.0,0.370168668303417,0,0.01727829757146532,0.5291487554892627,0.9999999999999999,0.8975757575757576,3.0187878787878786,3.3632680621201887,"[473, 799, 957, 969, 988, 795]"
Legacy kNN (freq),"{'K': 7, 'thresh': 0.32, 'cutoff': 10}",K=7/th=0.32/c=10,,,True,,0.3349493766616443,0.4658766506027089,-6.321806548891536,0.03265429023936631,0.6113886012704375,1.0,0.3789456256423849,0.0,0.01747332406026824,0.5176260848655798,0.9999999999999999,0.9501312335958005,3.7506561679790025,3.9475138121546958,"[143, 233, 275, 297, 259, 222]",0.033622326564388044,0.47864564779037266,1.0,0.36966657276231174,0,0.018417055849427832,0.5293446283942833,0.9999999999999999,0.8642424242424243,2.8654545454545453,3.3155680224403925,"[452, 781, 886, 902, 931, 776]"
Legacy kNN (freq),"{'K': 7, 'thresh': 0.32, 'cutoff': 12}",K=7/th=0.32/c=12,,,True,,0.3700225126036078,0.5075971185767382,-4.790886592671201,0.03725429744743786,0.5807275105565591,1.0,0.3783190857090966,0.0,0.01999147757095039,0.5166295752044748,0.9999999999999999,0.931758530183727,3.5354330708661417,3.7943661971830984,"[128, 216, 260, 284, 247, 212]",0.04229046483833115,0.4457238975687378,1.0,0.37010183769048255,0,0.023360358420325484,0.5290174936359936,0.9999999999999999,0.8381818181818181,2.618181818181818,3.123644251626898,"[390, 679, 818, 847, 852, 734]"
Legacy kNN (freq),"{'K': 7, 'thresh': 0.32, 'cutoff': 16}",K=7/th=0.32/c=16,,,True,,0.43411440823263214,0.5828529859793781,-2.1382853422011645,0.04928643518970491,0.5287843037015434,1.0,0.3787075891482355,0.0,0.026669682440312485,0.51444539417712,0.9999999999999999,0.9028871391076115,3.073490813648294,3.4040697674418605,"[103, 183, 231, 260, 216, 178]",0.057998524728797025,0.3862152183336923,1.0,0.3702322652809109,0,0.03250848550750431,0.5279959007849064,0.9999999999999999,0.7363636363636363,1.9872727272727273,2.6987654320987655,"[269, 446, 666, 640, 679, 579]"
Legacy kNN (freq),"{'K': 7, 'thresh': 0.32, 'cutoff': 20}",K=7/th=0.32/c=20,,,True,,0.5222026814714398,0.6639456982661256,-0.7797969987462416,0.06334078689168093,0.45474040306355085,1.0,0.37867432547769897,0.0,0.03452942159891133,0.5106068160858696,0.9999999999999999,0.8293963254593176,2.5354330708661417,3.0569620253164556,"[82, 154, 192, 221, 174, 143]",0.06900003770902778,0.316667330102476,1.0,0.372043302198579,0,0.038850975208744816,0.524205328797071,0.9999999999999999,0.64,1.5151515151515151,2.367424242424242,"[218, 339, 517, 498, 530, 398]"
Legacy kNN (freq),"{'K': 7, 'thresh': 0.32, 'cutoff': 24}",K=7/th=0.32/c=24,,,True,,0.6401326818166123,0.7517885118532832,-0.13225536629017198,0.11361838473440448,0.3878493795479912,1.0,0.3812122554339966,0.0,0.06503744730926522,0.5073816540792331,0.9999999999999999,0.7532808398950132,2.0,2.6550522648083623,"[43, 110, 156, 188, 144, 121]",0.08743755702113808,0.24751670253510927,1.0,0.372892191224181,0,0.050000639018532335,0.5218423227980661,0.9999999999999999,0.5406060606060606,1.1193939393939394,2.070627802690583,"[131, 232, 401, 370, 395, 318]"
Legacy kNN (freq),"{'K': 7, 'thresh': 0.32, 'cutoff': 28}",K=7/th=0.32/c=28,,,True,,0.7239997832281158,0.795137463646219,-0.160256508770391,0.14711970781468325,0.33815939400994016,1.0,0.38346489807790884,0.0,0.08682851601477765,0.5033600466517663,0.9999999999999999,0.6824146981627297,1.6666666666666667,2.442307692307692,"[36, 91, 133, 165, 118, 92]",0.12310802821341371,0.2006622997700565,0.95,0.3756391173428728,0,0.07316993981043,0.5211846101264627,0.8999999999999998,0.4290909090909091,0.7872727272727272,1.8347457627118644,"[70, 148, 288, 278, 312, 203]"
Legacy kNN (freq),"{'K': 7, 'thresh': 0.32, 'cutoff': 32}",K=7/th=0.32/c=32,,,True,,0.7740966632258185,0.8482352960100501,-0.3976685683596999,0.17346580350183152,0.31476017481252266,1.0,0.3846367817883653,0.0,0.10457319598027391,0.4982719781313272,0.9999999999999999,0.5931758530183727,1.3910761154855642,2.3451327433628317,"[27, 79, 115, 140, 103, 66]",0.14643063636476178,0.1714359033174372,0.95,0.3774685432090854,0,0.0888071968774429,0.5176714243421379,0.8999999999999998,0.3515151515151515,0.5993939393939394,1.7051724137931035,"[56, 106, 222, 203, 258, 144]"
Legacy kNN (freq),"{'K': 9, 'thresh': 0.12, 'cutoff': 6}",K=9/th=0.12/c=6,,,True,,0.22700128902953187,0.31737428149561436,-15.556088912940655,0.02117500006335122,0.7085104282338249,1.0,0.381122390666685,0.0,0.011304817493337265,0.5225698594613541,0.9999999999999999,1.0,4.569553805774278,4.569553805774278,"[192, 277, 336, 329, 327, 280]",0.021643331398411708,0.6154494751672043,1.0,0.3706014175480231,0,0.011883865644247956,0.5371926042465495,0.9999999999999999,0.9981818181818182,4.171515151515152,4.179113539769278,"[702, 1061, 1390, 1289, 1334, 1107]"
Legacy kNN (freq),"{'K': 9, 'thresh': 0.12, 'cutoff': 8}",K=9/th=0.12/c=8,,,True,,0.24407102513103576,0.34631069596498687,-12.855642788922609,0.024680587894852536,0.6947816377114056,1.0,0.38057358315862927,0.0,0.013202611954873189,0.5217355074502512,0.9999999999999999,0.9973753280839895,4.435695538057743,4.447368421052632,"[180, 270, 322, 327, 320, 271]",0.024538302134538514,0.5892606616623514,1.0,0.3701101849759987,0,0.013511301653750927,0.5371085839996741,0.9999999999999999,0.9921212121212121,3.9260606060606063,3.957238851557728,"[646, 1032, 1272, 1238, 1255, 1035]"
Legacy kNN (freq),"{'K': 9, 'thresh': 0.12, 'cutoff': 10}",K=9/th=0.12/c=10,,,True,,0.2580096182900342,0.3668222299987731,-11.714792457129944,0.024804019186145807,0.680567849115369,1.0,0.37924482739752474,0.0,0.013270153453958764,0.5217289751288622,0.9999999999999999,0.994750656167979,4.304461942257218,4.327176781002638,"[171, 267, 308, 321, 304, 269]",0.026552511945678845,0.5707280627017302,1.0,0.3699926025160811,0,0.014652041167226253,0.5371607080253703,0.9999999999999999,0.9763636363636363,3.767878787878788,3.859093730602111,"[623, 1016, 1190, 1187, 1193, 1008]"
Legacy kNN (freq),"{'K': 9, 'thresh': 0.12, 'cutoff': 12}",K=9/th=0.12/c=12,,,True,,0.2838323239147543,0.4039118380769068,-9.608598232255043,0.028687622537087256,0.6586956221494853,1.0,0.37946774509050774,0.0,0.01537923901716967,0.5207129488127888,0.9999999999999999,0.979002624671916,4.10498687664042,4.193029490616622,"[154, 252, 297, 312, 290, 259]",0.03273931900646532,0.5399414511520484,1.0,0.37037990074163263,0,0.018194843966177772,0.5375531611546885,0.9999999999999999,0.9593939393939394,3.5145454545454546,3.663297536323437,"[556, 913, 1112, 1138, 1123, 957]"
Legacy kNN (freq),"{'K': 9, 'thresh': 0.12, 'cutoff': 16}",K=9/th=0.12/c=16,,,True,,0.3580166326189286,0.4945270251492766,-4.987231025437241,0.03671474832390867,0.5926068776842739,1.0,0.37969587326431264,0.0,0.019790260267850343,0.5192362742056166,0.9999999999999999,0.9658792650918635,3.690288713910761,3.8206521739130435,"[131, 218, 275, 290, 264, 228]",0.04589443872695474,0.4627176238172354,1.0,0.37116736746519063,0,0.025831654704691804,0.5370166887282924,0.9999999999999999,0.9121212121212121,2.8696969696969696,3.1461794019933556,"[422, 656, 966, 927, 953, 811]"
Legacy kNN (freq),"{'K': 9, 'thresh': 0.12, 'cutoff': 20}",K=9/th=0.12/c=20,,,True,,0.4302899295201989,0.5812440552761365,-2.450350610878131,0.049786091803727464,0.5334513910458416,1.0,0.3798507625410434,0.0,0.0270755963813603,0.5167619617464975,0.9999999999999999,0.9133858267716536,3.1968503937007875,3.5,"[104, 187, 246, 266, 228, 187]",0.05330726249007754,0.3836922984317759,1.0,0.3720969707261159,0,0.030163657710241043,0.5356805255020017,0.9999999999999999,0.8478787878787879,2.3478787878787877,2.769120800571837,"[353, 522, 803, 788, 799, 609]"
Legacy kNN (freq),"{'K': 9, 'thresh': 0.12, 'cutoff': 24}",K=9/th=0.12/c=24,,,True,,0.5441954410570438,0.6730260046359524,-0.7114397432590625,0.08277939551803909,0.4528786385818392,1.0,0.3809822804028126,0.0,0.04645297309495241,0.5147119161247808,0.9999999999999999,0.8713910761154856,2.690288713910761,3.087349397590361,"[63, 147, 215, 244, 192, 164]",0.07152989299197497,0.3102856054786939,1.0,0.3726057237422376,0,0.04118443800984594,0.5345799698101612,0.9999999999999999,0.7715151515151515,1.8545454545454545,2.403770620581304,"[236, 387, 669, 636, 641, 491]"
Legacy kNN (freq),"{'K': 9, 'thresh': 0.12, 'cutoff': 28}",K=9/th=0.12/c=28,,,True,,0.6111791718275599,0.7507817804371341,0.07095836003769251,0.10138442001463677,0.4048037345634121,1.0,0.3819949545877838,0.0,0.05767204192345284,0.5111721703401946,0.9999999999999999,0.8162729658792651,2.2992125984251968,2.8167202572347265,"[56, 127, 182, 221, 163, 127]",0.0931024967682409,0.25466260694031273,1.0,0.3744729686973529,0,0.054824121621740794,0.5340325731210106,0.9999999999999999,0.6709090909090909,1.4248484848484848,2.1237579042457093,"[166, 288, 523, 507, 526, 341]"
Legacy kNN (freq),"{'K': 9, 'thresh': 0.12, 'cutoff': 32}",K=9/th=0.12/c=32,,,True,,0.6643227307206893,0.7997523561947207,0.26047763002289803,0.12330000150160553,0.3739185845243314,1.0,0.3831377124780504,0.0,0.07142578404886452,0.5078577510606865,0.9999999999999999,0.7559055118110236,1.994750656167979,2.638888888888889,"[42, 111, 164, 194, 146, 103]",0.10710321081801684,0.21993627173716454,1.0,0.3752847237128945,0,0.06391113744613533,0.5328126195243087,0.9999999999999999,0.5848484848484848,1.1357575757575757,1.9419689119170984,"[132, 226, 402, 403, 440, 271]"
Legacy kNN (freq),"{'K': 9, 'thresh': 0.14, 'cutoff': 6}",K=9/th=0.14/c=6,,,True,,0.22700128902953187,0.31737428149561436,-15.556088912940655,0.02117500006335122,0.7085104282338249,1.0,0.381122390666685,0.0,0.011304817493337265,0.5225698594613541,0.9999999999999999,1.0,4.569553805774278,4.569553805774278,"[192, 277, 336, 329, 327, 280]",0.021643331398411708,0.6154494751672043,1.0,0.3706014175480231,0,0.011883865644247956,0.5371926042465495,0.9999999999999999,0.9981818181818182,4.171515151515152,4.179113539769278,"[702, 1061, 1390, 1289, 1334, 1107]"
Legacy kNN (freq),"{'K': 9, 'thresh': 0.14, 'cutoff': 8}",K=9/th=0.14/c=8,,,True,,0.24407102513103576,0.34631069596498687,-12.855642788922609,0.024680587894852536,0.6947816377114056,1.0,0.38057358315862927,0.0,0.013202611954873189,0.5217355074502512,0.9999999999999999,0.9973753280839895,4.435695538057743,4.447368421052632,"[180, 270, 322, 327, 320, 271]",0.024538302134538514,0.5892606616623514,1.0,0.3701101849759987,0,0.013511301653750927,0.5371085839996741,0.9999999999999999,0.9921212121212121,3.9260606060606063,3.957238851557728,"[646, 1032, 1272, 1238, 1255, 1035]"
Legacy kNN (freq),"{'K': 9, 'thresh': 0.14, 'cutoff': 10}",K=9/th=0.14/c=10,,,True,,0.2580096182900342,0.3668222299987731,-11.714792457129944,0.024804019186145807,0.680567849115369,1.0,0.37924482739752474,0.0,0.013270153453958764,0.5217289751288622,0.9999999999999999,0.994750656167979,4.304461942257218,4.327176781002638,"[171, 267, 308, 321, 304, 269]",0.026552511945678845,0.5707280627017302,1.0,0.3699926025160811,0,0.014652041167226253,0.5371607080253703,0.9999999999999999,0.9763636363636363,3.767878787878788,3.859093730602111,"[623, 1016, 1190, 1187, 1193, 1008]"
Legacy kNN (freq),"{'K': 9, 'thresh': 0.14, 'cutoff': 12}",K=9/th=0.14/c=12,,,True,,0.2838323239147543,0.4039118380769068,-9.608598232255043,0.028687622537087256,0.6586956221494853,1.0,0.37946774509050774,0.0,0.01537923901716967,0.5207129488127888,0.9999999999999999,0.979002624671916,4.10498687664042,4.193029490616622,"[154, 252, 297, 312, 290, 259]",0.03273931900646532,0.5399414511520484,1.0,0.37037990074163263,0,0.018194843966177772,0.5375531611546885,0.9999999999999999,0.9593939393939394,3.5145454545454546,3.663297536323437,"[556, 913, 1112, 1138, 1123, 957]"
Legacy kNN (freq),"{'K': 9, 'thresh': 0.14, 'cutoff': 16}",K=9/th=0.14/c=16,,,True,,0.3580166326189286,0.4945270251492766,-4.987231025437241,0.03671474832390867,0.5926068776842739,1.0,0.37969587326431264,0.0,0.019790260267850343,0.5192362742056166,0.9999999999999999,0.9658792650918635,3.690288713910761,3.8206521739130435,"[131, 218, 275, 290, 264, 228]",0.04589443872695474,0.4627176238172354,1.0,0.37116736746519063,0,0.025831654704691804,0.5370166887282924,0.9999999999999999,0.9121212121212121,2.8696969696969696,3.1461794019933556,"[422, 656, 966, 927, 953, 811]"
Legacy kNN (freq),"{'K': 9, 'thresh': 0.14, 'cutoff': 20}",K=9/th=0.14/c=20,,,True,,0.4302899295201989,0.5812440552761365,-2.450350610878131,0.049786091803727464,0.5334513910458416,1.0,0.3798507625410434,0.0,0.0270755963813603,0.5167619617464975,0.9999999999999999,0.9133858267716536,3.1968503937007875,3.5,"[104, 187, 246, 266, 228, 187]",0.05330726249007754,0.3836922984317759,1.0,0.3720969707261159,0,0.030163657710241043,0.5356805255020017,0.9999999999999999,0.8478787878787879,2.3478787878787877,2.769120800571837,"[353, 522, 803, 788, 799, 609]"
Legacy kNN (freq),"{'K': 9, 'thresh': 0.14, 'cutoff': 24}",K=9/th=0.14/c=24,,,True,,0.5441954410570438,0.6730260046359524,-0.7114397432590625,0.08277939551803909,0.4528786385818392,1.0,0.3809822804028126,0.0,0.04645297309495241,0.5147119161247808,0.9999999999999999,0.8713910761154856,2.690288713910761,3.087349397590361,"[63, 147, 215, 244, 192, 164]",0.07152989299197497,0.3102856054786939,1.0,0.3726057237422376,0,0.04118443800984594,0.5345799698101612,0.9999999999999999,0.7715151515151515,1.8545454545454545,2.403770620581304,"[236, 387, 669, 636, 641, 491]"
Legacy kNN (freq),"{'K': 9, 'thresh': 0.14, 'cutoff': 28}",K=9/th=0.14/c=28,,,True,,0.6111791718275599,0.7507817804371341,0.07095836003769251,0.10138442001463677,0.4048037345634121,1.0,0.3819949545877838,0.0,0.05767204192345284,0.5111721703401946,0.9999999999999999,0.8162729658792651,2.2992125984251968,2.8167202572347265,"[56, 127, 182, 221, 163, 127]",0.0931024967682409,0.25466260694031273,1.0,0.3744729686973529,0,0.054824121621740794,0.5340325731210106,0.9999999999999999,0.6709090909090909,1.4248484848484848,2.1237579042457093,"[166, 288, 523, 507, 526, 341]"
Legacy kNN (freq),"{'K': 9, 'thresh': 0.14, 'cutoff': 32}",K=9/th=0.14/c=32,,,True,,0.6643227307206893,0.7997523561947207,0.26047763002289803,0.12330000150160553,0.3739185845243314,1.0,0.3831377124780504,0.0,0.07142578404886452,0.5078577510606865,0.9999999999999999,0.7559055118110236,1.994750656167979,2.638888888888889,"[42, 111, 164, 194, 146, 103]",0.10710321081801684,0.21993627173716454,1.0,0.3752847237128945,0,0.06391113744613533,0.5328126195243087,0.9999999999999999,0.5848484848484848,1.1357575757575757,1.9419689119170984,"[132, 226, 402, 403, 440, 271]"
Legacy kNN (freq),"{'K': 9, 'thresh': 0.16, 'cutoff': 6}",K=9/th=0.16/c=6,,,True,,0.22700128902953187,0.31737428149561436,-15.556088912940655,0.02117500006335122,0.7085104282338249,1.0,0.381122390666685,0.0,0.011304817493337265,0.5225698594613541,0.9999999999999999,1.0,4.569553805774278,4.569553805774278,"[192, 277, 336, 329, 327, 280]",0.021643331398411708,0.6154494751672043,1.0,0.3706014175480231,0,0.011883865644247956,0.5371926042465495,0.9999999999999999,0.9981818181818182,4.171515151515152,4.179113539769278,"[702, 1061, 1390, 1289, 1334, 1107]"
Legacy kNN (freq),"{'K': 9, 'thresh': 0.16, 'cutoff': 8}",K=9/th=0.16/c=8,,,True,,0.24407102513103576,0.34631069596498687,-12.855642788922609,0.024680587894852536,0.6947816377114056,1.0,0.38057358315862927,0.0,0.013202611954873189,0.5217355074502512,0.9999999999999999,0.9973753280839895,4.435695538057743,4.447368421052632,"[180, 270, 322, 327, 320, 271]",0.024538302134538514,0.5892606616623514,1.0,0.3701101849759987,0,0.013511301653750927,0.5371085839996741,0.9999999999999999,0.9921212121212121,3.9260606060606063,3.957238851557728,"[646, 1032, 1272, 1238, 1255, 1035]"
Legacy kNN (freq),"{'K': 9, 'thresh': 0.16, 'cutoff': 10}",K=9/th=0.16/c=10,,,True,,0.2580096182900342,0.3668222299987731,-11.714792457129944,0.024804019186145807,0.680567849115369,1.0,0.37924482739752474,0.0,0.013270153453958764,0.5217289751288622,0.9999999999999999,0.994750656167979,4.304461942257218,4.327176781002638,"[171, 267, 308, 321, 304, 269]",0.026552511945678845,0.5707280627017302,1.0,0.3699926025160811,0,0.014652041167226253,0.5371607080253703,0.9999999999999999,0.9763636363636363,3.767878787878788,3.859093730602111,"[623, 1016, 1190, 1187, 1193, 1008]"
Legacy kNN (freq),"{'K': 9, 'thresh': 0.16, 'cutoff': 12}",K=9/th=0.16/c=12,,,True,,0.2838323239147543,0.4039118380769068,-9.608598232255043,0.028687622537087256,0.6586956221494853,1.0,0.37946774509050774,0.0,0.01537923901716967,0.5207129488127888,0.9999999999999999,0.979002624671916,4.10498687664042,4.193029490616622,"[154, 252, 297, 312, 290, 259]",0.03273931900646532,0.5399414511520484,1.0,0.37037990074163263,0,0.018194843966177772,0.5375531611546885,0.9999999999999999,0.9593939393939394,3.5145454545454546,3.663297536323437,"[556, 913, 1112, 1138, 1123, 957]"
Legacy kNN (freq),"{'K': 9, 'thresh': 0.16, 'cutoff': 16}",K=9/th=0.16/c=16,,,True,,0.3580166326189286,0.4945270251492766,-4.987231025437241,0.03671474832390867,0.5926068776842739,1.0,0.37969587326431264,0.0,0.019790260267850343,0.5192362742056166,0.9999999999999999,0.9658792650918635,3.690288713910761,3.8206521739130435,"[131, 218, 275, 290, 264, 228]",0.04589443872695474,0.4627176238172354,1.0,0.37116736746519063,0,0.025831654704691804,0.5370166887282924,0.9999999999999999,0.9121212121212121,2.8696969696969696,3.1461794019933556,"[422, 656, 966, 927, 953, 811]"
Legacy kNN (freq),"{'K': 9, 'thresh': 0.16, 'cutoff': 20}",K=9/th=0.16/c=20,,,True,,0.4302899295201989,0.5812440552761365,-2.450350610878131,0.049786091803727464,0.5334513910458416,1.0,0.3798507625410434,0.0,0.0270755963813603,0.5167619617464975,0.9999999999999999,0.9133858267716536,3.1968503937007875,3.5,"[104, 187, 246, 266, 228, 187]",0.05330726249007754,0.3836922984317759,1.0,0.3720969707261159,0,0.030163657710241043,0.5356805255020017,0.9999999999999999,0.8478787878787879,2.3478787878787877,2.769120800571837,"[353, 522, 803, 788, 799, 609]"
Legacy kNN (freq),"{'K': 9, 'thresh': 0.16, 'cutoff': 24}",K=9/th=0.16/c=24,,,True,,0.5441954410570438,0.6730260046359524,-0.7114397432590625,0.08277939551803909,0.4528786385818392,1.0,0.3809822804028126,0.0,0.04645297309495241,0.5147119161247808,0.9999999999999999,0.8713910761154856,2.690288713910761,3.087349397590361,"[63, 147, 215, 244, 192, 164]",0.07152989299197497,0.3102856054786939,1.0,0.3726057237422376,0,0.04118443800984594,0.5345799698101612,0.9999999999999999,0.7715151515151515,1.8545454545454545,2.403770620581304,"[236, 387, 669, 636, 641, 491]"
Legacy kNN (freq),"{'K': 9, 'thresh': 0.16, 'cutoff': 28}",K=9/th=0.16/c=28,,,True,,0.6111791718275599,0.7507817804371341,0.07095836003769251,0.10138442001463677,0.4048037345634121,1.0,0.3819949545877838,0.0,0.05767204192345284,0.5111721703401946,0.9999999999999999,0.8162729658792651,2.2992125984251968,2.8167202572347265,"[56, 127, 182, 221, 163, 127]",0.0931024967682409,0.25466260694031273,1.0,0.3744729686973529,0,0.054824121621740794,0.5340325731210106,0.9999999999999999,0.6709090909090909,1.4248484848484848,2.1237579042457093,"[166, 288, 523, 507, 526, 341]"
Legacy kNN (freq),"{'K': 9, 'thresh': 0.16, 'cutoff': 32}",K=9/th=0.16/c=32,,,True,,0.6643227307206893,0.7997523561947207,0.26047763002289803,0.12330000150160553,0.3739185845243314,1.0,0.3831377124780504,0.0,0.07142578404886452,0.5078577510606865,0.9999999999999999,0.7559055118110236,1.994750656167979,2.638888888888889,"[42, 111, 164, 194, 146, 103]",0.10710321081801684,0.21993627173716454,1.0,0.3752847237128945,0,0.06391113744613533,0.5328126195243087,0.9999999999999999,0.5848484848484848,1.1357575757575757,1.9419689119170984,"[132, 226, 402, 403, 440, 271]"
Legacy kNN (freq),"{'K': 9, 'thresh': 0.2, 'cutoff': 6}",K=9/th=0.2/c=6,,,True,,0.22700128902953187,0.31737428149561436,-15.556088912940655,0.02117500006335122,0.7085104282338249,1.0,0.381122390666685,0.0,0.011304817493337265,0.5225698594613541,0.9999999999999999,1.0,4.569553805774278,4.569553805774278,"[192, 277, 336, 329, 327, 280]",0.021643331398411708,0.6154494751672043,1.0,0.3706014175480231,0,0.011883865644247956,0.5371926042465495,0.9999999999999999,0.9981818181818182,4.171515151515152,4.179113539769278,"[702, 1061, 1390, 1289, 1334, 1107]"
Legacy kNN (freq),"{'K': 9, 'thresh': 0.2, 'cutoff': 8}",K=9/th=0.2/c=8,,,True,,0.24407102513103576,0.34631069596498687,-12.855642788922609,0.024680587894852536,0.6947816377114056,1.0,0.38057358315862927,0.0,0.013202611954873189,0.5217355074502512,0.9999999999999999,0.9973753280839895,4.435695538057743,4.447368421052632,"[180, 270, 322, 327, 320, 271]",0.024538302134538514,0.5892606616623514,1.0,0.3701101849759987,0,0.013511301653750927,0.5371085839996741,0.9999999999999999,0.9921212121212121,3.9260606060606063,3.957238851557728,"[646, 1032, 1272, 1238, 1255, 1035]"
Legacy kNN (freq),"{'K': 9, 'thresh': 0.2, 'cutoff': 10}",K=9/th=0.2/c=10,,,True,,0.2580096182900342,0.3668222299987731,-11.714792457129944,0.024804019186145807,0.680567849115369,1.0,0.37924482739752474,0.0,0.013270153453958764,0.5217289751288622,0.9999999999999999,0.994750656167979,4.304461942257218,4.327176781002638,"[171, 267, 308, 321, 304, 269]",0.026552511945678845,0.5707280627017302,1.0,0.3699926025160811,0,0.014652041167226253,0.5371607080253703,0.9999999999999999,0.9763636363636363,3.767878787878788,3.859093730602111,"[623, 1016, 1190, 1187, 1193, 1008]"
Legacy kNN (freq),"{'K': 9, 'thresh': 0.2, 'cutoff': 12}",K=9/th=0.2/c=12,,,True,,0.2838323239147543,0.4039118380769068,-9.608598232255043,0.028687622537087256,0.6586956221494853,1.0,0.37946774509050774,0.0,0.01537923901716967,0.5207129488127888,0.9999999999999999,0.979002624671916,4.10498687664042,4.193029490616622,"[154, 252, 297, 312, 290, 259]",0.03273931900646532,0.5399414511520484,1.0,0.37037990074163263,0,0.018194843966177772,0.5375531611546885,0.9999999999999999,0.9593939393939394,3.5145454545454546,3.663297536323437,"[556, 913, 1112, 1138, 1123, 957]"
Legacy kNN (freq),"{'K': 9, 'thresh': 0.2, 'cutoff': 16}",K=9/th=0.2/c=16,,,True,,0.3580166326189286,0.4945270251492766,-4.987231025437241,0.03671474832390867,0.5926068776842739,1.0,0.37969587326431264,0.0,0.019790260267850343,0.5192362742056166,0.9999999999999999,0.9658792650918635,3.690288713910761,3.8206521739130435,"[131, 218, 275, 290, 264, 228]",0.04589443872695474,0.4627176238172354,1.0,0.37116736746519063,0,0.025831654704691804,0.5370166887282924,0.9999999999999999,0.9121212121212121,2.8696969696969696,3.1461794019933556,"[422, 656, 966, 927, 953, 811]"
Legacy kNN (freq),"{'K': 9, 'thresh': 0.2, 'cutoff': 20}",K=9/th=0.2/c=20,,,True,,0.4302899295201989,0.5812440552761365,-2.450350610878131,0.049786091803727464,0.5334513910458416,1.0,0.3798507625410434,0.0,0.0270755963813603,0.5167619617464975,0.9999999999999999,0.9133858267716536,3.1968503937007875,3.5,"[104, 187, 246, 266, 228, 187]",0.05330726249007754,0.3836922984317759,1.0,0.3720969707261159,0,0.030163657710241043,0.5356805255020017,0.9999999999999999,0.8478787878787879,2.3478787878787877,2.769120800571837,"[353, 522, 803, 788, 799, 609]"
Legacy kNN (freq),"{'K': 9, 'thresh': 0.2, 'cutoff': 24}",K=9/th=0.2/c=24,,,True,,0.5441954410570438,0.6730260046359524,-0.7114397432590625,0.08277939551803909,0.4528786385818392,1.0,0.3809822804028126,0.0,0.04645297309495241,0.5147119161247808,0.9999999999999999,0.8713910761154856,2.690288713910761,3.087349397590361,"[63, 147, 215, 244, 192, 164]",0.07152989299197497,0.3102856054786939,1.0,0.3726057237422376,0,0.04118443800984594,0.5345799698101612,0.9999999999999999,0.7715151515151515,1.8545454545454545,2.403770620581304,"[236, 387, 669, 636, 641, 491]"
Legacy kNN (freq),"{'K': 9, 'thresh': 0.2, 'cutoff': 28}",K=9/th=0.2/c=28,,,True,,0.6111791718275599,0.7507817804371341,0.07095836003769251,0.10138442001463677,0.4048037345634121,1.0,0.3819949545877838,0.0,0.05767204192345284,0.5111721703401946,0.9999999999999999,0.8162729658792651,2.2992125984251968,2.8167202572347265,"[56, 127, 182, 221, 163, 127]",0.0931024967682409,0.25466260694031273,1.0,0.3744729686973529,0,0.054824121621740794,0.5340325731210106,0.9999999999999999,0.6709090909090909,1.4248484848484848,2.1237579042457093,"[166, 288, 523, 507, 526, 341]"
Legacy kNN (freq),"{'K': 9, 'thresh': 0.2, 'cutoff': 32}",K=9/th=0.2/c=32,,,True,,0.6643227307206893,0.7997523561947207,0.26047763002289803,0.12330000150160553,0.3739185845243314,1.0,0.3831377124780504,0.0,0.07142578404886452,0.5078577510606865,0.9999999999999999,0.7559055118110236,1.994750656167979,2.638888888888889,"[42, 111, 164, 194, 146, 103]",0.10710321081801684,0.21993627173716454,1.0,0.3752847237128945,0,0.06391113744613533,0.5328126195243087,0.9999999999999999,0.5848484848484848,1.1357575757575757,1.9419689119170984,"[132, 226, 402, 403, 440, 271]"
Legacy kNN (freq),"{'K': 9, 'thresh': 0.24, 'cutoff': 6}",K=9/th=0.24/c=6,,,True,,0.22700128902953187,0.3187412303550312,-15.440576549849851,0.02117500006335122,0.7085104282338249,1.0,0.381122390666685,0.0,0.011304817493337265,0.5225698594613541,0.9999999999999999,1.0,4.569553805774278,4.569553805774278,"[192, 277, 336, 329, 327, 280]",0.02183495071827116,0.6143065083009457,1.0,0.37070929312568585,0,0.011982954702876114,0.536813011110697,0.9999999999999999,0.9981818181818182,4.162424242424242,4.170006071645416,"[699, 1060, 1388, 1287, 1331, 1103]"
Legacy kNN (freq),"{'K': 9, 'thresh': 0.24, 'cutoff': 8}",K=9/th=0.24/c=8,,,True,,0.24407102513103576,0.34730611246306115,-12.797581756521017,0.024680587894852536,0.6947816377114056,1.0,0.38057358315862927,0.0,0.013202611954873189,0.5217355074502512,0.9999999999999999,0.9973753280839895,4.435695538057743,4.447368421052632,"[180, 270, 322, 327, 320, 271]",0.024753347686612626,0.5884958393756099,1.0,0.3701620138401945,0,0.013624846454201882,0.5367985497405244,0.9999999999999999,0.9915151515151515,3.918787878787879,3.952322738386308,"[644, 1031, 1271, 1237, 1252, 1031]"
Legacy kNN (freq),"{'K': 9, 'thresh': 0.24, 'cutoff': 10}",K=9/th=0.24/c=10,,,True,,0.2580096182900342,0.3676607949513334,-11.66465221136056,0.024804019186145807,0.680567849115369,1.0,0.37924482739752474,0.0,0.013270153453958764,0.5217289751288622,0.9999999999999999,0.994750656167979,4.304461942257218,4.327176781002638,"[171, 267, 308, 321, 304, 269]",0.02672088696744982,0.570067209356323,1.0,0.3700237244673555,0,0.014739247062059153,0.5368599704012996,0.9999999999999999,0.9757575757575757,3.7612121212121212,3.8546583850931677,"[621, 1015, 1189, 1186, 1190, 1005]"
Legacy kNN (freq),"{'K': 9, 'thresh': 0.24, 'cutoff': 12}",K=9/th=0.24/c=12,,,True,,0.2838323239147543,0.40481758074851293,-9.554531550877284,0.028687622537087256,0.6586956221494853,1.0,0.37946774509050774,0.0,0.01537923901716967,0.5207129488127888,0.9999999999999999,0.979002624671916,4.10498687664042,4.193029490616622,"[154, 252, 297, 312, 290, 259]",0.03299242332754599,0.5392917738322728,1.0,0.370389770844132,0,0.018328431008914414,0.5372051178464787,0.9999999999999999,0.9587878787878787,3.5072727272727273,3.6580278128950696,"[554, 912, 1111, 1137, 1120, 953]"
Legacy kNN (freq),"{'K': 9, 'thresh': 0.24, 'cutoff': 16}",K=9/th=0.24/c=16,,,True,,0.3580166326189286,0.4957200398704793,-4.927570241902954,0.03671474832390867,0.5926068776842739,1.0,0.37969587326431264,0.0,0.019790260267850343,0.5192362742056166,0.9999999999999999,0.9658792650918635,3.690288713910761,3.8206521739130435,"[131, 218, 275, 290, 264, 228]",0.046120448635843796,0.46174133252400323,1.0,0.3711364125287956,0,0.02594092827220072,0.5365185212569047,0.9999999999999999,0.9115151515151515,2.860606060606061,3.138297872340426,"[420, 654, 964, 927, 948, 807]"
Legacy kNN (freq),"{'K': 9, 'thresh': 0.24, 'cutoff': 20}",K=9/th=0.24/c=20,,,True,,0.4302899295201989,0.5832006656223722,-2.404337633389289,0.049786091803727464,0.5334513910458416,1.0,0.3798507625410434,0.0,0.0270755963813603,0.5167619617464975,0.9999999999999999,0.9133858267716536,3.1968503937007875,3.5,"[104, 187, 246, 266, 228, 187]",0.053438514102238474,0.38185307485780534,1.0,0.37205075459313003,0,0.030209555565882347,0.5351037327035384,0.9999999999999999,0.8472727272727273,2.3393939393939394,2.7610872675250357,"[351, 518, 801, 788, 796, 606]"
Legacy kNN (freq),"{'K': 9, 'thresh': 0.24, 'cutoff': 24}",K=9/th=0.24/c=24,,,True,,0.5441954410570438,0.674909236695934,-0.6872872567089414,0.08277939551803909,0.4528786385818392,1.0,0.3809822804028126,0.0,0.04645297309495241,0.5147119161247808,0.9999999999999999,0.8713910761154856,2.690288713910761,3.087349397590361,"[63, 147, 215, 244, 192, 164]",0.07153257148392794,0.30837055456830387,1.0,0.37249073260103277,0,0.04111566340784637,0.5336657406762052,0.9999999999999999,0.769090909090909,1.8436363636363637,2.397163120567376,"[233, 382, 666, 635, 638, 488]"
Legacy kNN (freq),"{'K': 9, 'thresh': 0.24, 'cutoff': 28}",K=9/th=0.24/c=28,,,True,,0.6111791718275599,0.7516078425839257,0.07463060107236308,0.10138442001463677,0.4048037345634121,1.0,0.3819949545877838,0.0,0.05767204192345284,0.5111721703401946,0.9999999999999999,0.8162729658792651,2.2992125984251968,2.8167202572347265,"[56, 127, 182, 221, 163, 127]",0.09289647357714952,0.25359015475777785,1.0,0.37433841254851324,0,0.054615670589533295,0.5333030693796655,0.9999999999999999,0.6684848484848485,1.4175757575757575,2.1205802357207615,"[164, 284, 523, 504, 525, 339]"
Legacy kNN (freq),"{'K': 9, 'thresh': 0.24, 'cutoff': 32}",K=9/th=0.24/c=32,,,True,,0.6643227307206893,0.8004756100956487,0.25932372846209994,0.12330000150160553,0.3739185845243314,1.0,0.3831377124780504,0.0,0.07142578404886452,0.5078577510606865,0.9999999999999999,0.7559055118110236,1.994750656167979,2.638888888888889,"[42, 111, 164, 194, 146, 103]",0.10702316956027098,0.21910252247535925,1.0,0.3751832100357898,0,0.06376275624404652,0.5320208435396293,0.9999999999999999,0.5824242424242424,1.1290909090909091,1.9386056191467222,"[131, 223, 402, 399, 439, 269]"
Legacy kNN (freq),"{'K': 9, 'thresh': 0.28, 'cutoff': 6}",K=9/th=0.28/c=6,,,True,,0.23017909559322147,0.3260740838830619,-14.772460827304002,0.021487934319317514,0.7057159063208317,1.0,0.38135689198245204,0.0,0.01145020465782835,0.5214154956808212,0.9999999999999999,0.9973753280839895,4.5380577427821525,4.55,"[191, 274, 333, 328, 326, 277]",0.02244432327246223,0.607670922769772,1.0,0.37100227793457197,0,0.012267666443634521,0.5343134824013777,0.9999999999999999,0.9854545454545455,4.058181818181819,4.118081180811808,"[668, 1035, 1353, 1258, 1303, 1079]"
Legacy kNN (freq),"{'K': 9, 'thresh': 0.28, 'cutoff': 8}",K=9/th=0.28/c=8,,,True,,0.2477939487659308,0.35297143124507946,-12.260823390425589,0.024988196191643865,0.6914327771887857,1.0,0.3807950992102422,0.0,0.01334314679522352,0.520633843968492,0.9999999999999999,0.994750656167979,4.406824146981627,4.430079155672823,"[179, 267, 319, 326, 319, 269]",0.025017671604379614,0.5831294394701585,1.0,0.37027733036952754,0,0.013709888563602637,0.5342972866337475,0.9999999999999999,0.9775757575757575,3.8193939393939393,3.90700557966522,"[618, 1006, 1236, 1207, 1226, 1009]"
Legacy kNN (freq),"{'K': 9, 'thresh': 0.28, 'cutoff': 10}",K=9/th=0.28/c=10,,,True,,0.2599282785406896,0.37272915247677474,-11.161497664306776,0.02515997834223278,0.6790613585640116,1.0,0.3794321958748945,0.0,0.01343329744449521,0.5204810049366075,0.9999999999999999,0.9921259842519685,4.272965879265092,4.306878306878307,"[170, 264, 305, 319, 303, 267]",0.027035512914948254,0.5653296287251529,1.0,0.37007756095659794,0,0.014846172537773396,0.5342887948277568,0.9999999999999999,0.9612121212121212,3.6624242424242426,3.8102143757881466,"[596, 988, 1156, 1155, 1163, 985]"
Legacy kNN (freq),"{'K': 9, 'thresh': 0.28, 'cutoff': 12}",K=9/th=0.28/c=12,,,True,,0.28476221312187017,0.41089519347107917,-9.07803560677425,0.029139871586224907,0.6582519105015476,1.0,0.3795808401239763,0.0,0.015592344222932927,0.5194928924063249,0.9999999999999999,0.9763779527559056,4.076115485564304,4.174731182795698,"[153, 250, 294, 310, 289, 257]",0.03349619293429303,0.5336977117354335,1.0,0.3703223742407316,0,0.01852549794335289,0.5345362927950743,0.9999999999999999,0.9442424242424242,3.41030303030303,3.6116816431322207,"[532, 887, 1075, 1105, 1095, 933]"
Legacy kNN (freq),"{'K': 9, 'thresh': 0.28, 'cutoff': 16}",K=9/th=0.28/c=16,,,True,,0.35917073821781054,0.5002166690170449,-4.708158498622899,0.03718522665988862,0.591916767518236,1.0,0.3796742635871927,0.0,0.0200015661109367,0.5178875560571826,0.9999999999999999,0.963254593175853,3.661417322834646,3.801089918256131,"[131, 215, 273, 287, 263, 226]",0.04727610433898559,0.4583217471962266,1.0,0.3708743729142862,0,0.026477362396085977,0.533579678897553,0.9999999999999999,0.8909090909090909,2.770909090909091,3.1102040816326535,"[399, 631, 931, 891, 931, 789]"
Legacy kNN (freq),"{'K': 9, 'thresh': 0.28, 'cutoff': 20}",K=9/th=0.28/c=20,,,True,,0.4320778372076721,0.5863562264431654,-2.303662123713432,0.05061961097992092,0.5324900593499915,1.0,0.37982761859247566,0.0,0.027475939462259145,0.5153154473294512,0.9999999999999999,0.910761154855643,3.1706036745406823,3.4812680115273773,"[104, 185, 244, 263, 227, 185]",0.0547793199646905,0.3799630404279028,1.0,0.37179982302125886,0,0.030827652372746348,0.5319321192581747,0.9999999999999999,0.8236363636363636,2.258787878787879,2.742457689477557,"[338, 500, 768, 753, 780, 588]"
Legacy kNN (freq),"{'K': 9, 'thresh': 0.28, 'cutoff': 24}",K=9/th=0.28/c=24,,,True,,0.5462352841499268,0.6792020730417422,-0.6529299932543792,0.08351344029652108,0.4515266641993703,1.0,0.38082836017592003,0.0,0.04674815529883955,0.5130188908127387,0.9999999999999999,0.8661417322834646,2.664041994750656,3.0757575757575757,"[62, 145, 213, 242, 191, 162]",0.07237288892292372,0.3048213407672729,1.0,0.3721684162869713,0,0.041390680142173224,0.5305169552344499,0.9999999999999999,0.7466666666666667,1.7793939393939393,2.383116883116883,"[224, 365, 643, 605, 624, 475]"
Legacy kNN (freq),"{'K': 9, 'thresh': 0.28, 'cutoff': 28}",K=9/th=0.28/c=28,,,True,,0.6155096255631355,0.7525231292745764,0.037923984416690204,0.10297160712077652,0.4020226193703159,1.0,0.381868792708916,0.0,0.058465485727987154,0.5093161036940886,0.9999999999999999,0.8136482939632546,2.2755905511811023,2.796774193548387,"[55, 125, 181, 219, 162, 125]",0.09429431684807027,0.2539791696575861,1.0,0.37402660694697387,0,0.055234980357613046,0.5305361234544251,0.9999999999999999,0.6478787878787878,1.3733333333333333,2.1197380729653883,"[157, 271, 510, 481, 513, 334]"
Legacy kNN (freq),"{'K': 9, 'thresh': 0.28, 'cutoff': 32}",K=9/th=0.28/c=32,,,True,,0.6698560020441063,0.8019760296651999,0.20112400763851235,0.12533593603927448,0.3703642252830601,1.0,0.38294763762630624,0.0,0.0724640668440118,0.5056936730508649,0.9999999999999999,0.7532808398950132,1.9711286089238844,2.616724738675958,"[41, 109, 163, 192, 145, 101]",0.10879357237491598,0.21926619473621534,1.0,0.3748288400883309,0,0.06460604446980757,0.5292335939014302,0.9999999999999999,0.563030303030303,1.093939393939394,1.9429494079655545,"[123, 214, 394, 381, 429, 264]"
Legacy kNN (freq),"{'K': 9, 'thresh': 0.32, 'cutoff': 6}",K=9/th=0.32/c=6,,,True,,0.23944770134235221,0.3525479749717859,-12.445341871687056,0.021921601838281575,0.6970648293701313,1.0,0.381969762914006,0.0,0.011624534337289412,0.5186520623020926,0.9999999999999999,0.9973753280839895,4.451443569553806,4.463157894736843,"[189, 268, 328, 320, 318, 273]",0.024307216249252677,0.5837338614822981,1.0,0.37324873401610437,0,0.01316600781473648,0.5284831622306001,0.9999999999999999,0.943030303030303,3.703030303030303,3.926735218508998,"[589, 936, 1234, 1159, 1196, 996]"
Legacy kNN (freq),"{'K': 9, 'thresh': 0.32, 'cutoff': 8}",K=9/th=0.32/c=8,,,True,,0.25478852422184783,0.37696865353927933,-10.716328196443671,0.025195490599315275,0.6848103848230699,1.0,0.381344728152008,0.0,0.013373463237877697,0.5174135039645208,0.9999999999999999,0.984251968503937,4.309711286089239,4.378666666666667,"[175, 260, 313, 317, 312, 265]",0.026790271001303958,0.5614977539086418,1.0,0.37225378815539045,0,0.014535321342606178,0.5280233766126218,0.9999999999999999,0.9181818181818182,3.463636363636364,3.7722772277227725,"[540, 909, 1111, 1105, 1121, 929]"
Legacy kNN (freq),"{'K': 9, 'thresh': 0.32, 'cutoff': 10}",K=9/th=0.32/c=10,,,True,,0.2670655560679301,0.393633569330716,-9.885671171799613,0.025088447872081556,0.6719478475611654,1.0,0.3797498525233799,0.0,0.01331848213543557,0.5175416617401243,0.9999999999999999,0.979002624671916,4.183727034120735,4.273458445040214,"[167, 257, 300, 312, 295, 263]",0.028564642048596562,0.5464151544979287,1.0,0.3716136059334936,0,0.015525479323325127,0.5279943985827197,0.9999999999999999,0.8987878787878788,3.320606060606061,3.69453809844909,"[520, 891, 1046, 1047, 1065, 910]"
Legacy kNN (freq),"{'K': 9, 'thresh': 0.32, 'cutoff': 12}",K=9/th=0.32/c=12,,,True,,0.2922990547127815,0.4305365787725932,-8.00222821325491,0.028893550410189827,0.6505267475892615,1.0,0.37977417297284405,0.0,0.015365007735293508,0.5164138364570202,0.9999999999999999,0.963254593175853,3.9868766404199474,4.138964577656676,"[150, 243, 288, 303, 282, 253]",0.034839036439224334,0.5157280796354857,1.0,0.3714187398961819,0,0.01905521226031239,0.5278938244766004,0.9999999999999999,0.8775757575757576,3.075151515151515,3.50414364640884,"[455, 791, 968, 997, 999, 864]"
Legacy kNN (freq),"{'K': 9, 'thresh': 0.32, 'cutoff': 16}",K=9/th=0.32/c=16,,,True,,0.3597365788408187,0.5188480023050867,-4.134819042268298,0.03692003898247542,0.5910995899025142,1.0,0.3797204325361916,0.0,0.019734677160628742,0.514789142003188,0.9999999999999999,0.9448818897637795,3.5826771653543306,3.7916666666666665,"[128, 209, 269, 284, 255, 220]",0.04919441124367866,0.44172796841991513,1.0,0.3712718649377435,0,0.0272258698729605,0.5262073350431303,0.9999999999999999,0.8133333333333334,2.4654545454545453,3.0312965722801786,"[332, 548, 843, 786, 837, 722]"
Legacy kNN (freq),"{'K': 9, 'thresh': 0.32, 'cutoff': 20}",K=9/th=0.32/c=20,,,True,,0.4291119269483996,0.6006953706240238,-2.0601422276679036,0.05026611480636051,0.5350878440345476,1.0,0.37977885392195554,0.0,0.027078429657017292,0.51162203476551,0.9999999999999999,0.8871391076115486,3.0918635170603674,3.485207100591716,"[101, 180, 239, 259, 219, 180]",0.056819881123901295,0.36778602033113067,1.0,0.3722050327708436,0,0.03151259588835282,0.5230915047389527,0.9999999999999999,0.7351515151515151,1.975151515151515,2.686727122835944,"[277, 431, 675, 647, 698, 531]"
Legacy kNN (freq),"{'K': 9, 'thresh': 0.32, 'cutoff': 24}",K=9/th=0.32/c=24,,,True,,0.5438075148661118,0.6866037075101568,-0.6776255237010131,0.08344856096748693,0.45386240507200615,1.0,0.3807378632354366,0.0,0.04633061213848609,0.5088680414126079,0.9999999999999999,0.8372703412073491,2.590551181102362,3.0940438871473352,"[60, 142, 207, 237, 184, 157]",0.07265340060509648,0.2977648160890063,1.0,0.37238374331355484,0,0.04085137356500328,0.5214251416616913,0.9999999999999999,0.6593939393939394,1.5533333333333332,2.3556985294117645,"[181, 310, 565, 518, 555, 434]"
Legacy kNN (freq),"{'K': 9, 'thresh': 0.32, 'cutoff': 28}",K=9/th=0.32/c=28,,,True,,0.6103642936014554,0.7601343045568514,-0.09626475563997827,0.1027038619932002,0.4068420437940917,1.0,0.38167491800782305,0.0,0.057862452712144886,0.5055277537059335,0.9999999999999999,0.7874015748031497,2.220472440944882,2.82,"[53, 122, 176, 215, 159, 121]",0.0973807357118606,0.24945710744461208,1.0,0.3740355876320094,0,0.05611597876768573,0.5201364080800687,0.9999999999999999,0.5642424242424242,1.18,2.0912996777658432,"[116, 224, 446, 404, 457, 300]"
Legacy kNN (freq),"{'K': 9, 'thresh': 0.32, 'cutoff': 32}",K=9/th=0.32/c=32,,,True,,0.6674994367086063,0.8070586164921045,-0.026683428319375535,0.1245717731192283,0.37188547637745495,1.0,0.3827104665561098,0.0,0.07147886769301669,0.5023167950919296,0.9999999999999999,0.7296587926509186,1.931758530183727,2.647482014388489,"[39, 107, 160, 188, 141, 101]",0.11262313522848273,0.2180444854617163,1.0,0.37493322241779314,0,0.06583706148582671,0.5187404210103373,0.9999999999999999,0.4866666666666667,0.94,1.9315068493150682,"[89, 179, 348, 314, 385, 236]"
Legacy kNN (freq),"{'K': 11, 'thresh': 0.12, 'cutoff': 6}",K=11/th=0.12/c=6,,,True,,0.16294790752981472,0.23600747538636976,-21.234565457249953,0.016997347453138047,0.7693237680292542,1.0,0.3842477603531026,0.0,0.009046102608821417,0.5231596216322205,0.9999999999999999,1.0,4.918635170603674,4.918635170603674,"[216, 306, 354, 346, 346, 306]",0.016923335373154956,0.6926314611414486,1.0,0.37238533718221123,0,0.00924913906399778,0.537281549876555,0.9999999999999999,1.0,4.590909090909091,4.590909090909091,"[806, 1182, 1495, 1417, 1444, 1231]"
Legacy kNN (freq),"{'K': 11, 'thresh': 0.12, 'cutoff': 8}",K=11/th=0.12/c=8,,,True,,0.18107877324238875,0.2690845410656232,-18.426875166831252,0.01923970357059785,0.753049775049775,1.0,0.3829628157385526,0.0,0.010255952638668363,0.5228049316588386,0.9999999999999999,0.9973753280839895,4.776902887139108,4.7894736842105265,"[202, 296, 345, 344, 338, 295]",0.018894387948456992,0.6612265919309136,1.0,0.3713891501602658,0,0.010341977350268865,0.5370141203488625,0.9999999999999999,0.9981818181818182,4.386666666666667,4.394656952034001,"[748, 1159, 1417, 1376, 1373, 1165]"
Legacy kNN (freq),"{'K': 11, 'thresh': 0.12, 'cutoff': 10}",K=11/th=0.12/c=10,,,True,,0.2024907929217586,0.29363273050042055,-16.511205869370933,0.020279991828435397,0.7322663822610446,1.0,0.38159061118122567,0.0,0.010814165247401133,0.5224279119139099,0.9999999999999999,0.994750656167979,4.669291338582677,4.693931398416886,"[194, 292, 332, 339, 329, 293]",0.02029265834434686,0.6379877498042582,1.0,0.37109273986777275,0,0.011121710842839581,0.5369430306738638,0.9999999999999999,0.9963636363636363,4.236969696969697,4.252433090024331,"[724, 1141, 1335, 1335, 1316, 1140]"
Legacy kNN (freq),"{'K': 11, 'thresh': 0.12, 'cutoff': 12}",K=11/th=0.12/c=12,,,True,,0.22944563551811875,0.32708475544580173,-13.991626659426311,0.02325795207016386,0.7082009499193944,1.0,0.3812954445578308,0.0,0.01243447524355549,0.5221978065709205,0.9999999999999999,0.9921259842519685,4.488188976377953,4.523809523809524,"[179, 276, 322, 331, 316, 286]",0.025102909650768394,0.6093412574499323,1.0,0.3710770108165517,0,0.013829727492154806,0.5370905674714145,0.9999999999999999,0.9866666666666667,3.9993939393939395,4.053439803439804,"[655, 1053, 1271, 1288, 1250, 1082]"
Legacy kNN (freq),"{'K': 11, 'thresh': 0.12, 'cutoff': 16}",K=11/th=0.12/c=16,,,True,,0.29811573680421327,0.4121915898372205,-8.733524318815592,0.028729993060219186,0.6448349280712572,1.0,0.3807355727175042,0.0,0.015409676540939042,0.5209513235695294,0.9999999999999999,0.984251968503937,4.099737532808399,4.165333333333334,"[156, 240, 302, 312, 299, 253]",0.035117538511728864,0.5343111015104978,1.0,0.3712838427866312,0,0.019560945918562108,0.5374516361133611,0.9999999999999999,0.9563636363636364,3.418787878787879,3.5747782002534856,"[527, 822, 1142, 1108, 1113, 929]"
Legacy kNN (freq),"{'K': 11, 'thresh': 0.12, 'cutoff': 20}",K=11/th=0.12/c=20,,,True,,0.36283861238325466,0.5004316932548872,-5.14321550883612,0.037932535413538145,0.5892745634335141,1.0,0.3806021346774354,0.0,0.020476974458112165,0.5193481730659977,0.9999999999999999,0.9553805774278216,3.6561679790026247,3.8269230769230766,"[124, 212, 276, 294, 270, 217]",0.042690400493592406,0.4538303470573927,1.0,0.3719054660622917,0,0.02391343452282734,0.536245091889126,0.9999999999999999,0.9139393939393939,2.895151515151515,3.1677718832891246,"[441, 677, 981, 971, 967, 740]"
Legacy kNN (freq),"{'K': 11, 'thresh': 0.12, 'cutoff': 24}",K=11/th=0.12/c=24,,,True,,0.4417650469266412,0.5920170146955073,-2.4068304895903108,0.059858602069036156,0.5325553586980958,1.0,0.38153934518566934,0.0,0.03301230038410414,0.518491399742878,0.9999999999999999,0.9238845144356955,3.20997375328084,3.4744318181818183,"[90, 177, 252, 266, 242, 196]",0.057941842923213124,0.3776298747908266,1.0,0.3723501552104023,0,0.032923994188628534,0.535299841743165,0.9999999999999999,0.8666666666666667,2.3945454545454545,2.7629370629370626,"[311, 533, 842, 816, 816, 633]"
Legacy kNN (freq),"{'K': 11, 'thresh': 0.12, 'cutoff': 28}",K=11/th=0.12/c=28,,,True,,0.5148945419957313,0.6759308745988396,-0.7537110115487161,0.073554900189301,0.4730670222133829,1.0,0.38135554673271044,0.0,0.04101150929879998,0.5165507420040052,0.9999999999999999,0.89501312335958,2.8346456692913384,3.167155425219941,"[69, 155, 223, 257, 213, 163]",0.07758014943073016,0.3137169792755092,1.0,0.3735590148120618,0,0.044966966083776955,0.5346515166542282,0.9999999999999999,0.7915151515151515,1.915151515151515,2.419601837672282,"[225, 403, 699, 675, 685, 473]"
Legacy kNN (freq),"{'K': 11, 'thresh': 0.12, 'cutoff': 32}",K=11/th=0.12/c=32,,,True,,0.581455936629342,0.7256737616739514,-0.1155911616155082,0.09200938346489088,0.4252310806576626,1.0,0.3822587794070457,0.0,0.052061259332965695,0.5137632833719404,0.9999999999999999,0.8713910761154856,2.509186351706037,2.8795180722891565,"[54, 136, 204, 235, 190, 137]",0.08918043331508811,0.27584518755809256,1.0,0.3744617197231859,0,0.05220919085313585,0.5332230584861312,0.9999999999999999,0.7187878787878788,1.593939393939394,2.217537942664418,"[188, 319, 577, 576, 590, 380]"
Legacy kNN (freq),"{'K': 11, 'thresh': 0.14, 'cutoff': 6}",K=11/th=0.14/c=6,,,True,,0.16294790752981472,0.23600747538636976,-21.234565457249953,0.016997347453138047,0.7693237680292542,1.0,0.3842477603531026,0.0,0.009046102608821417,0.5231596216322205,0.9999999999999999,1.0,4.918635170603674,4.918635170603674,"[216, 306, 354, 346, 346, 306]",0.016923335373154956,0.6926314611414486,1.0,0.37238533718221123,0,0.00924913906399778,0.537281549876555,0.9999999999999999,1.0,4.590909090909091,4.590909090909091,"[806, 1182, 1495, 1417, 1444, 1231]"
Legacy kNN (freq),"{'K': 11, 'thresh': 0.14, 'cutoff': 8}",K=11/th=0.14/c=8,,,True,,0.18107877324238875,0.2690845410656232,-18.426875166831252,0.01923970357059785,0.753049775049775,1.0,0.3829628157385526,0.0,0.010255952638668363,0.5228049316588386,0.9999999999999999,0.9973753280839895,4.776902887139108,4.7894736842105265,"[202, 296, 345, 344, 338, 295]",0.018894387948456992,0.6612265919309136,1.0,0.3713891501602658,0,0.010341977350268865,0.5370141203488625,0.9999999999999999,0.9981818181818182,4.386666666666667,4.394656952034001,"[748, 1159, 1417, 1376, 1373, 1165]"
Legacy kNN (freq),"{'K': 11, 'thresh': 0.14, 'cutoff': 10}",K=11/th=0.14/c=10,,,True,,0.2024907929217586,0.29363273050042055,-16.511205869370933,0.020279991828435397,0.7322663822610446,1.0,0.38159061118122567,0.0,0.010814165247401133,0.5224279119139099,0.9999999999999999,0.994750656167979,4.669291338582677,4.693931398416886,"[194, 292, 332, 339, 329, 293]",0.02029265834434686,0.6379877498042582,1.0,0.37109273986777275,0,0.011121710842839581,0.5369430306738638,0.9999999999999999,0.9963636363636363,4.236969696969697,4.252433090024331,"[724, 1141, 1335, 1335, 1316, 1140]"
Legacy kNN (freq),"{'K': 11, 'thresh': 0.14, 'cutoff': 12}",K=11/th=0.14/c=12,,,True,,0.22944563551811875,0.32708475544580173,-13.991626659426311,0.02325795207016386,0.7082009499193944,1.0,0.3812954445578308,0.0,0.01243447524355549,0.5221978065709205,0.9999999999999999,0.9921259842519685,4.488188976377953,4.523809523809524,"[179, 276, 322, 331, 316, 286]",0.025102909650768394,0.6093412574499323,1.0,0.3710770108165517,0,0.013829727492154806,0.5370905674714145,0.9999999999999999,0.9866666666666667,3.9993939393939395,4.053439803439804,"[655, 1053, 1271, 1288, 1250, 1082]"
Legacy kNN (freq),"{'K': 11, 'thresh': 0.14, 'cutoff': 16}",K=11/th=0.14/c=16,,,True,,0.29811573680421327,0.4121915898372205,-8.733524318815592,0.028729993060219186,0.6448349280712572,1.0,0.3807355727175042,0.0,0.015409676540939042,0.5209513235695294,0.9999999999999999,0.984251968503937,4.099737532808399,4.165333333333334,"[156, 240, 302, 312, 299, 253]",0.035117538511728864,0.5343111015104978,1.0,0.3712838427866312,0,0.019560945918562108,0.5374516361133611,0.9999999999999999,0.9563636363636364,3.418787878787879,3.5747782002534856,"[527, 822, 1142, 1108, 1113, 929]"
Legacy kNN (freq),"{'K': 11, 'thresh': 0.14, 'cutoff': 20}",K=11/th=0.14/c=20,,,True,,0.36283861238325466,0.5004316932548872,-5.14321550883612,0.037932535413538145,0.5892745634335141,1.0,0.3806021346774354,0.0,0.020476974458112165,0.5193481730659977,0.9999999999999999,0.9553805774278216,3.6561679790026247,3.8269230769230766,"[124, 212, 276, 294, 270, 217]",0.042690400493592406,0.4538303470573927,1.0,0.3719054660622917,0,0.02391343452282734,0.536245091889126,0.9999999999999999,0.9139393939393939,2.895151515151515,3.1677718832891246,"[441, 677, 981, 971, 967, 740]"
Legacy kNN (freq),"{'K': 11, 'thresh': 0.14, 'cutoff': 24}",K=11/th=0.14/c=24,,,True,,0.4417650469266412,0.5920170146955073,-2.4068304895903108,0.059858602069036156,0.5325553586980958,1.0,0.38153934518566934,0.0,0.03301230038410414,0.518491399742878,0.9999999999999999,0.9238845144356955,3.20997375328084,3.4744318181818183,"[90, 177, 252, 266, 242, 196]",0.057941842923213124,0.3776298747908266,1.0,0.3723501552104023,0,0.032923994188628534,0.535299841743165,0.9999999999999999,0.8666666666666667,2.3945454545454545,2.7629370629370626,"[311, 533, 842, 816, 816, 633]"
Legacy kNN (freq),"{'K': 11, 'thresh': 0.14, 'cutoff': 28}",K=11/th=0.14/c=28,,,True,,0.5148945419957313,0.6759308745988396,-0.7537110115487161,0.073554900189301,0.4730670222133829,1.0,0.38135554673271044,0.0,0.04101150929879998,0.5165507420040052,0.9999999999999999,0.89501312335958,2.8346456692913384,3.167155425219941,"[69, 155, 223, 257, 213, 163]",0.07758014943073016,0.3137169792755092,1.0,0.3735590148120618,0,0.044966966083776955,0.5346515166542282,0.9999999999999999,0.7915151515151515,1.915151515151515,2.419601837672282,"[225, 403, 699, 675, 685, 473]"
Legacy kNN (freq),"{'K': 11, 'thresh': 0.14, 'cutoff': 32}",K=11/th=0.14/c=32,,,True,,0.581455936629342,0.7256737616739514,-0.1155911616155082,0.09200938346489088,0.4252310806576626,1.0,0.3822587794070457,0.0,0.052061259332965695,0.5137632833719404,0.9999999999999999,0.8713910761154856,2.509186351706037,2.8795180722891565,"[54, 136, 204, 235, 190, 137]",0.08918043331508811,0.27584518755809256,1.0,0.3744617197231859,0,0.05220919085313585,0.5332230584861312,0.9999999999999999,0.7187878787878788,1.593939393939394,2.217537942664418,"[188, 319, 577, 576, 590, 380]"
Legacy kNN (freq),"{'K': 11, 'thresh': 0.16, 'cutoff': 6}",K=11/th=0.16/c=6,,,True,,0.16294790752981472,0.23600747538636976,-21.234565457249953,0.016997347453138047,0.7693237680292542,1.0,0.3842477603531026,0.0,0.009046102608821417,0.5231596216322205,0.9999999999999999,1.0,4.918635170603674,4.918635170603674,"[216, 306, 354, 346, 346, 306]",0.016923335373154956,0.6926314611414486,1.0,0.37238533718221123,0,0.00924913906399778,0.537281549876555,0.9999999999999999,1.0,4.590909090909091,4.590909090909091,"[806, 1182, 1495, 1417, 1444, 1231]"
Legacy kNN (freq),"{'K': 11, 'thresh': 0.16, 'cutoff': 8}",K=11/th=0.16/c=8,,,True,,0.18107877324238875,0.2690845410656232,-18.426875166831252,0.01923970357059785,0.753049775049775,1.0,0.3829628157385526,0.0,0.010255952638668363,0.5228049316588386,0.9999999999999999,0.9973753280839895,4.776902887139108,4.7894736842105265,"[202, 296, 345, 344, 338, 295]",0.018894387948456992,0.6612265919309136,1.0,0.3713891501602658,0,0.010341977350268865,0.5370141203488625,0.9999999999999999,0.9981818181818182,4.386666666666667,4.394656952034001,"[748, 1159, 1417, 1376, 1373, 1165]"
Legacy kNN (freq),"{'K': 11, 'thresh': 0.16, 'cutoff': 10}",K=11/th=0.16/c=10,,,True,,0.2024907929217586,0.29363273050042055,-16.511205869370933,0.020279991828435397,0.7322663822610446,1.0,0.38159061118122567,0.0,0.010814165247401133,0.5224279119139099,0.9999999999999999,0.994750656167979,4.669291338582677,4.693931398416886,"[194, 292, 332, 339, 329, 293]",0.02029265834434686,0.6379877498042582,1.0,0.37109273986777275,0,0.011121710842839581,0.5369430306738638,0.9999999999999999,0.9963636363636363,4.236969696969697,4.252433090024331,"[724, 1141, 1335, 1335, 1316, 1140]"
Legacy kNN (freq),"{'K': 11, 'thresh': 0.16, 'cutoff': 12}",K=11/th=0.16/c=12,,,True,,0.22944563551811875,0.32708475544580173,-13.991626659426311,0.02325795207016386,0.7082009499193944,1.0,0.3812954445578308,0.0,0.01243447524355549,0.5221978065709205,0.9999999999999999,0.9921259842519685,4.488188976377953,4.523809523809524,"[179, 276, 322, 331, 316, 286]",0.025102909650768394,0.6093412574499323,1.0,0.3710770108165517,0,0.013829727492154806,0.5370905674714145,0.9999999999999999,0.9866666666666667,3.9993939393939395,4.053439803439804,"[655, 1053, 1271, 1288, 1250, 1082]"
Legacy kNN (freq),"{'K': 11, 'thresh': 0.16, 'cutoff': 16}",K=11/th=0.16/c=16,,,True,,0.29811573680421327,0.4121915898372205,-8.733524318815592,0.028729993060219186,0.6448349280712572,1.0,0.3807355727175042,0.0,0.015409676540939042,0.5209513235695294,0.9999999999999999,0.984251968503937,4.099737532808399,4.165333333333334,"[156, 240, 302, 312, 299, 253]",0.035117538511728864,0.5343111015104978,1.0,0.3712838427866312,0,0.019560945918562108,0.5374516361133611,0.9999999999999999,0.9563636363636364,3.418787878787879,3.5747782002534856,"[527, 822, 1142, 1108, 1113, 929]"
Legacy kNN (freq),"{'K': 11, 'thresh': 0.16, 'cutoff': 20}",K=11/th=0.16/c=20,,,True,,0.36283861238325466,0.5004316932548872,-5.14321550883612,0.037932535413538145,0.5892745634335141,1.0,0.3806021346774354,0.0,0.020476974458112165,0.5193481730659977,0.9999999999999999,0.9553805774278216,3.6561679790026247,3.8269230769230766,"[124, 212, 276, 294, 270, 217]",0.042690400493592406,0.4538303470573927,1.0,0.3719054660622917,0,0.02391343452282734,0.536245091889126,0.9999999999999999,0.9139393939393939,2.895151515151515,3.1677718832891246,"[441, 677, 981, 971, 967, 740]"
Legacy kNN (freq),"{'K': 11, 'thresh': 0.16, 'cutoff': 24}",K=11/th=0.16/c=24,,,True,,0.4417650469266412,0.5920170146955073,-2.4068304895903108,0.059858602069036156,0.5325553586980958,1.0,0.38153934518566934,0.0,0.03301230038410414,0.518491399742878,0.9999999999999999,0.9238845144356955,3.20997375328084,3.4744318181818183,"[90, 177, 252, 266, 242, 196]",0.057941842923213124,0.3776298747908266,1.0,0.3723501552104023,0,0.032923994188628534,0.535299841743165,0.9999999999999999,0.8666666666666667,2.3945454545454545,2.7629370629370626,"[311, 533, 842, 816, 816, 633]"
Legacy kNN (freq),"{'K': 11, 'thresh': 0.16, 'cutoff': 28}",K=11/th=0.16/c=28,,,True,,0.5148945419957313,0.6759308745988396,-0.7537110115487161,0.073554900189301,0.4730670222133829,1.0,0.38135554673271044,0.0,0.04101150929879998,0.5165507420040052,0.9999999999999999,0.89501312335958,2.8346456692913384,3.167155425219941,"[69, 155, 223, 257, 213, 163]",0.07758014943073016,0.3137169792755092,1.0,0.3735590148120618,0,0.044966966083776955,0.5346515166542282,0.9999999999999999,0.7915151515151515,1.915151515151515,2.419601837672282,"[225, 403, 699, 675, 685, 473]"
Legacy kNN (freq),"{'K': 11, 'thresh': 0.16, 'cutoff': 32}",K=11/th=0.16/c=32,,,True,,0.581455936629342,0.7256737616739514,-0.1155911616155082,0.09200938346489088,0.4252310806576626,1.0,0.3822587794070457,0.0,0.052061259332965695,0.5137632833719404,0.9999999999999999,0.8713910761154856,2.509186351706037,2.8795180722891565,"[54, 136, 204, 235, 190, 137]",0.08918043331508811,0.27584518755809256,1.0,0.3744617197231859,0,0.05220919085313585,0.5332230584861312,0.9999999999999999,0.7187878787878788,1.593939393939394,2.217537942664418,"[188, 319, 577, 576, 590, 380]"
Legacy kNN (freq),"{'K': 11, 'thresh': 0.2, 'cutoff': 6}",K=11/th=0.2/c=6,,,True,,0.16294790752981472,0.23600747538636976,-21.234565457249953,0.016997347453138047,0.7693237680292542,1.0,0.3842477603531026,0.0,0.009046102608821417,0.5231596216322205,0.9999999999999999,1.0,4.918635170603674,4.918635170603674,"[216, 306, 354, 346, 346, 306]",0.016923335373154956,0.6926314611414486,1.0,0.37238533718221123,0,0.00924913906399778,0.537281549876555,0.9999999999999999,1.0,4.590909090909091,4.590909090909091,"[806, 1182, 1495, 1417, 1444, 1231]"
Legacy kNN (freq),"{'K': 11, 'thresh': 0.2, 'cutoff': 8}",K=11/th=0.2/c=8,,,True,,0.18107877324238875,0.2690845410656232,-18.426875166831252,0.01923970357059785,0.753049775049775,1.0,0.3829628157385526,0.0,0.010255952638668363,0.5228049316588386,0.9999999999999999,0.9973753280839895,4.776902887139108,4.7894736842105265,"[202, 296, 345, 344, 338, 295]",0.018894387948456992,0.6612265919309136,1.0,0.3713891501602658,0,0.010341977350268865,0.5370141203488625,0.9999999999999999,0.9981818181818182,4.386666666666667,4.394656952034001,"[748, 1159, 1417, 1376, 1373, 1165]"
Legacy kNN (freq),"{'K': 11, 'thresh': 0.2, 'cutoff': 10}",K=11/th=0.2/c=10,,,True,,0.2024907929217586,0.29363273050042055,-16.511205869370933,0.020279991828435397,0.7322663822610446,1.0,0.38159061118122567,0.0,0.010814165247401133,0.5224279119139099,0.9999999999999999,0.994750656167979,4.669291338582677,4.693931398416886,"[194, 292, 332, 339, 329, 293]",0.02029265834434686,0.6379877498042582,1.0,0.37109273986777275,0,0.011121710842839581,0.5369430306738638,0.9999999999999999,0.9963636363636363,4.236969696969697,4.252433090024331,"[724, 1141, 1335, 1335, 1316, 1140]"
Legacy kNN (freq),"{'K': 11, 'thresh': 0.2, 'cutoff': 12}",K=11/th=0.2/c=12,,,True,,0.22944563551811875,0.32708475544580173,-13.991626659426311,0.02325795207016386,0.7082009499193944,1.0,0.3812954445578308,0.0,0.01243447524355549,0.5221978065709205,0.9999999999999999,0.9921259842519685,4.488188976377953,4.523809523809524,"[179, 276, 322, 331, 316, 286]",0.025102909650768394,0.6093412574499323,1.0,0.3710770108165517,0,0.013829727492154806,0.5370905674714145,0.9999999999999999,0.9866666666666667,3.9993939393939395,4.053439803439804,"[655, 1053, 1271, 1288, 1250, 1082]"
Legacy kNN (freq),"{'K': 11, 'thresh': 0.2, 'cutoff': 16}",K=11/th=0.2/c=16,,,True,,0.29811573680421327,0.4121915898372205,-8.733524318815592,0.028729993060219186,0.6448349280712572,1.0,0.3807355727175042,0.0,0.015409676540939042,0.5209513235695294,0.9999999999999999,0.984251968503937,4.099737532808399,4.165333333333334,"[156, 240, 302, 312, 299, 253]",0.035117538511728864,0.5343111015104978,1.0,0.3712838427866312,0,0.019560945918562108,0.5374516361133611,0.9999999999999999,0.9563636363636364,3.418787878787879,3.5747782002534856,"[527, 822, 1142, 1108, 1113, 929]"
Legacy kNN (freq),"{'K': 11, 'thresh': 0.2, 'cutoff': 20}",K=11/th=0.2/c=20,,,True,,0.36283861238325466,0.5004316932548872,-5.14321550883612,0.037932535413538145,0.5892745634335141,1.0,0.3806021346774354,0.0,0.020476974458112165,0.5193481730659977,0.9999999999999999,0.9553805774278216,3.6561679790026247,3.8269230769230766,"[124, 212, 276, 294, 270, 217]",0.042690400493592406,0.4538303470573927,1.0,0.3719054660622917,0,0.02391343452282734,0.536245091889126,0.9999999999999999,0.9139393939393939,2.895151515151515,3.1677718832891246,"[441, 677, 981, 971, 967, 740]"
Legacy kNN (freq),"{'K': 11, 'thresh': 0.2, 'cutoff': 24}",K=11/th=0.2/c=24,,,True,,0.4417650469266412,0.5920170146955073,-2.4068304895903108,0.059858602069036156,0.5325553586980958,1.0,0.38153934518566934,0.0,0.03301230038410414,0.518491399742878,0.9999999999999999,0.9238845144356955,3.20997375328084,3.4744318181818183,"[90, 177, 252, 266, 242, 196]",0.057941842923213124,0.3776298747908266,1.0,0.3723501552104023,0,0.032923994188628534,0.535299841743165,0.9999999999999999,0.8666666666666667,2.3945454545454545,2.7629370629370626,"[311, 533, 842, 816, 816, 633]"
Legacy kNN (freq),"{'K': 11, 'thresh': 0.2, 'cutoff': 28}",K=11/th=0.2/c=28,,,True,,0.5148945419957313,0.6761488631745232,-0.7506167117935001,0.073554900189301,0.4730670222133829,1.0,0.38135554673271044,0.0,0.04101150929879998,0.5165507420040052,0.9999999999999999,0.89501312335958,2.8346456692913384,3.167155425219941,"[69, 155, 223, 257, 213, 163]",0.07757674533757694,0.31349175405028396,1.0,0.37354623962410016,0,0.0449578751757125,0.534568855461572,0.9999999999999999,0.7915151515151515,1.9145454545454546,2.4188361408882084,"[225, 403, 699, 675, 685, 472]"
Legacy kNN (freq),"{'K': 11, 'thresh': 0.2, 'cutoff': 32}",K=11/th=0.2/c=32,,,True,,0.581455936629342,0.7255787305064912,-0.11930940729734829,0.09200938346489088,0.4252310806576626,1.0,0.3822587794070457,0.0,0.052061259332965695,0.5137632833719404,0.9999999999999999,0.8713910761154856,2.509186351706037,2.8795180722891565,"[54, 136, 204, 235, 190, 137]",0.08916031858529674,0.2759148133196243,1.0,0.3744440841360628,0,0.05218656219495485,0.5331239645357362,0.9999999999999999,0.7181818181818181,1.5933333333333333,2.218565400843882,"[188, 319, 577, 576, 590, 379]"
Legacy kNN (freq),"{'K': 11, 'thresh': 0.24, 'cutoff': 6}",K=11/th=0.24/c=6,,,True,,0.16294790752981472,0.23848250456532744,-21.028853166406392,0.016997347453138047,0.7693237680292542,1.0,0.3842477603531026,0.0,0.009046102608821417,0.5231596216322205,0.9999999999999999,1.0,4.918635170603674,4.918635170603674,"[216, 306, 354, 346, 346, 306]",0.017144107496576532,0.6904493856223015,1.0,0.3726259423035077,0,0.009363166431132408,0.5367807077188994,0.9999999999999999,1.0,4.576969696969697,4.576969696969697,"[802, 1179, 1492, 1414, 1439, 1226]"
Legacy kNN (freq),"{'K': 11, 'thresh': 0.24, 'cutoff': 8}",K=11/th=0.24/c=8,,,True,,0.18107877324238875,0.27011553703984054,-18.295921224068557,0.01923970357059785,0.753049775049775,1.0,0.3829628157385526,0.0,0.010255952638668363,0.5228049316588386,0.9999999999999999,0.9973753280839895,4.776902887139108,4.7894736842105265,"[202, 296, 345, 344, 338, 295]",0.019128418944955646,0.6604849616887852,1.0,0.3715735992789003,0,0.010463455036710267,0.5365465167963581,0.9999999999999999,0.9975757575757576,4.374545454545455,4.385176184690159,"[745, 1156, 1413, 1375, 1369, 1160]"
Legacy kNN (freq),"{'K': 11, 'thresh': 0.24, 'cutoff': 10}",K=11/th=0.24/c=10,,,True,,0.2024907929217586,0.29462249285636577,-16.441671719925296,0.020279991828435397,0.7322663822610446,1.0,0.38159061118122567,0.0,0.010814165247401133,0.5224279119139099,0.9999999999999999,0.994750656167979,4.669291338582677,4.693931398416886,"[194, 292, 332, 339, 329, 293]",0.02047197349279296,0.6372033116733629,1.0,0.3711794367897854,0,0.011213595846588608,0.5365389390305588,0.9999999999999999,0.9951515151515151,4.226666666666667,4.2472594397076735,"[721, 1139, 1332, 1334, 1312, 1136]"
Legacy kNN (freq),"{'K': 11, 'thresh': 0.24, 'cutoff': 12}",K=11/th=0.24/c=12,,,True,,0.22944563551811875,0.3281149880978698,-13.923798389872088,0.02325795207016386,0.7082009499193944,1.0,0.3812954445578308,0.0,0.01243447524355549,0.5221978065709205,0.9999999999999999,0.9921259842519685,4.488188976377953,4.523809523809524,"[179, 276, 322, 331, 316, 286]",0.02537257322686556,0.6085928499483968,1.0,0.3711175493980033,0,0.013971206249056824,0.5366698639948677,0.9999999999999999,0.9854545454545455,3.9890909090909092,4.047970479704797,"[652, 1051, 1269, 1287, 1246, 1077]"
Legacy kNN (freq),"{'K': 11, 'thresh': 0.24, 'cutoff': 16}",K=11/th=0.24/c=16,,,True,,0.29811573680421327,0.4133085717172106,-8.632737874128074,0.028729993060219186,0.6448349280712572,1.0,0.3807355727175042,0.0,0.015409676540939042,0.5209513235695294,0.9999999999999999,0.984251968503937,4.099737532808399,4.165333333333334,"[156, 240, 302, 312, 299, 253]",0.03535173881180619,0.5334231061135619,1.0,0.3712664633965542,0,0.019675318602647943,0.536882404219696,0.9999999999999999,0.9557575757575758,3.4066666666666667,3.56436271401395,"[525, 819, 1139, 1107, 1107, 924]"
Legacy kNN (freq),"{'K': 11, 'thresh': 0.24, 'cutoff': 20}",K=11/th=0.24/c=20,,,True,,0.36283861238325466,0.5023510012183302,-5.057466895590504,0.037932535413538145,0.5892745634335141,1.0,0.3806021346774354,0.0,0.020476974458112165,0.5193481730659977,0.9999999999999999,0.9553805774278216,3.6561679790026247,3.8269230769230766,"[124, 212, 276, 294, 270, 217]",0.04283536884965496,0.452043407132597,1.0,0.37186346500424083,0,0.02396822658038341,0.5355736750929488,0.9999999999999999,0.9133333333333333,2.883030303030303,3.156602521566025,"[439, 673, 977, 970, 962, 736]"
Legacy kNN (freq),"{'K': 11, 'thresh': 0.24, 'cutoff': 24}",K=11/th=0.24/c=24,,,True,,0.4417650469266412,0.5936912817023121,-2.359106631906559,0.059858602069036156,0.5325553586980958,1.0,0.38153934518566934,0.0,0.03301230038410414,0.518491399742878,0.9999999999999999,0.9238845144356955,3.20997375328084,3.4744318181818183,"[90, 177, 252, 266, 242, 196]",0.058162949557406286,0.376148828910855,1.0,0.37225720351920233,0,0.03300253049932408,0.5344114776881628,0.9999999999999999,0.8642424242424243,2.3806060606060604,2.7545582047685833,"[307, 528, 838, 814, 812, 629]"
Legacy kNN (freq),"{'K': 11, 'thresh': 0.24, 'cutoff': 28}",K=11/th=0.24/c=28,,,True,,0.5148945419957313,0.6781002406023509,-0.7176450124031619,0.073554900189301,0.4730670222133829,1.0,0.38135554673271044,0.0,0.04101150929879998,0.5165507420040052,0.9999999999999999,0.89501312335958,2.8346456692913384,3.167155425219941,"[69, 155, 223, 257, 213, 163]",0.07779626627454585,0.31171556302812775,1.0,0.37339845785310893,0,0.045018142305060356,0.5336479899476585,0.9999999999999999,0.7890909090909091,1.9018181818181819,2.4101382488479266,"[221, 399, 695, 671, 682, 470]"
Legacy kNN (freq),"{'K': 11, 'thresh': 0.24, 'cutoff': 32}",K=11/th=0.24/c=32,,,True,,0.581455936629342,0.7264868215957025,-0.1087216638737718,0.09200938346489088,0.4252310806576626,1.0,0.3822587794070457,0.0,0.052061259332965695,0.5137632833719404,0.9999999999999999,0.8713910761154856,2.509186351706037,2.8795180722891565,"[54, 136, 204, 235, 190, 137]",0.08927634757193063,0.275087352471178,1.0,0.3743260883164999,0,0.052175647454640366,0.5322519147981114,0.9999999999999999,0.7151515151515152,1.583030303030303,2.2135593220338983,"[186, 316, 575, 571, 587, 377]"
Legacy kNN (freq),"{'K': 11, 'thresh': 0.28, 'cutoff': 6}",K=11/th=0.28/c=6,,,True,,0.16612353298126148,0.25073327506446386,-19.863305827857825,0.01722103465806105,0.7664761393223921,1.0,0.3845954588186418,0.0,0.009146378236799766,0.5219692717444142,0.9999999999999999,0.9973753280839895,4.884514435695538,4.897368421052631,"[215, 303, 351, 345, 345, 302]",0.01794028765300088,0.6791765020943894,1.0,0.37323163168617424,0,0.009755627400349232,0.534026593306115,0.9999999999999999,0.9872727272727273,4.4406060606060604,4.4978514426028235,"[763, 1145, 1449, 1374, 1403, 1193]"
Legacy kNN (freq),"{'K': 11, 'thresh': 0.28, 'cutoff': 8}",K=11/th=0.28/c=8,,,True,,0.1835722244355132,0.27900956249714304,-17.259275173773958,0.01950305543217607,0.7509512843145745,1.0,0.383401511059705,0.0,0.010372086467305992,0.5214454536263738,0.9999999999999999,0.994750656167979,4.74015748031496,4.7651715039577835,"[201, 293, 342, 343, 336, 291]",0.019682480325926874,0.6522997494970195,1.0,0.37208943889411866,0,0.010716031839770492,0.5337281631926223,0.9999999999999999,0.9836363636363636,4.239393939393939,4.309919901417128,"[711, 1121, 1368, 1334, 1336, 1125]"
Legacy kNN (freq),"{'K': 11, 'thresh': 0.28, 'cutoff': 10}",K=11/th=0.28/c=10,,,True,,0.20332606623489946,0.30274570895105124,-15.50970521286502,0.020593556986866747,0.7319245899384859,1.0,0.3821903306217285,0.0,0.010951358727695166,0.5208333223316401,0.9999999999999999,0.9921259842519685,4.6272965879265096,4.664021164021165,"[193, 289, 329, 336, 327, 289]",0.02102045516052952,0.6297186634623807,1.0,0.3714797241763412,0,0.011459204923041217,0.5336852182150061,0.9999999999999999,0.98,4.092727272727273,4.176252319109462,"[688, 1103, 1288, 1291, 1278, 1105]"
Legacy kNN (freq),"{'K': 11, 'thresh': 0.28, 'cutoff': 12}",K=11/th=0.28/c=12,,,True,,0.2304610982015361,0.3371199005852924,-13.118370313677763,0.023572236709053746,0.7076158538432277,1.0,0.3816823844523667,0.0,0.01256656433817088,0.5205411301517436,0.9999999999999999,0.989501312335958,4.446194225721785,4.493368700265252,"[178, 273, 319, 328, 314, 282]",0.02606956325369693,0.6003329999479344,1.0,0.3712777909317662,0,0.014286420442927899,0.5337240787870002,0.9999999999999999,0.9690909090909091,3.858787878787879,3.981863664790494,"[622, 1017, 1223, 1243, 1213, 1049]"
Legacy kNN (freq),"{'K': 11, 'thresh': 0.28, 'cutoff': 16}",K=11/th=0.28/c=16,,,True,,0.2984420933397305,0.4224674147387591,-8.091247213597125,0.028873328741878222,0.6446872926954578,1.0,0.3808535243110335,0.0,0.015432384412433978,0.5190524225548334,0.9999999999999999,0.9816272965879265,4.05511811023622,4.1310160427807485,"[156, 236, 299, 308, 297, 249]",0.0371283094088038,0.525995053167332,1.0,0.37111386165762417,0,0.020568212680863483,0.5334073353594947,0.9999999999999999,0.9321212121212121,3.2715151515151515,3.509752925877763,"[494, 783, 1090, 1054, 1082, 895]"
Legacy kNN (freq),"{'K': 11, 'thresh': 0.28, 'cutoff': 20}",K=11/th=0.28/c=20,,,True,,0.36505842182871473,0.507562740988041,-4.808741779355699,0.03843905023536921,0.5875567846724554,1.0,0.3805871875526696,0.0,0.02069078694297901,0.5175833997821249,0.9999999999999999,0.9501312335958005,3.6194225721784776,3.80939226519337,"[124, 208, 273, 291, 268, 215]",0.043951349950978956,0.4479087005410185,1.0,0.3717336385936018,0,0.02445350823344041,0.531922218777552,0.9999999999999999,0.8842424242424243,2.7636363636363637,3.125428375599726,"[418, 644, 930, 920, 938, 710]"
Legacy kNN (freq),"{'K': 11, 'thresh': 0.28, 'cutoff': 24}",K=11/th=0.28/c=24,,,True,,0.4455199240618927,0.6011524846351078,-2.200945115125801,0.06027441669551176,0.5291452484495902,1.0,0.3813025193865705,0.0,0.03311101356894979,0.5162257549940656,0.9999999999999999,0.916010498687664,3.167979002624672,3.458452722063037,"[88, 173, 249, 263, 240, 194]",0.05955091495631366,0.37000617175245465,1.0,0.37202580477082947,0,0.033600251356093694,0.5306260385309336,0.9999999999999999,0.8351515151515152,2.276969696969697,2.726415094339622,"[292, 500, 801, 768, 789, 607]"
Legacy kNN (freq),"{'K': 11, 'thresh': 0.28, 'cutoff': 28}",K=11/th=0.28/c=28,,,True,,0.5183031207647214,0.6830866616558874,-0.6660213967731213,0.07440807355447673,0.47046805405276065,1.0,0.381210337543351,0.0,0.04133958675324981,0.5142387311682612,0.9999999999999999,0.8871391076115486,2.797900262467192,3.153846153846154,"[68, 152, 220, 254, 211, 161]",0.07935804720982152,0.30822212690552286,1.0,0.3731691378386289,0,0.0456865170304158,0.5300136076409273,0.9999999999999999,0.7612121212121212,1.8206060606060606,2.3917197452229297,"[209, 378, 663, 635, 660, 459]"
Legacy kNN (freq),"{'K': 11, 'thresh': 0.28, 'cutoff': 32}",K=11/th=0.28/c=32,,,True,,0.5840365941479067,0.7312089596370013,-0.11030885326546402,0.09315183004108135,0.4237348209817505,1.0,0.3820652836285859,0.0,0.05254042765103203,0.5114885825791579,0.9999999999999999,0.863517060367454,2.477690288713911,2.8693009118541037,"[53, 134, 202, 232, 188, 135]",0.09093763983601993,0.2719449243301434,1.0,0.3740541471037491,0,0.05288698353952051,0.5286861988879878,0.9999999999999999,0.6878787878787879,1.513939393939394,2.2008810572687225,"[172, 302, 551, 541, 567, 365]"
Legacy kNN (freq),"{'K': 11, 'thresh': 0.32, 'cutoff': 6}",K=11/th=0.32/c=6,,,True,,0.17546267860183715,0.2868569910766056,-16.19038828550187,0.017829697681158028,0.7580015371689446,1.0,0.3854483936320788,0.0,0.009418676135420474,0.5188380825686932,0.9999999999999999,0.9973753280839895,4.776902887139108,4.7894736842105265,"[211, 296, 345, 336, 336, 296]",0.019827420159369894,0.6458464191594293,1.0,0.37625330025555,0,0.010667909609195928,0.52736929825894,0.9999999999999999,0.9436363636363636,3.993333333333333,4.231856133590238,"[657, 1029, 1306, 1251, 1265, 1081]"
Legacy kNN (freq),"{'K': 11, 'thresh': 0.32, 'cutoff': 8}",K=11/th=0.32/c=8,,,True,,0.1914284625226108,0.30856047443192713,-14.687621046145221,0.019950421968237982,0.7437060850519343,1.0,0.38394708535435695,0.0,0.010545244381526493,0.5180262539002152,0.9999999999999999,0.984251968503937,4.6272965879265096,4.701333333333333,"[194, 286, 335, 333, 329, 286]",0.02159328936549975,0.6255568749928194,1.0,0.3750802001974891,0,0.01162363638940361,0.5266739151955645,0.9999999999999999,0.9218181818181819,3.7933333333333334,4.115055884286654,"[609, 1006, 1214, 1208, 1203, 1019]"
Legacy kNN (freq),"{'K': 11, 'thresh': 0.32, 'cutoff': 10}",K=11/th=0.32/c=10,,,True,,0.2118847630798118,0.33204813091115004,-13.4145211688878,0.020555055315756784,0.7234520707117948,1.0,0.38260592825283285,0.0,0.010863366689168671,0.5176366041080831,0.9999999999999999,0.979002624671916,4.5223097112860895,4.619302949061662,"[188, 282, 323, 328, 318, 284]",0.022776096285266417,0.6029159454403807,1.0,0.37395993355421425,0,0.012271073861750121,0.526497770981597,0.9999999999999999,0.9109090909090909,3.653939393939394,4.011310711909514,"[589, 987, 1147, 1150, 1152, 1004]"
Legacy kNN (freq),"{'K': 11, 'thresh': 0.32, 'cutoff': 12}",K=11/th=0.32/c=12,,,True,,0.23853011004212088,0.36243474634711026,-11.267540123847052,0.02337118357832318,0.6994012030713912,1.0,0.3818670984506297,0.0,0.01237770907187254,0.5172354215258131,0.9999999999999999,0.9763779527559056,4.3412073490813645,4.446236559139784,"[173, 266, 312, 320, 306, 277]",0.02766974232827848,0.5772268004009982,1.0,0.3733060147327664,0,0.014977968632776692,0.5263332147289457,0.9999999999999999,0.8975757575757576,3.432121212121212,3.823767724510466,"[524, 898, 1086, 1103, 1092, 960]"
Legacy kNN (freq),"{'K': 11, 'thresh': 0.32, 'cutoff': 16}",K=11/th=0.32/c=16,,,True,,0.3027272176049222,0.443876257303064,-6.925263260540611,0.028795374208993616,0.640386245146475,1.0,0.38106029514134543,0.0,0.015289337963769235,0.5156747348566402,0.9999999999999999,0.963254593175853,3.958005249343832,4.108991825613079,"[151, 229, 294, 302, 289, 243]",0.03911526446625915,0.506892250218315,1.0,0.3721774768503993,0,0.021369366136454054,0.5249474570470574,0.9999999999999999,0.8442424242424242,2.8575757575757574,3.384781048097631,"[406, 669, 961, 913, 955, 811]"
Legacy kNN (freq),"{'K': 11, 'thresh': 0.32, 'cutoff': 20}",K=11/th=0.32/c=20,,,True,,0.3643842495312843,0.5229878551311002,-4.226107925059159,0.0385111066886675,0.5883393459207085,1.0,0.3807082958777507,0.0,0.020558798351055577,0.5132809587390367,0.9999999999999999,0.9212598425196851,3.506561679790026,3.806267806267806,"[118, 202, 266, 283, 258, 209]",0.04632451219904834,0.43517657317325326,1.0,0.37279972035101705,0,0.025357287023637026,0.5220255022471747,0.9999999999999999,0.7806060606060606,2.375151515151515,3.042701863354037,"[337, 543, 798, 782, 827, 632]"
Legacy kNN (freq),"{'K': 11, 'thresh': 0.32, 'cutoff': 24}",K=11/th=0.32/c=24,,,True,,0.44647668163692456,0.6134753538652599,-1.9561835304949975,0.06064442332701455,0.5285614263679207,1.0,0.38131228225943553,0.0,0.03303270655533376,0.5116611679793058,0.9999999999999999,0.884514435695538,3.0656167979002626,3.4658753709198815,"[83, 168, 243, 256, 230, 188]",0.06048607186481736,0.35883836619069925,1.0,0.37275882730380566,0,0.033497166051420606,0.5203014942453285,0.9999999999999999,0.7278787878787879,1.9412121212121212,2.6669442131557033,"[225, 409, 688, 650, 689, 542]"
Legacy kNN (freq),"{'K': 11, 'thresh': 0.32, 'cutoff': 28}",K=11/th=0.32/c=28,,,True,,0.5172751781477178,0.6912174335385071,-0.6513697866446695,0.07434529381111567,0.4714381538487397,1.0,0.38122679395113956,0.0,0.04095717324869198,0.509946546460255,0.9999999999999999,0.8556430446194225,2.713910761154856,3.171779141104295,"[66, 149, 212, 246, 206, 155]",0.08202734434886327,0.30284897116939946,1.0,0.3734635345301441,0,0.046333958748166905,0.5185249561493339,0.9999999999999999,0.6509090909090909,1.5260606060606061,2.3445065176908755,"[147, 299, 568, 529, 573, 402]"
Legacy kNN (freq),"{'K': 11, 'thresh': 0.32, 'cutoff': 32}",K=11/th=0.32/c=32,,,True,,0.584614254138231,0.7387535223070735,-0.2391442036153355,0.09310810487076925,0.42311705030860347,1.0,0.38207733192021703,0.0,0.052025703772072045,0.506739945428681,0.9999999999999999,0.8293963254593176,2.3989501312335957,2.892405063291139,"[51, 130, 195, 224, 182, 132]",0.093609366144111,0.26712642151402577,1.0,0.374235258923294,0,0.053372548682498695,0.5167889348486044,0.9999999999999999,0.5836363636363636,1.2648484848484849,2.1671858774662516,"[118, 243, 473, 444, 491, 318]"
Legacy kNN (freq),"{'K': 13, 'thresh': 0.12, 'cutoff': 6}",K=13/th=0.12/c=6,,,True,,0.10479908271292725,0.16949266490985765,-26.135672026401263,0.012944107795669462,0.8239045609824205,1.0,0.3858651196655941,0.0,0.006879671197892329,0.5246098962859452,0.9999999999999999,1.0,5.170603674540683,5.170603674540683,"[235, 322, 367, 357, 365, 324]",0.014228841704159391,0.7568921550301634,1.0,0.3738532607862053,0,0.007755822336572249,0.5373207389876962,0.9999999999999999,1.0,4.904848484848485,4.904848484848485,"[896, 1293, 1562, 1483, 1512, 1347]"
Legacy kNN (freq),"{'K': 13, 'thresh': 0.12, 'cutoff': 8}",K=13/th=0.12/c=8,,,True,,0.12599952079664048,0.20184590756473744,-23.456724313633657,0.014618098656030103,0.8039858968676346,1.0,0.38455773002748284,0.0,0.007777628412511131,0.5242760933075934,0.9999999999999999,0.9973753280839895,5.039370078740157,5.052631578947368,"[222, 315, 356, 354, 358, 315]",0.01639125336595173,0.7263815373750111,1.0,0.3727873052459893,0,0.008949998341645274,0.5370718189394545,0.9999999999999999,1.0,4.736969696969697,4.736969696969697,"[837, 1269, 1503, 1449, 1472, 1286]"
Legacy kNN (freq),"{'K': 13, 'thresh': 0.12, 'cutoff': 10}",K=13/th=0.12/c=10,,,True,,0.138520166375073,0.2267771616662288,-21.492652174629516,0.015491799094234959,0.7920092237789181,1.0,0.3834586368658539,0.0,0.008247763672884413,0.5241467071639208,0.9999999999999999,0.9973753280839895,4.965879265091863,4.978947368421053,"[215, 308, 351, 351, 353, 314]",0.017759078446973928,0.7026933006470891,1.0,0.37237127955447996,0,0.009713951582330436,0.5372701643027594,0.9999999999999999,0.9987878787878788,4.6024242424242425,4.608009708737864,"[808, 1257, 1442, 1410, 1420, 1257]"
Legacy kNN (freq),"{'K': 13, 'thresh': 0.12, 'cutoff': 12}",K=13/th=0.12/c=12,,,True,,0.17097029553057005,0.26614233792963615,-18.326977076801604,0.018208737678314928,0.7620616918298869,1.0,0.3827441656071402,0.0,0.009712982092042384,0.5237102598096753,0.9999999999999999,0.9973753280839895,4.829396325459317,4.842105263157894,"[202, 292, 346, 346, 344, 310]",0.02194474377145804,0.6674425708168442,1.0,0.3721338832500743,0,0.012059528840848039,0.537480125014177,0.9999999999999999,0.996969696969697,4.373939393939394,4.3872340425531915,"[743, 1170, 1382, 1368, 1359, 1195]"
Legacy kNN (freq),"{'K': 13, 'thresh': 0.12, 'cutoff': 16}",K=13/th=0.12/c=16,,,True,,0.23442809605176973,0.3488631408710892,-12.362154276858124,0.02410580740168396,0.7040994384755728,1.0,0.38140575708552826,0.0,0.012924819739875335,0.5232445530049282,0.9999999999999999,0.9921259842519685,4.456692913385827,4.492063492063492,"[179, 262, 326, 325, 321, 285]",0.030326072709211328,0.5929941881773828,1.0,0.3717708544642023,0,0.016821342175420015,0.5378601693622725,0.9999999999999999,0.9806060606060606,3.8393939393939394,3.915327564894932,"[604, 950, 1266, 1233, 1238, 1044]"
Legacy kNN (freq),"{'K': 13, 'thresh': 0.12, 'cutoff': 20}",K=13/th=0.12/c=20,,,True,,0.299917088591056,0.4321406361082185,-8.308984397002623,0.030305852088631083,0.644858361745991,1.0,0.38156532749471933,0.0,0.016321909971400993,0.5222499677575173,0.9999999999999999,0.9816272965879265,4.1128608923884515,4.189839572192514,"[154, 238, 308, 311, 300, 256]",0.036851633993537414,0.5163487762485943,1.0,0.37212592787758453,0,0.020544656178257337,0.5369508223187398,0.9999999999999999,0.9545454545454546,3.3715151515151516,3.532063492063492,"[522, 800, 1135, 1120, 1110, 876]"
Legacy kNN (freq),"{'K': 13, 'thresh': 0.12, 'cutoff': 24}",K=13/th=0.12/c=24,,,True,,0.3759152643050191,0.5191799899486836,-4.730552873530648,0.046127276559752906,0.5846901083941812,1.0,0.38159365379815796,0.0,0.025234553015120127,0.5218280262194243,0.9999999999999999,0.958005249343832,3.664041994750656,3.824657534246575,"[113, 205, 280, 288, 275, 235]",0.04981170721957673,0.4423674144555857,1.0,0.3724523239489752,0,0.02809223956513442,0.5358753761118998,0.9999999999999999,0.9327272727272727,2.903030303030303,3.1124106562703053,"[378, 671, 1013, 990, 978, 760]"
Legacy kNN (freq),"{'K': 13, 'thresh': 0.12, 'cutoff': 28}",K=13/th=0.12/c=28,,,True,,0.43359277528789825,0.6047058280194579,-2.3678378832695355,0.05528919192929432,0.536075225005093,1.0,0.38126269454565614,0.0,0.030409630725660126,0.5195997721130896,0.9999999999999999,0.9396325459317585,3.3070866141732282,3.5195530726256985,"[93, 184, 257, 280, 250, 196]",0.06604946980511944,0.37339644593025484,1.0,0.3735093471486444,0,0.03790007454541706,0.5359123815995321,0.9999999999999999,0.88,2.4266666666666667,2.757575757575758,"[291, 522, 887, 847, 852, 605]"
Legacy kNN (freq),"{'K': 13, 'thresh': 0.12, 'cutoff': 32}",K=13/th=0.12/c=32,,,True,,0.49531052433399797,0.6553241545892315,-1.185655236721963,0.06997836435091251,0.48933910638453854,1.0,0.3822375545587466,0.0,0.038902973209096636,0.5170246137183476,0.9999999999999999,0.9212598425196851,2.9711286089238844,3.225071225071225,"[73, 168, 231, 261, 226, 173]",0.07470260326988244,0.33153532365572413,1.0,0.3738562499169107,0,0.04325399469477502,0.5357609003538727,0.9999999999999999,0.8175757575757576,2.0642424242424244,2.524833209785026,"[247, 426, 749, 738, 743, 503]"
Legacy kNN (freq),"{'K': 13, 'thresh': 0.14, 'cutoff': 6}",K=13/th=0.14/c=6,,,True,,0.10479908271292725,0.16949266490985765,-26.135672026401263,0.012944107795669462,0.8239045609824205,1.0,0.3858651196655941,0.0,0.006879671197892329,0.5246098962859452,0.9999999999999999,1.0,5.170603674540683,5.170603674540683,"[235, 322, 367, 357, 365, 324]",0.014228841704159391,0.7568921550301634,1.0,0.3738532607862053,0,0.007755822336572249,0.5373207389876962,0.9999999999999999,1.0,4.904848484848485,4.904848484848485,"[896, 1293, 1562, 1483, 1512, 1347]"
Legacy kNN (freq),"{'K': 13, 'thresh': 0.14, 'cutoff': 8}",K=13/th=0.14/c=8,,,True,,0.12599952079664048,0.20184590756473744,-23.456724313633657,0.014618098656030103,0.8039858968676346,1.0,0.38455773002748284,0.0,0.007777628412511131,0.5242760933075934,0.9999999999999999,0.9973753280839895,5.039370078740157,5.052631578947368,"[222, 315, 356, 354, 358, 315]",0.01639125336595173,0.7263815373750111,1.0,0.3727873052459893,0,0.008949998341645274,0.5370718189394545,0.9999999999999999,1.0,4.736969696969697,4.736969696969697,"[837, 1269, 1503, 1449, 1472, 1286]"
Legacy kNN (freq),"{'K': 13, 'thresh': 0.14, 'cutoff': 10}",K=13/th=0.14/c=10,,,True,,0.138520166375073,0.2267771616662288,-21.492652174629516,0.015491799094234959,0.7920092237789181,1.0,0.3834586368658539,0.0,0.008247763672884413,0.5241467071639208,0.9999999999999999,0.9973753280839895,4.965879265091863,4.978947368421053,"[215, 308, 351, 351, 353, 314]",0.017759078446973928,0.7026933006470891,1.0,0.37237127955447996,0,0.009713951582330436,0.5372701643027594,0.9999999999999999,0.9987878787878788,4.6024242424242425,4.608009708737864,"[808, 1257, 1442, 1410, 1420, 1257]"
Legacy kNN (freq),"{'K': 13, 'thresh': 0.14, 'cutoff': 12}",K=13/th=0.14/c=12,,,True,,0.17097029553057005,0.26614233792963615,-18.326977076801604,0.018208737678314928,0.7620616918298869,1.0,0.3827441656071402,0.0,0.009712982092042384,0.5237102598096753,0.9999999999999999,0.9973753280839895,4.829396325459317,4.842105263157894,"[202, 292, 346, 346, 344, 310]",0.02194474377145804,0.6674425708168442,1.0,0.3721338832500743,0,0.012059528840848039,0.537480125014177,0.9999999999999999,0.996969696969697,4.373939393939394,4.3872340425531915,"[743, 1170, 1382, 1368, 1359, 1195]"
Legacy kNN (freq),"{'K': 13, 'thresh': 0.14, 'cutoff': 16}",K=13/th=0.14/c=16,,,True,,0.23442809605176973,0.3488631408710892,-12.362154276858124,0.02410580740168396,0.7040994384755728,1.0,0.38140575708552826,0.0,0.012924819739875335,0.5232445530049282,0.9999999999999999,0.9921259842519685,4.456692913385827,4.492063492063492,"[179, 262, 326, 325, 321, 285]",0.030326072709211328,0.5929941881773828,1.0,0.3717708544642023,0,0.016821342175420015,0.5378601693622725,0.9999999999999999,0.9806060606060606,3.8393939393939394,3.915327564894932,"[604, 950, 1266, 1233, 1238, 1044]"
Legacy kNN (freq),"{'K': 13, 'thresh': 0.14, 'cutoff': 20}",K=13/th=0.14/c=20,,,True,,0.299917088591056,0.4321406361082185,-8.308984397002623,0.030305852088631083,0.644858361745991,1.0,0.38156532749471933,0.0,0.016321909971400993,0.5222499677575173,0.9999999999999999,0.9816272965879265,4.1128608923884515,4.189839572192514,"[154, 238, 308, 311, 300, 256]",0.036851633993537414,0.5163487762485943,1.0,0.37212592787758453,0,0.020544656178257337,0.5369508223187398,0.9999999999999999,0.9545454545454546,3.3715151515151516,3.532063492063492,"[522, 800, 1135, 1120, 1110, 876]"
Legacy kNN (freq),"{'K': 13, 'thresh': 0.14, 'cutoff': 24}",K=13/th=0.14/c=24,,,True,,0.3759152643050191,0.5191799899486836,-4.730552873530648,0.046127276559752906,0.5846901083941812,1.0,0.38159365379815796,0.0,0.025234553015120127,0.5218280262194243,0.9999999999999999,0.958005249343832,3.664041994750656,3.824657534246575,"[113, 205, 280, 288, 275, 235]",0.04981170721957673,0.4423674144555857,1.0,0.3724523239489752,0,0.02809223956513442,0.5358753761118998,0.9999999999999999,0.9327272727272727,2.903030303030303,3.1124106562703053,"[378, 671, 1013, 990, 978, 760]"
Legacy kNN (freq),"{'K': 13, 'thresh': 0.14, 'cutoff': 28}",K=13/th=0.14/c=28,,,True,,0.43359277528789825,0.6047058280194579,-2.3678378832695355,0.05528919192929432,0.536075225005093,1.0,0.38126269454565614,0.0,0.030409630725660126,0.5195997721130896,0.9999999999999999,0.9396325459317585,3.3070866141732282,3.5195530726256985,"[93, 184, 257, 280, 250, 196]",0.06604946980511944,0.37339644593025484,1.0,0.3735093471486444,0,0.03790007454541706,0.5359123815995321,0.9999999999999999,0.88,2.4266666666666667,2.757575757575758,"[291, 522, 887, 847, 852, 605]"
Legacy kNN (freq),"{'K': 13, 'thresh': 0.14, 'cutoff': 32}",K=13/th=0.14/c=32,,,True,,0.49531052433399797,0.6553241545892315,-1.185655236721963,0.06997836435091251,0.48933910638453854,1.0,0.3822375545587466,0.0,0.038902973209096636,0.5170246137183476,0.9999999999999999,0.9212598425196851,2.9711286089238844,3.225071225071225,"[73, 168, 231, 261, 226, 173]",0.07470260326988244,0.33153532365572413,1.0,0.3738562499169107,0,0.04325399469477502,0.5357609003538727,0.9999999999999999,0.8175757575757576,2.0642424242424244,2.524833209785026,"[247, 426, 749, 738, 743, 503]"
Legacy kNN (freq),"{'K': 13, 'thresh': 0.16, 'cutoff': 6}",K=13/th=0.16/c=6,,,True,,0.10479908271292725,0.16949266490985765,-26.135672026401263,0.012944107795669462,0.8239045609824205,1.0,0.3858651196655941,0.0,0.006879671197892329,0.5246098962859452,0.9999999999999999,1.0,5.170603674540683,5.170603674540683,"[235, 322, 367, 357, 365, 324]",0.014228841704159391,0.7568921550301634,1.0,0.3738532607862053,0,0.007755822336572249,0.5373207389876962,0.9999999999999999,1.0,4.904848484848485,4.904848484848485,"[896, 1293, 1562, 1483, 1512, 1347]"
Legacy kNN (freq),"{'K': 13, 'thresh': 0.16, 'cutoff': 8}",K=13/th=0.16/c=8,,,True,,0.12599952079664048,0.20184590756473744,-23.456724313633657,0.014618098656030103,0.8039858968676346,1.0,0.38455773002748284,0.0,0.007777628412511131,0.5242760933075934,0.9999999999999999,0.9973753280839895,5.039370078740157,5.052631578947368,"[222, 315, 356, 354, 358, 315]",0.01639125336595173,0.7263815373750111,1.0,0.3727873052459893,0,0.008949998341645274,0.5370718189394545,0.9999999999999999,1.0,4.736969696969697,4.736969696969697,"[837, 1269, 1503, 1449, 1472, 1286]"
Legacy kNN (freq),"{'K': 13, 'thresh': 0.16, 'cutoff': 10}",K=13/th=0.16/c=10,,,True,,0.138520166375073,0.2267771616662288,-21.492652174629516,0.015491799094234959,0.7920092237789181,1.0,0.3834586368658539,0.0,0.008247763672884413,0.5241467071639208,0.9999999999999999,0.9973753280839895,4.965879265091863,4.978947368421053,"[215, 308, 351, 351, 353, 314]",0.017759078446973928,0.7026933006470891,1.0,0.37237127955447996,0,0.009713951582330436,0.5372701643027594,0.9999999999999999,0.9987878787878788,4.6024242424242425,4.608009708737864,"[808, 1257, 1442, 1410, 1420, 1257]"
Legacy kNN (freq),"{'K': 13, 'thresh': 0.16, 'cutoff': 12}",K=13/th=0.16/c=12,,,True,,0.17097029553057005,0.26614233792963615,-18.326977076801604,0.018208737678314928,0.7620616918298869,1.0,0.3827441656071402,0.0,0.009712982092042384,0.5237102598096753,0.9999999999999999,0.9973753280839895,4.829396325459317,4.842105263157894,"[202, 292, 346, 346, 344, 310]",0.02194474377145804,0.6674425708168442,1.0,0.3721338832500743,0,0.012059528840848039,0.537480125014177,0.9999999999999999,0.996969696969697,4.373939393939394,4.3872340425531915,"[743, 1170, 1382, 1368, 1359, 1195]"
Legacy kNN (freq),"{'K': 13, 'thresh': 0.16, 'cutoff': 16}",K=13/th=0.16/c=16,,,True,,0.23442809605176973,0.3488631408710892,-12.362154276858124,0.02410580740168396,0.7040994384755728,1.0,0.38140575708552826,0.0,0.012924819739875335,0.5232445530049282,0.9999999999999999,0.9921259842519685,4.456692913385827,4.492063492063492,"[179, 262, 326, 325, 321, 285]",0.030326072709211328,0.5929941881773828,1.0,0.3717708544642023,0,0.016821342175420015,0.5378601693622725,0.9999999999999999,0.9806060606060606,3.8393939393939394,3.915327564894932,"[604, 950, 1266, 1233, 1238, 1044]"
Legacy kNN (freq),"{'K': 13, 'thresh': 0.16, 'cutoff': 20}",K=13/th=0.16/c=20,,,True,,0.299917088591056,0.4321406361082185,-8.308984397002623,0.030305852088631083,0.644858361745991,1.0,0.38156532749471933,0.0,0.016321909971400993,0.5222499677575173,0.9999999999999999,0.9816272965879265,4.1128608923884515,4.189839572192514,"[154, 238, 308, 311, 300, 256]",0.036851633993537414,0.5163487762485943,1.0,0.37212592787758453,0,0.020544656178257337,0.5369508223187398,0.9999999999999999,0.9545454545454546,3.3715151515151516,3.532063492063492,"[522, 800, 1135, 1120, 1110, 876]"
Legacy kNN (freq),"{'K': 13, 'thresh': 0.16, 'cutoff': 24}",K=13/th=0.16/c=24,,,True,,0.3759152643050191,0.5191799899486836,-4.730552873530648,0.046127276559752906,0.5846901083941812,1.0,0.38159365379815796,0.0,0.025234553015120127,0.5218280262194243,0.9999999999999999,0.958005249343832,3.664041994750656,3.824657534246575,"[113, 205, 280, 288, 275, 235]",0.04981170721957673,0.4423674144555857,1.0,0.3724523239489752,0,0.02809223956513442,0.5358753761118998,0.9999999999999999,0.9327272727272727,2.903030303030303,3.1124106562703053,"[378, 671, 1013, 990, 978, 760]"
Legacy kNN (freq),"{'K': 13, 'thresh': 0.16, 'cutoff': 28}",K=13/th=0.16/c=28,,,True,,0.43359277528789825,0.6047058280194579,-2.3678378832695355,0.05528919192929432,0.536075225005093,1.0,0.38126269454565614,0.0,0.030409630725660126,0.5195997721130896,0.9999999999999999,0.9396325459317585,3.3070866141732282,3.5195530726256985,"[93, 184, 257, 280, 250, 196]",0.06604946980511944,0.37339644593025484,1.0,0.3735093471486444,0,0.03790007454541706,0.5359123815995321,0.9999999999999999,0.88,2.4266666666666667,2.757575757575758,"[291, 522, 887, 847, 852, 605]"
Legacy kNN (freq),"{'K': 13, 'thresh': 0.16, 'cutoff': 32}",K=13/th=0.16/c=32,,,True,,0.49531052433399797,0.6553241545892315,-1.185655236721963,0.06997836435091251,0.48933910638453854,1.0,0.3822375545587466,0.0,0.038902973209096636,0.5170246137183476,0.9999999999999999,0.9212598425196851,2.9711286089238844,3.225071225071225,"[73, 168, 231, 261, 226, 173]",0.07470260326988244,0.33153532365572413,1.0,0.3738562499169107,0,0.04325399469477502,0.5357609003538727,0.9999999999999999,0.8175757575757576,2.0642424242424244,2.524833209785026,"[247, 426, 749, 738, 743, 503]"
Legacy kNN (freq),"{'K': 13, 'thresh': 0.2, 'cutoff': 6}",K=13/th=0.2/c=6,,,True,,0.10479908271292725,0.16949266490985765,-26.135672026401263,0.012944107795669462,0.8239045609824205,1.0,0.3858651196655941,0.0,0.006879671197892329,0.5246098962859452,0.9999999999999999,1.0,5.170603674540683,5.170603674540683,"[235, 322, 367, 357, 365, 324]",0.014228841704159391,0.7568921550301634,1.0,0.3738532607862053,0,0.007755822336572249,0.5373207389876962,0.9999999999999999,1.0,4.904848484848485,4.904848484848485,"[896, 1293, 1562, 1483, 1512, 1347]"
Legacy kNN (freq),"{'K': 13, 'thresh': 0.2, 'cutoff': 8}",K=13/th=0.2/c=8,,,True,,0.12599952079664048,0.20210524971567811,-23.447165758884285,0.014618098656030103,0.8039858968676346,1.0,0.38455773002748284,0.0,0.007777628412511131,0.5242760933075934,0.9999999999999999,0.9973753280839895,5.039370078740157,5.052631578947368,"[222, 315, 356, 354, 358, 315]",0.016393939883604335,0.7261329111738425,1.0,0.37281407001972067,0,0.00895091975267291,0.5370376237142256,0.9999999999999999,1.0,4.736363636363636,4.736363636363636,"[837, 1269, 1503, 1448, 1472, 1286]"
Legacy kNN (freq),"{'K': 13, 'thresh': 0.2, 'cutoff': 10}",K=13/th=0.2/c=10,,,True,,0.138520166375073,0.22686076768775218,-21.47473193994638,0.015491799094234959,0.7920092237789181,1.0,0.3834586368658539,0.0,0.008247763672884413,0.5241467071639208,0.9999999999999999,0.9973753280839895,4.965879265091863,4.978947368421053,"[215, 308, 351, 351, 353, 314]",0.017766463260030733,0.7026368661326858,1.0,0.37243723520135746,0,0.009716781335899068,0.5371992495713689,0.9999999999999999,0.9987878787878788,4.6012121212121215,4.606796116504855,"[808, 1257, 1441, 1409, 1420, 1257]"
Legacy kNN (freq),"{'K': 13, 'thresh': 0.2, 'cutoff': 12}",K=13/th=0.2/c=12,,,True,,0.17097029553057005,0.26623835583417527,-18.310354009470736,0.018208737678314928,0.7620616918298869,1.0,0.3827441656071402,0.0,0.009712982092042384,0.5237102598096753,0.9999999999999999,0.9973753280839895,4.829396325459317,4.842105263157894,"[202, 292, 346, 346, 344, 310]",0.021954288045185955,0.6673728067851339,1.0,0.3721895819137438,0,0.012063209572933236,0.5374051946776138,0.9999999999999999,0.996969696969697,4.372727272727273,4.386018237082067,"[743, 1170, 1381, 1367, 1359, 1195]"
Legacy kNN (freq),"{'K': 13, 'thresh': 0.2, 'cutoff': 16}",K=13/th=0.2/c=16,,,True,,0.23442809605176973,0.34897786787949087,-12.34815337550648,0.02410580740168396,0.7040994384755728,1.0,0.38140575708552826,0.0,0.012924819739875335,0.5232445530049282,0.9999999999999999,0.9921259842519685,4.456692913385827,4.492063492063492,"[179, 262, 326, 325, 321, 285]",0.030339963091893823,0.5929042967051953,1.0,0.3718073383093077,0,0.01682660869349039,0.5377745390588281,0.9999999999999999,0.9806060606060606,3.8381818181818184,3.9140914709517927,"[604, 950, 1265, 1232, 1238, 1044]"
Legacy kNN (freq),"{'K': 13, 'thresh': 0.2, 'cutoff': 20}",K=13/th=0.2/c=20,,,True,,0.299917088591056,0.4319846339997876,-8.303223511737851,0.030305852088631083,0.644858361745991,1.0,0.38156532749471933,0.0,0.016321909971400993,0.5222499677575173,0.9999999999999999,0.9816272965879265,4.1128608923884515,4.189839572192514,"[154, 238, 308, 311, 300, 256]",0.03686316013236945,0.5165215718855498,1.0,0.3721434858432264,0,0.020549426641559756,0.5369011474440638,0.9999999999999999,0.9545454545454546,3.370909090909091,3.5314285714285716,"[522, 800, 1134, 1120, 1110, 876]"
Legacy kNN (freq),"{'K': 13, 'thresh': 0.2, 'cutoff': 24}",K=13/th=0.2/c=24,,,True,,0.3759152643050191,0.5191799899486836,-4.730552873530648,0.046127276559752906,0.5846901083941812,1.0,0.38159365379815796,0.0,0.025234553015120127,0.5218280262194243,0.9999999999999999,0.958005249343832,3.664041994750656,3.824657534246575,"[113, 205, 280, 288, 275, 235]",0.04981170721957673,0.4423674144555857,1.0,0.3724523239489752,0,0.02809223956513442,0.5358753761118998,0.9999999999999999,0.9327272727272727,2.903030303030303,3.1124106562703053,"[378, 671, 1013, 990, 978, 760]"
Legacy kNN (freq),"{'K': 13, 'thresh': 0.2, 'cutoff': 28}",K=13/th=0.2/c=28,,,True,,0.43359277528789825,0.6048898928669434,-2.3639027685054788,0.05528919192929432,0.536075225005093,1.0,0.38126269454565614,0.0,0.030409630725660126,0.5195997721130896,0.9999999999999999,0.9396325459317585,3.3070866141732282,3.5195530726256985,"[93, 184, 257, 280, 250, 196]",0.0660495594507254,0.3732105723243069,1.0,0.3735030191350828,0,0.03789545403083542,0.535846268039951,0.9999999999999999,0.88,2.4260606060606063,2.756887052341598,"[291, 522, 887, 847, 852, 604]"
Legacy kNN (freq),"{'K': 13, 'thresh': 0.2, 'cutoff': 32}",K=13/th=0.2/c=32,,,True,,0.49531052433399797,0.6553960230242731,-1.187450243821678,0.06997836435091251,0.48933910638453854,1.0,0.3822375545587466,0.0,0.038902973209096636,0.5170246137183476,0.9999999999999999,0.9212598425196851,2.9711286089238844,3.225071225071225,"[73, 168, 231, 261, 226, 173]",0.07470217407658604,0.33145886280608766,1.0,0.3738423725125825,0,0.043241176429252244,0.5356054536935416,0.9999999999999999,0.816969696969697,2.063030303030303,2.5252225519287834,"[247, 426, 749, 738, 742, 502]"
Legacy kNN (freq),"{'K': 13, 'thresh': 0.24, 'cutoff': 6}",K=13/th=0.24/c=6,,,True,,0.10479908271292725,0.17277240328423127,-25.829200260377444,0.012944107795669462,0.8239045609824205,1.0,0.3858651196655941,0.0,0.006879671197892329,0.5246098962859452,0.9999999999999999,1.0,5.170603674540683,5.170603674540683,"[235, 322, 367, 357, 365, 324]",0.01453017006441349,0.7540199959035931,1.0,0.37420743041136956,0,0.00791404567638171,0.5367479308268571,0.9999999999999999,1.0,4.886060606060606,4.886060606060606,"[891, 1289, 1559, 1477, 1507, 1339]"
Legacy kNN (freq),"{'K': 13, 'thresh': 0.24, 'cutoff': 8}",K=13/th=0.24/c=8,,,True,,0.12599952079664048,0.20441000509615864,-23.190984148003785,0.014618098656030103,0.8039858968676346,1.0,0.38455773002748284,0.0,0.007777628412511131,0.5242760933075934,0.9999999999999999,0.9973753280839895,5.039370078740157,5.052631578947368,"[222, 315, 356, 354, 358, 315]",0.016720749681391173,0.7242484286700359,1.0,0.37312561361601126,0,0.009121877845073048,0.5364195182129788,0.9999999999999999,0.9993939393939394,4.716969696969697,4.719830200121286,"[832, 1265, 1498, 1443, 1467, 1278]"
Legacy kNN (freq),"{'K': 13, 'thresh': 0.24, 'cutoff': 10}",K=13/th=0.24/c=10,,,True,,0.138520166375073,0.22882010090921245,-21.330288426452842,0.015491799094234959,0.7920092237789181,1.0,0.3834586368658539,0.0,0.008247763672884413,0.5241467071639208,0.9999999999999999,0.9973753280839895,4.965879265091863,4.978947368421053,"[215, 308, 351, 351, 353, 314]",0.018025563831504107,0.7009740376356054,1.0,0.3725619157110457,0,0.009851515887192668,0.5366777330015949,0.9999999999999999,0.9975757575757576,4.586060606060606,4.5972053462940465,"[803, 1254, 1437, 1405, 1416, 1252]"
Legacy kNN (freq),"{'K': 13, 'thresh': 0.24, 'cutoff': 12}",K=13/th=0.24/c=12,,,True,,0.17097029553057005,0.2678866012004404,-18.164713525802423,0.018208737678314928,0.7620616918298869,1.0,0.3827441656071402,0.0,0.009712982092042384,0.5237102598096753,0.9999999999999999,0.9973753280839895,4.829396325459317,4.842105263157894,"[202, 292, 346, 346, 344, 310]",0.022335714630541667,0.6661244979436608,1.0,0.3722512817118651,0,0.012265051745413199,0.5368568193286142,0.9999999999999999,0.9957575757575757,4.356969696969697,4.37553256238588,"[738, 1167, 1378, 1363, 1354, 1189]"
Legacy kNN (freq),"{'K': 13, 'thresh': 0.24, 'cutoff': 16}",K=13/th=0.24/c=16,,,True,,0.23442809605176973,0.3514237299532304,-12.157500962882649,0.02410580740168396,0.7040994384755728,1.0,0.38140575708552826,0.0,0.012924819739875335,0.5232445530049282,0.9999999999999999,0.9921259842519685,4.456692913385827,4.492063492063492,"[179, 262, 326, 325, 321, 285]",0.030732116169831087,0.5908480352114873,1.0,0.3717988299829554,0,0.017027582148627016,0.5370361641425037,0.9999999999999999,0.98,3.8193939393939393,3.897340754483612,"[599, 946, 1261, 1228, 1229, 1039]"
Legacy kNN (freq),"{'K': 13, 'thresh': 0.24, 'cutoff': 20}",K=13/th=0.24/c=20,,,True,,0.299917088591056,0.434047700696937,-8.158702322192221,0.030305852088631083,0.644858361745991,1.0,0.38156532749471933,0.0,0.016321909971400993,0.5222499677575173,0.9999999999999999,0.9816272965879265,4.1128608923884515,4.189839572192514,"[154, 238, 308, 311, 300, 256]",0.03720690810503869,0.514788978324207,1.0,0.3720992363870175,0,0.020714680776955523,0.5360271885438701,0.9999999999999999,0.9533333333333334,3.352121212121212,3.516211061665607,"[516, 795, 1129, 1117, 1103, 871]"
Legacy kNN (freq),"{'K': 13, 'thresh': 0.24, 'cutoff': 24}",K=13/th=0.24/c=24,,,True,,0.3759152643050191,0.5206139957231815,-4.658932524461171,0.046127276559752906,0.5846901083941812,1.0,0.38159365379815796,0.0,0.025234553015120127,0.5218280262194243,0.9999999999999999,0.958005249343832,3.664041994750656,3.824657534246575,"[113, 205, 280, 288, 275, 235]",0.04998629342223704,0.4410794158406189,1.0,0.3723570604718775,0,0.028148715152028332,0.5349789592278571,0.9999999999999999,0.9296969696969697,2.8848484848484848,3.1029986962190352,"[373, 665, 1008, 986, 972, 756]"
Legacy kNN (freq),"{'K': 13, 'thresh': 0.24, 'cutoff': 28}",K=13/th=0.24/c=28,,,True,,0.43359277528789825,0.6071402829655752,-2.3102028992438175,0.05528919192929432,0.536075225005093,1.0,0.38126269454565614,0.0,0.030409630725660126,0.5195997721130896,0.9999999999999999,0.9396325459317585,3.3070866141732282,3.5195530726256985,"[93, 184, 257, 280, 250, 196]",0.06651246136243333,0.37138202595814473,1.0,0.37336615853762184,0,0.03811011001088264,0.534865881521827,0.9999999999999999,0.8763636363636363,2.4078787878787877,2.747579529737206,"[287, 516, 882, 841, 847, 600]"
Legacy kNN (freq),"{'K': 13, 'thresh': 0.24, 'cutoff': 32}",K=13/th=0.24/c=32,,,True,,0.49531052433399797,0.6574523343293616,-1.1445438703471331,0.06997836435091251,0.48933910638453854,1.0,0.3822375545587466,0.0,0.038902973209096636,0.5170246137183476,0.9999999999999999,0.9212598425196851,2.9711286089238844,3.225071225071225,"[73, 168, 231, 261, 226, 173]",0.07508507344464038,0.32974611223869815,1.0,0.3737112437447311,0,0.043383068166567444,0.5344014513289076,0.9999999999999999,0.8127272727272727,2.0442424242424244,2.5152870991797167,"[244, 420, 743, 731, 737, 498]"
Legacy kNN (freq),"{'K': 13, 'thresh': 0.28, 'cutoff': 6}",K=13/th=0.28/c=6,,,True,,0.11242777684056879,0.1877543475113308,-24.235999826524058,0.013225378707107124,0.8169592204310986,1.0,0.3872053952152006,0.0,0.007008719033308882,0.5229349569208472,0.9999999999999999,0.9973753280839895,5.120734908136483,5.13421052631579,"[232, 319, 363, 355, 362, 320]",0.015301535565602983,0.7401765581070295,1.0,0.375431233509191,0,0.008294697583145536,0.5337869938946669,0.9999999999999999,0.9872727272727273,4.726666666666667,4.787599754450583,"[843, 1251, 1513, 1433, 1463, 1296]"
Legacy kNN (freq),"{'K': 13, 'thresh': 0.28, 'cutoff': 8}",K=13/th=0.28/c=8,,,True,,0.13284391232915152,0.21675322830736335,-21.755147654794634,0.014947250374568547,0.7977929095406437,1.0,0.3856319049840889,0.0,0.007927401667424543,0.5224301237314897,0.9999999999999999,0.994750656167979,4.986876640419948,5.013192612137203,"[219, 312, 352, 352, 354, 311]",0.01736977296400061,0.7129317050177215,1.0,0.37438386787028055,0,0.009427749937564128,0.5333388473766569,0.9999999999999999,0.9848484848484849,4.556363636363637,4.626461538461538,"[787, 1226, 1450, 1398, 1424, 1233]"
Legacy kNN (freq),"{'K': 13, 'thresh': 0.28, 'cutoff': 10}",K=13/th=0.28/c=10,,,True,,0.14323333970007335,0.24162397450791914,-19.904285572549597,0.015925807601516014,0.7881411963029736,1.0,0.38482909467176996,0.0,0.008448043167396195,0.5220134224592766,0.9999999999999999,0.994750656167979,4.905511811023622,4.931398416886544,"[212, 305, 347, 347, 349, 309]",0.018683457173279842,0.6890674479795921,1.0,0.3733598843807713,0,0.010155743009082579,0.5334119827836373,0.9999999999999999,0.9818181818181818,4.418787878787879,4.500617283950618,"[759, 1214, 1382, 1357, 1370, 1209]"
Legacy kNN (freq),"{'K': 13, 'thresh': 0.28, 'cutoff': 12}",K=13/th=0.28/c=12,,,True,,0.17606527786026405,0.27971763096972535,-16.915817184174045,0.018734757750641023,0.7578060310096093,1.0,0.3837885037307742,0.0,0.009956969758811825,0.5215124603016538,0.9999999999999999,0.994750656167979,4.769028871391076,4.794195250659631,"[199, 289, 342, 342, 340, 305]",0.023142674282748694,0.6552408731705353,1.0,0.37271943285837267,0,0.012638614085389572,0.5334776552921952,0.9999999999999999,0.9781818181818182,4.1909090909090905,4.284386617100371,"[697, 1125, 1322, 1313, 1308, 1150]"
Legacy kNN (freq),"{'K': 13, 'thresh': 0.28, 'cutoff': 16}",K=13/th=0.28/c=16,,,True,,0.2368219094872189,0.3611458244707505,-11.365233179887914,0.024626062609929,0.7023741202022163,1.0,0.38189989026502086,0.0,0.01315120977260294,0.5208840257764975,0.9999999999999999,0.989501312335958,4.396325459317585,4.442970822281167,"[177, 258, 321, 321, 318, 280]",0.03258323807588432,0.5829996597730782,1.0,0.37187415389314765,0,0.01796271140174262,0.5333231606982184,0.9999999999999999,0.9551515151515152,3.6569696969696968,3.828680203045685,"[561, 904, 1204, 1169, 1192, 1004]"
Legacy kNN (freq),"{'K': 13, 'thresh': 0.28, 'cutoff': 20}",K=13/th=0.28/c=20,,,True,,0.30220327767715527,0.4442090480878547,-7.6388719494357975,0.03094853377235807,0.6432503216514354,1.0,0.3816835518541085,0.0,0.01660762440203287,0.5200120932122568,0.9999999999999999,0.9763779527559056,4.060367454068241,4.158602150537634,"[152, 233, 303, 308, 298, 253]",0.03870768876706201,0.5061377212408033,1.0,0.3721302685386531,0,0.02142094483752545,0.5319808937156622,0.9999999999999999,0.9224242424242424,3.1945454545454544,3.4632063074901445,"[488, 756, 1073, 1054, 1065, 835]"
Legacy kNN (freq),"{'K': 13, 'thresh': 0.28, 'cutoff': 24}",K=13/th=0.28/c=24,,,True,,0.37984086323548405,0.5307513875524682,-4.334868095376347,0.046689376463947156,0.5812767370528726,1.0,0.3814274127480319,0.0,0.025423964038085698,0.5191092740174965,0.9999999999999999,0.9501312335958005,3.606299212598425,3.7955801104972373,"[109, 200, 276, 284, 273, 232]",0.05143157825006121,0.4323512847737973,1.0,0.37223698025401425,0,0.028782072348908876,0.5308356157840889,0.9999999999999999,0.8957575757575758,2.742424242424242,3.061569688768606,"[350, 627, 957, 926, 940, 725]"
Legacy kNN (freq),"{'K': 13, 'thresh': 0.28, 'cutoff': 28}",K=13/th=0.28/c=28,,,True,,0.4361203649983368,0.61548289692919,-2.111898524516919,0.056004248631649205,0.5342267285605767,1.0,0.3811428164242142,0.0,0.0306790077566358,0.5171178559093439,0.9999999999999999,0.931758530183727,3.2598425196850394,3.498591549295775,"[91, 180, 254, 276, 248, 193]",0.06880053321014405,0.36526085807450115,1.0,0.3731440726451569,0,0.03919733748631061,0.5305259895997372,0.9999999999999999,0.8406060606060606,2.28,2.7123287671232874,"[265, 480, 835, 788, 815, 579]"
Legacy kNN (freq),"{'K': 13, 'thresh': 0.28, 'cutoff': 32}",K=13/th=0.28/c=32,,,True,,0.4978173810557549,0.6652847346986128,-1.0523337452102248,0.0709633655088046,0.4877767850046177,1.0,0.38210266850522645,0.0,0.03931718545148711,0.5147308674589041,0.9999999999999999,0.9133858267716536,2.931758530183727,3.2097701149425286,"[71, 166, 229, 257, 224, 170]",0.07726866928723408,0.3240281149047128,1.0,0.3734806010536381,0,0.044393531580982276,0.5301401665119321,0.9999999999999999,0.7763636363636364,1.9333333333333333,2.49024199843872,"[222, 392, 704, 685, 708, 479]"
Legacy kNN (freq),"{'K': 13, 'thresh': 0.32, 'cutoff': 6}",K=13/th=0.32/c=6,,,True,,0.12776113168918551,0.23605205879593383,-19.2134607016881,0.014388555665102616,0.8032453559040075,1.0,0.3887264397603009,0.0,0.007579076400894341,0.5191633005786523,0.9999999999999999,0.9973753280839895,4.981627296587926,4.9947368421052625,"[223, 310, 356, 345, 351, 313]",0.017253239881242582,0.6949415112556695,1.0,0.3791344339012022,0,0.009245021691868648,0.5265966232550477,0.9999999999999999,0.9436363636363636,4.203030303030303,4.45407835581246,"[719, 1110, 1351, 1293, 1302, 1160]"
Legacy kNN (freq),"{'K': 13, 'thresh': 0.32, 'cutoff': 8}",K=13/th=0.32/c=8,,,True,,0.14588190000076945,0.2562320808931529,-18.032774046484477,0.015895200083954106,0.7860768108905244,1.0,0.3868783693577992,0.0,0.008372002680735798,0.5183270474298112,0.9999999999999999,0.984251968503937,4.84251968503937,4.92,"[207, 302, 344, 341, 346, 305]",0.019239157674977653,0.676429394187861,1.0,0.37807439135345405,0,0.010314468309600101,0.5258030293840408,0.9999999999999999,0.9218181818181819,4.029090909090909,4.370808678500986,"[666, 1088, 1270, 1257, 1264, 1103]"
Legacy kNN (freq),"{'K': 13, 'thresh': 0.32, 'cutoff': 10}",K=13/th=0.32/c=10,,,True,,0.1593632952158378,0.280015029436943,-16.67124967431526,0.016534416039075822,0.7729138513783189,1.0,0.3858091018502696,0.0,0.00870927200504565,0.518025718214567,0.9999999999999999,0.9816272965879265,4.7637795275590555,4.852941176470589,"[202, 295, 338, 338, 339, 303]",0.020350080585495242,0.6533114513155984,1.0,0.3765880005568204,0,0.010920238525163448,0.5256976942247626,0.9999999999999999,0.9121212121212121,3.895151515151515,4.270431893687707,"[640, 1073, 1216, 1199, 1215, 1084]"
Legacy kNN (freq),"{'K': 13, 'thresh': 0.32, 'cutoff': 12}",K=13/th=0.32/c=12,,,True,,0.19177859189963023,0.3157460579051329,-14.079992532614629,0.019409109312168545,0.7430765975268896,1.0,0.38482026704783745,0.0,0.010238731808566512,0.5172822499522006,0.9999999999999999,0.9816272965879265,4.622047244094488,4.708556149732621,"[188, 279, 332, 332, 331, 299]",0.024583080545576314,0.621458868223454,1.0,0.37540615194336835,0,0.013243079855317638,0.5254630130480862,0.9999999999999999,0.9030303030303031,3.6721212121212123,4.066442953020134,"[573, 982, 1155, 1154, 1159, 1036]"
Legacy kNN (freq),"{'K': 13, 'thresh': 0.32, 'cutoff': 16}",K=13/th=0.32/c=16,,,True,,0.2471630280978076,0.3953099933058447,-9.196106228461565,0.025120412897812437,0.6927801109330416,1.0,0.38274242044345586,0.0,0.013304888063375236,0.5163385933987056,0.9999999999999999,0.968503937007874,4.251968503937008,4.390243902439025,"[167, 249, 312, 312, 308, 272]",0.03516225959647559,0.5519339927246562,1.0,0.3736057547800842,0,0.019093998283609515,0.523930350562952,0.9999999999999999,0.8618181818181818,3.1254545454545455,3.626582278481013,"[449, 752, 1042, 998, 1034, 882]"
Legacy kNN (freq),"{'K': 13, 'thresh': 0.32, 'cutoff': 20}",K=13/th=0.32/c=20,,,True,,0.3069051973130775,0.46892668845729013,-6.312164610517017,0.03188758814426139,0.6396277218509722,1.0,0.3821511033992942,0.0,0.01694128923861725,0.51433932296654,0.9999999999999999,0.9448818897637795,3.8923884514435696,4.1194444444444445,"[141, 223, 290, 297, 287, 245]",0.04038116023156061,0.48357692149963133,1.0,0.37374149908453597,0,0.021927294659874457,0.5210797450827972,0.9999999999999999,0.8090909090909091,2.681212121212121,3.3138576779026216,"[381, 622, 899, 879, 922, 721]"
Legacy kNN (freq),"{'K': 13, 'thresh': 0.32, 'cutoff': 24}",K=13/th=0.32/c=24,,,True,,0.3817175603857291,0.5534782547297342,-3.5200049176560606,0.04755629192768501,0.5803197771031225,1.0,0.38160348520388865,0.0,0.025629133056395994,0.5132918900350623,0.9999999999999999,0.9133858267716536,3.456692913385827,3.7844827586206895,"[102, 192, 263, 275, 260, 225]",0.051911714898579125,0.4105038219872362,1.0,0.37356787272797076,0,0.02842342449369518,0.5191094905238793,0.9999999999999999,0.7703030303030303,2.264242424242424,2.939417781274587,"[264, 492, 795, 757, 801, 627]"
Legacy kNN (freq),"{'K': 13, 'thresh': 0.32, 'cutoff': 28}",K=13/th=0.32/c=28,,,True,,0.43900029664770956,0.6357356996052335,-1.730705073384201,0.05657929977272911,0.5319563836817123,1.0,0.3812579351889756,0.0,0.030688010672010713,0.5117003577945491,0.9999999999999999,0.89501312335958,3.136482939632546,3.504398826979472,"[87, 176, 239, 266, 241, 186]",0.07076086226916005,0.34723323247939464,1.0,0.37402689938489325,0,0.03941370404947664,0.5175839359551471,0.9999999999999999,0.7042424242424242,1.8442424242424242,2.6187607573149743,"[178, 362, 687, 631, 692, 493]"
Legacy kNN (freq),"{'K': 13, 'thresh': 0.32, 'cutoff': 32}",K=13/th=0.32/c=32,,,True,,0.500947463064947,0.6798076537992243,-0.9274701970892635,0.0714159498230373,0.48507732884109583,1.0,0.38202947361001816,0.0,0.03917835605373598,0.5094145666038306,0.9999999999999999,0.8766404199475065,2.826771653543307,3.2245508982035926,"[67, 161, 218, 248, 217, 166]",0.07915301646982964,0.3116177644639991,1.0,0.3742413393113123,0,0.04443127789702011,0.5169017037833339,0.9999999999999999,0.6448484848484849,1.5575757575757576,2.4154135338345863,"[145, 301, 577, 546, 599, 402]"
Legacy kNN (freq),"{'K': 15, 'thresh': 0.12, 'cutoff': 6}",K=15/th=0.12/c=6,,,True,,0.05787239436046451,0.11664925279490414,-30.080007343970173,0.0107354434031884,0.8720623244358124,1.0,0.3973309179769616,0.0,0.005689328155335074,0.5242671166992815,0.9999999999999999,1.0,5.3727034120734904,5.3727034120734904,"[251, 335, 375, 369, 377, 340]",0.012176733404032193,0.8083668564878806,1.0,0.376131252929175,0,0.006623463363379522,0.5373197245898719,0.9999999999999999,1.0,5.136969696969697,5.136969696969697,"[978, 1369, 1603, 1545, 1561, 1420]"
Legacy kNN (freq),"{'K': 15, 'thresh': 0.12, 'cutoff': 8}",K=15/th=0.12/c=8,,,True,,0.07794176275578359,0.14633446300919123,-27.66090481092124,0.011439441119593855,0.8502557768247729,1.0,0.38919366153654217,0.0,0.006064754052919184,0.5240959898220741,0.9999999999999999,1.0,5.275590551181103,5.275590551181103,"[246, 328, 367, 365, 370, 334]",0.01418144232683314,0.7802397293434911,1.0,0.3746425000861637,0,0.007727017287102302,0.537140206199713,0.9999999999999999,1.0,4.996363636363636,4.996363636363636,"[917, 1350, 1567, 1512, 1529, 1369]"
Legacy kNN (freq),"{'K': 15, 'thresh': 0.12, 'cutoff': 10}",K=15/th=0.12/c=10,,,True,,0.09912092853561431,0.16784826582116708,-25.863388426820357,0.01241372838414922,0.8292294493730303,1.0,0.3864554984149846,0.0,0.006589385589215709,0.5242239987201374,0.9999999999999999,1.0,5.191601049868766,5.191601049868766,"[238, 320, 361, 363, 365, 331]",0.015436942647561855,0.7596712060719705,1.0,0.37360843081858536,0,0.008422457798755062,0.53718055143071,0.9999999999999999,1.0,4.887878787878788,4.887878787878788,"[886, 1341, 1515, 1478, 1496, 1349]"
Legacy kNN (freq),"{'K': 15, 'thresh': 0.12, 'cutoff': 12}",K=15/th=0.12/c=12,,,True,,0.1201827472643241,0.20807973488558856,-22.81674940327351,0.013687254654569556,0.8092004748309339,1.0,0.3856532248022948,0.0,0.007271274327368345,0.5239719021620927,0.9999999999999999,1.0,5.091863517060368,5.091863517060368,"[226, 307, 359, 361, 360, 327]",0.018760335660800452,0.7225928246636532,1.0,0.37304074629480394,0,0.010273604880748776,0.5373491192627045,0.9999999999999999,0.9975757575757576,4.6842424242424245,4.695625759416768,"[819, 1255, 1466, 1447, 1444, 1298]"
Legacy kNN (freq),"{'K': 15, 'thresh': 0.12, 'cutoff': 16}",K=15/th=0.12/c=16,,,True,,0.18144452411648493,0.28619071900461107,-16.532334900797167,0.01883931133707725,0.7522881351079509,1.0,0.38297782629119503,0.0,0.01005690313483465,0.5237675087867716,0.9999999999999999,1.0,4.797900262467191,4.797900262467191,"[206, 284, 346, 345, 341, 306]",0.026426132948501876,0.6519716058509735,1.0,0.37245397302360894,0,0.014595754703879704,0.5377260059634978,0.9999999999999999,0.9890909090909091,4.207878787878788,4.254289215686274,"[668, 1070, 1367, 1336, 1337, 1165]"
Legacy kNN (freq),"{'K': 15, 'thresh': 0.12, 'cutoff': 20}",K=15/th=0.12/c=20,,,True,,0.23274382111741748,0.36702623995540756,-11.861101110317506,0.026343680392993497,0.7084730300671584,1.0,0.3829105693052747,0.0,0.014142976260947987,0.5227201235900936,0.9999999999999999,0.9973753280839895,4.488188976377953,4.5,"[174, 263, 332, 332, 321, 288]",0.031119696774970857,0.575826492998206,1.0,0.3724434539288089,0,0.01725641362354869,0.537259995345159,0.9999999999999999,0.9775757575757575,3.7854545454545456,3.872287662740236,"[596, 933, 1258, 1226, 1222, 1011]"
Legacy kNN (freq),"{'K': 15, 'thresh': 0.12, 'cutoff': 24}",K=15/th=0.12/c=24,,,True,,0.2989541594365249,0.444894905211724,-7.915725734852618,0.03794819416428013,0.6535018703096503,1.0,0.38169278527298395,0.0,0.02060751125646436,0.5224347536549868,0.9999999999999999,0.989501312335958,4.102362204724409,4.1458885941644565,"[133, 237, 315, 311, 301, 266]",0.043771157157725255,0.510681627469975,1.0,0.3726845850799123,0,0.024548462666777113,0.536287039286302,0.9999999999999999,0.9642424242424242,3.3648484848484848,3.4896291640477686,"[460, 803, 1161, 1122, 1111, 895]"
Legacy kNN (freq),"{'K': 15, 'thresh': 0.12, 'cutoff': 28}",K=15/th=0.12/c=28,,,True,,0.35340568802864564,0.5177964177102641,-4.816943773029868,0.04616556316107728,0.6072280389931818,1.0,0.3815605462025006,0.0,0.025220829525947133,0.5210907853109732,0.9999999999999999,0.979002624671916,3.7716535433070866,3.8525469168900806,"[111, 215, 296, 300, 280, 235]",0.05617472767387642,0.45032777295216875,1.0,0.3731648766285213,0,0.031906720513847325,0.5360829371192875,0.9999999999999999,0.9315151515151515,2.91030303030303,3.1242680546519193,"[367, 655, 1053, 994, 998, 735]"
Legacy kNN (freq),"{'K': 15, 'thresh': 0.12, 'cutoff': 32}",K=15/th=0.12/c=32,,,True,,0.4142609663143643,0.5800469211245801,-2.957041542793029,0.05622126933598563,0.556579021197561,1.0,0.3820623939197989,0.0,0.030922853368777568,0.5190966946195392,0.9999999999999999,0.9553805774278216,3.3963254593175853,3.5549450549450547,"[88, 201, 266, 283, 250, 206]",0.06438629914860818,0.3964688712122767,1.0,0.3737649772941621,0,0.03690480260783525,0.5362720798894384,0.9999999999999999,0.8860606060606061,2.5309090909090908,2.856361149110807,"[310, 547, 907, 890, 901, 621]"
Legacy kNN (freq),"{'K': 15, 'thresh': 0.14, 'cutoff': 6}",K=15/th=0.14/c=6,,,True,,0.05787239436046451,0.11664925279490414,-30.080007343970173,0.0107354434031884,0.8720623244358124,1.0,0.3973309179769616,0.0,0.005689328155335074,0.5242671166992815,0.9999999999999999,1.0,5.3727034120734904,5.3727034120734904,"[251, 335, 375, 369, 377, 340]",0.012176733404032193,0.8083668564878806,1.0,0.376131252929175,0,0.006623463363379522,0.5373197245898719,0.9999999999999999,1.0,5.136969696969697,5.136969696969697,"[978, 1369, 1603, 1545, 1561, 1420]"
Legacy kNN (freq),"{'K': 15, 'thresh': 0.14, 'cutoff': 8}",K=15/th=0.14/c=8,,,True,,0.07794176275578359,0.14633446300919123,-27.66090481092124,0.011439441119593855,0.8502557768247729,1.0,0.38919366153654217,0.0,0.006064754052919184,0.5240959898220741,0.9999999999999999,1.0,5.275590551181103,5.275590551181103,"[246, 328, 367, 365, 370, 334]",0.01418144232683314,0.7802397293434911,1.0,0.3746425000861637,0,0.007727017287102302,0.537140206199713,0.9999999999999999,1.0,4.996363636363636,4.996363636363636,"[917, 1350, 1567, 1512, 1529, 1369]"
Legacy kNN (freq),"{'K': 15, 'thresh': 0.14, 'cutoff': 10}",K=15/th=0.14/c=10,,,True,,0.09912092853561431,0.16784826582116708,-25.863388426820357,0.01241372838414922,0.8292294493730303,1.0,0.3864554984149846,0.0,0.006589385589215709,0.5242239987201374,0.9999999999999999,1.0,5.191601049868766,5.191601049868766,"[238, 320, 361, 363, 365, 331]",0.015436942647561855,0.7596712060719705,1.0,0.37360843081858536,0,0.008422457798755062,0.53718055143071,0.9999999999999999,1.0,4.887878787878788,4.887878787878788,"[886, 1341, 1515, 1478, 1496, 1349]"
Legacy kNN (freq),"{'K': 15, 'thresh': 0.14, 'cutoff': 12}",K=15/th=0.14/c=12,,,True,,0.1201827472643241,0.20807973488558856,-22.81674940327351,0.013687254654569556,0.8092004748309339,1.0,0.3856532248022948,0.0,0.007271274327368345,0.5239719021620927,0.9999999999999999,1.0,5.091863517060368,5.091863517060368,"[226, 307, 359, 361, 360, 327]",0.018760335660800452,0.7225928246636532,1.0,0.37304074629480394,0,0.010273604880748776,0.5373491192627045,0.9999999999999999,0.9975757575757576,4.6842424242424245,4.695625759416768,"[819, 1255, 1466, 1447, 1444, 1298]"
Legacy kNN (freq),"{'K': 15, 'thresh': 0.14, 'cutoff': 16}",K=15/th=0.14/c=16,,,True,,0.18144452411648493,0.28619071900461107,-16.532334900797167,0.01883931133707725,0.7522881351079509,1.0,0.38297782629119503,0.0,0.01005690313483465,0.5237675087867716,0.9999999999999999,1.0,4.797900262467191,4.797900262467191,"[206, 284, 346, 345, 341, 306]",0.026426132948501876,0.6519716058509735,1.0,0.37245397302360894,0,0.014595754703879704,0.5377260059634978,0.9999999999999999,0.9890909090909091,4.207878787878788,4.254289215686274,"[668, 1070, 1367, 1336, 1337, 1165]"
Legacy kNN (freq),"{'K': 15, 'thresh': 0.14, 'cutoff': 20}",K=15/th=0.14/c=20,,,True,,0.23274382111741748,0.36702623995540756,-11.861101110317506,0.026343680392993497,0.7084730300671584,1.0,0.3829105693052747,0.0,0.014142976260947987,0.5227201235900936,0.9999999999999999,0.9973753280839895,4.488188976377953,4.5,"[174, 263, 332, 332, 321, 288]",0.031119696774970857,0.575826492998206,1.0,0.3724434539288089,0,0.01725641362354869,0.537259995345159,0.9999999999999999,0.9775757575757575,3.7854545454545456,3.872287662740236,"[596, 933, 1258, 1226, 1222, 1011]"
Legacy kNN (freq),"{'K': 15, 'thresh': 0.14, 'cutoff': 24}",K=15/th=0.14/c=24,,,True,,0.2989541594365249,0.444894905211724,-7.915725734852618,0.03794819416428013,0.6535018703096503,1.0,0.38169278527298395,0.0,0.02060751125646436,0.5224347536549868,0.9999999999999999,0.989501312335958,4.102362204724409,4.1458885941644565,"[133, 237, 315, 311, 301, 266]",0.043771157157725255,0.510681627469975,1.0,0.3726845850799123,0,0.024548462666777113,0.536287039286302,0.9999999999999999,0.9642424242424242,3.3648484848484848,3.4896291640477686,"[460, 803, 1161, 1122, 1111, 895]"
Legacy kNN (freq),"{'K': 15, 'thresh': 0.14, 'cutoff': 28}",K=15/th=0.14/c=28,,,True,,0.35340568802864564,0.5177964177102641,-4.816943773029868,0.04616556316107728,0.6072280389931818,1.0,0.3815605462025006,0.0,0.025220829525947133,0.5210907853109732,0.9999999999999999,0.979002624671916,3.7716535433070866,3.8525469168900806,"[111, 215, 296, 300, 280, 235]",0.05617472767387642,0.45032777295216875,1.0,0.3731648766285213,0,0.031906720513847325,0.5360829371192875,0.9999999999999999,0.9315151515151515,2.91030303030303,3.1242680546519193,"[367, 655, 1053, 994, 998, 735]"
Legacy kNN (freq),"{'K': 15, 'thresh': 0.14, 'cutoff': 32}",K=15/th=0.14/c=32,,,True,,0.4142609663143643,0.5800469211245801,-2.957041542793029,0.05622126933598563,0.556579021197561,1.0,0.3820623939197989,0.0,0.030922853368777568,0.5190966946195392,0.9999999999999999,0.9553805774278216,3.3963254593175853,3.5549450549450547,"[88, 201, 266, 283, 250, 206]",0.06438629914860818,0.3964688712122767,1.0,0.3737649772941621,0,0.03690480260783525,0.5362720798894384,0.9999999999999999,0.8860606060606061,2.5309090909090908,2.856361149110807,"[310, 547, 907, 890, 901, 621]"
Legacy kNN (freq),"{'K': 15, 'thresh': 0.16, 'cutoff': 6}",K=15/th=0.16/c=6,,,True,,0.05787239436046451,0.11664925279490414,-30.080007343970173,0.0107354434031884,0.8720623244358124,1.0,0.3973309179769616,0.0,0.005689328155335074,0.5242671166992815,0.9999999999999999,1.0,5.3727034120734904,5.3727034120734904,"[251, 335, 375, 369, 377, 340]",0.012176733404032193,0.8083668564878806,1.0,0.376131252929175,0,0.006623463363379522,0.5373197245898719,0.9999999999999999,1.0,5.136969696969697,5.136969696969697,"[978, 1369, 1603, 1545, 1561, 1420]"
Legacy kNN (freq),"{'K': 15, 'thresh': 0.16, 'cutoff': 8}",K=15/th=0.16/c=8,,,True,,0.07794176275578359,0.14633446300919123,-27.66090481092124,0.011439441119593855,0.8502557768247729,1.0,0.38919366153654217,0.0,0.006064754052919184,0.5240959898220741,0.9999999999999999,1.0,5.275590551181103,5.275590551181103,"[246, 328, 367, 365, 370, 334]",0.01418144232683314,0.7802397293434911,1.0,0.3746425000861637,0,0.007727017287102302,0.537140206199713,0.9999999999999999,1.0,4.996363636363636,4.996363636363636,"[917, 1350, 1567, 1512, 1529, 1369]"
Legacy kNN (freq),"{'K': 15, 'thresh': 0.16, 'cutoff': 10}",K=15/th=0.16/c=10,,,True,,0.09912092853561431,0.16784826582116708,-25.863388426820357,0.01241372838414922,0.8292294493730303,1.0,0.3864554984149846,0.0,0.006589385589215709,0.5242239987201374,0.9999999999999999,1.0,5.191601049868766,5.191601049868766,"[238, 320, 361, 363, 365, 331]",0.015436942647561855,0.7596712060719705,1.0,0.37360843081858536,0,0.008422457798755062,0.53718055143071,0.9999999999999999,1.0,4.887878787878788,4.887878787878788,"[886, 1341, 1515, 1478, 1496, 1349]"
Legacy kNN (freq),"{'K': 15, 'thresh': 0.16, 'cutoff': 12}",K=15/th=0.16/c=12,,,True,,0.1201827472643241,0.20807973488558856,-22.81674940327351,0.013687254654569556,0.8092004748309339,1.0,0.3856532248022948,0.0,0.007271274327368345,0.5239719021620927,0.9999999999999999,1.0,5.091863517060368,5.091863517060368,"[226, 307, 359, 361, 360, 327]",0.018760335660800452,0.7225928246636532,1.0,0.37304074629480394,0,0.010273604880748776,0.5373491192627045,0.9999999999999999,0.9975757575757576,4.6842424242424245,4.695625759416768,"[819, 1255, 1466, 1447, 1444, 1298]"
Legacy kNN (freq),"{'K': 15, 'thresh': 0.16, 'cutoff': 16}",K=15/th=0.16/c=16,,,True,,0.18144452411648493,0.28619071900461107,-16.532334900797167,0.01883931133707725,0.7522881351079509,1.0,0.38297782629119503,0.0,0.01005690313483465,0.5237675087867716,0.9999999999999999,1.0,4.797900262467191,4.797900262467191,"[206, 284, 346, 345, 341, 306]",0.026426132948501876,0.6519716058509735,1.0,0.37245397302360894,0,0.014595754703879704,0.5377260059634978,0.9999999999999999,0.9890909090909091,4.207878787878788,4.254289215686274,"[668, 1070, 1367, 1336, 1337, 1165]"
Legacy kNN (freq),"{'K': 15, 'thresh': 0.16, 'cutoff': 20}",K=15/th=0.16/c=20,,,True,,0.23274382111741748,0.36702623995540756,-11.861101110317506,0.026343680392993497,0.7084730300671584,1.0,0.3829105693052747,0.0,0.014142976260947987,0.5227201235900936,0.9999999999999999,0.9973753280839895,4.488188976377953,4.5,"[174, 263, 332, 332, 321, 288]",0.031119696774970857,0.575826492998206,1.0,0.3724434539288089,0,0.01725641362354869,0.537259995345159,0.9999999999999999,0.9775757575757575,3.7854545454545456,3.872287662740236,"[596, 933, 1258, 1226, 1222, 1011]"
Legacy kNN (freq),"{'K': 15, 'thresh': 0.16, 'cutoff': 24}",K=15/th=0.16/c=24,,,True,,0.2989541594365249,0.444894905211724,-7.915725734852618,0.03794819416428013,0.6535018703096503,1.0,0.38169278527298395,0.0,0.02060751125646436,0.5224347536549868,0.9999999999999999,0.989501312335958,4.102362204724409,4.1458885941644565,"[133, 237, 315, 311, 301, 266]",0.043771157157725255,0.510681627469975,1.0,0.3726845850799123,0,0.024548462666777113,0.536287039286302,0.9999999999999999,0.9642424242424242,3.3648484848484848,3.4896291640477686,"[460, 803, 1161, 1122, 1111, 895]"
Legacy kNN (freq),"{'K': 15, 'thresh': 0.16, 'cutoff': 28}",K=15/th=0.16/c=28,,,True,,0.35340568802864564,0.5177964177102641,-4.816943773029868,0.04616556316107728,0.6072280389931818,1.0,0.3815605462025006,0.0,0.025220829525947133,0.5210907853109732,0.9999999999999999,0.979002624671916,3.7716535433070866,3.8525469168900806,"[111, 215, 296, 300, 280, 235]",0.05617472767387642,0.45032777295216875,1.0,0.3731648766285213,0,0.031906720513847325,0.5360829371192875,0.9999999999999999,0.9315151515151515,2.91030303030303,3.1242680546519193,"[367, 655, 1053, 994, 998, 735]"
Legacy kNN (freq),"{'K': 15, 'thresh': 0.16, 'cutoff': 32}",K=15/th=0.16/c=32,,,True,,0.4142609663143643,0.5800469211245801,-2.957041542793029,0.05622126933598563,0.556579021197561,1.0,0.3820623939197989,0.0,0.030922853368777568,0.5190966946195392,0.9999999999999999,0.9553805774278216,3.3963254593175853,3.5549450549450547,"[88, 201, 266, 283, 250, 206]",0.06438629914860818,0.3964688712122767,1.0,0.3737649772941621,0,0.03690480260783525,0.5362720798894384,0.9999999999999999,0.8860606060606061,2.5309090909090908,2.856361149110807,"[310, 547, 907, 890, 901, 621]"
Legacy kNN (freq),"{'K': 15, 'thresh': 0.2, 'cutoff': 6}",K=15/th=0.2/c=6,,,True,,0.05787239436046451,0.11656288481807586,-30.069582378136463,0.0107354434031884,0.8720623244358124,1.0,0.3973309179769616,0.0,0.005689328155335074,0.5242671166992815,0.9999999999999999,1.0,5.3727034120734904,5.3727034120734904,"[251, 335, 375, 369, 377, 340]",0.01217290874192147,0.8084478786996204,1.0,0.376126182585916,0,0.006620979578115096,0.5372890706471728,0.9999999999999999,1.0,5.136363636363637,5.136363636363637,"[977, 1369, 1603, 1545, 1561, 1420]"
Legacy kNN (freq),"{'K': 15, 'thresh': 0.2, 'cutoff': 8}",K=15/th=0.2/c=8,,,True,,0.07794176275578359,0.14650921593234595,-27.640561384867354,0.011439441119593855,0.8502557768247729,1.0,0.38919366153654217,0.0,0.006064754052919184,0.5240959898220741,0.9999999999999999,1.0,5.275590551181103,5.275590551181103,"[246, 328, 367, 365, 370, 334]",0.014177542729491469,0.7800716179771238,1.0,0.3746776372665941,0,0.007723944016947702,0.5370763776451419,0.9999999999999999,1.0,4.995151515151515,4.995151515151515,"[916, 1350, 1567, 1511, 1529, 1369]"
Legacy kNN (freq),"{'K': 15, 'thresh': 0.2, 'cutoff': 10}",K=15/th=0.2/c=10,,,True,,0.09912092853561431,0.16792927301492744,-25.84379623042608,0.01241372838414922,0.8292294493730303,1.0,0.3864554984149846,0.0,0.006589385589215709,0.5242239987201374,0.9999999999999999,1.0,5.191601049868766,5.191601049868766,"[238, 320, 361, 363, 365, 331]",0.015443660741113266,0.7596283571604013,1.0,0.373713231447385,0,0.008425134800071654,0.5371138729289716,0.9999999999999999,1.0,4.886666666666667,4.886666666666667,"[886, 1341, 1514, 1477, 1496, 1349]"
Legacy kNN (freq),"{'K': 15, 'thresh': 0.2, 'cutoff': 12}",K=15/th=0.2/c=12,,,True,,0.1201827472643241,0.2081677032087276,-22.798270841288055,0.013687254654569556,0.8092004748309339,1.0,0.3856532248022948,0.0,0.007271274327368345,0.5239719021620927,0.9999999999999999,1.0,5.091863517060368,5.091863517060368,"[226, 307, 359, 361, 360, 327]",0.01876876561907089,0.7225382561996341,1.0,0.3731239792976357,0,0.010276974534378418,0.5372793205461256,0.9999999999999999,0.9975757575757576,4.683030303030303,4.694410692588092,"[819, 1255, 1465, 1446, 1444, 1298]"
Legacy kNN (freq),"{'K': 15, 'thresh': 0.2, 'cutoff': 16}",K=15/th=0.2/c=16,,,True,,0.18144452411648493,0.2862906828805927,-16.516390880785146,0.01883931133707725,0.7522881351079509,1.0,0.38297782629119503,0.0,0.01005690313483465,0.5237675087867716,0.9999999999999999,1.0,4.797900262467191,4.797900262467191,"[206, 284, 346, 345, 341, 306]",0.026438936882551962,0.6519000354391211,1.0,0.37250593812387267,0,0.014600900115372724,0.537647994811696,0.9999999999999999,0.9890909090909091,4.206666666666667,4.253063725490196,"[668, 1070, 1366, 1335, 1337, 1165]"
Legacy kNN (freq),"{'K': 15, 'thresh': 0.2, 'cutoff': 20}",K=15/th=0.2/c=20,,,True,,0.23274382111741748,0.3668625510792538,-11.854432650488901,0.026343680392993497,0.7084730300671584,1.0,0.3829105693052747,0.0,0.014142976260947987,0.5227201235900936,0.9999999999999999,0.9973753280839895,4.488188976377953,4.5,"[174, 263, 332, 332, 321, 288]",0.0311289386536199,0.5760062905420937,1.0,0.3724663432257587,0,0.017260291466071685,0.5372160602397351,0.9999999999999999,0.9775757575757575,3.7848484848484847,3.8716676999380035,"[596, 933, 1257, 1226, 1222, 1011]"
Legacy kNN (freq),"{'K': 15, 'thresh': 0.2, 'cutoff': 24}",K=15/th=0.2/c=24,,,True,,0.2989541594365249,0.444894905211724,-7.915725734852618,0.03794819416428013,0.6535018703096503,1.0,0.38169278527298395,0.0,0.02060751125646436,0.5224347536549868,0.9999999999999999,0.989501312335958,4.102362204724409,4.1458885941644565,"[133, 237, 315, 311, 301, 266]",0.043771157157725255,0.510681627469975,1.0,0.3726845850799123,0,0.024548462666777113,0.536287039286302,0.9999999999999999,0.9642424242424242,3.3648484848484848,3.4896291640477686,"[460, 803, 1161, 1122, 1111, 895]"
Legacy kNN (freq),"{'K': 15, 'thresh': 0.2, 'cutoff': 28}",K=15/th=0.2/c=28,,,True,,0.35340568802864564,0.5179604895511241,-4.8120431486957695,0.04616556316107728,0.6072280389931818,1.0,0.3815605462025006,0.0,0.025220829525947133,0.5210907853109732,0.9999999999999999,0.979002624671916,3.7716535433070866,3.8525469168900806,"[111, 215, 296, 300, 280, 235]",0.05617461946884967,0.4501623469802912,1.0,0.3731607235418853,0,0.031903386693422464,0.5360280175681453,0.9999999999999999,0.9315151515151515,2.9096969696969697,3.1236174365647367,"[367, 655, 1053, 994, 998, 734]"
Legacy kNN (freq),"{'K': 15, 'thresh': 0.2, 'cutoff': 32}",K=15/th=0.2/c=32,,,True,,0.4142609663143643,0.5800786962499774,-2.960282963163431,0.05622126933598563,0.556579021197561,1.0,0.3820623939197989,0.0,0.030922853368777568,0.5190966946195392,0.9999999999999999,0.9553805774278216,3.3963254593175853,3.5549450549450547,"[88, 201, 266, 283, 250, 206]",0.06437928899990261,0.39642720062386605,1.0,0.37375535957980266,0,0.03689182516334469,0.5361458917351986,0.9999999999999999,0.8854545454545455,2.5296969696969698,2.8569472963723475,"[310, 547, 907, 890, 900, 620]"
Legacy kNN (freq),"{'K': 15, 'thresh': 0.24, 'cutoff': 6}",K=15/th=0.24/c=6,,,True,,0.05889786263151038,0.12059375210892267,-29.67792325260104,0.01076526199380021,0.8710096855671223,1.0,0.3971409540161081,0.0,0.005704456199644906,0.5241893297266188,0.9999999999999999,1.0,5.3700787401574805,5.3700787401574805,"[251, 335, 375, 369, 376, 340]",0.012423871291467936,0.8047831711810514,1.0,0.3765101733283535,0,0.006751348767978603,0.5366651263160619,0.9999999999999999,1.0,5.113939393939394,5.113939393939394,"[972, 1363, 1599, 1539, 1554, 1411]"
Legacy kNN (freq),"{'K': 15, 'thresh': 0.24, 'cutoff': 8}",K=15/th=0.24/c=8,,,True,,0.07907709918132973,0.14996075325657438,-27.28418479976078,0.011472611624093406,0.8491947016770105,1.0,0.3893306307808226,0.0,0.006081623177392619,0.5240166581946641,0.9999999999999999,1.0,5.272965879265092,5.272965879265092,"[246, 328, 367, 365, 369, 334]",0.014459126326815123,0.777032047412962,1.0,0.37511224780907054,0,0.007869209909744459,0.5363680609151422,0.9999999999999999,0.9993939393939394,4.970909090909091,4.973923590054579,"[910, 1344, 1561, 1506, 1521, 1360]"
Legacy kNN (freq),"{'K': 15, 'thresh': 0.24, 'cutoff': 10}",K=15/th=0.24/c=10,,,True,,0.1002832082843648,0.17098885792350604,-25.58345208016075,0.0124535618417,0.8281640500256051,1.0,0.3866456548942329,0.0,0.006609770181534977,0.5241426211416254,0.9999999999999999,1.0,5.188976377952756,5.188976377952756,"[238, 320, 361, 363, 364, 331]",0.015695628817163625,0.7569007202013693,1.0,0.3739798310257058,0,0.00855426332486898,0.5364540143865564,0.9999999999999999,0.9987878787878788,4.864848484848485,4.870752427184466,"[880, 1335, 1508, 1473, 1488, 1343]"
Legacy kNN (freq),"{'K': 15, 'thresh': 0.24, 'cutoff': 12}",K=15/th=0.24/c=12,,,True,,0.12133546220533353,0.21091018845337917,-22.549467859644416,0.013731961934019784,0.8081336185009198,1.0,0.3857903959074449,0.0,0.007294196221653343,0.523888640195966,0.9999999999999999,1.0,5.089238845144357,5.089238845144357,"[226, 307, 359, 361, 359, 327]",0.019117858030082004,0.7201984916708801,1.0,0.373302740313924,0,0.010458381997745061,0.5365884086746601,0.9999999999999999,0.9963636363636363,4.661212121212121,4.678223844282239,"[813, 1249, 1460, 1442, 1436, 1291]"
Legacy kNN (freq),"{'K': 15, 'thresh': 0.24, 'cutoff': 16}",K=15/th=0.24/c=16,,,True,,0.1826159444925066,0.2898647257069872,-16.230874021935403,0.018897893122907086,0.7512019315147835,1.0,0.38306660961460987,0.0,0.010087060374049222,0.5236783393217025,0.9999999999999999,1.0,4.7952755905511815,4.7952755905511815,"[206, 284, 346, 345, 340, 306]",0.02681405154371912,0.6487137156171701,1.0,0.37254796593479367,0,0.014788667874210654,0.5367371258331255,0.9999999999999999,0.9878787878787879,4.18,4.2312883435582815,"[661, 1062, 1360, 1329, 1326, 1159]"
Legacy kNN (freq),"{'K': 15, 'thresh': 0.24, 'cutoff': 20}",K=15/th=0.24/c=20,,,True,,0.23324977544455433,0.3697809834999091,-11.615041632314957,0.026264177367669204,0.707903229497358,1.0,0.3829627585808103,0.0,0.014095518341285664,0.5225857521126532,0.9999999999999999,0.9973753280839895,4.485564304461942,4.497368421052631,"[174, 263, 332, 332, 321, 287]",0.0315628470345914,0.5735283604827247,1.0,0.37248832316014113,0,0.0174729725458657,0.5361190707786526,0.9999999999999999,0.9757575757575757,3.756969696969697,3.8503105590062114,"[590, 923, 1249, 1222, 1211, 1004]"
Legacy kNN (freq),"{'K': 15, 'thresh': 0.24, 'cutoff': 24}",K=15/th=0.24/c=24,,,True,,0.2989541594365249,0.44684136926987306,-7.75696755520191,0.03794819416428013,0.6535018703096503,1.0,0.38169278527298395,0.0,0.02060751125646436,0.5224347536549868,0.9999999999999999,0.989501312335958,4.102362204724409,4.1458885941644565,"[133, 237, 315, 311, 301, 266]",0.044206767120673056,0.509166448121921,1.0,0.3726701675704032,0,0.024743042280952973,0.5349676012647254,0.9999999999999999,0.96,3.333939393939394,3.4728535353535355,"[454, 794, 1151, 1116, 1098, 888]"
Legacy kNN (freq),"{'K': 15, 'thresh': 0.24, 'cutoff': 28}",K=15/th=0.24/c=28,,,True,,0.35340568802864564,0.520940662776916,-4.68210334664146,0.04616556316107728,0.6072280389931818,1.0,0.3815605462025006,0.0,0.025220829525947133,0.5210907853109732,0.9999999999999999,0.979002624671916,3.7716535433070866,3.8525469168900806,"[111, 215, 296, 300, 280, 235]",0.05675871993333426,0.4477390248303744,1.0,0.3730698922465203,0,0.03217751262442992,0.5347390052868953,0.9999999999999999,0.9278787878787879,2.8824242424242423,3.106466361854997,"[362, 647, 1045, 986, 989, 727]"
Legacy kNN (freq),"{'K': 15, 'thresh': 0.24, 'cutoff': 32}",K=15/th=0.24/c=32,,,True,,0.4142609663143643,0.5821585022805201,-2.8787527403821973,0.05622126933598563,0.556579021197561,1.0,0.3820623939197989,0.0,0.030922853368777568,0.5190966946195392,0.9999999999999999,0.9553805774278216,3.3963254593175853,3.5549450549450547,"[88, 201, 266, 283, 250, 206]",0.06524695763231517,0.39519057078473946,1.0,0.3736737181098146,0,0.03732890829572812,0.5347873160212576,0.9999999999999999,0.8806060606060606,2.5042424242424244,2.8437715072264282,"[306, 540, 900, 880, 892, 614]"
Legacy kNN (freq),"{'K': 15, 'thresh': 0.28, 'cutoff': 6}",K=15/th=0.28/c=6,,,True,,0.06589740048213445,0.13971916676640164,-27.505746149790806,0.010936777555061557,0.8643649002089899,1.0,0.3977517437868761,0.0,0.005778542280147379,0.5225792225438716,0.9999999999999999,0.9973753280839895,5.320209973753281,5.334210526315789,"[248, 332, 371, 367, 373, 336]",0.013247510427883781,0.7870462848013721,1.0,0.3783931371329664,0,0.00716070781127228,0.5333706322275167,0.9999999999999999,0.9872727272727273,4.924242424242424,4.987722529158993,"[916, 1315, 1546, 1489, 1501, 1358]"
Legacy kNN (freq),"{'K': 15, 'thresh': 0.28, 'cutoff': 8}",K=15/th=0.28/c=8,,,True,,0.08556330716472878,0.16622930963200058,-25.215302080544188,0.011659788231159717,0.8433582546978791,1.0,0.39087257877149345,0.0,0.006161256035415238,0.5222569496367636,0.9999999999999999,0.9973753280839895,5.2204724409448815,5.234210526315789,"[243, 325, 363, 363, 365, 330]",0.015313039503968662,0.7622395616846758,1.0,0.3771861060423588,0,0.008286779146949665,0.5328705679468452,0.9999999999999999,0.9848484848484849,4.775151515151515,4.8486153846153845,"[853, 1294, 1507, 1453, 1470, 1302]"
Legacy kNN (freq),"{'K': 15, 'thresh': 0.28, 'cutoff': 10}",K=15/th=0.28/c=10,,,True,,0.10464365457647044,0.18731376800587468,-23.601855018125146,0.012748023253101714,0.8245973239611445,1.0,0.3883098509483771,0.0,0.006740965654391026,0.5220432052348201,0.9999999999999999,0.9973753280839895,5.125984251968504,5.139473684210526,"[235, 317, 357, 358, 360, 326]",0.016506523754436443,0.7419084286573324,1.0,0.37571890969590227,0,0.008942612664930285,0.5328187110058419,0.9999999999999999,0.9824242424242424,4.663636363636364,4.747069710055522,"[824, 1284, 1445, 1418, 1435, 1289]"
Legacy kNN (freq),"{'K': 15, 'thresh': 0.28, 'cutoff': 12}",K=15/th=0.28/c=12,,,True,,0.12594763463378772,0.2266271863511066,-20.67222849204806,0.01404946887327859,0.8042958037480041,1.0,0.387313231695044,0.0,0.00743469324572045,0.5217439727458443,0.9999999999999999,0.9973753280839895,5.026246719160105,5.0394736842105265,"[223, 304, 355, 356, 355, 322]",0.02021464375516689,0.7059462578428614,1.0,0.37452933479600337,0,0.010990754835558485,0.532710868306105,0.9999999999999999,0.9787878787878788,4.456969696969697,4.553560371517028,"[759, 1197, 1394, 1385, 1379, 1240]"
Legacy kNN (freq),"{'K': 15, 'thresh': 0.28, 'cutoff': 16}",K=15/th=0.28/c=16,,,True,,0.18626144236132208,0.3040352390596942,-14.940877951431931,0.019429431103327083,0.748341042035437,1.0,0.3839101776447735,0.0,0.010329088726373097,0.5212906608180822,0.9999999999999999,0.9973753280839895,4.727034120734908,4.739473684210526,"[204, 280, 341, 340, 336, 300]",0.028868215632970297,0.6367506007019821,1.0,0.3730587470956867,0,0.01582767583313545,0.5324447621364323,0.9999999999999999,0.9612121212121212,3.972121212121212,4.132408575031526,"[610, 1010, 1288, 1260, 1276, 1110]"
Legacy kNN (freq),"{'K': 15, 'thresh': 0.28, 'cutoff': 20}",K=15/th=0.28/c=20,,,True,,0.23753183028000457,0.3846223793140079,-10.677080949261692,0.027037840864194414,0.7045151964065027,1.0,0.383363952741043,0.0,0.014451140537090904,0.5200262081474822,0.9999999999999999,0.9921259842519685,4.417322834645669,4.4523809523809526,"[172, 258, 327, 327, 317, 282]",0.033323494112659904,0.5605787914822289,1.0,0.37292558894525624,0,0.018318478145054398,0.5313971296969497,0.9999999999999999,0.9412121212121212,3.546060606060606,3.7675466838377334,"[546, 870, 1177, 1149, 1155, 954]"
Legacy kNN (freq),"{'K': 15, 'thresh': 0.28, 'cutoff': 24}",K=15/th=0.28/c=24,,,True,,0.30555195642632377,0.4615534950680634,-7.068990350936771,0.03906370431247575,0.6480729182624663,1.0,0.38187056792104757,0.0,0.02110679096875295,0.5192093996365448,0.9999999999999999,0.9816272965879265,4.0236220472440944,4.098930481283422,"[128, 231, 310, 305, 297, 262]",0.045508243009169544,0.4958259597847863,1.0,0.3729040394789336,0,0.025270035368178644,0.5300137591488704,0.9999999999999999,0.9212121212121213,3.132727272727273,3.400657894736842,"[415, 742, 1080, 1043, 1047, 842]"
Legacy kNN (freq),"{'K': 15, 'thresh': 0.28, 'cutoff': 28}",K=15/th=0.28/c=28,,,True,,0.3591105980340183,0.5342841420398214,-4.2514637228320575,0.047502621700486476,0.6028732305901188,1.0,0.38160402307883523,0.0,0.025831204560546817,0.517952614799903,0.9999999999999999,0.9711286089238845,3.7007874015748032,3.810810810810811,"[108, 209, 292, 295, 276, 230]",0.05822059981258998,0.4358543437340937,1.0,0.3730596198710837,0,0.03274212613785577,0.5296373069605922,0.9999999999999999,0.8854545454545455,2.701212121212121,3.0506502395619437,"[325, 601, 976, 916, 943, 696]"
Legacy kNN (freq),"{'K': 15, 'thresh': 0.28, 'cutoff': 32}",K=15/th=0.28/c=32,,,True,,0.41969675262527706,0.5940874161212376,-2.5877650471892,0.05767283792896917,0.5525939738092595,1.0,0.38205962835189117,0.0,0.03157536203664782,0.5159146782956584,0.9999999999999999,0.94750656167979,3.3307086614173227,3.515235457063712,"[85, 196, 261, 279, 247, 201]",0.06591298845876532,0.3838363272775955,1.0,0.373369183133559,0,0.0373811367925045,0.52974640139978,0.9999999999999999,0.8375757575757575,2.341818181818182,2.7959479015918958,"[272, 499, 843, 816, 849, 585]"
Legacy kNN (freq),"{'K': 15, 'thresh': 0.32, 'cutoff': 6}",K=15/th=0.32/c=6,,,True,,0.08167384278659144,0.19844518102725783,-21.344632970109462,0.012133370556766021,0.8493650706631468,1.0,0.39635180964324074,0.0,0.006372007758200558,0.5187908556867584,0.9999999999999999,0.9973753280839895,5.170603674540683,5.184210526315789,"[238, 322, 364, 356, 362, 328]",0.01538417087600936,0.7314810252423244,1.0,0.38180678464524254,0,0.008217327399453378,0.525923386553281,0.9999999999999999,0.9436363636363636,4.341212121212121,4.600513808606294,"[764, 1164, 1376, 1336, 1322, 1201]"
Legacy kNN (freq),"{'K': 15, 'thresh': 0.32, 'cutoff': 8}",K=15/th=0.32/c=8,,,True,,0.09967545472024668,0.21586792656023257,-20.36198184299779,0.012574344625998018,0.8304408724446851,1.0,0.3918066084631124,0.0,0.006598155536993144,0.5181324096653127,0.9999999999999999,0.9868766404199475,5.062992125984252,5.13031914893617,"[230, 314, 355, 351, 356, 323]",0.017102627138807325,0.7154688063480205,1.0,0.38078035256481907,0,0.009135489914357723,0.525020621751166,0.9999999999999999,0.9218181818181819,4.180606060606061,4.53517422748192,"[706, 1145, 1308, 1300, 1292, 1147]"
Legacy kNN (freq),"{'K': 15, 'thresh': 0.32, 'cutoff': 10}",K=15/th=0.32/c=10,,,True,,0.12410130888597991,0.23443969498149983,-19.27991899813268,0.013525313765284748,0.8062201328162253,1.0,0.3893204264564013,0.0,0.007098922847800572,0.5177620486372002,0.9999999999999999,0.984251968503937,4.963254593175853,5.042666666666667,"[223, 306, 347, 348, 348, 319]",0.018237532522338087,0.697602150477538,1.0,0.37934770978899923,0,0.009748935940342764,0.5248035146649879,0.9999999999999999,0.9121212121212121,4.068484848484848,4.46046511627907,"[681, 1132, 1261, 1245, 1259, 1135]"
Legacy kNN (freq),"{'K': 15, 'thresh': 0.32, 'cutoff': 12}",K=15/th=0.32/c=12,,,True,,0.1457716994998559,0.27140835614151543,-16.6993538904283,0.014868107054537031,0.7855811379984033,1.0,0.38828243481240743,0.0,0.007805942968928943,0.517205618502166,0.9999999999999999,0.984251968503937,4.8556430446194225,4.933333333333334,"[210, 293, 344, 345, 343, 315]",0.02192673564849058,0.6638871158457345,1.0,0.3778957877958642,0,0.01175709147281837,0.5244408056770964,0.9999999999999999,0.9036363636363637,3.860606060606061,4.272300469483568,"[613, 1043, 1204, 1208, 1207, 1095]"
Legacy kNN (freq),"{'K': 15, 'thresh': 0.32, 'cutoff': 16}",K=15/th=0.32/c=16,,,True,,0.19886693964581087,0.3448158022720487,-11.777365381607815,0.020162532255205208,0.7367460135196766,1.0,0.38483473636760723,0.0,0.01062451203856433,0.5163178254393698,0.9999999999999999,0.9763779527559056,4.551181102362205,4.661290322580645,"[192, 269, 330, 330, 323, 290]",0.03167572750969049,0.599498678601089,1.0,0.3754625112114905,0,0.017101133331858583,0.5227791788377472,0.9999999999999999,0.8660606060606061,3.3515151515151516,3.869839048285514,"[481, 835, 1099, 1069, 1092, 954]"
Legacy kNN (freq),"{'K': 15, 'thresh': 0.32, 'cutoff': 20}",K=15/th=0.32/c=20,,,True,,0.24447724598914577,0.4160285740267412,-8.645908501147405,0.02777925118615649,0.6984008572389818,1.0,0.3836628401399034,0.0,0.014689962773479094,0.5141196475283453,0.9999999999999999,0.9606299212598425,4.217847769028872,4.390710382513662,"[159, 246, 312, 315, 303, 272]",0.035847786774296175,0.5324120077129246,1.0,0.3753093165512322,0,0.019341276585734857,0.5201966552738764,0.9999999999999999,0.823030303030303,2.9393939393939394,3.5714285714285716,"[421, 708, 975, 952, 989, 805]"
Legacy kNN (freq),"{'K': 15, 'thresh': 0.32, 'cutoff': 24}",K=15/th=0.32/c=24,,,True,,0.30801022651123544,0.4910521129628769,-5.6043280772221475,0.03894576838857342,0.6455697026285261,1.0,0.38211386917062684,0.0,0.020794448321506127,0.51313799764453,0.9999999999999999,0.9448818897637795,3.8372703412073492,4.061111111111111,"[121, 222, 294, 294, 280, 251]",0.04639552436182746,0.4677967205467116,1.0,0.3748443638258699,0,0.025196141848696722,0.5178755401668812,0.9999999999999999,0.7921212121212121,2.556363636363636,3.2272379495026775,"[304, 577, 889, 850, 877, 721]"
Legacy kNN (freq),"{'K': 15, 'thresh': 0.32, 'cutoff': 28}",K=15/th=0.32/c=28,,,True,,0.36399223512183293,0.5638455435712256,-3.347673983128362,0.047528851537503344,0.5980592836210793,1.0,0.38174222401802965,0.0,0.02555031745932428,0.5120235793202333,0.9999999999999999,0.931758530183727,3.5354330708661417,3.7943661971830984,"[103, 203, 275, 283, 264, 219]",0.06016819452478213,0.4087331898675618,1.0,0.3747017963800177,0,0.03305810736870652,0.5163691683142295,0.9999999999999999,0.7406060606060606,2.1545454545454548,2.9091653027823243,"[216, 449, 794, 728, 782, 586]"
Legacy kNN (freq),"{'K': 15, 'thresh': 0.32, 'cutoff': 32}",K=15/th=0.32/c=32,,,True,,0.42601123718326406,0.6152778476089543,-2.0440843991568016,0.05826695645961845,0.5468419872899796,1.0,0.38195422671208384,0.0,0.03154608395379496,0.5098589868379372,0.9999999999999999,0.905511811023622,3.1811023622047245,3.5130434782608697,"[80, 189, 249, 267, 237, 190]",0.06811703823379857,0.3652391980462973,1.0,0.3746666914048431,0,0.03771120457182668,0.5159114635975124,0.9999999999999999,0.6903030303030303,1.846060606060606,2.674275680421422,"[173, 379, 677, 641, 693, 483]"
